sim_id,time_step,MC_mass_var,MC_drag_coeff,MC_wind_u,MC_wind_v,x,y,z,vx,vy,vz,ax,ay,az,pitch,yaw,mach,dynamic_pressure,air_density,current_mass,Target_X,Target_Y,Target_T
1,1.0,0.985,0.329,-8.04,9.8,2.582177912324205,-3.5302609246520165,9.69076053063763,5.234073195248472,-7.156373189374433,19.381396615683375,7.20005264327129,-9.8621846525321,18.053756512382666,65.41786987254814,-53.81877439062758,0.06263029189301522,277.90670422407254,1.223590931963192,14799.23,42397.9669384501,-56111.03615783962,75.84769365535044
1,2.0,0.985,0.329,-8.04,9.8,11.488034760859902,-15.713311986148678,38.104289631146926,12.639214778187608,-17.28559352334029,37.46043278699337,7.669793481899956,-10.453781987096628,18.062534907533056,60.246330765358344,-53.82575283576572,0.1267965801080447,1135.219110493096,1.2194688485726866,14630.46,42397.9669384501,-56111.03615783962,75.84769365535044
1,3.0,0.985,0.329,-8.04,9.8,28.166522795350943,-38.476585932275114,84.49409243299168,20.982334778764056,-28.56647299239092,55.158956330042905,9.26523876547613,-12.417588441690544,17.079625840500643,57.275785252805704,-53.7023786107165,0.19266919731098042,2606.7324213735496,1.212768686209424,14461.68,42397.9669384501,-56111.03615783962,75.84769365535044
1,4.0,0.985,0.329,-8.04,9.8,54.232248921970196,-73.81130822139534,147.79044200605998,31.648452393116163,-42.72475700303271,70.93195716496484,12.237091345083583,-16.119232463965965,14.066357332134718,53.145174624149305,-53.47072532094385,0.260497968774808,4729.506239695087,1.2036860233983881,14292.9,42397.9669384501,-56111.03615783962,75.84769365535044
1,5.0,0.985,0.329,-8.04,9.8,92.53873664420668,-125.27658898887319,224.9990009820186,45.46572618091155,-60.84341156567851,82.70501977559204,15.203305971414947,-19.894734932133904,9.471663844332795,47.436387391682,-53.23078189341296,0.32997524309207604,7519.474681343826,1.1926990789749186,14124.12,42397.9669384501,-56111.03615783962,75.84769365535044
1,6.0,0.985,0.329,-8.04,9.8,145.86950649020025,-196.42358285220377,311.9204846403268,61.35192025909214,-81.6769545272175,90.83013675434832,16.137015503478725,-21.246210751979152,7.676456472850735,41.642216168805966,-53.08783221827008,0.40168725354614854,11028.528555075014,1.1804499221906897,13955.35,42397.9669384501,-56111.03615783962,75.84769365535044
1,7.0,0.985,0.329,-8.04,9.8,215.15548608827538,-288.5847564014279,406.93778085992784,77.03982917825473,-102.44115799859186,99.65293288515693,15.134895140036743,-20.115263739903963,10.186979058689623,37.86377486827064,-53.055377093500255,0.4771017692475709,15383.764937459442,1.1672037619562037,13786.57,42397.9669384501,-56111.03615783962,75.84769365535044
1,8.0,0.985,0.329,-8.04,9.8,299.7441550696224,-401.0504970245174,511.7969134428118,92.26443844480723,-122.63385588575024,109.87623297684827,15.886434662300712,-20.972451331781762,9.031335629843683,35.60133859246757,-53.043770992339454,0.5546421895478055,20533.257993853513,1.152758035255168,13617.79,42397.9669384501,-56111.03615783962,75.84769365535044
1,9.0,0.985,0.329,-8.04,9.8,400.3139151090099,-534.6219575698805,625.3658583608303,109.15767349986315,-144.87413581390217,116.57329088491531,17.48345675318968,-23.038750189748043,5.229053414344883,32.726873734585084,-53.00323353699597,0.6336259868242712,26438.709847802485,1.1373140254669807,13449.02,42397.9669384501,-56111.03615783962,75.84769365535044
1,10.0,0.985,0.329,-8.04,9.8,518.0954897311628,-690.8968555898421,744.9163013909221,126.2469377620969,-167.49361098257435,123.01410288485535,16.711869964719117,-22.162548796925545,7.656896753154708,30.39151143142652,-52.99313900574323,0.7145344048205317,33147.76909252495,1.1212800948457688,13280.24,42397.9669384501,-56111.03615783962,75.84769365535044
1,11.0,0.985,0.329,-8.04,9.8,652.8911562241764,-869.6943001614762,871.300276594619,143.61400182182686,-190.4288798703789,129.03144300889133,18.109435544005695,-23.867952981409157,3.9257205075608153,28.412693508894343,-52.977832161524745,0.7968778447919075,40613.720108539135,1.1045753927528008,13111.46,42397.9669384501,-56111.03615783962,75.84769365535044
1,12.0,0.985,0.329,-8.04,9.8,805.5066748168857,-1072.018210251762,1002.482840138408,161.49938633198187,-214.08828806666665,133.74867431177643,17.63344368368396,-23.35648590972308,5.686863219664252,26.507425149744133,-52.97060195270054,0.8806173402380724,48831.20908164573,1.0874996088095574,12942.68,42397.9669384501,-56111.03615783962,75.84769365535044
1,13.0,0.985,0.329,-8.04,9.8,976.0189166242485,-1298.015437975044,1138.4953764569398,179.70695514209547,-238.13490766062228,137.69611291065056,18.520419952082523,-24.47717520102217,2.9397026047853845,24.775737294816853,-52.96020841246716,0.9655518722984487,57764.21200366441,1.0700737982140496,12773.91,42397.9669384501,-56111.03615783962,75.84769365535044
1,14.0,0.985,0.329,-8.04,9.8,1164.8921528046642,-1548.2828516336058,1278.034263812302,198.04801608442276,-262.40443497011904,141.40534637674872,18.625712153970095,-24.59198156645365,2.8300936740685847,23.273762060761804,-52.95656076673208,1.0516458553126187,67398.37055296585,1.0524863337991488,12605.13,42397.9669384501,-56111.03615783962,75.84769365535044
1,15.0,0.985,0.329,-8.04,9.8,1372.3222977752096,-1823.0837004043044,1420.5962271490066,216.77803503383558,-287.1698002314667,143.86725769280295,18.61623956256176,-24.642619480791982,3.00079062410321,21.793926782404352,-52.95166438220789,1.1387039840490876,77692.4570718571,1.0348163303920543,12436.35,42397.9669384501,-56111.03615783962,75.84769365535044
1,16.0,0.985,0.329,-8.04,9.8,1598.524291478082,-2122.7111142402036,1565.532787192945,235.69870109564778,-312.18155075951336,145.7179944426721,18.964000351300268,-25.100446683155248,1.6952835565481073,20.431454130679807,-52.947004883237256,1.2266428418870214,88617.14682171393,1.017156088087394,12267.57,42397.9669384501,-56111.03615783962,75.84769365535044
1,17.0,0.985,0.329,-8.04,9.8,1843.7119327307485,-2447.447761826334,1712.0989811970871,254.74461750916447,-337.3713250406161,147.1379084380434,19.241509319796815,-25.436180575272147,0.5735335423904492,19.190589940625,-52.94402976078371,1.3153692216167607,100142.20066389625,0.9996037513603779,12098.8,42397.9669384501,-56111.03615783962,75.84769365535044
1,18.0,0.985,0.329,-8.04,9.8,2108.0511956818145,-2797.513029329822,1859.6444197744415,273.944148209208,-362.7705240591381,147.9180135768593,19.32672968130717,-25.54635909553595,0.2085735890366739,18.02442494170159,-52.94192429810397,1.4047769385310003,112234.4761790644,0.9822400617864603,11930.02,42397.9669384501,-56111.03615783962,75.84769365535044
1,19.0,0.985,0.329,-8.04,9.8,2391.6709129711257,-3173.079962194439,2007.588728847359,293.28695794535645,-388.3577368479489,148.00352988191585,19.366036858372535,-25.61513643589398,-0.03628826216025613,16.915584080123082,-52.939973075007536,1.4947659919826692,124861.09969576418,0.9651322683147815,11761.24,42397.9669384501,-56111.03615783962,75.84769365535044
1,20.0,0.985,0.329,-8.04,9.8,2694.678714077379,-3574.2936062082003,2155.357514274736,312.73291632576934,-414.0801691869302,147.48595780818906,19.436399326582443,-25.7201945325712,-0.5277495106202094,15.866441722197955,-52.938172862248116,1.5852463482562964,137991.55465043883,0.9483422123150855,11592.47,42397.9669384501,-56111.03615783962,75.84769365535044
1,21.0,0.985,0.329,-8.04,9.8,3017.1615379057903,-4001.270628262967,2302.381708873944,332.24843288396926,-439.8958870105882,146.43780633533817,19.518460623879797,-25.83041224678903,-1.1781868559559374,14.87636173569897,-52.93665789690432,1.676130178842945,151597.18160765775,0.9319266545918949,11423.69,42397.9669384501,-56111.03615783962,75.84769365535044
1,22.0,0.985,0.329,-8.04,9.8,3359.1833979413805,-4454.096845356692,2448.1123389902177,351.8112550768605,-465.77642349442857,144.88097157739105,19.579040167892828,-25.907686157348287,-1.8140378418546792,13.93949136317878,-52.93544045644867,1.767331049984594,165651.2902867658,0.9159359503340114,11254.91,42397.9669384501,-56111.03615783962,75.84769365535044
1,23.0,0.985,0.329,-8.04,9.8,3720.7854563698193,-4932.827769000853,2592.025040140193,371.4029031278145,-491.69691377722245,142.81946375818814,19.608183539045527,-25.9436751813951,-2.3732546740678453,13.049233035483363,-52.93445162916811,1.8587635864438194,180129.34032361658,0.9004140105562038,11086.13,42397.9669384501,-56111.03615783962,75.84769365535044
1,24.0,0.985,0.329,-8.04,9.8,4101.987448602275,-5437.490528831428,2733.616655437022,391.0044572175598,-517.6316870190947,140.2618720097788,19.609376242525627,-25.94431192299787,-2.869217438046337,12.200456300789192,-52.933624083307485,1.9503440288101241,195009.3588531968,0.8853991523650505,10917.36,42397.9669384501,-56111.03615783962,75.84769365535044
1,25.0,0.985,0.329,-8.04,9.8,4502.7888019143265,-5968.085272500828,2872.4021393795747,410.59626729901095,-543.554315105563,137.2231504636662,19.58790825011704,-25.916135148237814,-3.3300853863654782,11.389337273196668,-52.93291375225224,2.0419895456216963,210272.0883686757,0.8709248790762995,10748.58,42397.9669384501,-56111.03615783962,75.84769365535044
1,26.0,0.985,0.329,-8.04,9.8,4923.169274016259,-6524.585967343147,3007.91306125233,430.1586049475661,-569.4384989664532,133.72109950010628,19.546650787828256,-25.86223093568687,-3.7716787481639624,10.612805434127768,-52.9322957320977,2.133618038039084,225901.14981750344,0.8570204603188343,10579.8,42397.9669384501,-56111.03615783962,75.84769365535044
1,27.0,0.985,0.329,-8.04,9.8,5363.089353777095,-7106.940911178059,3139.696869327357,449.6720284199316,-595.2584436615541,129.77301483035077,19.485630344449216,-25.78254295491316,-4.191314548384167,9.868145678973152,-52.93175514098171,2.2251473967455486,241883.02749393677,0.84371141354355,10411.02,42397.9669384501,-56111.03615783962,75.84769365535044
1,28.0,0.985,0.329,-8.04,9.8,5822.490379228236,-7715.072928052277,3267.3172251658702,469.1174016179031,-620.9886367756206,125.39575808574263,19.40697078641655,-25.679039389029963,-4.604740692408471,9.152945543712141,-52.93127410943047,2.3164952014008433,258207.06239211734,0.8310198630750355,10242.25,42397.9669384501,-56111.03615783962,75.84769365535044
1,29.0,0.985,0.329,-8.04,9.8,6301.294823440461,-8348.879707367034,3390.3525724156184,488.4758196680308,-646.6039240321936,120.60408788902514,19.310120274474823,-25.551260232126932,-5.009793989701306,8.46493024855877,-52.93083980431376,2.4075781687958004,274865.39736574254,0.8189650616433585,10073.47,42397.9669384501,-56111.03615783962,75.84769365535044
1,30.0,0.985,0.329,-8.04,9.8,6799.406235100579,-9008.233757636104,3508.395907929165,507.72825984160784,-672.0790709242041,115.41301403669372,19.193997865515517,-25.397933813297367,-5.3974932691664605,7.802105670551461,-52.93044443919424,2.4983118639527895,291852.91157616687,0.8075637704320857,9904.69,42397.9669384501,-56111.03615783962,75.84769365535044
1,31.0,0.985,0.329,-8.04,9.8,7316.709117547044,-9692.982258682176,3621.05497114186,526.8556616151523,-697.3886670987075,109.83640593663439,19.0591690118854,-25.219557163822397,-5.776183123018962,7.162623586175658,-52.93007638336909,2.58861008335923,309167.0301552342,0.796830583468923,9735.92,42397.9669384501,-56111.03615783962,75.84769365535044
1,32.0,0.985,0.329,-8.04,9.8,7853.068777464354,-10402.946845327544,3727.9510264989494,545.838625348835,-722.5069891639306,103.88786154513477,18.904129777846965,-25.01460987903134,-6.133689207758474,6.544815911746554,-52.929730805555735,2.6783845011660086,326807.60988277075,0.7867783698876892,9567.14,42397.9669384501,-56111.03615783962,75.84769365535044
1,33.0,0.985,0.329,-8.04,9.8,8408.330945067051,-11137.923129560746,3828.719020032527,564.6573627197512,-747.4077232189138,97.58129316998838,18.728630165032214,-24.782721053560426,-6.4707162522907415,5.947203861956617,-52.9294007083091,2.767544169013551,344776.7185579358,0.777418565527925,9398.36,42397.9669384501,-56111.03615783962,75.84769365535044
1,34.0,0.985,0.329,-8.04,9.8,8982.321353907273,-11897.680148611022,3923.0073575160613,583.2914971054975,-772.0638459242773,90.9316262299696,18.53251538259438,-24.523178171638953,-6.787950829269,5.368511006117274,-52.92908245259338,2.855995046773665,363078.40571568167,0.768761485774048,9229.58,42397.9669384501,-56111.03615783962,75.84769365535044
1,35.0,0.985,0.329,-8.04,9.8,9574.845146978743,-12681.959583242384,4010.478029498658,601.720194131317,-796.4476041543934,83.95272373639631,18.316687752442327,-24.236306310377582,-7.106003778100328,4.807514063843014,-52.92876854296091,2.943639550040302,381718.4363963467,0.7608165915317067,9060.81,42397.9669384501,-56111.03615783962,75.84769365535044
1,36.0,0.985,0.329,-8.04,9.8,10185.686286486647,-13490.474955607,4090.8058890499256,619.9221313706628,-820.530503835606,76.65472807695092,18.08088310420308,-23.921810340475854,-7.441972782952676,4.262887327710176,-52.92844915619507,3.0303760729549905,400704.0297090356,0.7535928181514411,8892.03,42397.9669384501,-56111.03615783962,75.84769365535044
1,37.0,0.985,0.329,-8.04,9.8,10814.606753355523,-14322.910589021947,4163.678098195675,637.8750676531367,-844.2829576007503,69.04787540181383,17.822640077210025,-23.577213492784537,-7.777522263669556,3.7334227881064534,-52.92811954849282,3.1160986653774576,420043.6121023672,0.7470988730102309,8723.25,42397.9669384501,-56111.03615783962,75.84769365535044
1,38.0,0.985,0.329,-8.04,9.8,11461.345917066954,-15178.920729979975,4228.794887660066,655.5558592351426,-867.67420838793,61.140587440468906,17.53789590206668,-23.201276351154128,-8.085070350592456,3.2179117331756277,-52.92777622295535,3.2006965564167316,439746.4432795817,0.7413434039297464,8554.47,42397.9669384501,-56111.03615783962,75.84769365535044
1,39.0,0.985,0.329,-8.04,9.8,12125.619176679877,-16058.127889879444,4285.868547231773,672.9393786040389,-890.6718201686147,52.956513889673374,17.22468011520798,-22.789587848398128,-8.291772707465539,2.716017021547095,-52.92744526319116,3.2840536634729127,459822.29326672753,0.7363353154926938,8385.7,42397.9669384501,-56111.03615783962,75.84769365535044
1,40.0,0.985,0.329,-8.04,9.8,12807.11697921689,-16960.121606616492,4334.628112877007,690.0003004894857,-913.2416241533836,44.519130001830966,16.891433473965073,-22.34352674381171,-8.549832036980135,2.227390939429658,-52.927105698321064,3.366047957209996,480280.733931006,0.7320835775283079,8216.92,42397.9669384501,-56111.03615783962,75.84769365535044
1,41.0,0.985,0.329,-8.04,9.8,13505.504063768261,-17884.457010134287,4374.8138463351,706.7133538824887,-935.3489867527439,35.814809169978986,16.531091167736516,-21.86439744148458,-8.869980400822945,1.7498710460336289,-52.926722716970495,3.446551689835814,501131.17765986104,0.7285979215918243,8048.14,42397.9669384501,-56111.03615783962,75.84769365535044
1,42.0,0.985,0.329,-8.04,9.8,14220.418023902075,-18830.6533350121,4406.17638918231,723.0495984085483,-956.9572169472484,26.868700093645604,16.13700697780158,-21.346551435079803,-9.04724314854004,1.2833097153830129,-52.926345183419244,3.5254305958880905,522382.3840626546,0.7258891116653667,7879.37,42397.9669384501,-56111.03615783962,75.84769365535044
1,43.0,0.985,0.329,-8.04,9.8,14951.46782166453,-19798.192100889177,4428.485356684417,738.9798723677551,-978.0274569422911,17.71282063641568,15.717859984538205,-20.7872111613446,-9.234774810779099,0.8278549619250863,-52.925964754660264,3.6025437436178294,544041.5108179912,0.7239683987697981,7710.59,42397.9669384501,-56111.03615783962,75.84769365535044
1,44.0,0.985,0.329,-8.04,9.8,15698.23287397353,-20786.515348713074,4441.524163664834,754.4749908266183,-998.5191719207088,8.330614602220077,15.267170677044692,-20.188795184688022,-9.540960846255729,0.3813814131895877,-52.925528296019436,3.6777432714796343,566113.8810131475,0.7228481637267674,7541.81,42397.9669384501,-56111.03615783962,75.84769365535044
1,45.0,0.985,0.329,-8.04,9.8,16460.261495791478,-21795.02399043678,4445.08480973212,769.501542296471,-1018.3911378901687,-1.239568572390244,14.780810178625117,-19.548026306140038,-9.591532350897854,-0.055641492380715515,-52.92511947045199,3.7508745409776334,588602.9123866847,0.7225425506218954,7373.03,42397.9669384501,-56111.03615783962,75.84769365535044
1,46.0,0.985,0.329,-8.04,9.8,17237.06934376393,-22823.075915349124,4438.985217538482,784.0278750607009,-1037.5982040191122,-10.991396306955078,14.265012845695454,-18.85868966017003,-9.907730834766975,-0.4842321089771427,-52.924649313231846,3.821775187100596,611508.0993797084,0.7230661624529952,7204.26,42397.9669384501,-56111.03615783962,75.84769365535044
1,47.0,0.985,0.329,-8.04,9.8,18028.138403607096,-23869.984000550237,4423.047394365662,798.018022252772,-1056.095815716853,-20.90425301860134,13.711115979595727,-18.127379354352136,-9.936024455397689,-0.9047590259871675,-52.92419971256605,3.890276422512659,634826.3115279534,0.7244361166381666,7035.48,42397.9669384501,-56111.03615783962,75.84769365535044
1,48.0,0.985,0.329,-8.04,9.8,18832.9152578068,-24935.014609792255,4397.120837580063,811.4372963383867,-1073.834989680508,-30.977163601948238,13.119476219074798,-17.34504863967255,-10.152557566639402,-1.3184455715362522,-52.9236897054447,3.956201970507619,658549.1142506327,0.7266702117033849,6866.7,42397.9669384501,-56111.03615783962,75.84769365535044
1,49.0,0.985,0.329,-8.04,9.8,19650.809904471556,-26017.385577463174,4361.064695792803,824.2476412003327,-1090.7680629382262,-41.15630932303117,12.494794286250649,-16.50892725240539,-10.313015482303022,-1.724268046425229,-52.92318935688508,4.019369024432095,682663.6200242033,0.7297886325078394,6697.92,42397.9669384501,-56111.03615783962,75.84769365535044
1,50.0,0.985,0.329,-8.04,9.8,20481.194601785097,-27116.264551243352,4314.758551330745,836.4106197162339,-1106.8430556620376,-51.46193224711664,11.827582186727408,-15.630925432886546,-10.284275457900415,-2.1243687132341127,-52.922669368694976,4.079588746947347,707151.0457800532,0.7338131922891098,6529.15,42397.9669384501,-56111.03615783962,75.84769365535044
1,51.0,0.985,0.329,-8.04,9.8,21323.402521665346,-28230.76779625384,4258.103691265035,847.8871228614029,-1122.0074311588937,-61.864219159518946,11.118980106507426,-14.69657240127628,-10.36038449358015,-2.518776503571881,-52.922110141929366,4.136666202731251,731985.6550148089,0.7387673806223127,6360.37,42397.9669384501,-56111.03615783962,75.84769365535044
1,52.0,0.985,0.329,-8.04,9.8,22176.726852507974,-29359.958544316498,4191.018171571922,858.6366132759726,-1136.2084818115131,-72.32916269410084,10.371120829084818,-13.70482479046453,-10.449748624208073,-2.9074004654847942,-52.92153456562491,4.190401728215737,757134.6689094983,0.7446769475612275,6191.59,42397.9669384501,-56111.03615783962,75.84769365535044
1,53.0,0.985,0.329,-8.04,9.8,23040.419983768752,-30502.846005761985,4113.441475741268,868.6178739731496,-1149.3916968805213,-82.84169030095913,9.582665913955836,-12.659699230108972,-10.48419240918599,-3.290955176457992,-52.92094250247647,4.2405920259284935,782557.2496269554,0.7515696462435715,6022.82,42397.9669384501,-56111.03615783962,75.84769365535044
1,54.0,0.985,0.329,-8.04,9.8,23913.692931401227,-31658.38474644835,4025.3355363216683,877.7894266015492,-1161.5022446715002,-93.37640800762276,8.753716479268085,-11.55760951393299,-10.508738937604999,-3.6697646996140234,-52.920334215871456,4.287030816227335,808203.5505230929,0.7594752767487427,5854.04,42397.9669384501,-56111.03615783962,75.84769365535044
1,55.0,0.985,0.329,-8.04,9.8,24795.715075696706,-32825.47423617223,3926.6850497594914,886.1095310643659,-1172.4845373058977,-103.91817408048921,7.881484783006295,-10.398682479881089,-10.541306560842134,-4.04458604960252,-52.91970012276014,4.329511147283599,834014.407218319,0.7684257790287637,5685.26,42397.9669384501,-56111.03615783962,75.84769365535044
1,56.0,0.985,0.329,-8.04,9.8,25685.614197780233,-34002.95896342281,3817.498029479274,893.5366648867109,-1182.2834971067111,-114.44660226100186,6.965031587401941,-9.183820335486521,-10.585070202802207,-4.415991659758227,-52.91903593062944,4.367826747189281,859920.6611361905,0.7784552901866664,5516.48,42397.9669384501,-56111.03615783962,75.84769365535044
1,57.0,0.985,0.329,-8.04,9.8,26582.47697499952,-35189.62907630578,3697.8061001461415,900.0298559925131,-1190.845943903933,-124.9307756068498,6.01405125603678,-7.933196314993766,-10.381875375521398,-4.784176003068279,-52.918364258253405,4.401774112635095,885842.8025052883,0.789600208688055,5347.71,42397.9669384501,-56111.03615783962,75.84769365535044
1,58.0,0.985,0.329,-8.04,9.8,27485.349996169218,-36384.22192043139,3567.669561724959,905.5508376385385,-1198.1205924923731,-135.32937781806376,5.0192868089102225,-6.603684883884495,-10.457357381395935,-5.148971687090229,-52.917668119386896,4.431155405227844,911690.4836808305,0.8018987863215972,5178.93,42397.9669384501,-56111.03615783962,75.84769365535044
1,59.0,0.985,0.329,-8.04,9.8,28393.241128282803,-37585.42341717766,3427.1706712102114,910.0603670197755,-1204.0562919945282,-145.63905353417775,3.998274523707042,-5.257765955014061,-10.153835798638429,-5.511689700981373,-52.916963335345095,4.455780586024036,937363.0567945295,0.8153917946409223,5010.15,42397.9669384501,-56111.03615783962,75.84769365535044
1,60.0,0.985,0.329,-8.04,9.8,29305.12182488871,-38791.87164718033,3276.4225757512977,913.5240635099423,-1208.6066126722017,-155.82500087837565,2.9352050732979214,-3.8506018127165373,-10.022773244393667,-5.8724550741727395,-52.91622617415492,4.475471113701462,962749.2292284124,0.8301216876167758,4841.37,42397.9669384501,-56111.03615783962,75.84769365535044
1,61.0,0.985,0.329,-8.04,9.8,30219.929648657955,-40002.15985886067,3115.5632188553614,915.9097119543284,-1211.729567177835,-165.85722301279475,1.83956691308807,-2.397463573584508,-9.921847946966787,-6.231594389783935,-52.9154688633796,4.490063204412955,987728.3588698473,0.8461331528664766,4672.6,42397.9669384501,-56111.03615783962,75.84769365535044
1,62.0,0.985,0.329,-8.04,9.8,31136.571921307648,-41214.84142232714,2944.7588642456008,917.1884694153657,-1213.3868619178895,-175.71592161182366,0.7100941379783189,-0.9002180149070851,-9.890884142803639,-6.589828282808696,-52.914685796844665,4.4994104866305795,1012170.6742351206,0.8634727082478633,4503.82,42397.9669384501,-56111.03615783962,75.84769365535044
1,63.0,0.985,0.329,-8.04,9.8,32053.929758669656,-42428.43515907517,2764.202374137599,917.3375169371814,-1213.5496162783713,-185.35501161370402,-0.42074801050440785,0.5937998334750327,-9.516067996662697,-6.946884032975597,-52.913903920746115,4.503389938028236,1035939.8328689954,0.8821887671253288,4335.04,42397.9669384501,-56111.03615783962,75.84769365535044
1,64.0,0.985,0.329,-8.04,9.8,32970.863478622014,-43641.43256744036,2574.116061202567,916.3378016892998,-1212.1912965366369,-194.7669102852599,-1.5833263083139515,2.1365962181262805,-9.384167794689501,-7.3039298621067825,-52.91309011644281,4.501903227321098,1058893.256932131,0.9023311907027498,4166.27,42397.9669384501,-56111.03615783962,75.84769365535044
1,65.0,0.985,0.329,-8.04,9.8,33886.21794843599,-44852.30479315817,2374.7469577018264,914.177239041217,-1209.2964707959466,-203.92488573887383,-2.7503641147937583,3.677983071106582,-9.126121653768898,-7.661387671536978,-52.91225383315238,4.494883584757353,1080886.2972772862,0.9239515795597787,3997.49,42397.9669384501,-56111.03615783962,75.84769365535044
1,66.0,0.985,0.329,-8.04,9.8,34798.82971720839,-46059.51216591773,2166.3685342983363,910.8521947974673,-1204.8614495768018,-212.7801643423091,-3.9084502270719086,5.210704852686137,-8.735769798932468,-8.018809781203732,-52.911417281131314,4.48229684102849,1101773.3846707665,0.9471028547964825,3828.71,42397.9669384501,-56111.03615783962,75.84769365535044
1,67.0,0.985,0.329,-8.04,9.8,35707.53407642628,-47261.5135140813,1949.2794121754087,906.3641175215897,-1198.8869898986777,-221.33626545914672,-5.072170037298412,6.75325238726655,-8.494606595941265,-8.377670370683193,-52.91055058619835,4.464148262560181,1121412.7507073237,0.9718390988054695,3659.93,42397.9669384501,-56111.03615783962,75.84769365535044
1,68.0,0.985,0.329,-8.04,9.8,36611.17357999845,-48456.777425048786,1723.7996822142547,900.7246048913246,-1191.3891596203082,-229.56374995010785,-6.203029141503114,8.239882849947996,-7.969902812641596,-8.738132235284553,-52.90966677041334,4.440483228298968,1139669.0084934863,0.9982156347593346,3491.16,42397.9669384501,-56111.03615783962,75.84769365535044
1,69.0,0.985,0.329,-8.04,9.8,37508.60641673969,-49643.79336029394,1490.2709259409105,893.9549676488642,-1182.396538069851,-237.43375480463646,-7.3308692140576674,9.737941180712316,-7.758932099089898,-9.100284855268248,-52.908771242946166,4.4113923136484114,1156417.8722056337,1.0262886552369195,3322.38,42397.9669384501,-56111.03615783962,75.84769365535044
1,70.0,0.985,0.329,-8.04,9.8,38398.7162003856,-50821.08453147704,1249.0517628820362,886.0830369703259,-1171.9457293778814,-244.94007680296912,-81.58360260107692,107.87071792101794,12.814503844107913,-9.464997210429024,-52.907855468180344,4.377005807439827,1171546.4154924222,1.0561153414996938,3153.6,42397.9669384501,-56111.03615783962,75.84769365535044
1,71.0,0.985,0.329,-8.04,9.8,39240.8082474882,-51934.866049112956,1011.5053202727096,800.6283213287563,-1058.9586905515225,-230.69919125732648,-78.20229223520934,103.39844433047404,12.668367348900862,-9.858277175380216,-52.90880695488929,3.959594291786443,986186.4274018401,1.0863349189660068,3153.6,42397.9669384501,-56111.03615783962,75.84769365535044
1,72.0,0.985,0.329,-8.04,9.8,40004.413329070936,-52944.872704128364,786.6901082979417,728.5749354781864,-963.689838215331,-219.35781738880283,-66.37784981684523,87.76453718105307,10.128731538646546,-10.291175403796348,-52.9097578614391,3.608165927813612,841058.8201279895,1.1157309099239483,3153.6,42397.9669384501,-56111.03615783962,75.84769365535044
1,73.0,0.985,0.329,-8.04,9.8,40701.4570118098,-53866.871673575246,572.0338935246236,667.0616831877741,-882.3563892239265,-210.28847589306616,-56.99321830342674,75.35753269662592,8.093874605833618,-10.764152769085522,-52.910709007668494,3.308674623775253,725492.9952914149,1.1445405921754601,3153.6,42397.9669384501,-56111.03615783962,75.84769365535044
1,74.0,0.985,0.329,-8.04,9.8,41341.34636705586,-54713.30015099552,365.5079800858343,613.9825633965022,-812.1737274363522,-203.03545611605244,-49.42970812145652,65.35779996951962,6.468580673094374,-11.277910048666662,-52.91165203906852,3.050787832859163,632122.8605669339,1.1729610283122027,3153.6,42397.9669384501,-56111.03615783962,75.84769365535044
1,75.0,0.985,0.329,-8.04,9.8,41931.68966330879,-55494.21699233236,165.47635297360213,567.7437808442343,-751.0345887303127,-197.2509606246181,-43.2531147666736,57.19186182457289,5.144995095620293,-11.832965113071822,-52.91258206420178,2.826688157533788,555713.182297239,1.2011603770983632,3153.6,42397.9669384501,-56111.03615783962,75.84769365535044
1,75.85,0.985,0.329,-8.04,9.8,42397.9669384501,-56111.03615783962,-4.956076366581519e-05,532.9862617080634,-705.0757372485566,-193.2970841114878,-38.86730279066879,51.393547318243066,4.208797314055977,-12.336179599069542,-52.91335646275935,2.6586792120665788,501374.07475680916,1.2250000072104439,3153.6,42397.9669384501,-56111.03615783962,75.84769365535044
2,1.0,1.04,0.316,31.31,0.09,0.5198456971546473,3.2151597534622387,9.121529288554534,1.0274505650497394,6.403305038243,18.308427751246423,-2.369391767111175,-3.5718638394305486,22.187634233358565,70.49482699478044,80.88423401639507,0.05707637920798644,230.81941819470734,1.2236736552090428,15617.88,-67736.58932218885,58022.950557708886,100.62172441440272
2,2.0,1.04,0.316,31.31,0.09,2.49381194169573,14.399911444497846,36.14550774620291,2.7187086525906845,15.987322228049155,35.79508682021295,0.8479199676023018,9.652390466568463,17.66397926494692,65.62726031276738,80.34894569786066,0.11547826314311171,941.8161461131582,1.21975257201155,15439.63,-67736.58932218885,58022.950557708886,100.62172441440272
2,3.0,1.04,0.316,31.31,0.09,5.062643157224442,35.25219100262827,80.80612620255192,1.7112665869061097,25.765272279933622,53.52815120883495,-3.401422170020282,9.940569324361801,17.65059652675211,64.24728560848199,86.20013485368666,0.17464288544775028,2142.7124600734687,1.213299996139958,15261.39,-67736.58932218885,58022.950557708886,100.62172441440272
2,4.0,1.04,0.316,31.31,0.09,3.9790304087610275,66.06084428861611,142.97075988327109,-5.073698715359228,35.93099994540643,70.50994210093721,-10.527559225216883,10.412517372153987,15.879141204574164,62.7676977702652,98.03741010309436,0.23302858857700076,3786.8153047482438,1.2043752211070478,15083.15,-67736.58932218885,58022.950557708886,100.62172441440272
2,5.0,1.04,0.316,31.31,0.09,-7.663903713278954,107.29465449663694,220.77770831466233,-19.458242658517914,46.64561712040482,84.36527712264689,-17.917700582937766,11.08015442251199,11.504933566914014,59.075073968561775,112.64348182939375,0.2889979590054253,5770.747437591202,1.1932971780422064,14904.91,-67736.58932218885,58022.950557708886,100.62172441440272
2,6.0,1.04,0.316,31.31,0.09,-36.87708746796903,159.68308232519635,310.1262197463024,-39.53624533332761,58.38932021007223,93.68157118628697,-21.29343134522948,12.63930100736368,7.7021465093454795,53.03070660662096,124.10249183253453,0.34456273271373006,8116.534199807064,1.180701497670862,14726.67,-67736.58932218885,58022.950557708886,100.62172441440272
2,7.0,1.04,0.316,31.31,0.09,-86.87652887849556,224.8098074227712,407.6312983022561,-60.044158498883064,72.29387705404271,101.53310439662813,-18.843562507350025,15.155092735229141,8.867603422372099,47.21322700400134,129.71155142198177,0.4065525573454818,11169.615023673987,1.167107628603219,14548.43,-67736.58932218885,58022.950557708886,100.62172441440272
2,8.0,1.04,0.316,31.31,0.09,-155.55992733360236,304.9305986103918,514.1832315839187,-76.6473585724096,88.07933774385324,112.10537641692238,-15.01502568427417,15.950562057187511,11.93256233666023,43.83500462531894,131.03005686224947,0.4756549650616927,15097.083108561177,1.1524313775783444,14370.19,-67736.58932218885,58022.950557708886,100.62172441440272
2,9.0,1.04,0.316,31.31,0.09,-239.9947448802356,400.84996076325837,632.1970998745173,-92.87686330316254,103.60147435040551,123.56321495351878,-18.763234341931394,15.058886416786574,9.79598839769543,41.607076782374165,131.87565670908054,0.546823314206143,19675.056805754462,1.1363916839004864,14191.95,-67736.58932218885,58022.950557708886,100.62172441440272
2,10.0,1.04,0.316,31.31,0.09,-343.16810220317797,511.9680053089775,759.7547405415015,-114.0710625348511,118.75656406870816,130.81437902493764,-22.179934195047718,15.815618977189255,5.681139368497505,38.46419490935198,133.84711606403766,0.6179955936735426,24752.17811907998,1.1193058199553876,14013.7,-67736.58932218885,58022.950557708886,100.62172441440272
2,11.0,1.04,0.316,31.31,0.09,-467.74694458835944,639.0304964550033,893.8122682087948,-134.37578069628563,135.67172904063966,137.91379895536554,-18.380246749349723,17.500316583764786,8.936369168505076,35.838071994182336,134.72504171333952,0.692183878740004,30561.247828685166,1.101626107711709,13835.46,-67736.58932218885,58022.950557708886,100.62172441440272
2,12.0,1.04,0.316,31.31,0.09,-611.6164041667096,783.2796494354913,1036.0807094676768,-154.08537448647772,152.61973468201998,146.0445229558137,-22.197240886546645,16.445526373160824,5.782191937859034,33.95639728708619,135.27379503429805,0.7683375624839016,37024.92617167134,1.0831688642164496,13657.22,-67736.58932218885,58022.950557708886,100.62172441440272
2,13.0,1.04,0.316,31.31,0.09,-776.9757573494328,944.3366387979856,1184.6008513147938,-176.30851453791988,169.83092063107807,151.13715044402625,-20.63366254492954,18.198136427365057,6.365094048360937,31.690738931361132,136.07209823117242,0.8454222400290748,44043.00055745657,1.0642303978233998,13478.98,-67736.58932218885,58022.950557708886,100.62172441440272
2,14.0,1.04,0.316,31.31,0.09,-963.5129769701783,1123.2150215154431,1339.1494385282858,-197.1955373324037,187.74551866185826,157.6359984363421,-22.754159641826632,17.376045958560727,4.673002112962069,30.06894049281114,136.40628661604302,0.9245270078383918,51712.71249310117,1.0448746934856865,13300.74,-67736.58932218885,58022.950557708886,100.62172441440272
2,15.0,1.04,0.316,31.31,0.09,-1172.180607495854,1319.8372841096436,1498.8019569070464,-219.79736964627844,205.78848338938357,161.8930203264023,-21.29005552633251,18.77574456994886,5.514876244673784,28.265860107117536,136.88530785907855,1.0045879469346441,59910.00222507608,1.0252493599377233,13122.5,-67736.58932218885,58022.950557708886,100.62172441440272
2,16.0,1.04,0.316,31.31,0.09,-1402.9071343050107,1534.8632132433158,1663.2597740932447,-242.1777566957036,224.12146438323109,166.43547564912961,-23.590183937596944,18.243819051492935,2.8709607899105722,26.76615305863838,137.21753046355036,1.0860094767355157,68660.67731126433,1.0054186819613833,12944.26,-67736.58932218885,58022.950557708886,100.62172441440272
2,17.0,1.04,0.316,31.31,0.09,-1656.5011997734364,1768.365271215279,1831.4688507107435,-264.7828698758134,242.98446331241018,170.27773216667276,-22.70467960270278,18.781878038974863,3.946449208239965,25.352268570391534,137.45819334103427,1.1686031482000767,77928.96623278862,0.9855324048565455,12766.01,-67736.58932218885,58022.950557708886,100.62172441440272
2,18.0,1.04,0.316,31.31,0.09,-1932.9989128845127,2020.6942314788628,2003.198563812394,-288.2247292277159,261.7987946202759,173.02751766195794,-22.916811108471126,19.346509820876243,3.069065116734432,23.959098832260853,137.75066621202842,1.2520939739760732,87655.87501239499,0.9656356168580174,12587.77,-67736.58932218885,58022.950557708886,100.62172441440272
2,19.0,1.04,0.316,31.31,0.09,-2232.740993270803,2292.127211864056,2177.754586063494,-311.53323360740825,280.9752963580721,175.7542305418995,-24.054409366148313,19.055604504766755,1.619078778633712,22.730643677105313,137.95234733081517,1.336618304534195,97840.48045498107,0.9458229885046121,12409.53,-67736.58932218885,58022.950557708886,100.62172441440272
2,20.0,1.04,0.316,31.31,0.09,-2556.1109756408155,2582.7962595705612,2354.470311781005,-335.10101906993856,300.4347108217494,177.81198964048394,-23.710442737571015,19.420527479502766,1.9561227672011152,21.55825065452553,138.12219544807627,1.42201583302182,108442.07676305826,0.9261792773128976,12231.29,-67736.58932218885,58022.950557708886,100.62172441440272
2,21.0,1.04,0.316,31.31,0.09,-2903.2413830948963,2892.934092495323,2532.9474306546786,-359.12447350454954,319.9376468801697,179.08784657478117,-23.69959450502865,19.830801101778842,1.5073200939640767,20.422742357580407,138.30272056911772,1.5081632769409912,119420.81455903534,0.9067538394476452,12053.05,-67736.58932218885,58022.950557708886,100.62172441440272
2,22.0,1.04,0.316,31.31,0.09,-3274.34052393901,3222.734958081376,2712.641765193058,-383.23159531667613,339.62880686028427,180.04514318609762,-24.342623474784336,19.758245088427927,0.39794830825035193,19.37185815739706,138.45188696831448,1.5950593782327773,130758.09245272685,0.887607501577472,11874.81,-67736.58932218885,58022.950557708886,100.62172441440272
2,23.0,1.04,0.316,31.31,0.09,-3669.650258769711,3572.320745137833,2892.9821013912374,-407.42894651021845,359.5357769159817,180.57805537467434,-24.524812766602228,19.805252243295612,0.02510319242662721,18.382797881133698,138.57319963247707,1.6826380911484071,142427.7257245654,0.8687987847124374,11696.57,-67736.58932218885,58022.950557708886,100.62172441440272
2,24.0,1.04,0.316,31.31,0.09,-4089.324271495535,3941.8246527578376,3073.505949766855,-431.8607617371082,379.53768746308543,180.5022658762387,-24.397463264078887,20.080313770702595,-0.09077561177893008,17.429752455162635,138.68961299769202,1.7708072582889036,154398.99513278593,0.8503700973652917,11518.33,-67736.58932218885,58022.950557708886,100.62172441440272
2,25.0,1.04,0.316,31.31,0.09,-4533.484908546612,4331.3806718559235,3253.7636247099836,-456.4689204386764,399.6122836612649,179.92456922693205,-24.5048507822669,20.238232749618486,-0.6157867208769735,16.519048962249876,138.79971920013168,1.8595144890068724,166649.31018044704,0.8323586256982992,11340.08,-67736.58932218885,58022.950557708886,100.62172441440272
2,26.0,1.04,0.316,31.31,0.09,-5002.264249087205,4741.091060874268,3433.27787385685,-481.1564748893545,419.79614377912515,178.9542322265503,-24.764288588842764,20.238037770376668,-1.2898967886296835,15.655682555312602,138.8961730550245,1.948715180895316,179160.37931265635,0.8148005882989303,11161.84,-67736.58932218885,58022.950557708886,100.62172441440272
2,27.0,1.04,0.316,31.31,0.09,-5495.780255944819,5171.035138435871,3611.5853374393855,-505.9146409132557,440.081716754615,177.569795126874,-24.91006365630742,20.25149191568229,-1.759060092921561,14.832418931528593,138.98085809343632,2.0383532839870555,191914.2598062012,0.7977272507501502,10983.6,-67736.58932218885,58022.950557708886,100.62172441440272
2,28.0,1.04,0.316,31.31,0.09,-6014.121645561934,5621.283488658612,3788.2527837765956,-530.762251921378,460.43140722222546,175.73225845974085,-24.92338147682917,20.335076737168734,-2.070872244311194,14.041752333115536,139.05866014447926,2.128369416416764,204894.3743324487,0.7811638054955554,10805.36,-67736.58932218885,58022.950557708886,100.62172441440272
2,29.0,1.04,0.316,31.31,0.09,-6557.355528635975,6091.896942337164,3962.8627049120064,-555.6897402634335,480.82080897164127,173.45254548128648,-24.916178712658976,20.42621076573748,-2.404057654161475,13.281194192864842,139.13139712554513,2.218709480314301,218087.46404160373,0.7651312178152064,10627.12,-67736.58932218885,58022.950557708886,100.62172441440272
2,30.0,1.04,0.316,31.31,0.09,-7125.535089751341,6582.921604243291,4135.003596062528,-580.6680888022995,501.24250186890964,170.76417786604327,-24.94387029544178,20.473827298774758,-2.81219595495256,12.550218595392934,139.19868523422218,2.309322676240213,231483.59784658844,0.7496474724637295,10448.88,-67736.58932218885,58022.950557708886,100.62172441440272
2,31.0,1.04,0.316,31.31,0.09,-7718.699685934911,7094.388074495065,4304.2717505141,-605.6725310682633,521.690106241859,167.68852804535317,-24.988050590076423,20.48045186966483,-3.2485505177837806,11.847412093318537,139.26035673563283,2.4001577070793148,245075.48632286786,0.7347276990484828,10270.64,-67736.58932218885,58022.950557708886,100.62172441440272
2,32.0,1.04,0.316,31.31,0.09,-8336.872568823956,7626.313201547722,4470.274641714697,-630.6862523233403,542.1523163465614,164.23436979731864,-25.017925297978717,20.467021207397256,-3.6651619530834707,11.170628046403042,139.31689301785497,2.4911619756725365,258858.24282835712,0.7203841744545084,10092.39,-67736.58932218885,58022.950557708886,100.62172441440272
2,33.0,1.04,0.316,31.31,0.09,-8980.060003326558,8178.701137599708,4632.631610612034,-655.695873007537,562.6143640001557,160.40688751808247,-25.022308047464726,20.4448919617694,-4.0522980673947915,10.517728017149217,139.3690322486745,2.5822816910715853,272829.35826732434,0.7066265757761752,9914.15,-67736.58932218885,58022.950557708886,100.62172441440272
2,34.0,1.04,0.316,31.31,0.09,-9648.25171254511,8751.543154749379,4790.97239094822,-680.6869219006438,583.0616930252398,156.21311145618157,-24.999280851378806,20.417572451105624,-4.411743677173911,9.886932729690777,139.4173552386615,2.6734621858382783,286988.7779100635,0.6934624042424342,9735.91,-67736.58932218885,58022.950557708886,100.62172441440272
2,35.0,1.04,0.316,31.31,0.09,-10341.420872998575,9344.817372618398,4944.936542569811,-705.6437851278989,603.4799989014224,151.6615278352922,-24.95315030773323,20.382571175312105,-4.753490903554428,9.27674291648102,139.46230825873687,2.764647314211947,301338.7565240744,0.680897307373756,9557.67,-67736.58932218885,58022.950557708886,100.62172441440272
2,36.0,1.04,0.316,31.31,0.09,-11059.524027632278,9958.488396172412,5094.172862022955,-730.549423177119,623.8555256372948,146.76214345414562,-24.888658850450305,20.335481302645046,-5.085724585485705,8.685900852612143,139.50420074568447,2.8557791411236444,315883.76508699346,0.6689353840117688,9379.43,-67736.58932218885,58022.950557708886,100.62172441440272
2,37.0,1.04,0.316,31.31,0.09,-11802.500810842203,10592.506791130347,5238.338924156087,-755.3863884132413,644.1742112164783,141.52406743212566,-24.805177479445472,20.275785387870286,-5.40820479176544,8.113216119623656,139.54330276248365,2.9467973245807766,330630.3188524583,0.6575794606313623,9201.19,-67736.58932218885,58022.950557708886,100.62172441440272
2,38.0,1.04,0.316,31.31,0.09,-12570.27311915165,11246.80885018207,5377.101282395517,-780.1367632280087,664.4213168439254,135.9562713637462,-24.705378049557627,20.200021832069236,-5.726609861500576,7.557600274028195,139.5798643822384,3.0376387064594765,345586.8161411668,0.6468313004868761,9022.95,-67736.58932218885,58022.950557708886,100.62172441440272
2,39.0,1.04,0.316,31.31,0.09,-13362.744600983036,11921.31586020032,5510.134935681704,-804.7816126782723,684.5816874057598,130.06757161713034,-24.589409331211353,20.106320408112836,-6.042427017068775,7.018052993280114,139.61408852955995,3.1282366034725353,360763.32835306076,0.636691857329534,8844.71,-67736.58932218885,58022.950557708886,100.62172441440272
2,40.0,1.04,0.316,31.31,0.09,-14179.799885357224,12615.933351424977,5637.123003808863,-829.3009504444267,704.6398185704275,123.86638412608802,-24.45084356105816,19.9984430010538,-6.345319401912444,6.493636386611278,139.6461339118013,3.2185207954661057,376171.53584044694,0.6271614978347674,8666.46,-67736.58932218885,58022.950557708886,100.62172441440272
2,41.0,1.04,0.316,31.31,0.09,-15021.303214374679,13330.550716269569,5757.75732863895,-853.6739544355856,724.578904175025,117.36162211718407,-24.293396910079775,19.870910141491745,-6.642435127410357,5.983513799634602,139.6761654603954,3.3084165339561755,391824.39210000396,0.6182401429518387,8488.22,-67736.58932218885,58022.950557708886,100.62172441440272
2,42.0,1.04,0.316,31.31,0.09,-15887.097669430852,14065.039902321303,5871.737850992692,-877.8792866226748,744.3806499715774,110.56066517561312,-24.11675760235574,19.722027356938856,-6.9380950033406235,5.486834352353042,139.70437081351886,3.397844275136389,407735.99577291345,0.6099274914754729,8309.98,-67736.58932218885,58022.950557708886,100.62172441440272
2,43.0,1.04,0.316,31.31,0.09,-16777.00392225891,14819.254421833795,5978.772419717567,-901.8939490676217,764.0259596964936,103.47107305185443,-23.917126154072587,19.55299561699133,-7.22970133887582,5.00281754596874,139.73089611444377,3.486719068910147,423921.35837079864,0.6022231993538496,8131.74,-67736.58932218885,58022.950557708886,100.62172441440272
2,44.0,1.04,0.316,31.31,0.09,-17690.818554173795,15593.02843757705,6078.577263012279,-925.6935526088675,783.4943671580619,96.10082026288012,-23.697017945506136,19.358469063329224,-7.5259472249726285,4.5307541883085785,139.7558800912412,3.5749501162839175,440396.1674792913,0.5951270027895353,7953.5,-67736.58932218885,58022.950557708886,100.62172441440272
2,45.0,1.04,0.316,31.31,0.09,-18628.31297386972,16386.175008755654,6170.876140304915,-949.2513215623881,802.7649375001519,88.45784017696393,-23.44496262122581,19.14640066622224,-7.807805720763559,4.0699753412299,139.77939373271462,3.6624401116537744,457176.5500716684,0.5886389284213812,7775.26,-67736.58932218885,58022.950557708886,100.62172441440272
2,46.0,1.04,0.316,31.31,0.09,-19589.23125275828,17198.485139138775,6255.401350783417,-972.5391011511798,821.8148143132137,80.5499950099047,-23.15452512093941,18.92016650744787,-8.066778927819136,3.619844328429655,139.80152762583563,3.749084754672166,474278.7653542406,0.5827593645387653,7597.02,-67736.58932218885,58022.950557708886,100.62172441440272
2,47.0,1.04,0.316,31.31,0.09,-20573.28827954783,18029.72621869174,6331.8936154363155,-995.5255197181215,840.620822023651,72.38825798304217,-22.824801070083037,18.676862941185117,-8.296050022569759,3.179890844789219,139.82228373600267,3.834772210224316,491718.9191814467,0.5774892083316883,7418.77,-67736.58932218885,58022.950557708886,100.62172441440272
2,48.0,1.04,0.316,31.31,0.09,-21580.16774116566,18879.64036214957,6400.102536291596,-1018.1775922277425,859.1575214959252,63.98383775771291,-22.46104368777278,18.406840833351282,-8.503189171619034,2.749666741076349,139.84169360821608,3.919382285824241,509512.5479672045,0.5728299683905979,7240.53,-67736.58932218885,58022.950557708886,100.62172441440272
2,49.0,1.04,0.316,31.31,0.09,-22609.51981887282,19747.942759726877,6459.787178253339,-1040.4615912079025,877.3960234198994,55.34652796190969,-22.084024776500804,18.083211319324793,-8.734290878726991,2.328671717195347,139.8598768525115,4.00278595948963,527674.2474422106,0.5687838563307027,7062.29,-67736.58932218885,58022.950557708886,100.62172441440272
2,50.0,1.04,0.316,31.31,0.09,-23660.959542243134,20634.31896978242,6510.71526408977,-1062.345575945644,895.3009063096598,46.47666741563532,-21.687184523079566,17.709180210045496,-9.010724487374377,1.9160245415353678,139.87719646591276,4.0848446365660775,546217.2793950376,0.5653539696049817,6884.05,-67736.58932218885,58022.950557708886,100.62172441440272
2,51.0,1.04,0.316,31.31,0.09,-24734.064856127723,21538.42240667135,6552.6619285355355,-1083.7877820601473,912.8428401544207,37.38114775243884,-21.191667334076076,17.367716977401038,-9.183773993722157,1.5111441219057016,139.8935424189159,4.165410235550633,565153.3999416411,0.5625444992514694,6705.81,-67736.58932218885,58022.950557708886,100.62172441440272
2,52.0,1.04,0.316,31.31,0.09,-25828.37036601634,22459.8760639801,6585.416274322745,-1104.739338919442,929.994765305593,28.09349788881764,-20.70934851412357,16.923806175369467,-9.401298126311389,1.1145134313878449,139.90856277024173,4.2443245012299275,584491.9208022357,0.5603604155528781,6527.57,-67736.58932218885,58022.950557708886,100.62172441440272
2,53.0,1.04,0.316,31.31,0.09,-26943.369907472374,23398.264242778732,6608.775496607685,-1125.1669691211698,946.7069254460712,18.593109729334493,-20.129876497394516,16.50334855397984,-9.577702520575901,0.7244327822069415,139.92299859026014,4.321417157365361,604239.1928931421,0.5588079875994248,6349.33,-67736.58932218885,58022.950557708886,100.62172441440272
2,54.0,1.04,0.316,31.31,0.09,-28078.508659308834,24353.136143748226,6622.549553728791,-1145.0123158285178,962.9521343161215,8.92278868993644,-19.565104264620086,15.965242403141046,-9.809984497902239,0.3417086965035421,139.93625899991582,4.3965076576365565,624398.3183357294,0.5578945955722452,6171.08,-67736.58932218885,58022.950557708886,100.62172441440272
2,55.0,1.04,0.316,31.31,0.09,-29233.184829619942,25323.99767664706,6626.558042089622,-1164.2277285395194,978.68546000563,-0.9255394783926338,-18.878321460839814,15.468054085278252,-9.883866780317453,-0.03486631958699154,139.94856354952893,4.469403361559553,644968.3538627834,0.5576290632968084,5992.84,-67736.58932218885,58022.950557708886,100.62172441440272
2,56.0,1.04,0.316,31.31,0.09,-30406.741997934467,26310.31454434499,6620.637609040011,-1182.7655826411433,993.8546816289465,-10.94055924978621,-18.148942799866774,14.910791689792797,-10.035646051426674,-0.40574918528407516,139.96032419316663,4.539898873038163,665942.958055713,0.5580212920951302,5814.6,-67736.58932218885,58022.950557708886,100.62172441440272
2,57.0,1.04,0.316,31.31,0.09,-31598.46908103148,27311.50606088855,6604.635877245983,-1200.5630875438155,1008.4200845954574,-21.09509256380879,-17.397189464589083,14.259548172682615,-10.23805444368514,-0.7708390538583888,139.9712211958782,4.607777610321066,687310.6052978338,0.5590827882055163,5636.36,-67736.58932218885,58022.950557708886,100.62172441440272
2,58.0,1.04,0.316,31.31,0.09,-32807.596926511316,28326.9427461534,6578.414746106079,-1217.558571727025,1022.3343463365607,-31.377683500472507,-16.560198434495277,13.58769587645322,-10.350596455135983,-1.1306587532850099,139.98118857077802,4.672810824978223,709053.2975007272,0.5608265688696992,5458.12,-67736.58932218885,58022.950557708886,100.62172441440272
2,59.0,1.04,0.316,31.31,0.09,-34033.29390122293,29355.945486834116,6541.853501826752,-1233.6895073769956,1035.5446157770866,-41.77226010347373,-15.645233167387838,12.881004472851343,-10.401435326961519,-1.485592218792515,139.99029348916076,4.7347570935272225,731145.2764384262,0.56326707943349,5279.88,-67736.58932218885,58022.950557708886,100.62172441440272
2,60.0,1.04,0.316,31.31,0.09,-35274.66357733375,30397.782293748052,6494.848742012694,-1248.8897692098724,1047.9968603015461,-52.257194500830266,-14.687264223620787,12.08791350390849,-10.46254438294753,-1.8358647618726482,139.99854851858765,4.79336393248464,753552.5327708105,0.5664203185607846,5101.64,-67736.58932218885,58022.950557708886,100.62172441440272
2,61.0,1.04,0.316,31.31,0.09,-36530.74194938449,31451.665539479625,6437.315245315767,-1263.092635428961,1059.6315931959507,-62.817335339340204,-13.699967752785703,11.182272844259785,-10.606522028438867,-2.181974392583285,140.0060955829472,4.8483674177678635,776231.5485804375,0.5703038972103681,4923.4,-67736.58932218885,58022.950557708886,100.62172441440272
2,62.0,1.04,0.316,31.31,0.09,-37800.495448047426,32516.749469200597,6369.186498697241,-1276.2298241395197,1070.385540467529,-73.44805010525033,-12.554474312896243,10.325946135659231,-10.63643982587307,-2.524819040670011,140.01313388127565,4.89949435611041,799128.7811107563,0.5749371162809532,4745.15,-67736.58932218885,58022.950557708886,100.62172441440272
2,63.0,1.04,0.316,31.31,0.09,-39082.8166674801,33592.13018159524,6290.418366202553,-1288.2181800050826,1080.2118544246628,-84.09633817469476,-11.424520572702775,9.292988531060352,-10.730021893254545,-2.863675806039494,140.01909869978016,4.946462817228423,822179.2680615657,0.5803408230600381,4566.91,-67736.58932218885,58022.950557708886,100.62172441440272
2,64.0,1.04,0.316,31.31,0.09,-40376.524904119964,34676.84172788248,6200.988708980392,-1298.9888296226197,1089.0400756698493,-94.76022398405316,-10.168930299107517,8.262686404435993,-10.727699098765607,-3.1996344958132013,140.02436446270838,4.988984382016148,845306.0893002677,0.5865375303155482,4388.67,-67736.58932218885,58022.950557708886,100.62172441440272
2,65.0,1.04,0.316,31.31,0.09,-41680.363068823935,35769.85635543853,6100.899171818724,-1308.4659065501107,1096.8067265040802,-105.41526868297854,-8.776871797606404,7.254287008314724,-10.594198928435873,-3.5330587921190952,140.02895984436972,5.026765197612718,868419.2022735855,0.5935513760180461,4210.43,-67736.58932218885,58022.950557708886,100.62172441440272
2,66.0,1.04,0.316,31.31,0.09,-42992.99752224409,36870.084382202476,5990.1778035906245,-1316.570384900257,1103.4536081201502,-116.0241434176814,-7.409283481079448,6.038663050394499,-10.642815886933315,-3.8639341227070623,140.0327072349265,5.059511423693686,891415.679036813,0.6014080049460345,4032.19,-67736.58932218885,58022.950557708886,100.62172441440272
2,67.0,1.04,0.316,31.31,0.09,-44313.01862681314,37976.37251893333,5868.878325512054,-1323.2257491295118,1108.918316848402,-126.56463976531319,-5.863385897632022,4.917921880021947,-10.393265694927596,-4.192808871396181,140.03558987494787,5.086929124045155,914178.4428037121,0.6101346648003125,3853.95,-67736.58932218885,58022.950557708886,100.62172441440272
2,68.0,1.04,0.316,31.31,0.09,-45638.94135025112,39087.50712862001,5737.084230192461,-1328.3615351723784,1113.1359450767875,-137.00949831044028,-4.370098052852426,3.541272785113939,-10.470216254476847,-4.5201080078231515,140.03777847337366,5.108732117360132,936577.3709729088,0.6197599341997573,3675.71,-67736.58932218885,58022.950557708886,100.62172441440272
2,69.0,1.04,0.316,31.31,0.09,-46969.20795031264,40202.21369009965,5594.9069496946495,-1331.9004015155606,1116.055690336028,-147.32053402851162,-2.708589683864389,2.2746365661533257,-10.15722650295956,-4.845943053637656,140.0389344856043,5.124642379216314,958468.5720413435,0.6303138455746286,3497.46,-67736.58932218885,58022.950557708886,100.62172441440272
2,70.0,1.04,0.316,31.31,0.09,-48302.19142461107,41319.16201202636,5442.489923272103,-1333.7825384228984,1117.61188089053,-157.48200879029343,30.7606136218336,-25.084493160643063,-6.305060085500917,-5.171206141916881,140.0394627433214,5.134398319225208,979696.0789596939,0.6418275459123042,3319.22,-67736.58932218885,58022.950557708886,100.62172441440272
2,71.0,1.04,0.316,31.31,0.09,-49586.48043913004,42396.2653041955,5285.864266002112,-1236.925312990007,1038.3390227370908,-155.8985930352786,90.6910884063908,-74.16661462774614,1.2908787960560022,-5.513868815650236,139.98816552717898,4.767788756048896,860646.5787764281,0.6538783137446444,3319.22,-67736.58932218885,58022.950557708886,100.62172441440272
2,72.0,1.04,0.316,31.31,0.09,-50779.916326201506,43399.009885626554,5130.4575330962925,-1151.70693317012,968.591816743878,-155.02050875927904,80.07411334278714,-65.58921194229924,0.5090126132884251,-5.88148437890059,139.93598136064296,4.445553847085779,762181.314644696,0.6660589140576146,3319.22,-67736.58932218885,58022.950557708886,100.62172441440272
2,73.0,1.04,0.316,31.31,0.09,-51893.111988366596,44336.08259284613,4975.629086933498,-1076.155582522821,906.7565682625343,-154.72554956983132,71.26273370600676,-58.33607526445134,0.0005242625593587168,-6.274457876954515,139.88288890399912,4.160206585143381,679864.2820489442,0.6784198219166242,3319.22,-67736.58932218885,58022.950557708886,100.62172441440272
2,74.0,1.04,0.316,31.31,0.09,-52934.92716410526,45214.73550631099,4820.848483570864,-1008.7158382894636,851.5633325203986,-154.91162660426872,63.83598013917022,-52.200015815419256,-0.35109631304536476,-6.692950978605041,139.8287629222543,3.9058467402392614,610388.3603981799,0.691006200627449,3319.22,-67736.58932218885,58022.950557708886,100.62172441440272
2,75.0,1.04,0.316,31.31,0.09,-53912.8289915327,46041.08095683035,4665.672964534805,-948.1481857858363,801.9946243172908,-155.50244086780071,57.480281535030755,-47.052325107515124,-0.7960004104972414,-7.1373609069158945,139.77366588022815,3.677765484660458,551248.8514338527,0.7038590997308889,3319.22,-67736.58932218885,58022.950557708886,100.62172441440272
2,76.0,1.04,0.316,31.31,0.09,-54833.175105754475,46820.32278790911,4509.730066558003,-893.4488600530846,757.2301061508476,-156.4355978995505,52.05137596453403,-42.59244233508012,-1.069250933776241,-7.608057432898371,139.71752231996115,3.4721580579908893,500520.6172151031,0.7170164103826536,3319.22,-67736.58932218885,58022.950557708886,100.62172441440272
2,77.0,1.04,0.316,31.31,0.09,-55701.40638238074,47556.91466715901,4352.705011379282,-843.8010898069517,716.5989355708622,-157.65845208944347,47.35534012963537,-38.76150565012505,-1.358778005322754,-8.105317458793847,139.66038609701496,3.285923213690717,456706.29879923,0.7305135531977498,3319.22,-67736.58932218885,58022.950557708886,100.62172441440272
2,78.0,1.04,0.316,31.31,0.09,-56522.22921690102,48254.70966778351,4194.3306097364,-798.5284116765333,679.5505121383711,-159.12771926007386,43.27714403977594,-35.42047261993096,-1.5779123512264,-8.629428964081677,139.6020987578071,3.1165035506271064,418626.0139950077,0.7443840483683214,3319.22,-67736.58932218885,58022.950557708886,100.62172441440272
2,79.0,1.04,0.316,31.31,0.09,-57299.72533351592,48917.048404697176,4034.3794117343127,-757.0719023574277,645.6247002676819,-160.8063421473418,39.71106470548395,-32.500440235676145,-1.772312690650766,-9.180607911507492,139.54272764085388,2.9617771129631834,385341.52842840937,0.7586599664946184,3319.22,-67736.58932218885,58022.950557708886,100.62172441440272
2,80.0,1.04,0.316,31.31,0.09,-58037.48306931654,49546.8682230794,3872.657743050143,-718.959245060643,614.4368197054042,-162.66410359990812,36.576927142493716,-29.93121528738778,-1.9381079577548717,-9.759136275949238,139.48214358855708,2.8199604470336577,356097.1783465913,0.7733722701384754,3319.22,-67736.58932218885,58022.950557708886,100.62172441440272
2,81.0,1.04,0.316,31.31,0.09,-58738.653902258804,50146.748870920455,3708.998907729789,-683.7927842298919,585.6604001392353,-164.6744546928731,33.80565510365782,-27.662486874903344,-2.0791943523572245,-10.365234058127019,139.4203376940157,2.689547936637537,330280.1115303196,0.7885512809350812,3319.22,-67736.58932218885,58022.950557708886,100.62172441440272
2,82.0,1.04,0.316,31.31,0.09,-59405.95296910026,50718.912936934714,3543.264764811229,-651.242816957178,559.0258426408982,-166.815370883778,31.345812160579975,-25.648835729828196,-2.1991464718811136,-10.999010393229995,139.35725877124383,2.5692943530575674,307397.2347812277,0.8042264069700149,3319.22,-67736.58932218885,58022.950557708886,100.62172441440272
2,83.0,1.04,0.316,31.31,0.09,-60041.89312177968,51265.417445933315,3375.332532796949,-621.0150684006067,534.292265853224,-169.06682066096613,29.152632228770145,-23.85346911938707,-2.3008256590484284,-11.660674614424185,139.29283981440432,2.4580887898853114,287031.2132918845,0.8204272784705197,3319.22,-67736.58932218885,58022.950557708886,100.62172441440272
2,84.0,1.04,0.316,31.31,0.09,-60648.6638357962,51788.05472563515,3205.10072027931,-592.8624836294404,511.2574526084574,-171.41169683182,27.189483115745784,-22.246379033340826,-2.386392047582524,-12.35033372965006,139.22702079833707,2.3549994479868097,268841.2996583878,0.8371831223958545,3319.22,-67736.58932218885,58022.950557708886,100.62172441440272
2,85.0,1.04,0.316,31.31,0.09,-61228.23325534345,52288.4359401006,3032.4834019093996,-566.5703818738856,489.7456829681608,-173.83483250617138,25.425712706826673,-20.802426758565176,-2.4576560183782106,-13.068068920510585,139.15973468599847,2.259217360659194,252542.11575317621,0.8545232404888377,3319.22,-67736.58932218885,58022.950557708886,100.62172441440272
2,86.0,1.04,0.316,31.31,0.09,-61782.36424700432,52768.00421933297,2857.409346555231,-541.953021236705,469.6049358291996,-176.32279644597583,23.835740030759624,-19.50048844424008,-2.516244397091542,-13.813903342456912,139.0909109192562,2.170043219966034,237894.65184487752,0.8724770439774694,3319.22,-67736.58932218885,58022.950557708886,100.62172441440272
2,87.0,1.04,0.316,31.31,0.09,-62312.645284366605,53228.0598591713,2679.820086561386,-518.8485018124267,450.70241190009807,-178.86357529655677,22.397207469940863,-18.323594519911417,-2.5633610946062877,-14.587807479576917,139.02049308885964,2.0868673965814413,224697.10722401674,0.8910742026083917,3319.22,-67736.58932218885,58022.950557708886,100.62172441440272
2,88.0,1.04,0.316,31.31,0.09,-62820.51766787923,53669.7827674683,2499.6682453797544,-497.11389005590956,432.92156904598727,-181.44626522691695,21.09275965820526,-17.25535238052924,-2.6003236931694085,-15.389708141596698,138.94837116339235,2.009153366803232,212777.6406519701,0.9103447826178086,3319.22,-67736.58932218885,58022.950557708886,100.62172441440272
2,89.0,1.04,0.316,31.31,0.09,-63307.28719256921,54094.24202824315,2316.916929500098,-476.62387406344436,416.1596321486265,-184.06100474132563,19.905849093189175,-16.283695934306195,-2.627693254989999,-16.219472273413015,138.8744708925647,1.936429850881087,201989.81095276875,0.9303192823334981,3319.22,-67736.58932218885,58022.950557708886,100.62172441440272
2,90.0,1.04,0.316,31.31,0.09,-63774.140579092265,54502.40916243446,2131.538796629089,-457.26780061560095,400.3260075866553,-186.69875279646644,18.823187708186634,-15.397373209797776,-2.646393494403052,-17.076896984559838,138.79870127284144,1.868281057893716,192208.2167912244,0.9510287057493404,3319.22,-67736.58932218885,58022.950557708886,100.62172441440272
2,91.0,1.04,0.316,31.31,0.09,-64222.16261571632,54895.17224196169,1943.5149917233302,-438.94727186814447,385.340141778453,-189.35115563530417,17.833125261732548,-14.586846899238505,-2.657100624565933,-17.96171864192312,138.7209630687407,1.8043372159461744,183324.70988961434,0.9725046578600439,3319.22,-67736.58932218885,58022.950557708886,100.62172441440272
2,92.0,1.04,0.316,31.31,0.09,-64652.34773147159,55273.34536680819,1752.8344698815715,-421.5744498838572,371.13012727744893,-192.01046023880022,16.92553089282481,-13.843835079953463,-2.660305930079027,-18.873613974688844,138.64114824762368,1.7442680896038023,175245.6145844667,0.9947794037364764,3319.22,-67736.58932218885,58022.950557708886,100.62172441440272
2,93.0,1.04,0.316,31.31,0.09,-65065.60210350177,55637.67038951291,1559.4941257849607,-405.07154958281774,357.63228373681534,-194.66945857967485,16.091684385198374,-13.161197368301497,-2.656565831191557,-19.81216354710409,138.55914391304432,1.687780829226595,167890.0939889691,1.017885834440985,3319.22,-67736.58932218885,58022.950557708886,100.62172441440272
2,94.0,1.04,0.316,31.31,0.09,-65462.758344413516,55988.82893667592,1363.497847857125,-389.3689563294664,344.7896182904541,-197.32138501121023,15.323935654892274,-12.532675706175814,-2.6462078754804383,-20.776866681928027,138.47482916183827,1.6346128338582964,161187.75908192722,1.041857557167816,3319.22,-67736.58932218885,58022.950557708886,100.62172441440272
2,95.0,1.04,0.316,31.31,0.09,-65844.58580489663,56327.45084147302,1164.855861021844,-374.4038741399551,332.5507177678067,-199.9598178756924,14.61559926072256,-11.952797734368577,-2.629651641491101,-21.767151178373286,138.3880726484098,1.5845265954252667,155076.87946206908,1.0667289579488701,3319.22,-67736.58932218885,58022.950557708886,100.62172441440272
2,96.0,1.04,0.316,31.31,0.09,-66211.793227257,56654.116314433304,963.5847330260573,-360.1199171453679,320.86941590485566,-202.57867296564578,13.960754800581928,-11.416716401679983,-2.60708054280314,-22.782355552415023,138.29873403429016,1.5373080277138527,149503.41885748613,1.0925351833963506,3319.22,-67736.58932218885,58022.950557708886,100.62172441440272
2,97.0,1.04,0.316,31.31,0.09,-66565.0358196821,56969.36173374717,759.7069741394673,-346.46623138694616,309.7040740648023,-205.17213517526045,13.354259626856265,-10.920225945843724,-2.57892822880799,-23.8217300023003,138.20666264378298,1.4927630664992528,144419.8504363657,1.1193121697610229,3319.22,-67736.58932218885,58022.950557708886,100.62172441440272
2,98.0,1.04,0.316,31.31,0.09,-66904.92050837766,57273.68394285341,553.2507805543571,-333.3968412989958,299.017043387424,-207.7346330783508,12.791426685985355,-10.459490682994783,-2.5451512781820274,-24.88443711177434,138.11169682526995,1.4507151357061994,139784.23674913662,1.1470966529481343,3319.22,-67736.58932218885,58022.950557708886,100.62172441440272
2,99.0,1.04,0.316,31.31,0.09,-67232.01035609387,57567.54386785134,344.24979165134704,-320.87012088752357,288.77424119226566,-210.260804370332,12.268319791408492,-10.031273703001208,-2.506366243404188,-25.96954940117241,138.0136623412202,1.4110030845889125,135559.4774596855,1.175926174407393,3319.22,-67736.58932218885,58022.950557708886,100.62172441440272
2,100.0,1.04,0.316,31.31,0.09,-67546.82775828142,57851.369132343905,132.74273319812977,-308.848320223227,278.9447464643346,-212.74543796434764,11.78109289783161,-9.632467282637828,-2.4622191684071715,-27.076046237877897,137.91237307138317,1.3734792573164243,131712.64607996098,1.20583910076083,3319.22,-67736.58932218885,58022.950557708886,100.62172441440272
2,100.62,1.04,0.316,31.31,0.09,-67736.58932218885,58022.950557708886,4.308561880707936e-07,-301.6132759810066,273.02930744148273,-214.26706759645296,11.494877309170057,-9.39817315603076,-2.432288904496212,-27.774290136676186,137.84766925229565,1.3511923987134202,129498.392669515,1.224999999937316,3319.22,-67736.58932218885,58022.950557708886,100.62172441440272
3,1.0,0.997,0.298,-13.51,-6.37,-3.0961228179666396,-4.211724307102071,9.275419756260954,-6.280353542997859,-8.540016652266358,18.52459308520618,-8.720567588281604,-11.752675900679346,16.444923748446758,60.219656199314635,-126.3308735796283,0.06271899011528202,278.70816298376525,1.223651290602123,14981.1,-160632.67451057458,-416938.24802932993,248.87116187541577
3,2.0,0.997,0.298,-13.51,-6.37,-13.786362073220804,-18.716053614543238,36.02943012882196,-15.059929114628336,-20.470064335529823,35.05948372524988,-8.588764293747909,-11.918152564822055,16.791038792149205,54.063283944664406,-126.34210411745504,0.1272441446014328,1143.529164448294,1.2197693875636053,14810.22,-160632.67451057458,-416938.24802932993,248.87116187541577
3,3.0,0.997,0.298,-13.51,-6.37,-32.986650821285956,-45.13112872271947,79.59970729887503,-23.14577872099173,-32.34843477465177,52.20489928575088,-7.417518892849677,-11.857024347249585,17.52822105019367,52.69530997439291,-125.58427509799361,0.19286378453874883,2613.5191927052138,1.2134738504058968,14639.34,-160632.67451057458,-416938.24802932993,248.87116187541577
3,4.0,0.997,0.298,-13.51,-6.37,-59.535122239707896,-83.43963664728629,140.69093217115878,-29.622260290718355,-44.33138788812487,70.08536825037284,-5.4647148981306914,-12.249726120407617,18.16175323037782,52.737934160770315,-123.75087020288447,0.2587740997213372,4671.054322508154,1.2047013659722656,14468.46,-160632.67451057458,-416938.24802932993,248.87116187541577
3,5.0,0.997,0.298,-13.51,-6.37,-91.57581048684831,-134.1033763078987,219.8772118682256,-34.190869390632,-57.26676770214589,88.26255027603607,-3.8916562071209495,-13.878033229142392,18.00451775617388,52.92287519831443,-120.8391259397971,0.32509257033697553,7303.02943775282,1.1934248048036158,14297.58,-160632.67451057458,-416938.24802932993,248.87116187541577
3,6.0,0.997,0.298,-13.51,-6.37,-127.69922019511394,-198.7600443067289,316.9601712847008,-38.15985271600302,-72.53355891523394,105.66935423236238,-4.521758465248835,-16.76204826641878,16.61146949934424,52.20218931501561,-117.74882531104598,0.39297229205239764,10548.85660207965,1.1797435899242976,14126.7,-160632.67451057458,-416938.24802932993,248.87116187541577
3,7.0,0.997,0.298,-13.51,-6.37,-168.5415761449338,-280.11992635629423,430.6116161342483,-43.99630566814454,-90.55505533304152,121.32721412602282,-7.272618585494814,-18.93577730349551,14.826224366170344,50.31415409381264,-115.9128668116418,0.46329252658494025,14465.388417777438,1.1639266383964828,13955.82,-160632.67451057458,-416938.24802932993,248.87116187541577
3,8.0,0.997,0.298,-13.51,-6.37,-216.50842677903643,-380.20276433242094,559.26497851739,-52.12231892866318,-109.58507392733932,136.00095316808142,-8.340713487384427,-18.836646515177534,14.933699019912986,48.25851447704714,-115.43732014634129,0.5356118519695853,19040.750671623977,1.1462776026992996,13784.94,-160632.67451057458,-416938.24802932993,248.87116187541577
3,9.0,0.997,0.298,-13.51,-6.37,-272.52328839970573,-499.1521031849209,702.9177370767572,-59.577184350354436,-128.34970681635505,151.43233544751138,-6.51100698677666,-19.104850226450136,15.615820614405171,46.94136180273667,-114.89971868904644,0.6090376002147337,24202.624711068132,1.1268869590286952,13614.06,-160632.67451057458,-416938.24802932993,248.87116187541577
3,10.0,0.997,0.298,-13.51,-6.37,-335.36024043703026,-637.4124519991534,861.9285710056485,-66.30850149080419,-148.54985127170082,166.273723881304,-7.703271279245717,-21.248655750458113,13.84029651523374,45.62640524433148,-114.05464906739573,0.6835655014547372,29918.02506726222,1.1058055018291053,13443.18,-160632.67451057458,-416938.24802932993,248.87116187541577
3,11.0,0.997,0.298,-13.51,-6.37,-405.8790169749403,-796.6673081579526,1034.9864025348077,-74.88848074574734,-169.92469413501934,179.87558598749933,-8.578190982973899,-21.1552444125418,13.973103251646432,44.087979535946225,-113.78384087659764,0.7597128812950678,36203.077805354864,1.0833096476162165,13272.3,-160632.67451057458,-416938.24802932993,248.87116187541577
3,12.0,0.997,0.298,-13.51,-6.37,-484.74830473949885,-977.2402229775148,1221.9455392615957,-82.6810209768037,-191.4370996733627,193.95681939546924,-7.763594918199811,-22.36204787019707,13.466726955948854,42.926495656501274,-113.3593487532839,0.8368700307125504,42965.45295951885,1.0595207366961328,13101.42,-160632.67451057458,-416938.24802932993,248.87116187541577
3,13.0,0.997,0.298,-13.51,-6.37,-571.6855393036365,-1180.0437101520736,1422.3756421328658,-91.44073771861895,-214.20511943448747,206.83259212878446,-9.024743292630498,-22.675851438873863,13.037192438387706,41.606725935207876,-113.11686045190899,0.9153344194757782,50190.899957002584,1.0345976637498169,12930.54,-160632.67451057458,-416938.24802932993,248.87116187541577
3,14.0,0.997,0.298,-13.51,-6.37,-667.3868702515157,-1405.6625218744118,1635.7998097219775,-99.87728476948837,-237.23751561859854,219.8922173056208,-8.674729802851143,-23.756317332395597,12.382443375091722,40.50617055995485,-112.8311523075091,0.9948296833309417,57803.57226209118,1.0087029848229374,12759.66,-160632.67451057458,-416938.24802932993,248.87116187541577
3,15.0,0.997,0.298,-13.51,-6.37,-771.8518918261908,-1654.8353921868743,1861.7759962141815,-109.07794887145553,-261.0879367341125,232.12606711933373,-8.8693148744149,-23.839990554141927,12.54207442057978,39.36397561374198,-112.67431430276372,1.0754871566915292,65767.60978419683,0.9819914329530862,12588.78,-160632.67451057458,-416938.24802932993,248.87116187541577
3,16.0,0.997,0.298,-13.51,-6.37,-885.3627918039781,-1928.0471879679706,2100.001817581381,-118.13439073472583,-285.5089176128965,244.10554628136612,-9.672699597153102,-24.722168580329853,11.540835998866685,38.30967536189271,-112.4781955271652,1.1571401738745133,74009.26908937789,0.9545974481383274,12417.9,-160632.67451057458,-416938.24802932993,248.87116187541577
3,17.0,0.997,0.298,-13.51,-6.37,-1008.2073564843207,-2225.9284196926224,2349.9725854036888,-127.45878846067583,-310.363090073386,255.80294658310635,-9.369409793562662,-25.31016261080609,11.300977239408073,37.32249577853472,-112.3267977019879,1.2398111556285223,82476.84312346288,0.9266741483062201,12247.02,-160632.67451057458,-416938.24802932993,248.87116187541577
3,18.0,0.997,0.298,-13.51,-6.37,-1140.5068109336362,-2549.0011652616477,2611.3436542755057,-137.13633371584314,-335.80391971816744,266.96843173652206,-9.46123057500326,-25.586864040840403,11.246812815679274,36.35323142193151,-112.21422894597656,1.3234813893678237,91111.96031044578,0.8983504938022796,12076.14,-160632.67451057458,-416938.24802932993,248.87116187541577
3,19.0,0.997,0.298,-13.51,-6.37,-1282.4607675650818,-2897.7410577188934,2883.771600370493,-146.9012927646483,-361.76242400615916,277.77187346319215,-9.993867560563586,-26.102332299433773,10.676828754496546,35.42853196550809,-112.10065333521973,1.4080975588004707,99851.2867991002,0.8697496695530489,11905.26,-160632.67451057458,-416938.24802932993,248.87116187541577
3,20.0,0.997,0.298,-13.51,-6.37,-1434.2902571979323,-3272.6363223854464,3166.863970450051,-156.78940765374196,-388.1419665063931,288.3036963643423,-10.156716091390729,-26.682348761357215,10.167599820788405,34.555621607437786,-111.99617686822845,1.4936451487602422,108637.92010972346,0.8409935684780367,11734.38,-160632.67451057458,-416938.24802932993,248.87116187541577
3,21.0,0.997,0.298,-13.51,-6.37,-1596.1595343749523,-3674.152904436805,3460.2615083656274,-166.912255582898,-414.9586305762132,298.4749502118823,-10.113600920061794,-27.09344786427514,9.968998677191953,33.716223000656335,-111.91188041526074,1.580121139995757,117417.87506975797,0.8121935705935865,11563.5,-160632.67451057458,-416938.24802932993,248.87116187541577
3,22.0,0.997,0.298,-13.51,-6.37,-1768.2207398627272,-4102.723707088972,3763.640228107453,-177.2305455089438,-442.2292323253222,308.2653020110881,-10.270137494279432,-27.442587665487753,9.749369871340777,32.90461764988269,-111.83924618135059,1.6675131286282503,126137.44438662565,0.7834505709956662,11392.62,-160632.67451057458,-416938.24802932993,248.87116187541577
3,23.0,0.997,0.298,-13.51,-6.37,-1950.6422895806859,-4558.767894910461,4076.6763527554444,-187.6800863261089,-469.92528620399474,317.7356994223615,-10.554954319287006,-27.8527157998391,9.369043031553035,32.12531151162668,-111.77091871685883,1.7558118521978714,134745.84810091532,0.7548584780288895,11221.74,-160632.67451057458,-416938.24802932993,248.87116187541577
3,24.0,0.997,0.298,-13.51,-6.37,-2143.591692899369,-5042.698881939671,4399.046380469055,-198.26339432845253,-498.01811647094235,326.9216375304569,-10.75577326201297,-28.29781078053412,8.974303300319443,31.37867664829867,-111.70773807818425,1.8450190899105112,143196.9179826578,0.7265040508152931,11050.86,-160632.67451057458,-416938.24802932993,248.87116187541577
3,25.0,0.997,0.298,-13.51,-6.37,-2347.2242153721777,-5554.921472274519,4730.44110768027,-209.00851992423623,-526.5012035072114,335.8166987985233,-10.849655786503611,-28.713087013898754,8.681935202054982,30.66046341841184,-111.65190649104676,1.935143614682478,151448.63522933226,0.6984656601263322,10879.98,-160632.67451057458,-416938.24802932993,248.87116187541577
3,26.0,0.997,0.298,-13.51,-6.37,-2561.688086864114,-6095.831017114162,5070.569183355632,-219.9219455371908,-555.378163293227,344.41309957686195,-10.940334349913638,-29.087813731585214,8.459870723872159,29.966959480600817,-111.60286948389951,2.0261975033475155,159462.68614288204,0.6708132328917866,10709.1,-160632.67451057458,-416938.24802932993,248.87116187541577
3,27.0,0.997,0.298,-13.51,-6.37,-2787.131883120963,-6665.816667048237,5419.1526554171005,-230.98965682491865,-584.6493636307332,352.7231756014725,-11.09250916409824,-29.453639480637865,8.225723453988172,29.296847038813723,-111.55852618439579,2.118196490105979,167204.68955776008,0.6436089328607351,10538.22,-160632.67451057458,-416938.24802932993,248.87116187541577
3,28.0,0.997,0.298,-13.51,-6.37,-3023.706616235095,-7265.26579297342,5775.923155237027,-242.1993031615934,-614.3106554995775,360.77051689374593,-11.283304188756965,-29.83662457339216,7.9520682729735865,28.64986844313192,-111.51742979731694,2.21116153722241,174644.56397754795,0.6169077513978873,10367.34,-160632.67451057458,-416938.24802932993,248.87116187541577
3,29.0,0.997,0.298,-13.51,-6.37,-3271.5638675560713,-7894.566396832567,6140.622491062448,-253.5515985643626,-644.3589679255235,368.5741459744403,-11.460506105257803,-30.23648282410208,7.673192421888977,28.02528010825996,-111.47935626442452,2.3051194455711057,181756.60484258528,0.5907577535488626,10196.46,-160632.67451057458,-416938.24802932993,248.87116187541577
3,30.0,0.997,0.298,-13.51,-6.37,-3530.854585170069,-8554.109043689174,6513.004771056044,-265.0540909559042,-674.796479587153,376.1442443922633,-11.60680409375561,-30.641669127187267,7.424175698055203,27.421640065141144,-111.44446110328747,2.400102351328802,188519.28457027138,0.5652002634424897,10025.58,-160632.67451057458,-416938.24802932993,248.87116187541577
3,31.0,0.997,0.298,-13.51,-6.37,-3801.7300456936005,-9244.28806141027,6892.837496706799,-276.7135393656641,-705.6296189645067,383.4877508204429,-11.737356210309015,-31.044467055515327,7.214476330340617,26.837400525217504,-111.41269091012583,2.4961471404000286,194914.99976429253,0.5402701768289351,9854.7,-160632.67451057458,-416938.24802932993,248.87116187541577
3,32.0,0.997,0.298,-13.51,-6.37,-4084.3434892491136,-9965.503412355938,7279.901439050699,-288.53232062027877,-736.867236806841,390.6137947915605,-11.87824795186447,-31.447568727383068,7.0270352435457015,26.27133881271084,-111.38363306523871,2.5932952200993413,200929.8581288218,0.5159963813375528,9683.82,-160632.67451057458,-416938.24802932993,248.87116187541577
3,33.0,0.997,0.298,-13.51,-6.37,-4378.8518202019795,-10718.16310802087,7673.9895882960855,-300.51082297221524,-768.5188792005879,397.53553486626447,-12.040056463556208,-31.858844328426077,6.844028472526135,25.72262920064554,-111.35678790822973,2.6915926373867576,206553.5111403492,0.49240223551820506,9512.95,-160632.67451057458,-416938.24802932993,248.87116187541577
3,34.0,0.997,0.298,-13.51,-6.37,-4685.41611991734,-11502.68502611799,8074.906973778184,-312.6504336886426,-800.5949899514683,404.26796035395614,-12.218372269766357,-32.285482822786385,6.65805295363827,25.190625916307354,-111.3317685476568,2.791090181297454,211778.94077190032,0.46950598349136646,9342.07,-160632.67451057458,-416938.24802932993,248.87116187541577
3,35.0,0.997,0.298,-13.51,-6.37,-5004.202200493537,-12319.49919030352,8482.470472720785,-324.95519544802266,-833.1074221051233,410.8257522708704,-12.400768160776426,-32.73089929332463,6.474680733915836,24.674697474106672,-111.3083683765071,2.8918434679313343,216602.22465387383,0.44732116516778886,9171.19,-160632.67451057458,-416938.24802932993,248.87116187541577
3,36.0,0.997,0.298,-13.51,-6.37,-5335.380648151068,-13169.049008765287,8896.509239126948,-337.43241186428463,-866.0701457845918,417.22112630430775,-12.578916178872403,-33.193449920896036,6.307303392178667,24.174097529519255,-111.28654784145272,2.9939128478288386,221022.24543258056,0.4258569862019879,9000.31,-160632.67451057458,-416938.24802932993,248.87116187541577
3,37.0,0.997,0.298,-13.51,-6.37,-5679.12763476372,-14051.79366870466,9316.864927961646,-350.08958790459,-899.4996500679077,423.4651275029818,-12.755439958565699,-33.672307320511905,6.160154416805959,23.688068325083,-111.26622676496595,3.097363378403063,225040.40767807406,0.40511869501519143,8829.43,-160632.67451057458,-416938.24802932993,248.87116187541577
3,38.0,0.997,0.298,-13.51,-6.37,-6035.6258244711735,-14968.209854496246,9743.391542193522,-362.9345657937044,-933.4143771400492,429.56857789789746,-12.93627608061739,-34.16719923630754,6.033939981811017,23.215902036150403,-111.24731085522642,3.202264851453162,228660.37094238587,0.38510796779120604,8658.55,-160632.67451057458,-416938.24802932993,248.87116187541577
3,39.0,0.997,0.298,-13.51,-6.37,-6405.064557469739,-15918.792152197422,10175.955936426039,-375.97401714310206,-967.8347688218934,435.54305579191407,-13.13114280504408,-34.681001618365016,5.9192197756631675,22.756992265302472,-111.22961602038127,3.30869162047831,231887.73939361027,0.36582324781961456,8487.67,-160632.67451057458,-416938.24802932993,248.87116187541577
3,40.0,0.997,0.298,-13.51,-6.37,-6787.6416622578245,-16904.056822542294,10614.436758750087,-389.21501546897423,-1002.7825325937193,441.401596819492,-13.340616930389226,-35.217572755217375,5.811478981422819,22.310855321420775,-111.21297652095359,3.416723019424858,234729.88444810433,0.347260139327132,8316.79,-160632.67451057458,-416938.24802932993,248.87116187541577
3,41.0,0.997,0.298,-13.51,-6.37,-7183.563523572847,-17924.542472103738,11058.724844576316,-402.6663460118346,-1038.282523823911,447.1582308395547,-13.568782488792868,-35.8016004507908,5.720124586096646,21.877053963724936,-111.19727044685098,3.5264488029473884,237196.4067049633,0.32941171251051665,8145.91,-160632.67451057458,-416938.24802932993,248.87116187541577
3,42.0,0.997,0.298,-13.51,-6.37,-7593.060654231568,-18980.85179350457,11508.74017846649,-416.37655984726024,-1074.4617359211775,452.86885995466866,-13.859793017049258,-36.56159266499979,5.703699994866999,21.455161304112966,-111.18239902827742,3.6383031468734406,239342.26678677247,0.312268180836332,7975.03,-160632.67451057458,-416938.24802932993,248.87116187541577
3,43.0,0.997,0.298,-13.51,-6.37,-8016.415989162674,-20073.72684861303,11964.461931068452,-430.38429021750756,-1111.421076510729,458.5743391977256,-14.164210312815671,-37.36431142278576,5.704724789794454,21.044778833813407,-111.16828837249288,3.752627490441294,241205.3368781384,0.2958162986455081,7804.15,-160632.67451057458,-416938.24802932993,248.87116187541577
3,44.0,0.997,0.298,-13.51,-6.37,-8453.935169410493,-21203.96987064084,12425.892266594612,-444.7064498881347,-1149.2046361995556,464.28950325784217,-14.48484209819985,-38.2117918950923,5.723391241128575,20.645532011999492,-111.15488750038625,3.8695688702703364,242795.75281876218,0.28004125915078565,7633.27,-160632.67451057458,-416938.24802932993,248.87116187541577
3,45.0,0.997,0.298,-13.51,-6.37,-8905.940797774172,-22372.42789450348,12893.048752800989,-459.36062297093116,-1187.8593703790796,470.0296237695237,-14.82480854488623,-39.107130688984455,5.758085534896721,20.257081097899317,-111.14213261011311,3.989282731415847,244123.80626024798,0.2649272284007743,7462.39,-160632.67451057458,-416938.24802932993,248.87116187541577
3,46.0,0.997,0.298,-13.51,-6.37,-9372.774203646872,-23579.997256246006,13365.964557824938,-474.3655331348961,-1227.4352669419102,475.8105575980635,-15.18546160610395,-40.05384202574524,5.808126326163057,19.87911951310902,-111.12996576208492,4.111933984500229,245199.89546312022,0.25045754018470817,7291.51,-160632.67451057458,-416938.24802932993,248.87116187541577
3,47.0,0.997,0.298,-13.51,-6.37,-9854.795963338764,-24827.62507826397,13844.688715686505,-489.7411713324822,-1267.9855571933522,481.64855811407097,-15.567664710139859,-41.05578068686197,5.873199610986858,19.51136110732676,-111.11833612476318,4.237697497330956,246034.40577121184,0.23661487164262085,7120.63,-160632.67451057458,-416938.24802932993,248.87116187541577
3,48.0,0.997,0.298,-13.51,-6.37,-10352.387724633412,-26116.314106792837,14329.286525973968,-505.50911023149274,-1309.5671282824796,487.56030898986063,-15.972062897225191,-42.11679024016857,5.9544688881214975,19.153534354034417,-111.10720510332418,4.366759536098255,246637.70138423858,0.22338139924977787,6949.75,-160632.67451057458,-416938.24802932993,248.87116187541577
3,49.0,0.997,0.298,-13.51,-6.37,-10865.956874775491,-27447.13502400927,14819.840891644626,-521.6926236136168,-1352.241334514396,493.5629465733186,-16.39970776625378,-43.241021592784776,6.052981234591541,18.80537386386731,-111.0965375945532,4.499320045596585,247020.17188223376,0.21073891709637246,6778.87,-160632.67451057458,-416938.24802932993,248.87116187541577
3,50.0,0.997,0.298,-13.51,-6.37,-11395.939213074304,-28821.233521215283,15316.453518805283,-538.317166157454,-1396.074512469124,499.67417482856786,-16.85215262752347,-44.43242860723173,6.170826792044234,18.466618961603565,-111.0863117464645,4.6355946269886825,247192.22501494276,0.19866895277565227,6607.99,-160632.67451057458,-416938.24802932993,248.87116187541577
3,51.0,0.997,0.298,-13.51,-6.37,-11942.781910330224,-30239.78552559241,15819.240763449661,-555.4086646972016,-1441.1357724345555,505.91197372184047,-17.333074659114732,-45.696383281688995,6.306538969972305,18.137035980540862,-111.07648746223299,4.775806850686391,247163.4176663243,0.18715299475294847,6437.11,-160632.67451057458,-416938.24802932993,248.87116187541577
3,52.0,0.997,0.298,-13.51,-6.37,-12506.95141520691,-31704.01765010853,16328.334483544955,-572.9948157579594,-1487.4980790523657,512.2950332972381,-17.843203930950377,-47.03855517887073,6.46210053714062,17.81641353099179,-111.06703886069447,4.920192772594077,246942.82839502062,0.1761725652482488,6266.23,-160632.67451057458,-416938.24802932993,248.87116187541577
3,53.0,0.997,0.298,-13.51,-6.37,-13088.953651495425,-33215.26070683612,16843.888334956722,-591.1062092985786,-1535.2420339551643,518.8432570386028,-18.38540416582741,-48.464888197053114,6.638141933903917,17.504537574558093,-111.05794153357829,5.069012404775995,246539.87948800094,0.1657091802075355,6095.35,-160632.67451057458,-416938.24802932993,248.87116187541577
3,54.0,0.997,0.298,-13.51,-6.37,-13689.347799780422,-34774.9857560589,17366.08323108651,-609.7770725327327,-1584.4579562014708,525.5785293743397,-18.962176985154066,-49.982482255751584,6.836119082316897,17.201199071166506,-111.04917078962325,5.222556637179573,245964.5628777422,0.15574435752821286,5924.47,-160632.67451057458,-416938.24802932993,248.87116187541577
3,55.0,0.997,0.298,-13.51,-6.37,-14308.70800357186,-36384.7034830444,17895.11640938155,-629.04321214563,-1635.240287310683,532.5231826173317,-19.576472147528676,-51.59880525335482,7.057203307596742,16.90620767292502,-111.0407048780716,5.381129206282914,245225.76930855133,0.14625993062594123,5753.59,-160632.67451057458,-416938.24802932993,248.87116187541577
3,56.0,0.997,0.298,-13.51,-6.37,-14947.648129685153,-38046.02929165734,18431.208879349662,-648.9436689203646,-1687.6920031816524,539.7011636736286,-20.23150105297873,-53.32262284490558,7.302858611659433,16.619382705293113,-111.0325234493126,5.545060951750289,244332.27861010892,0.13723797272026772,5582.71,-160632.67451057458,-416938.24802932993,248.87116187541577
3,57.0,0.997,0.298,-13.51,-6.37,-15606.823565073591,-39760.688047429445,18974.60663841603,-669.5210352348294,-1741.9253156631707,547.1381394093959,-20.930705600608086,-55.163930858831655,7.574936788833262,16.340552275107548,-111.02460894405607,5.7147120945067265,243292.67859656928,0.12866085290998516,5411.83,-160632.67451057458,-416938.24802932993,248.87116187541577
3,58.0,0.997,0.298,-13.51,-6.37,-16286.933976820235,-41530.521386202854,19525.582139743707,-690.8220111809214,-1798.062587092376,554.861600018567,-21.67883835100768,-57.132406424901596,7.877494353227239,16.0695503709612,-111.01695207843254,5.890475318706527,242115.33090944245,0.12051128196224441,5240.95,-160632.67451057458,-416938.24802932993,248.87116187541577
3,59.0,0.997,0.298,-13.51,-6.37,-16988.726900995334,-43357.49738413539,20084.436059827687,-712.8965845377992,-1856.238491121514,562.9009385381896,-22.481218369312185,-59.24222441456546,8.208569502540293,15.80620909345521,-111.00950639083399,6.072780737116401,240808.45457717055,0.11277234891210393,5070.07,-160632.67451057458,-416938.24802932993,248.87116187541577
3,60.0,0.997,0.298,-13.51,-6.37,-17713.00489960571,-45243.72855805726,20651.501091675014,-735.8018441006867,-1916.5997866010778,571.2896144716614,-23.338796459924684,-61.50833977227649,8.57265126232867,15.550411096316232,-111.00229585826156,6.262100917203949,239380.10497141437,0.10542752861389092,4899.19,-160632.67451057458,-416938.24802932993,248.87116187541577
3,61.0,0.997,0.298,-13.51,-6.37,-18460.628685098363,-47191.481426676655,21227.14347099483,-759.5993968828636,-1979.3097974916577,580.0622915820342,-24.264348274778747,-63.943014052596965,8.977727748965659,15.30199238248034,-110.99529580765909,6.458957813563618,237838.3120591748,0.09846072187848202,4728.31,-160632.67451057458,-416938.24802932993,248.87116187541577
3,62.0,0.997,0.298,-13.51,-6.37,-19232.53071269862,-49203.21117196111,21811.76944466679,-784.3572654169894,-2044.550076177443,589.2577851672667,-25.262049388035887,-66.56826330152444,9.421093756778003,15.06081161882659,-110.98847124493352,6.6639315044642755,236191.13462661154,0.09185623506628568,4557.43,-160632.67451057458,-416938.24802932993,248.87116187541577
3,63.0,0.997,0.298,-13.51,-6.37,-20029.71095628316,-51281.550771596536,22405.824287309664,-810.1522158142886,-2112.5211828560036,598.9195680276257,-26.339722863741287,-69.40444313318397,9.909585574541126,14.826755005285454,-110.98182690641416,6.877664999858522,234446.5651803185,0.0855988510571478,4386.55,-160632.67451057458,-416938.24802932993,248.87116187541577
3,64.0,0.997,0.298,-13.51,-6.37,-20853.24576589458,-53429.33481797102,23009.796586200966,-837.0688428640941,-2183.4458550046197,609.0949954148607,-27.506234210139738,-72.47749726641338,10.448277460912065,14.599704308101055,-110.97535266605892,7.100871127671117,232612.4001256488,0.07967383067411453,4215.67,-160632.67451057458,-416938.24802932993,248.87116187541577
3,65.0,0.997,0.298,-13.51,-6.37,-21704.298033574498,-55649.62604582432,23624.22348715286,-865.2017443068846,-2257.5739860957324,619.8367747002005,-28.773564111933844,-75.81567869014557,11.042963369273266,14.379544987542344,-110.96903194663689,7.334349107074329,230696.64718751394,0.07406690956389354,4044.79,-160632.67451057458,-416938.24802932993,248.87116187541577
3,66.0,0.997,0.298,-13.51,-6.37,-22584.108203833966,-57945.69159324739,24249.687018322456,-894.6555976447057,-2335.181372211485,631.202928147965,-30.154645621086285,-79.45360263300807,11.700769325377534,14.166178164772365,-110.96285504005871,7.578981299264482,228706.79397600068,0.06876437380775516,3873.91,-160632.67451057458,-416938.24802932993,248.87116187541577
3,67.0,0.997,0.298,-13.51,-6.37,-23494.09062456358,-60321.256813896944,24886.860642946707,-925.5546404990599,-2416.595461540725,643.2623201238944,-31.6653103648076,-83.43251150369478,12.430094791898156,13.959496640525344,-110.9568104638048,7.835815377050512,226652.7846589251,0.0637527270965494,3703.03,-160632.67451057458,-416938.24802932993,248.87116187541577
3,68.0,0.997,0.298,-13.51,-6.37,-24435.752881141518,-62780.292825106975,25536.472273531523,-958.0363576065414,-2502.1785530300253,656.0906683406163,-33.32307966937432,-87.79963528871919,13.240432977556614,13.759408944533893,-110.95088825599723,8.106010369260915,224543.6174548249,0.05901908912680519,3532.15,-160632.67451057458,-416938.24802932993,248.87116187541577
3,69.0,0.997,0.298,-13.51,-6.37,-25410.755995492458,-65327.17486790186,26199.333626289972,-992.2593782235742,-2592.348214398875,669.7750265617725,-35.1509157996164,-92.61453205310805,14.1441082103332,13.565827251461211,-110.94508170061337,8.390902302004172,222389.38982851568,0.05455101450857785,3361.27,-160632.67451057458,-416938.24802932993,248.87116187541577
3,70.0,0.997,0.298,-13.51,-6.37,-26420.951932638673,-67966.78178096534,26876.358592296478,-1028.4063945618727,-2687.5871118968694,684.4160178881023,-18.27402263976377,-48.0133433542289,2.408809025397171,13.378674797788031,-110.93937166790298,8.692034983973134,220201.08316405702,0.050336453904179235,3190.4,-160632.67451057458,-416938.24802932993,248.87116187541577
3,71.0,0.997,0.298,-13.51,-6.37,-27443.860983839273,-70639.71554224525,27552.129694675474,-1017.5814004709298,-2658.730118855396,667.2568733665743,10.277904681761038,27.407091043989972,-16.738087486834814,13.191300722181001,-110.94345341570069,8.592304631951368,198582.19659403182,0.04645442357085152,3190.4,-160632.67451057458,-416938.24802932993,248.87116187541577
3,72.0,0.997,0.298,-13.51,-6.37,-28456.489665220524,-73285.2357126904,28211.160184965403,-1007.7982783760615,-2632.6344285361206,650.897689180866,9.305073975889977,24.828584443853654,-15.993560120231779,13.001817053502247,-110.94733602762537,8.501647503107995,179777.39677168764,0.04295710412332964,3190.4,-160632.67451057458,-416938.24802932993,248.87116187541577
3,73.0,0.997,0.298,-13.51,-6.37,-29459.779753349543,-75905.83849044579,28854.171028306268,-998.9282665404653,-2608.9591348217873,635.2354114949355,8.454257881943066,22.573117558317197,-15.346392339015788,12.810372374806924,-110.95103505605445,8.418952005669148,163334.96488147555,0.03979872814888223,3190.4,-160632.67451057458,-416938.24802932993,248.87116187541577
3,74.0,0.997,0.298,-13.51,-6.37,-30454.60725186121,-78503.84609044502,29481.82881092726,-990.8561687297594,-2587.3992449649227,620.178127529068,7.706465316530067,20.59041147872004,-14.781280290597703,12.61708134473932,-110.9545660524155,8.343224013417325,148887.07439137503,0.03693986337043197,3190.4,-160632.67451057458,-416938.24802932993,248.87116187541577
3,75.0,0.997,0.298,-13.51,-6.37,-31441.72154399657,-81081.24543171137,30094.699939620346,-983.486877007275,-2567.702961602114,605.6502557053985,7.046314286927691,18.839737488709872,-14.285705357076322,12.422055525620712,-110.95794208255309,8.273643148067244,136135.54327990577,0.03434662398793709,3190.4,-160632.67451057458,-416938.24802932993,248.87116187541577
3,76.0,0.997,0.298,-13.51,-6.37,-32421.785257646363,-83639.7937484586,30693.282022483465,-976.7389918965806,-2549.6547857210576,591.5873541417984,6.461179478401609,17.2876499747254,-13.849339036419922,12.225395375883098,-110.96117481691734,8.209507595545485,124835.45846590315,0.031989675894474524,3190.4,-160632.67451057458,-416938.24802932993,248.87116187541577
3,77.0,0.997,0.298,-13.51,-6.37,-33395.38369844674,-86181.04357687804,31278.011544334964,-970.5429584131307,-2533.0705829127705,577.9346037008974,5.9406000297059345,15.906468778282576,-13.463787460086406,12.027193834040554,-110.96427454675681,8.15021797166667,114784.29591031966,0.029843525378326175,3190.4,-160632.67451057458,-416938.24802932993,248.87116187541577
3,78.0,0.997,0.298,-13.51,-6.37,-34363.0360154507,-88706.37231798354,31849.27296487726,-964.8390347524734,-2517.792202858118,564.6451374970568,5.475894994711351,14.673175091483703,-13.121853133709424,11.827537194635575,-110.96725037450577,8.095259727337448,105813.37235306721,0.027885926544985513,3190.4,-160632.67451057458,-416938.24802932993,248.87116187541577
3,79.0,0.997,0.298,-13.51,-6.37,-35325.20841076057,-91217.01721378675,32407.409334245534,-959.5749923366469,-2503.681390973646,551.6781729511923,5.059701814886088,13.568352439666382,-12.818033857067713,11.62650301198872,-110.97011055041581,8.044183268743362,97781.07892287702,0.026097386022447457,3190.4,-160632.67451057458,-416938.24802932993,248.87116187541577
3,80.0,0.997,0.298,-13.51,-6.37,-36282.31758237855,-93714.0844637229,32952.72511508998,-954.7054462908698,-2490.618008040053,538.9984217257432,4.686002572634466,12.575868693322164,-12.546253171364649,11.424162460609871,-110.9728624794072,7.996598106761132,90567.97430443334,0.024460774957397083,3190.4,-160632.67451057458,-416938.24802932993,248.87116187541577
3,81.0,0.997,0.298,-13.51,-6.37,-37234.73766901496,-96198.56761381667,33485.49178759308,-950.1906980694519,-2478.4969809322865,526.5752335747367,4.3492830923956625,11.68149377946528,-12.304560922632048,11.22058226221262,-110.97551273962644,7.952162937157725,84072.72547552954,0.02296099394482898,3190.4,-160632.67451057458,-416938.24802932993,248.87116187541577
3,82.0,0.997,0.298,-13.51,-6.37,-38182.805662678344,-98671.36188748095,34005.9521915315,-945.9958785855179,-2467.226015236776,514.3817950092873,4.04546675108972,10.873946643825194,-12.086226908257593,11.015823199778985,-110.97806731367555,7.910578116482974,78208.91296237538,0.02158469419169933,3190.4,-160632.67451057458,-416938.24802932993,248.87116187541577
3,83.0,0.997,0.298,-13.51,-6.37,-39126.825822024555,-101133.27587345039,34514.32408451003,-942.090257155218,-2456.723767423441,502.3945338140087,3.770409229850367,10.142680148900347,-11.89075399562111,10.809939968603311,-110.98053164679433,7.8715796728507135,72902.48327773195,0.020320043265117674,3190.4,-160632.67451057458,-416938.24802932993,248.87116187541577
3,84.0,0.997,0.298,-13.51,-6.37,-40067.073478962055,-103585.04159999298,35010.80317081882,-938.4466223516462,-2446.918243837681,490.5929624650829,3.520974774998814,9.479137438118828,-11.714490068868859,10.602988574197008,-110.98291042384443,7.834934246606325,68089.69508520461,0.019156526938706536,3190.4,-160632.67451057458,-416938.24802932993,248.87116187541577
3,85.0,0.997,0.298,-13.51,-6.37,-41003.798324046715,-106027.32323887078,35495.565752263334,-935.0408649067947,-2437.745625862325,478.95871611686005,3.2940723101970346,8.875501046848742,-11.557074273538879,10.39501432673646,-110.98520815273216,7.80043494638297,63715.45470657968,0.018084780654156245,3190.4,-160632.67451057458,-416938.24802932993,248.87116187541577
3,86.0,0.997,0.298,-13.51,-6.37,-41937.22730438877,-108460.72476512511,35968.77094588019,-931.8515311913703,-2429.1491029209815,467.47553937788234,3.0877712420597154,8.325963876622264,-11.411807527355641,10.18605920937738,-110.98742911036165,7.767897729508324,59731.95578849235,0.017096445817310738,3190.4,-160632.67451057458,-416938.24802932993,248.87116187541577
3,87.0,0.997,0.298,-13.51,-6.37,-42867.56720600241,-110885.79681428256,36430.56285210169,-928.859348645827,-2421.0778103709026,456.129856850437,2.899535467177573,7.824227742672709,-11.280755294756148,9.97618112935431,-110.98957589194139,7.737158315840177,56097.56068730679,0.016184046135062233,3190.4,-160632.67451057458,-416938.24802932993,248.87116187541577
3,88.0,0.997,0.298,-13.51,-6.37,-43795.00621093712,-113303.0407896321,36881.07177225989,-926.047411210635,-2413.4866892018595,444.9071819517714,2.727088820051227,7.36504901943369,-11.164736055131701,9.765379520608262,-110.99165428311184,7.708070150561335,52775.88989765183,0.015340882569865162,3190.4,-160632.67451057458,-416938.24802932993,248.87116187541577
3,89.0,0.997,0.298,-13.51,-6.37,-44719.716734994974,-115712.91635708832,37320.4162363191,-923.3998460246476,-2406.33444261835,433.8000264752042,2.569846204387645,6.944957496708785,-11.055472724346057,9.553776081997391,-110.99366186445523,7.680501476198992,49735.04214709368,0.01456094072233532,3190.4,-160632.67451057458,-416938.24802932993,248.87116187541577
3,90.0,0.997,0.298,-13.51,-6.37,-45641.85640354358,-118115.84409396249,37748.70413383358,-920.9036117606172,-2399.58533832384,422.79164280294157,2.4250577469969565,6.559176398835058,-10.959649801262875,9.341257556504791,-110.99561089049651,7.654334003762491,46946.96577859634,0.013838811949541984,3190.4,-160632.67451057458,-416938.24802932993,248.87116187541577
3,91.0,0.997,0.298,-13.51,-6.37,-46561.56875382396,-120512.20716690349,38166.02885039448,-918.5451568849455,-2393.2052541549447,411.882424778135,2.2936486263647455,6.206018219835738,-10.861881701350754,9.1280657972683,-110.99749039210222,7.6294616053499755,44386.95338396623,0.01316963234382356,3190.4,-160632.67451057458,-416938.24802932993,248.87116187541577
3,92.0,0.997,0.298,-13.51,-6.37,-47478.988364760415,-122902.36538042843,38572.48991887152,-916.3143776992172,-2387.165480044528,401.05323606676984,2.1694469074775595,5.877880330151151,-10.799158450994316,8.913985994254086,-110.99931812183578,7.605787138378307,42033.065561864074,0.012548991617376623,3190.4,-160632.67451057458,-416938.24802932993,248.87116187541577
3,93.0,0.997,0.298,-13.51,-6.37,-48394.23620798578,-125286.6420568163,38968.16367601827,-914.2000075569593,-2381.437901654367,390.30661443794475,2.0607114704166594,5.581210600402472,-10.695999642575826,8.699265690227552,-111.00108296816668,7.583224025045785,39865.94655321819,0.011972928949125905,3190.4,-160632.67451057458,-416938.24802932993,248.87116187541577
3,94.0,0.997,0.298,-13.51,-6.37,-49307.42428673946,-127665.33730625363,39353.126534789284,-912.1933127634002,-2375.998665173123,379.63097729270225,1.9543958765901226,5.301302079874619,-10.653863946091047,8.483819154907017,-111.00279270191021,7.561693361951129,37868.35716383634,0.011437851083697938,3190.4,-160632.67451057458,-416938.24802932993,248.87116187541577
3,95.0,0.997,0.298,-13.51,-6.37,-50218.65607195474,-130038.72818213068,39727.446103601025,-910.2861487368481,-2370.825685698256,369.0184609404666,1.860572368367242,5.0473884865192336,-10.577471440248388,8.267627424923662,-111.0044533794946,7.541123490236571,36024.955063877554,0.01094050678734921,3190.4,-160632.67451057458,-416938.24802932993,248.87116187541577
3,96.0,0.997,0.298,-13.51,-6.37,-51128.02679030133,-132407.07025434397,40091.186214075904,-908.4699782831754,-2365.8978432872623,358.4711499265347,1.7737754507638503,4.812221430159465,-10.510275484016448,8.0508817623933,-111.00605510064375,7.521449174200998,34322.03830632347,0.01047794510725008,3190.4,-160632.67451057458,-416938.24802932993,248.87116187541577
3,97.0,0.997,0.298,-13.51,-6.37,-52035.62434992821,-134770.5997355426,40444.40548634521,-906.7385284394036,-2361.1973772676465,347.977652080308,1.6902483328528928,4.591535209548424,-10.47758261760999,7.833456632502515,-111.00760857778198,7.502610965793708,32747.353567998594,0.010047486962748882,3190.4,-160632.67451057458,-416938.24802932993,248.87116187541577
3,98.0,0.997,0.298,-13.51,-6.37,-52941.53011333388,-137129.53529048237,40787.1567483912,-905.0855002868045,-2356.707403395915,337.53294582338305,1.615146150113366,4.389439651211158,-10.42736130747946,7.615358390622118,-111.00911700424099,7.484554574718073,31289.92584152546,0.009646698660134786,3190.4,-160632.67451057458,-416938.24802932993,248.87116187541577
3,99.0,0.997,0.298,-13.51,-6.37,-53845.81920953035,-139484.07923161637,41119.48944650841,-903.504491034504,-2352.411915030235,327.1380532596473,1.5477284975761807,4.203947452043331,-10.36246107515641,7.396720387202752,-111.01057430712177,7.4672303285696,29939.90025598854,0.0092733649522252,3190.4,-160632.67451057458,-416938.24802932993,248.87116187541577
3,100.0,0.997,0.298,-13.51,-6.37,-54748.56112140704,-141834.41905405984,41441.449833386585,-901.990114163623,-2348.296735656245,316.7893811883861,1.4839455432845365,4.030503456062006,-10.315590527164005,7.177562374633059,-111.01198109582862,7.450592699024391,28688.413447349943,0.008925467719513205,3190.4,-160632.67451057458,-416938.24802932993,248.87116187541577
3,101.0,0.997,0.298,-13.51,-6.37,-55649.82022245877,-144180.72866171377,41753.08027074621,-900.5377676759854,-2344.3491259581656,306.4805510622082,1.4230196103819248,3.867952031453647,-10.289238499536117,6.957832130116732,-111.01334299244249,7.434599919124581,27527.48476423083,0.008601167854383553,3190.4,-160632.67451057458,-416938.24802932993,248.87116187541577
3,102.0,0.997,0.298,-13.51,-6.37,-56549.656188269386,-146523.16946802093,42054.41966416369,-899.1430417541708,-2340.557169631712,296.20739094553375,1.366210504630445,3.7168871334617233,-10.267666728593301,6.737519815931377,-111.01466306193429,7.419213584938925,26449.917003269868,0.008298787871231629,3190.4,-160632.67451057458,-416938.24802932993,248.87116187541577
3,103.0,0.997,0.298,-13.51,-6.37,-57448.124333231885,-148861.89134980214,42345.50408387481,-897.8016769332455,-2336.909710041656,285.96793193536024,1.3145745198101162,3.577533582960195,-10.237287665339172,6.5166590139433795,-111.01594141029553,7.404398326089583,25449.209380600503,0.008016796220880444,3190.4,-160632.67451057458,-416938.24802932993,248.87116187541577
3,104.0,0.997,0.298,-13.51,-6.37,-58345.275922324174,-151197.0335231388,42626.367282692925,-896.5096290583551,-2333.3963754391298,275.7614413306293,1.2677189028401485,3.4488445193408914,-10.198886858479394,6.2953055597811005,-111.01717633902523,7.390121517365106,24519.481749830065,0.00775379339485731,3190.4,-160632.67451057458,-416938.24802932993,248.87116187541577
3,105.0,0.997,0.298,-13.51,-6.37,-59241.15848937373,-153528.72536621982,42897.040794683686,-895.2632560175291,-2330.0076733785804,265.58633395553807,1.2246674787314924,3.3294472122126204,-10.159149086888148,6.073490332368443,-111.01836755188259,7.3763530225007115,23655.409320609815,0.0075084998792526335,3190.4,-160632.67451057458,-416938.24802932993,248.87116187541577
3,106.0,0.997,0.298,-13.51,-6.37,-60135.816129168255,-155857.08716536383,43157.553997893294,-894.0592686814316,-2326.7348802215006,255.44033863696055,1.184618166007248,3.2182506179780828,-10.123297506151124,5.851223419354471,-111.01951601979322,7.363064949474251,22852.1651781561,0.00727974537546558,3190.4,-160632.67451057458,-416938.24802932993,248.87116187541577
3,107.0,0.997,0.298,-13.51,-6.37,-61029.289754989666,-158182.23078405234,43407.93424018417,-892.8946455409276,-2323.5699226147945,245.3210946395769,1.1471718664083137,3.114560309675841,-10.092820831566637,5.628508153363525,-111.0206231304178,7.350231457383779,22105.369579924776,0.007066459064271855,3190.4,-160632.67451057458,-416938.24802932993,248.87116187541577
3,108.0,0.997,0.298,-13.51,-6.37,-61921.6173247383,-160504.26026380475,43648.207028722565,-891.7665695347337,-2320.5052844654697,235.2265187795906,1.1121830138445512,3.0179108714030534,-10.066938179477916,5.405349965703671,-111.02169009736313,7.337828550848171,21411.044797785133,0.006867660806178224,3190.4,-160632.67451057458,-416938.24802932993,248.87116187541577
3,109.0,0.997,0.298,-13.51,-6.37,-62812.83404188056,-162823.27236654327,43878.396238001005,-890.6724043714752,-2317.5339583243563,225.15483614281064,1.0795024073362374,2.9278639069582195,-10.045117661090465,5.181757480696703,-111.02271784824215,7.325833921688701,20765.57529250671,0.006682453218092538,3190.4,-160632.67451057458,-416938.24802932993,248.87116187541577
3,110.0,0.997,0.298,-13.51,-6.37,-63702.972550120474,-165139.35707868115,44098.52419586058,-889.6096767227748,-2314.6493972879316,215.10459067662418,1.0491755308992814,2.8441268837081086,-10.025004573183011,4.957743125497126,-111.0237070346876,7.3142267901953115,20165.67262370139,0.006510014642293566,3190.4,-160632.67451057458,-416938.24802932993,248.87116187541577
3,111.0,0.997,0.298,-13.51,-6.37,-64592.0630955447,-167452.59805695142,44308.61189804083,-888.5760738785225,-2311.8454862095814,205.07446165390022,1.021092494857542,2.766317658051566,-10.006001210503587,4.733319211449897,-111.02465821652468,7.302987766894878,19608.34403092812,0.0063495927177150266,3190.4,-160632.67451057458,-416938.24802932993,248.87116187541577
3,112.0,0.997,0.298,-13.51,-6.37,-65480.13368578038,-169763.07304476912,44508.67910018198,-887.5694238148812,-2309.1164990350794,195.06332289057264,0.995100148744638,2.694050170259081,-9.988148139103,4.5084995776823895,-111.02557178269059,7.292098726072663,19090.864789846957,0.0062004986828362715,3190.4,-160632.67451057458,-416938.24802932993,248.87116187541577
3,113.0,0.997,0.298,-13.51,-6.37,-66367.21023267883,-172070.8542477748,44698.744411752436,-886.5876964109545,-2306.4570731063172,185.0700836441533,0.9710503362785464,2.62697169482704,-9.971563905195465,4.2832961530185205,-111.02644818845138,7.281542695369392,18610.753625554837,0.006062102239600513,3190.4,-160632.67451057458,-416938.24802932993,248.87116187541577
3,114.0,0.997,0.298,-13.51,-6.37,-67253.31668288945,-174376.00867757792,44878.825386722565,-885.6289812233753,-2303.8621705473465,175.09379274125618,0.9488148249277917,2.5647651832605183,-9.956314255801432,4.057721582983096,-111.02728779411525,7.2713037507069584,18165.75078685204,0.005933826926085372,3190.4,-160632.67451057458,-416938.24802932993,248.87116187541577
3,115.0,0.997,0.298,-13.51,-6.37,-68138.47513476087,-176678.59846277977,45048.93862161725,-884.6914798061766,-2301.327051502563,165.13359169730268,0.9282629743465043,2.5071372885150285,-9.942632148111514,3.8317883422759578,-111.02809091952508,7.261366921623118,17753.798482303555,0.0058151459403695946,3190.4,-160632.67451057458,-416938.24802932993,248.87116187541577
3,116.0,0.997,0.298,-13.51,-6.37,-69022.70594712468,-178978.68113437155,45209.0998261793,-883.773493227564,-2298.847247369836,155.18874703664218,0.9092944692458321,2.453832117705492,-9.930549568935662,3.6055096614190045,-111.02885779483009,7.251718109057783,17373.023495770307,0.005705578395576811,3190.4,-160632.67451057458,-416938.24802932993,248.87116187541577
3,117.0,0.997,0.298,-13.51,-6.37,-69906.02783664125,-181276.30988394152,45359.32390210084,-882.8734173564043,-2296.4185368145945,145.2585812086312,0.891824736024153,2.4046218549477034,-9.920021320484436,3.3788980858360604,-111.02958865674887,7.242343998777408,17021.721588324748,0.005604685940710501,3190.4,-160632.67451057458,-416938.24802932993,248.87116187541577
3,118.0,0.997,0.298,-13.51,-6.37,-70788.45796785425,-183571.53379920174,45499.624996957835,-881.9897446468926,-2294.036929748177,135.34236237933564,0.8758241076659186,2.359320085743567,-9.910379229622624,3.1519630405039427,-111.03028392034216,7.233232001321576,16698.343703616392,0.005512069734883467,3190.4,-160632.67451057458,-416938.24802932993,248.87116187541577
3,119.0,0.997,0.298,-13.51,-6.37,-71670.0120316275,-185864.39807749278,45630.01660660239,-881.1210285535512,-2291.698633272247,125.43960523739366,0.8612175711645351,2.3177312555165526,-9.901651436417357,2.9247179692232903,-111.03094368897986,7.224370172288841,16401.483430613895,0.005427367695118512,3190.4,-160632.67451057458,-416938.24802932993,248.87116187541577
3,120.0,0.997,0.298,-13.51,-6.37,-72550.70432177288,-188154.94422155773,45750.51159519404,-880.2658975951742,-2289.400044875163,115.54985053535714,0.8479940583696803,2.2796953130185207,-9.89311964470552,2.6971753145681094,-111.03156811549985,7.215747166175746,16129.86608519063,0.005350252076997807,3190.4,-160632.67451057458,-416938.24802932993,248.87116187541577
3,121.0,0.997,0.298,-13.51,-6.37,-73430.54780308834,-190443.21021592463,45861.122229963825,-879.4230591011375,-2287.13773353179,105.67250941189175,0.8362334246532517,2.2450794813865413,-9.88284947580574,2.469342981128952,-111.03215764196733,7.207352169650333,15882.338821214335,0.005280427297671481,3190.4,-160632.67451057458,-416938.24802932993,248.87116187541577
3,122.0,0.997,0.298,-13.51,-6.37,-74309.55416668947,-192729.23068503145,45961.86029485689,-878.5912962235269,-2284.9084223799696,95.80678255360165,0.8259388453182924,2.2137308676994456,-9.869748579753551,2.2412225130574512,-111.03271308053414,7.199174851393883,15657.861713475371,0.005217627941660849,3190.4,-160632.67451057458,-416938.24802932993,248.87116187541577
3,123.0,0.997,0.298,-13.51,-6.37,-75187.7338846499,-195013.03703733446,46052.73714395689,-877.7694364798878,-2282.7089658756304,85.95198288073667,0.8170676027059004,2.1854911837206936,-9.853396537846582,2.012816706251013,-111.03323511867112,7.191205313998575,15455.499911387045,0.005161617019929796,3190.4,-160632.67451057458,-416938.24802932993,248.87116187541577
3,124.0,0.997,0.298,-13.51,-6.37,-76065.09625549012,-197294.6575951995,46133.76379412172,-876.9563713106135,-2280.5363402018875,76.10717534446053,0.8094173563754674,2.160203178039237,-9.835543431925982,1.7841212416517451,-111.0337248266271,7.183434050671612,15274.416593346115,0.0051121844017788355,3190.4,-160632.67451057458,-416938.24802932993,248.87116187541577
3,125.0,0.997,0.298,-13.51,-6.37,-76941.64944942592,-199574.11771203091,46204.95096589118,-876.1509979949053,-2278.387622795619,66.27190343645796,0.8026698023793535,2.1377342870829033,-9.819955189124135,1.5551417703857424,-111.0341825585472,7.1758519021632985,15113.866791830607,0.005069145461125524,3190.4,-160632.67451057458,-416938.24802932993,248.87116187541577
3,126.0,0.997,0.298,-13.51,-6.37,-77817.4005547007,-201851.43987696167,46266.30903064076,-875.3522102017932,-2276.259985619447,56.44633006819436,0.7966089748888094,2.11800729970101,-9.8095062840778,1.3258973293101557,-111.03460779805111,7.1684500115063585,14973.192077769845,0.005032339947291369,3190.4,-160632.67451057458,-416938.24802932993,248.87116187541577
3,127.0,0.997,0.298,-13.51,-6.37,-78692.35561567568,-204126.64380504945,46317.84798763408,-874.5589202381958,-2274.15069484047,46.630942237830745,0.7912291041099966,2.1009892854582253,-9.804413885457452,1.0964135056104924,-111.03499964471624,7.161219795094804,14851.815894645253,0.005001630993481392,3190.4,-160632.67451057458,-416938.24802932993,248.87116187541577
3,128.0,0.997,0.298,-13.51,-6.37,-79566.51966321346,-206399.74651626224,46359.57748698833,-873.7700891610299,-2272.0570996969172,36.826060607864285,0.7867252486778528,2.086644613808368,-9.80190491082703,0.8667109665003168,-111.03535756745681,7.154152904447634,14749.239360230566,0.004976904246002907,3190.4,-160632.67451057458,-416938.24802932993,248.87116187541577
3,129.0,0.997,0.298,-13.51,-6.37,-80439.89673551894,-208670.76240279328,46391.506925111884,-872.984748454992,-2269.976614469078,27.0314035145986,0.7833401169481866,2.074893182720737,-9.797982280890727,0.6367952003239852,-111.03568203492841,7.147241196536166,14665.037526045295,0.004958067092056001,3190.4,-160632.67451057458,-416938.24802932993,248.87116187541577
3,130.0,0.997,0.298,-13.51,-6.37,-81312.48989411902,-210939.70329021424,46413.64558991636,-872.2019542441055,-2267.9067035341286,17.24661061322291,0.7811595305966923,2.065634586179126,-9.790729600528149,0.40666882588632736,-111.03597363842202,7.14047669227092,14598.856014552963,0.004945047993534914,3190.4,-160632.67451057458,-416938.24802932993,248.87116187541577
3,131.0,0.997,0.298,-13.51,-6.37,-82184.30124612895,-213206.57848525778,46426.002629215545,-871.4208073875067,-2265.8448642097255,7.470887020536715,0.7802460780325247,2.058756619861295,-9.778285694226206,0.1763232042299328,-111.03623368001796,7.133851553385634,14550.40851569487,0.004937796053489912,3190.4,-160632.67451057458,-416938.24802932993,248.87116187541577
3,132.0,0.997,0.298,-13.51,-6.37,-83055.33195344088,-215471.39482057354,46428.58720195759,-870.6404162869336,-2263.788619507723,-2.29655529397129,0.7804411094541432,2.0542231606092414,-9.762376602560815,-0.054251166140125213,-111.03646341680981,7.12735804908366,14519.474366027864,0.004936280598076248,3190.4,-160632.67451057458,-416938.24802932993,248.87116187541577
3,133.0,0.997,0.298,-13.51,-6.37,-83925.58224852587,-217734.1566850469,46421.408456930505,-869.8598636732603,-2261.735522477462,-12.055971212564726,0.7814968041742714,2.052081169943081,-9.746699188991169,-0.28505219594346537,-111.03666329048242,7.120988526127903,14505.8968597009,0.0049404909793440725,3190.4,-160632.67451057458,-416938.24802932993,248.87116187541577
3,134.0,0.997,0.298,-13.51,-6.37,-84795.05144685836,-219994.86604494427,46404.475500149274,-869.0782139705344,-2259.6831555390568,-21.80716242358191,0.7831929811773647,2.052432399579635,-9.735059727907478,-0.516068036695365,-111.03683309158625,7.114735386610505,14509.582005505692,0.004950436501381593,3190.4,-160632.67451057458,-416938.24802932993,248.87116187541577
3,135.0,0.997,0.298,-13.51,-6.37,-85663.73795737079,-222253.5224568334,46377.797346925996,-868.2945095849931,-2257.629130237316,-31.549386958832145,0.7854696502168138,2.055364398074168,-9.729117939555588,-0.7472748910336958,-111.03697187629724,7.10859105425601,14530.497644826946,0.004966146471612201,3190.4,-160632.67451057458,-416938.24802932993,248.87116187541577
3,136.0,0.997,0.298,-13.51,-6.37,-86531.63928336355,-224510.12306849673,46341.38293768211,-867.5078004091893,-2255.5710680338775,-41.281879991505676,0.7884298845259592,2.060904307064571,-9.727854946160967,-0.978649308486008,-111.03707877909936,7.102547947927195,14568.672859678374,0.004987670331092677,3190.4,-160632.67451057458,-416938.24802932993,248.87116187541577
3,137.0,0.997,0.298,-13.51,-6.37,-87398.7520220477,-226764.66261274953,46295.241137567995,-866.7171555122118,-2253.50658321592,-51.004103352479866,0.792361492612127,2.0689196205369664,-9.726587415546545,-1.210174114197633,-111.03715341731042,7.096598462358343,14624.19780046343,0.0050150779115538495,3190.4,-160632.67451057458,-416938.24802932993,248.87116187541577
3,138.0,0.997,0.298,-13.51,-6.37,-88265.0718522582,-229017.13339954906,46239.38089442945,-865.921684997086,-2251.433242123174,-60.71634025495036,0.7975022780909795,2.079209806165333,-9.720584395967018,-1.4418525753513642,-111.03719672515132,7.090734938014504,14697.223549620974,0.00504845971659645,3190.4,-160632.67451057458,-416938.24802932993,248.87116187541577
3,139.0,0.997,0.298,-13.51,-6.37,-89130.5935223934,-231267.52529995833,46173.81136379075,-865.120508833434,-2249.34855448294,-70.41933596880027,0.8039164801088515,2.0916530682027568,-9.707812704601583,-1.6736999719508356,-111.03721034184423,7.084949623686494,14787.96235611505,0.0050879273402849,3190.4,-160632.67451057458,-416938.24802932993,248.87116187541577
3,140.0,0.997,0.298,-13.51,-6.37,-89995.31083836913,-233515.82572163487,46098.54199163083,-864.3127211012082,-2247.249990373383,-80.11371239102968,0.8114568135769509,2.106351746419169,-9.690549362961594,-1.9057297439272913,-111.0371956755442,7.0792346569185565,14896.688356549534,0.005133614031383697,3190.4,-160632.67451057458,-416938.24802932993,248.87116187541577
3,141.0,0.997,0.298,-13.51,-6.37,-90859.21665659526,-235762.0195709849,46013.582451291855,-863.4973676909914,-2245.1350041320406,-89.79947164309911,0.8199334610048024,2.1235373172193075,-9.672658829478562,-2.1379416852966107,-111.03715320184381,7.073582045696127,15023.738902526951,0.005185675471672172,3190.4,-160632.67451057458,-416938.24802932993,248.87116187541577
3,142.0,0.997,0.298,-13.51,-6.37,-91722.3028674668,-238006.0892026611,45918.942639476685,-862.6734501201488,-2243.001020547207,-99.47610446209075,0.8291743450030479,2.1435161233573776,-9.658375150827386,-2.370324506551976,-111.03708266221992,7.067983612316513,15169.515977230954,0.0052442906521549745,3190.4,-160632.67451057458,-416938.24802932993,248.87116187541577
3,143.0,0.997,0.298,-13.51,-6.37,-92584.56038050311,-240248.01435771585,45814.63258732423,-861.8399406722692,-2240.8454321589625,-109.14276702408159,0.8391969443290805,2.1664395192788826,-9.64850574306013,-2.6028600324562943,-111.03698342055546,7.062430996510795,15334.488375048375,0.00530966294256849,3190.4,-160632.67451057458,-416938.24802932993,248.87116187541577
3,144.0,0.997,0.298,-13.51,-6.37,-93445.97909643379,-242487.7721033079,45700.662568129774,-860.9957904733784,-2238.665568440976,-118.79858698585655,0.8500948124259309,2.1923840199531646,-9.642359020247179,-2.835530529979206,-111.03685490527133,7.0569156055101,15519.193674295231,0.005382021187317804,3190.4,-160632.67451057458,-416938.24802932993,248.87116187541577
3,145.0,0.997,0.298,-13.51,-6.37,-94306.54787819968,-244725.3367576752,45577.04313917349,-860.139940733286,-2236.4586630448066,-128.44301549634605,0.8620055250164451,2.221339052780492,-9.637940322894188,-3.068327175305668,-111.03669714125499,7.051428591378326,15724.240815885398,0.005461620995897709,3190.4,-160632.67451057458,-416938.24802932993,248.87116187541577
3,146.0,0.997,0.298,-13.51,-6.37,-95166.25451789389,-246960.67981196646,45443.785239865094,-859.2713067027559,-2234.2218552737527,-138.07560320891494,0.8750479837757031,2.25328665032261,-9.633431632879022,-3.3012447923972967,-111.03651038132918,7.045960821223778,15950.312933094672,0.0055487461606076914,3190.4,-160632.67451057458,-416938.24802932993,248.87116187541577
3,147.0,0.997,0.298,-13.51,-6.37,-96025.08570250814,-249193.76983295282,45300.900198793526,-858.3887718297867,-2231.9521751052084,-147.69597951744342,0.8893629874449013,2.2881176721287675,-9.626139845666733,-3.5342814427520866,-111.03629510514318,7.040502834006143,16198.17068798942,0.005643710307006391,3190.4,-160632.67451057458,-416938.24802932993,248.87116187541577
3,148.0,0.997,0.298,-13.51,-6.37,-96883.02697051485,-251424.57236811332,45148.39988466805,-857.4911919933563,-2229.6465071953016,-157.30415918885873,0.9049737530190566,2.325909195119223,-9.61585781364581,-3.7674458662640413,-111.03605242463237,7.035044812313295,16468.655815336133,0.0057468586359188095,3190.4,-160632.67451057458,-416938.24802932993,248.87116187541577
3,149.0,0.997,0.298,-13.51,-6.37,-97740.0626728752,-253653.04982661828,44986.2966816196,-856.5773597584408,-2227.301640860153,-166.89971646657563,0.9219102528036264,2.3667671198599765,-9.602625254703556,-4.000737793069481,-111.03578285517139,7.029576537323401,16762.695352806582,0.005858569980715754,3190.4,-160632.67451057458,-416938.24802932993,248.87116187541577
3,150.0,0.997,0.298,-13.51,-6.37,-98596.17592389099,-255879.1613533612,44814.603558143186,-855.6460165280488,-2224.9142353375078,-176.48215529212018,0.9401797158372892,2.410891635164699,-9.587326295540514,-4.234156878503863,-111.03548688443963,7.024087362724011,17081.306236902932,0.005979259019576448,3190.4,-160632.67451057458,-416938.24802932993,248.87116187541577
3,151.0,0.997,0.298,-13.51,-6.37,-99451.34855064575,-258102.86268724545,44633.334076865496,-854.6958543551912,-2222.4807856560456,-186.05109352758075,0.9598183152266649,2.4584422701681734,-9.57011975179221,-4.467707239898213,-111.03516530736373,7.0185661635919425,17425.600375920905,0.006109378762438629,3190.4,-160632.67451057458,-416938.24802932993,248.87116187541577
3,152.0,0.997,0.298,-13.51,-6.37,-100305.56103295206,-260324.10601881798,44442.502542066715,-853.7254870231361,-2219.9976748090885,-195.6055933348164,0.9807970656679449,2.5098461400752368,-9.553674554640324,-4.701381458004367,-111.03481812607669,7.013001296721289,17796.78999442321,0.006249423192186984,3190.4,-160632.67451057458,-416938.24802932993,248.87116187541577
3,153.0,0.997,0.298,-13.51,-6.37,-101158.79244788692,-262542.83980531065,44242.12388496417,-852.7334701131821,-2217.461101401495,-205.14480160196513,1.0032408607544305,2.565170007308238,-9.536744334194749,-4.935176075925205,-111.03444562306734,7.007380555233383,18196.194017103473,0.006399930369320535,3190.4,-160632.67451057458,-416938.24802932993,248.87116187541577
3,154.0,0.997,0.298,-13.51,-6.37,-102011.02039490634,-264759.00860703515,44032.21387261324,-851.7182932414506,-2214.8670687900226,-214.667878973091,1.0272207712395969,2.6246070902219,-9.519190518924109,-5.169090037549621,-111.03404828140523,7.001691119969979,18625.244321258295,0.006561485599928212,3190.4,-160632.67451057458,-416938.24802932993,248.87116187541577
3,155.0,0.997,0.298,-13.51,-6.37,-102862.22092442884,-266972.5528917491,43812.789172200595,-850.6783679970129,-2212.2113795768023,-224.17390583626513,1.0527953158412746,2.6884647000709974,-9.50177091199603,-5.403122569637503,-111.03362656102394,6.995919509764022,19085.492847878195,0.006734725025834173,3190.4,-160632.67451057458,-416938.24802932993,248.87116187541577
3,156.0,0.997,0.298,-13.51,-6.37,-103712.36845883564,-269183.4088186954,43583.86738551323,-849.612024475055,-2209.4896103476453,-233.66192928477838,1.0800500984662866,2.7570024149695787,-9.484560252648656,-5.63727447983546,-111.03318103919025,6.990051520987054,19578.61932982169,0.006920339589405465,3190.4,-160632.67451057458,-416938.24802932993,248.87116187541577
3,157.0,0.997,0.298,-13.51,-6.37,-104561.43570605037,-271391.5080115602,43345.4671426245,-848.5175047760047,-2206.697094196068,-243.1309630489411,1.1090849678861863,2.8304594532583796,-9.467275168161729,-5.871548330539117,-111.03271241563863,6.984072174731614,20106.439565122924,0.007119079334267087,3190.4,-160632.67451057458,-416938.24802932993,248.87116187541577
3,158.0,0.997,0.298,-13.51,-6.37,-105409.39356624174,-273596.7773150685,43097.6082140352,-847.3929511670842,-2203.8289169524814,-252.57984087376994,1.13999510295065,2.9091643389354527,-9.450216909820112,-6.105945081140847,-111.03222127751344,6.977965650286981,20670.91422577431,0.007331758102881436,3190.4,-160632.67451057458,-416938.24802932993,248.87116187541577
3,159.0,0.997,0.298,-13.51,-6.37,-106256.21103245199,-275799.1385185688,42840.31153330342,-846.2364065452613,-2200.879874089436,-262.00740833321794,1.1729403053130827,2.993132543142993,-9.43102748850632,-6.340468936314459,-111.03170848438187,6.971715223885387,21274.158597483274,0.0075592587619693,3190.4,-160632.67451057458,-416938.24802932993,248.87116187541577
3,160.0,0.997,0.298,-13.51,-6.37,-107101.85508068863,-277998.50808161934,42573.599393059594,-845.045797164903,-2197.844475502927,-271.4122975169739,1.2080518121950279,3.082520394002169,-9.408513795973112,-6.575122109694306,-111.03117473545122,6.965303193253789,21918.45252707059,0.0078025387708776355,3190.4,-160632.67451057458,-416938.24802932993,248.87116187541577
3,161.0,0.997,0.298,-13.51,-6.37,-107946.2905549069,-280194.7968183489,42297.495500085526,-843.8189274464925,-2194.716926374345,-280.79290951103957,1.245490188821921,3.1773262291042066,-9.380278030338655,-6.809904619306421,-111.03062061716992,6.958710806165562,22606.25145934232,0.008062636404798122,3190.4,-160632.67451057458,-416938.24802932993,248.87116187541577
3,162.0,0.997,0.298,-13.51,-6.37,-108789.48004080287,-282387.9095669459,42012.025121009865,-842.5534648852932,-2191.4911537946905,-290.1470562735818,1.2854341902747108,3.277494208122997,-9.343610677964842,-7.044805792096591,-111.03004602486193,6.951918179600353,23340.197939280224,0.008340677481784044,3190.4,-160632.67451057458,-416938.24802932993,248.87116187541577
3,163.0,0.997,0.298,-13.51,-6.37,-109631.38372975185,-284577.7448455771,41717.215300821415,-841.2469313699453,-2188.1607745283686,-299.4720521166166,1.3280077057079949,3.3835750032639544,-9.300096978782335,-7.279806706282717,-111.02945024146676,6.944904207267548,24123.13357073988,0.00863788264612543,3190.4,-160632.67451057458,-416938.24802932993,248.87116187541577
3,164.0,0.997,0.298,-13.51,-6.37,-110471.95927323587,-286764.1944807417,41413.09507289979,-839.89670456302,-2184.718967598427,-308.7654528125085,1.3732257117653541,3.497354275640686,-9.259401120840545,-7.5148985120938825,-111.02883308239085,6.937646474846212,24958.11175412628,0.008955575333163443,3190.4,-160632.67451057458,-416938.24802932993,248.87116187541577
3,165.0,0.997,0.298,-13.51,-6.37,-111311.16162938479,-288947.14318121737,41099.69549239709,-838.5000250544472,-2181.158223852271,-318.0264507576808,1.4210588764757983,3.621346103436438,-9.23477180608925,-7.75011704359317,-111.02819726531708,6.9301211613213916,25848.411571689547,0.009295190662943365,3190.4,-160632.67451057458,-416938.24802932993,248.87116187541577
3,166.0,0.997,0.298,-13.51,-6.37,-112148.94290050113,-291126.4680387279,40777.04942868178,-837.0539876538285,-2177.470256458098,-327.25600519504917,1.471705414780687,3.7557541151851104,-9.222469548603579,-7.985546734454156,-111.0275490222491,6.922302947223611,26797.55328541182,0.00965828545485008,3190.4,-160632.67451057458,-416938.24802932993,248.87116187541577
3,167.0,0.997,0.298,-13.51,-6.37,-112985.25215691235,-293302.03802981944,40445.19162422453,-835.5554715976157,-2173.6466693333396,-336.45211762221976,1.5256919546722205,3.896478544117182,-9.192166051798395,-8.221205228719423,-111.02689062654004,6.914164887536099,27809.313647139927,0.010046548917455399,3190.4,-160632.67451057458,-416938.24802932993,248.87116187541577
3,168.0,0.997,0.298,-13.51,-6.37,-113820.0352367069,-295473.71362244023,40104.15965187535,-834.001106952644,-2169.679341074434,-345.6076750078583,1.5834274329704625,4.041269576496619,-9.128121164867315,-8.45699005569978,-111.02621619131637,6.905678315442775,28887.73911845826,0.010461813242716549,3190.4,-160632.67451057458,-416938.24802932993,248.87116187541577
3,169.0,0.997,0.298,-13.51,-6.37,-114653.23453544693,-297641.3463411304,39753.99473280717,-832.3873071660344,-2165.5595592720833,-354.71598770684966,1.6448806265957523,4.197006034402478,-9.07021640286976,-8.692814756589295,-111.0255200138568,6.896812685770413,30037.15908588608,0.010906065216147625,3190.4,-160632.67451057458,-416938.24802932993,248.87116187541577
3,170.0,0.997,0.298,-13.51,-6.37,-115484.78879288124,-299804.7780307878,39394.740935398404,-830.7103462076523,-2161.2761072346943,-363.7816636974956,1.7098417989207304,4.371071719562024,-9.05677315057642,-8.928878517400793,-111.02481533938989,6.8875354663272725,31262.205323533293,0.011381460937670411,3190.4,-160632.67451057458,-416938.24802932993,248.87116187541577
3,171.0,0.997,0.298,-13.51,-6.37,-116314.63287563295,-301963.83991926705,39026.44361359613,-828.96626691188,-2156.8177143538674,-372.8048712603114,1.7789515326487908,4.549952707482224,-9.002741507024611,-9.165279329553147,-111.02411062838245,6.877812015326837,32567.835422419714,0.011890343173749554,3190.4,-160632.67451057458,-416938.24802932993,248.87116187541577
3,172.0,0.997,0.298,-13.51,-6.37,-117142.69751315103,-304118.3525182774,38649.15304551944,-827.1507432068687,-2152.1754385518193,-381.76843101193924,1.8528075452873758,4.735044649333564,-8.915214010799932,-9.401692865088558,-111.0233850797565,6.8676054310123185,33959.33689867299,0.0124352530732445,3190.4,-160632.67451057458,-416938.24802932993,248.87116187541577
3,173.0,0.997,0.298,-13.51,-6.37,-117968.90901925866,-306268.1249322126,38262.92461219564,-825.2592143283174,-2147.3356619319,-390.67775893647234,1.9311355876091116,4.946557737027756,-8.901789590524025,-9.638363306977453,-111.02265401369259,6.856876349316729,35442.341898944185,0.013018947404304267,3190.4,-160632.67451057458,-416938.24802932993,248.87116187541577
3,174.0,0.997,0.298,-13.51,-6.37,-118793.18903203038,-308412.9532099898,37867.81415873891,-823.2869202380904,-2142.284698518871,-399.533147041253,2.0142695486119124,5.158062530119116,-8.810827992008573,-9.875418276724082,-111.02192883112559,6.8455828657173,37022.863705724834,0.013644425105013758,3190.4,-160632.67451057458,-416938.24802932993,248.87116187541577
3,175.0,0.997,0.298,-13.51,-6.37,-119615.45421195852,-310552.62081668724,37463.88537345564,-821.2286742067071,-2137.0120836834362,-408.3131788844594,2.103140317137456,5.389727880945347,-8.749213768729442,-10.11245333022777,-111.02118213640287,6.833680327466668,38707.28158286051,0.014314937332797954,3190.4,-160632.67451057458,-416938.24802932993,248.87116187541577
3,176.0,0.997,0.298,-13.51,-6.37,-120435.61589503314,-312686.8968458251,37051.20491756611,-819.078980882818,-2131.498980745789,-417.03587585171846,2.1971854732475,5.637666919525241,-8.688072156053932,-10.350060260654896,-111.02045436243156,6.821121130939438,40502.37482388083,0.015034017870680344,3190.4,-160632.67451057458,-416938.24802932993,248.87116187541577
3,177.0,0.997,0.298,-13.51,-6.37,-121253.57979852658,-314815.53541657137,36629.844510096125,-816.8321149679616,-2125.7346568170624,-425.67158286116575,2.2976454979965055,5.896378373981725,-8.596186619146089,-10.587649009180755,-111.01970780756629,6.807854648349996,42415.327794686884,0.01580550497005421,3190.4,-160632.67451057458,-416938.24802932993,248.87116187541577
3,178.0,0.997,0.298,-13.51,-6.37,-122069.24561865162,-316938.2749328683,36199.88232560519,-814.4817594661463,-2119.697917155221,-434.23899693600634,2.4040208223960837,6.17562557132033,-8.515840198008231,-10.825855553790513,-111.01898508220101,6.793826902218201,44453.73097475595,0.016633565761579604,3190.4,-160632.67451057458,-416938.24802932993,248.87116187541577
3,179.0,0.997,0.298,-13.51,-6.37,-122882.50669946459,-319054.8367722705,35761.401877198645,-812.021487073723,-2113.376156503708,-442.7079327405697,2.5178348517448406,6.476103985137859,-8.44571541024357,-11.0640994013247,-111.01824869271225,6.778980539053503,46625.594578185664,0.01752272746100629,3190.4,-160632.67451057458,-416938.24802932993,248.87116187541577
3,180.0,0.997,0.298,-13.51,-6.37,-123693.24958425897,-321164.92421092413,35314.4924066981,-809.4442194135921,-2106.7467619550384,-451.091827906568,2.637864078069637,6.7817986308701865,-8.301605437782122,-11.302914888075904,-111.0175363666176,6.763254508659498,48939.347727934575,0.018477908523133583,3190.4,-160632.67451057458,-416938.24802932993,248.87116187541577
3,181.0,0.997,0.298,-13.51,-6.37,-124501.35366589479,-323268.2219528199,34859.25243732843,-806.742543662979,-2099.7919795478456,-459.37439145149574,2.766479165057537,7.1279253929523865,-8.24596644767338,-11.542101281583578,-111.01683395023493,6.746583961675641,51403.8158422193,0.019504445019857115,3190.4,-160632.67451057458,-416938.24802932993,248.87116187541577
3,182.0,0.997,0.298,-13.51,-6.37,-125306.69068655629,-325364.3938746904,34395.78505487225,-803.908764617388,-2092.4923257630285,-467.5417799975975,2.903072929626181,7.486004979058135,-8.137817779523887,-11.7815341911761,-111.01613620723315,6.728900088883256,54028.238142578506,0.02060813748730999,3190.4,-160632.67451057458,-416938.24802932993,248.87116187541577
3,183.0,0.997,0.298,-13.51,-6.37,-126109.12432048772,-327453.08272520313,33924.20277851603,-800.9344416982502,-2084.823244183054,-475.597315190361,3.0472332743223234,7.855258075681333,-7.969028658159735,-12.021545395895,-111.01546662905673,6.710129860538026,56822.22022332269,0.02179527967526779,3190.4,-160632.67451057458,-416938.24802932993,248.87116187541577
3,184.0,0.997,0.298,-13.51,-6.37,-126908.50972072012,-329533.908761813,33444.62754350634,-797.8107593947202,-2076.761729653636,-483.5305258432748,3.2007251851526517,8.25713035396377,-7.830491221820205,-12.262135086624232,-111.01482570424054,6.690195953646165,59795.7058234701,0.023072699907386408,3190.4,-160632.67451057458,-416938.24802932993,248.87116187541577
3,185.0,0.997,0.298,-13.51,-6.37,-127704.69300906023,-331606.4681027562,32957.18970845715,-794.528529068453,-2068.2843230010913,-491.32664102887026,3.36432914134847,8.691375941206946,-7.71317538075684,-12.503212297469666,-111.01420913523584,6.669016589193221,62958.94343601399,0.024447808393756286,3190.4,-160632.67451057458,-416938.24802932993,248.87116187541577
3,186.0,0.997,0.298,-13.51,-6.37,-128497.51078618583,-333670.3315734667,32462.029509955682,-791.0780088046713,-2059.3651463597926,-498.97516417629765,3.5381286144838575,9.152438509770246,-7.5853368337658615,-12.744816694192686,-111.01362166791502,6.646505410139951,66322.42354027156,0.02592864131995051,3190.4,-160632.67451057458,-416938.24802932993,248.87116187541577
3,187.0,0.997,0.298,-13.51,-6.37,-129286.78963553935,-335725.0434315101,31959.298066019943,-787.4489087082326,-2049.9765680275586,-506.4665716040312,3.7222704968500286,9.638480503002034,-7.432822930387828,-12.987036274202806,-111.0130711980069,6.622571390078483,69896.80157644498,0.027523908377192433,3190.4,-160632.67451057458,-416938.24802932993,248.87116187541577
3,188.0,0.997,0.298,-13.51,-6.37,-130072.34561815612,-337770.1200078877,31449.15809483828,-783.6304316154425,-2040.0897484747877,-513.7898613365719,3.917162251352588,10.150848503023475,-7.255459176807378,-13.22994534933255,-111.01256472331102,6.597118785401426,73692.80390104192,0.029243043531695535,3190.4,-160632.67451057458,-416938.24802932993,248.87116187541577
3,189.0,0.997,0.298,-13.51,-6.37,-130853.98376413892,-339805.0483203286,30931.784550677785,-779.6113029021082,-2029.6747966894313,-520.9319857082833,4.123177681738045,10.689802338409704,-7.048761823103902,-13.473590359021118,-111.01210759958933,6.570047141078769,77721.1131009943,0.03109625850084315,3190.4,-160632.67451057458,-416938.24802932993,248.87116187541577
3,190.0,0.997,0.298,-13.51,-6.37,-131631.497575349,-341829.2847545744,30407.365501479944,-775.3797869491694,-2018.7008176929432,-527.8778499682293,4.340839223241106,11.256526667945971,-6.81234015609005,-13.717990085267582,-111.01170347520825,6.54125134401423,81992.22672649354,0.03309459757878244,3190.4,-160632.67451057458,-416938.24802932993,248.87116187541577
3,191.0,0.997,0.298,-13.51,-6.37,-132404.6685462622,-343842.25381671666,29876.103154036948,-770.9236674282243,-2007.1356476879894,-534.611625452894,4.571732195669941,11.862567129853254,-6.586464934112853,-13.96317065782137,-111.01135630342158,6.510621739642775,86516.28681064451,0.03524999349043117,3190.4,-160632.67451057458,-416938.24802932993,248.87116187541577
3,192.0,0.997,0.298,-13.51,-6.37,-133173.2656978195,-345843.34685222624,29338.21451367631,-766.2301018108803,-1994.944207582261,-541.1233162673439,4.817457454128547,12.522278312280823,-6.419132167721263,-14.209342357480402,-111.01108255594642,6.478044337109809,91302.8826396943,0.03757532578703658,3190.4,-160632.67451057458,-416938.24802932993,248.87116187541577
3,193.0,0.997,0.298,-13.51,-6.37,-133937.04512746396,-347831.9206604163,28793.931348215894,-761.2858903966237,-1982.0903912593546,-547.4013920353017,5.07427663255902,13.200961997647264,-6.1708038881684715,-14.45670705113195,-111.01090015653851,6.443401120125759,96360.82953514496,0.04008448340917022,3190.4,-160632.67451057458,-416938.24802932993,248.87116187541577
3,194.0,0.997,0.298,-13.51,-6.37,-134695.74968006142,-349807.2968838082,28243.502664726744,-756.0780698125162,-1968.5427281849156,-553.4125374526565,5.343203835168586,13.897409684012295,-5.837591827288971,-14.704908165333384,-111.01078848835876,6.406570519692005,101697.88729921801,0.042792415957781105,3190.4,-160632.67451057458,-416938.24802932993,248.87116187541577
3,195.0,0.997,0.298,-13.51,-6.37,-135449.10862720764,-351768.7612405124,27687.195850061195,-750.5923819396826,-1954.2606518949412,-559.1540366871463,5.6305060268317355,14.672860209031068,-5.641229932723983,-14.954444638394722,-111.01078269594093,6.367427793571613,107320.4461794091,0.045715187933614,3190.4,-160632.67451057458,-416938.24802932993,248.87116187541577
3,196.0,0.997,0.298,-13.51,-6.37,-136196.83733532985,-353715.56195110036,27125.29418539021,-744.8153236610725,-1939.2097756530247,-564.5970821640911,5.926505733400235,15.438975148518734,-5.2562785970003745,-15.205137651010162,-111.0108774960823,6.325845918680216,113233.23374944965,0.048870050617602,3190.4,-160632.67451057458,-416938.24802932993,248.87116187541577
3,197.0,0.997,0.298,-13.51,-6.37,-136938.6372634164,-355646.91067395726,26558.102594120202,-738.7323906228229,-1923.3496055034295,-569.7335271948307,6.2404952026724185,16.278789647626994,-4.9814390660135786,-15.457403803635719,-111.01110259032258,6.281696243912529,119438.8692850273,0.052275466477682296,3190.4,-160632.67451057458,-416938.24802932993,248.87116187541577
3,198.0,0.997,0.298,-13.51,-6.37,-137674.1957943777,-357561.98115920473,25985.943907269204,-732.3302007022482,-1906.647231543602,-574.5274810156523,6.568224215085678,17.148179987034855,-4.65901627099359,-15.710919891982483,-111.01144209403647,6.234849701622416,125937.51583756515,0.05595117899953156,3190.4,-160632.67451057458,-416938.24802932993,248.87116187541577
3,199.0,0.997,0.298,-13.51,-6.37,-138403.18639652495,-359459.91014468437,25409.161920764185,-725.5944709911212,-1889.0620814492668,-578.9711496820075,6.90634531386314,18.03191839887159,-4.2386589779467805,-15.966168955562228,-111.01193388128502,6.1851778416959275,132726.4008920008,0.059918237855412254,3190.4,-160632.67451057458,-416938.24802932993,248.87116187541577
3,200.0,0.997,0.298,-13.51,-6.37,-139125.26889145968,-361339.79799253464,24828.121894332737,-718.511749226476,-1870.5586524683674,-583.0413694570212,7.258607554867403,18.959557072120713,-3.826831997232598,-16.223231608038894,-111.01258787579259,6.132554364276124,139799.35389082454,0.06419902730180324,3190.4,-160632.67451057458,-416938.24802932993,248.87116187541577
3,201.0,0.997,0.298,-13.51,-6.37,-139840.08985221025,-363200.7095677773,24243.21010901416,-711.0692035582247,-1851.1031616957878,-586.7135865266984,7.624675423077929,19.929072910953668,-3.421099583474266,-16.482166530282775,-111.01341382883406,6.076856720190732,147146.3386846163,0.0688172897170898,3190.4,-160632.67451057458,-416938.24802932993,248.87116187541577
3,202.0,0.997,0.298,-13.51,-6.37,-140547.2832519263,-365041.675998498,23654.834484633237,-703.2546953091521,-1830.6633141311834,-589.964772535619,8.002876532665812,20.931335182483966,-2.9977833215222143,-16.743089014093993,-111.01442580236116,6.017967947701839,154752.96732134133,0.0737981274208254,3190.4,-160632.67451057458,-416938.24802932993,248.87116187541577
3,203.0,0.997,0.298,-13.51,-6.37,-141246.47132680667,-366861.69693725754,23063.42464581208,-695.0568493807561,-1809.207971418684,-592.7766163141374,8.393121459593019,21.9722514668757,-2.5848544652338523,-17.00626199629591,-111.01564795930923,5.955778711469777,162600.03311383168,0.07916799042148169,3190.4,-160632.67451057458,-416938.24802932993,248.87116187541577
3,204.0,0.997,0.298,-13.51,-6.37,-141937.2656872833,-368659.743453496,22469.43168070938,-686.4656715138049,-1786.710113931711,-595.1281676940325,8.792859017815033,23.040376831773923,-2.1563781066213514,-17.271877451313404,-111.01710075496764,5.8901895732288105,170663.08137243614,0.08495464608108001,3190.4,-160632.67451057458,-416938.24802932993,248.87116187541577
3,205.0,0.997,0.298,-13.51,-6.37,-142619.26868622925,-370434.761601088,21873.327504197114,-677.4727065527425,-1763.1467390280127,-596.9989683643317,9.195093310309995,24.0964298713268,-1.6042674562167696,-17.540138566454264,-111.01880643808533,5.821113429517745,178912.0406889042,0.09118712912085014,3190.4,-160632.67451057458,-416938.24802932993,248.87116187541577
3,206.0,0.997,0.298,-13.51,-6.37,-143292.07512504782,-372185.67705499846,21275.604961694444,-668.0716755220144,-1738.5024562168194,-598.3608035509078,9.606700234568322,25.18741348906286,-1.095242439781145,-17.810997015568137,-111.02076793762318,5.748478097819795,187310.91650788207,0.0978956567627312,3190.4,-160632.67451057458,-416938.24802932993,248.87116187541577
3,207.0,0.997,0.298,-13.51,-6.37,-143955.27416813892,-373911.39997825277,20676.775678385977,-658.2573292587944,-1712.7599968205961,-599.2096656734662,10.021190378189164,26.291234544527835,-0.5773175364378984,-18.08512147308027,-111.02304043562268,5.672228918957126,195817.63103512896,0.10511153788368519,3190.4,-160632.67451057458,-416938.24802932993,248.87116187541577
3,208.0,0.997,0.298,-13.51,-6.37,-144608.45163209326,-375610.831120403,20077.3691717611,-648.0283417156447,-1685.9182735748077,-599.5131533079366,10.438812451382015,27.40578654746553,-0.06793620361391116,-18.36227167396113,-111.02561570226219,5.5923316501704425,204383.98825257964,0.11286703823507178,3190.4,-160632.67451057458,-416938.24802932993,248.87116187541577
3,209.0,0.997,0.298,-13.51,-6.37,-145251.192531206,-377282.86851700465,19477.930690242174,-637.3847043134583,-1657.9742329011804,-599.2685404233919,10.847052617808641,28.474156540846312,0.5779592664562772,-18.64308550720733,-111.02854862149505,5.50877497846473,212955.8057205518,0.12119522701963849,3190.4,-160632.67451057458,-416938.24802932993,248.87116187541577
3,210.0,0.997,0.298,-13.51,-6.37,-145883.08399808718,-378926.4153509321,18879.019930710292,-626.3301656420438,-1628.938160030578,-598.4592756115003,11.255730780658094,29.565006620576572,1.1298566202823939,-18.927711438168792,-111.03185719937069,5.421573272006349,221473.23568182404,0.1301297768184455,3190.4,-160632.67451057458,-416938.24802932993,248.87116187541577
3,211.0,0.997,0.298,-13.51,-6.37,-146503.7183348549,-380540.38777869765,18281.207105602756,-614.8717614827394,-1598.828486607344,-597.0731029163512,11.65524971035951,30.62828475738904,1.7058217176151136,-19.216357021427946,-111.03556699520982,5.330768929809415,229871.34724987563,0.1397047662727484,3190.4,-160632.67451057458,-416938.24802932993,248.87116187541577
3,212.0,0.997,0.298,-13.51,-6.37,-147112.69643954342,-382123.7241687482,17685.070804313003,-603.019726324415,-1567.6714276654607,-595.1051185210381,12.042185116713455,31.656699733121826,2.2958713252162255,-19.509383897378616,-111.03971349167453,5.236434442569813,238080.88706027466,0.1499544257171547,3190.4,-160632.67451057458,-416938.24802932993,248.87116187541577
3,213.0,0.997,0.298,-13.51,-6.37,-147709.63134753186,-383675.39443090645,17091.194355845622,-590.7880991737516,-1535.5036718792617,-592.551633012919,12.412927807281164,32.642120087025596,2.891312741719628,-19.807095321296593,-111.04432919005527,5.138674134824588,246029.31121554546,0.16091287413873975,3190.4,-160632.67451057458,-416938.24802932993,248.87116187541577
3,214.0,0.997,0.298,-13.51,-6.37,-148294.15195112128,-385194.4098835942,16500.162220929098,-578.1945166653843,-1502.3711173304412,-589.4149431680955,12.768444771256688,33.600875105408385,3.4163616566109956,-20.1098867845172,-111.04945255806594,5.037625319418882,253642.02875616634,0.17261383024848326,3190.4,-160632.67451057458,-416938.24802932993,248.87116187541577
3,215.0,0.997,0.298,-13.51,-6.37,-148865.9067556417,-386679.8331612021,15912.555593256404,-565.2603522020339,-1468.329315821647,-585.7024870134935,13.097806591711475,34.48384689911789,3.9743973908362564,-20.41821393724914,-111.0551275561556,4.9334588704585745,260843.86664351835,0.18509031862992847,3190.4,-160632.67451057458,-416938.24802932993,248.87116187541577
3,216.0,0.997,0.298,-13.51,-6.37,-149424.56767423876,-388130.7883366357,15328.948432432757,-552.0112325608719,-1433.4465862796,-581.418545079728,13.394430958529416,35.26281224410468,4.606838838151032,-20.732280560867625,-111.06138042563117,4.8263791633716275,267560.68901433947,0.19837435533320646,3190.4,-160632.67451057458,-416938.24802932993,248.87116187541577
3,217.0,0.997,0.298,-13.51,-6.37,-149969.83374800015,-389546.47088943975,14749.903403922468,-538.4757942311821,-1397.7976736906287,-576.5804764287114,13.671582682558665,36.02350817174377,5.060010330161555,-21.052621266290036,-111.0682599718634,4.716623099536424,273721.11075262993,0.21249662853330287,3190.4,-160632.67451057458,-416938.24802932993,248.87116187541577
3,218.0,0.997,0.298,-13.51,-6.37,-150501.43456032008,-390926.1565007505,14175.965973957163,-524.6864466420216,-1361.4680788083324,-571.2055676461476,13.903880564577442,36.633561950319105,5.6508828295108575,-21.379623522766906,-111.07580707264245,4.604458570993826,279258.34315970144,0.22748623083795055,3190.4,-160632.67451057458,-416938.24802932993,248.87116187541577
3,219.0,0.997,0.298,-13.51,-6.37,-151019.13361133062,-392269.21039864805,13607.661669091736,-510.67828283292437,-1324.54973540717,-565.3201390479735,14.105120094139393,37.18178978411431,6.1272434189804805,-21.713875665521336,-111.08407488422347,4.490181870687865,284111.8854964861,0.24337033262387148,3190.4,-160632.67451057458,-416938.24802932993,248.87116187541577
3,220.0,0.997,0.298,-13.51,-6.37,-151522.73113014284,-393575.0946160295,13045.490543981507,-496.48992676388144,-1287.146090170426,-558.9439261683552,14.268904234923202,37.62994994881929,6.565402764454527,-22.055550137144284,-111.09308704563828,4.374114629333152,288229.2397708628,0.26017395179562364,3190.4,-160632.67451057458,-416938.24802932993,248.87116187541577
3,221.0,0.997,0.298,-13.51,-6.37,-152012.06522741236,-394843.3711669606,12489.923840073672,-482.1611595249733,-1249.3606237716021,-552.1152746612809,14.383429020901366,37.92842937428868,7.070227816904764,-22.405428903978713,-111.1029145383998,4.256599593249478,291567.31895894994,0.2779197065146124,3190.4,-160632.67451057458,-416938.24802932993,248.87116187541577
3,222.0,0.997,0.298,-13.51,-6.37,-152487.0191449268,-396073.7213275084,11941.398015035675,-467.73402771257605,-1211.3049387213948,-544.867537539502,14.4590821067274,38.13574004677924,7.485571922968093,-22.763965721231457,-111.11359959926969,4.137996744831829,294093.822693619,0.2966277042389199,3190.4,-160632.67451057458,-416938.24802932993,248.87116187541577
3,223.0,0.997,0.298,-13.51,-6.37,-152947.51471953586,-397265.9283775717,11400.314584983698,-453.25168792361995,-1173.0934046234224,-537.2374031944406,14.492733284075056,38.23542345469991,7.844214855708508,-23.131634761662088,-111.12518892766825,4.018677468518337,295787.90699461725,0.3163153064832522,3190.4,-160632.67451057458,-416938.24802932993,248.87116187541577
3,224.0,0.997,0.298,-13.51,-6.37,-153393.5190441512,-398419.8953397056,10867.034412320636,-438.764739410055,-1134.8597518696286,-529.2755058528224,14.43006794382899,38.08933938494669,8.044252504250059,-23.509035283617084,-111.13772985998143,3.899084891474738,296650.7877178967,0.336997145101552,3190.4,-160632.67451057458,-416938.24802932993,248.87116187541577
3,225.0,0.997,0.298,-13.51,-6.37,-153825.11259504515,-399535.8262150097,10341.79054938228,-424.4660596708498,-1097.1160146219668,-521.2115718495138,14.171797405044034,37.42625451290774,8.001347634888958,-23.896673289393178,-111.15108493386644,3.7809608700885065,296903.96641574404,0.35868873002274076,3190.4,-160632.67451057458,-416938.24802932993,248.87116187541577
3,226.0,0.997,0.298,-13.51,-6.37,-154242.54122719448,-400614.36332165997,9824.612073462915,-410.437215311861,-1060.0781762536026,-513.149162783467,13.88709565203113,36.661073160269225,8.079776607945135,-24.29506420322341,-111.1652256746628,3.665047025945996,296651.29085041507,0.3814110202437653,3190.4,-160632.67451057458,-416938.24802932993,248.87116187541577
3,227.0,0.997,0.298,-13.51,-6.37,-154646.08176993713,-401656.2311834964,9315.487453222651,-396.69218736471913,-1023.7840697879161,-505.10534050833155,13.596649525002997,35.89908518870393,8.05400859842256,-24.70447333094045,-111.18017489391295,3.551469971216764,295912.6491961944,0.40518497606242043,3190.4,-160632.67451057458,-416938.24802932993,248.87116187541577
3,228.0,0.997,0.298,-13.51,-6.37,-155036.02416113415,-402662.18954992405,8814.387394175224,-383.24290417318355,-988.2647256231031,-497.1020781730196,13.301506319913061,35.14171875255314,7.935623990922651,-25.12546272697397,-111.1959824182131,3.4403432453051064,294711.43275038316,0.4300307703155526,3190.4,-160632.67451057458,-416938.24802932993,248.87116187541577
3,229.0,0.997,0.298,-13.51,-6.37,-155412.6697555668,-403633.0285699773,8321.264296373669,-370.10016299780324,-953.5494235339487,-489.1549261544713,12.984273291006092,34.29429375759873,7.9355508607353205,-25.558315105083008,-111.21267579373121,3.3317670419499104,293074.1037973143,0.4559679188205591,3190.4,-160632.67451057458,-416938.24802932993,248.87116187541577
3,230.0,0.997,0.298,-13.51,-6.37,-155776.3297870993,-404569.56497061194,7836.054335529907,-357.2732081170549,-919.6634570012938,-481.2778441232571,12.667700040654603,33.47016445208537,7.824898307680287,-26.003266696782497,-111.23027982959394,3.225827901426572,291029.6133250183,0.48301530458489533,3190.4,-160632.67451057458,-416938.24802932993,248.87116187541577
3,231.0,0.997,0.298,-13.51,-6.37,-156127.32366399467,-405472.6373172016,7358.677546845906,-344.7689445836408,-886.6242377804643,-473.4910325848594,12.342716491538486,32.61951968500011,7.718493688340373,-26.460975433553326,-111.24885685273424,3.1225986173210676,288608.8858626788,0.5111913184674892,3190.4,-160632.67451057458,-416938.24802932993,248.87116187541577
3,232.0,0.997,0.298,-13.51,-6.37,-156465.97623581009,-406343.0989057221,6889.040341136616,-332.5936961330977,-854.4499035919238,-465.8035725017456,12.009563781149467,31.73939223676347,7.630366661107464,-26.931515167491018,-111.26842136029691,3.0221388320531157,285844.3241533468,0.5405138766578729,3190.4,-160632.67451057458,-416938.24802932993,248.87116187541577
3,233.0,0.997,0.298,-13.51,-6.37,-156792.62095734803,-407181.82613808627,6427.033827030101,-320.75153433925027,-823.1509607126859,-458.2298982973818,11.671926061426678,30.84789565580803,7.533242240986255,-27.41534438905507,-111.28902587461869,2.924494125679543,282769.1673628189,0.571000704130781,3190.4,-160632.67451057458,-416938.24802932993,248.87116187541577
3,234.0,0.997,0.298,-13.51,-6.37,-157107.5903454353,-407989.6932639507,5972.5400642874,-309.2452204021017,-792.735784765667,-450.78046668434223,11.339629998708627,29.9779480683664,7.371946533899177,-27.912736334988743,-111.31069330051228,2.8296983344893687,279417.19000183756,0.6026691207820752,3190.4,-160632.67451057458,-416938.24802932993,248.87116187541577
3,235.0,0.997,0.298,-13.51,-6.37,-157411.22293377118,-408767.5907249665,5525.42795102003,-298.07624452284,-763.207122031713,-443.46703826708296,10.996763967883188,29.07555891965446,7.260620894066427,-28.4241326593396,-111.33350238234986,2.737772181130492,275822.0700666489,0.635536500889658,3190.4,-160632.67451057458,-416938.24802932993,248.87116187541577
3,236.0,0.997,0.298,-13.51,-6.37,-157703.85338814143,-409516.3989963528,5085.560342137856,-287.2447523830214,-734.5672754497296,-436.2955879236186,10.66340161348766,28.193194931559994,7.10299229592849,-28.949637771333137,-111.35745683839198,2.648725987558405,272017.19700609776,0.6696199643888636,3190.4,-160632.67451057458,-416938.24802932993,248.87116187541577
3,237.0,0.997,0.298,-13.51,-6.37,-157985.81837580103,-410237.0042557207,4652.790451491227,-276.7494899688512,-706.8127188438106,-429.27493302157484,10.329359224844497,27.317371548890165,6.936901173011405,-29.489623569153355,-111.38261415640795,2.5625585801612587,268035.12017901026,0.7049368211255349,3190.4,-160632.67451057458,-416938.24802932993,248.87116187541577
3,238.0,0.997,0.298,-13.51,-6.37,-158257.45498951207,-410930.294112296,4226.963262317057,-266.5882834491978,-679.9372942240822,-422.41152945781363,9.995603100736153,26.440345465190678,6.780667390953754,-30.04437199832297,-111.40904064443635,2.47925833851866,263907.2788666673,0.7415046879044569,3190.4,-160632.67451057458,-416938.24802932993,248.87116187541577
3,239.0,0.997,0.298,-13.51,-6.37,-158519.102140697,-411597.16116342065,3807.915827773397,-256.75765707080956,-653.9328518008462,-415.70893661880496,9.666567543554958,25.572192516453967,6.620673031820133,-30.614019453907797,-111.43676493405292,2.398803411762431,259663.63483732886,0.7793416989369972,3190.4,-160632.67451057458,-416938.24802932993,248.87116187541577
3,240.0,0.997,0.298,-13.51,-6.37,-158771.09307699103,-412238.48329076165,3395.483206040306,-247.2534223508303,-628.7883663004808,-409.17136251049857,9.342374860902773,24.71797240185025,6.454241922451355,-31.198785435848414,-111.46584411601219,2.32116534706161,255332.91365259545,0.8184661863726195,3190.4,-160632.67451057458,-416938.24802932993,248.87116187541577
3,241.0,0.997,0.298,-13.51,-6.37,-159013.73225045155,-412855.06273981987,2989.5089630725056,-238.0708438834731,-604.4915548018164,-402.8012617907708,9.023595024364148,23.877758076494803,6.285693309937557,-31.798779856532594,-111.49633120881724,2.246309553156855,250942.12103981644,0.8588957499761836,3190.4,-160632.67451057458,-416938.24802932993,248.87116187541577
3,242.0,0.997,0.298,-13.51,-6.37,-159247.34092720348,-413447.746249146,2589.8236257716458,-229.20417889447728,-581.0274781672127,-396.6002567054467,8.710872318019181,23.053316387332085,6.116018330385274,-32.414113932670176,-111.52828190520661,2.1741929511897373,246516.42445769234,0.9006494551505914,3190.4,-160632.67451057458,-416938.24802932993,248.87116187541577
3,243.0,0.997,0.298,-13.51,-6.37,-159472.2405220932,-414017.38113640837,2196.2532484847115,-220.64696529596085,-558.3792837200166,-390.56905281825294,8.404775862094723,22.246142664648414,5.946129446160523,-33.044873612933486,-111.56175494153807,2.104765901143528,242079.06064537063,0.9437473050769192,3190.4,-160632.67451057458,-416938.24802932993,248.87116187541577
3,244.0,0.997,0.298,-13.51,-6.37,-159688.73513084088,-414564.7692448074,1808.6291201896315,-212.39238445521715,-536.5291520188114,-384.7073882256254,8.105729631547497,21.4574421844954,5.776972055597596,-33.69107751275291,-111.59681178592645,2.0379746357598565,237651.41742768933,0.9882093467855557,3190.4,-160632.67451057458,-416938.24802932993,248.87116187541577
3,245.0,0.997,0.298,-13.51,-6.37,-159897.12347168938,-415090.69838997023,1426.7823389764603,-204.43316083552588,-515.4580549699419,-379.0142593874611,7.813876812929839,20.68792222500076,5.609867113826229,-34.35270397498168,-111.63351669893487,1.9737609500781135,233252.98384483278,1.0340563376898075,3190.4,-160632.67451057458,-416938.24802932993,248.87116187541577
3,246.0,0.997,0.298,-13.51,-6.37,-160097.69712908025,-415595.93773157,1050.545140550279,-196.76169333524973,-495.1460187960915,-373.48773656116765,7.53009352626894,19.939191442129978,5.444138410983558,-35.02966818202119,-111.67194005470753,1.912062609365704,228901.28373088475,1.0813097226695096,3190.4,-160632.67451057458,-416938.24802932993,248.87116187541577
3,247.0,0.997,0.298,-13.51,-6.37,-160290.73989522515,-416081.2359474837,679.7520528648106,-189.3700485427546,-475.5723083130529,-368.12557692918426,7.254519788337692,19.211731463238365,5.280686822383613,-35.72186074969962,-111.71215128584421,1.8528147737888652,224612.08870421755,1.129991596971331,3190.4,-160632.67451057458,-416938.24802932993,248.87116187541577
3,248.0,0.997,0.298,-13.51,-6.37,-160476.5276331762,-416547.3209598786,314.24015652117396,-182.25016035566625,-456.715771190639,-362.92485361171435,6.986719923441343,18.505159456467286,5.121411758468401,-36.42910520832455,-111.75422539698731,1.7959503330361253,220399.4307272485,1.1801247583739134,3190.4,-160632.67451057458,-416938.24802932993,248.87116187541577
3,248.87,0.997,0.298,-13.51,-6.37,-160632.67451057458,-416938.24802932993,1.106898651337141e-06,-176.26268091019182,-440.8563183022783,-358.52279480899585,6.760323711241645,17.90754659371647,4.985310701674383,-37.05730113779491,-111.79246304966375,1.7483002333865434,216801.37000713314,1.224999999838961,3190.4,-160632.67451057458,-416938.24802932993,248.87116187541577
4,1.0,1.002,0.295,13.31,-8.15,-3.2880037105339364,-0.5573231123779655,9.647549288122558,-6.6174811382077765,-1.1228629668264245,19.333590821589933,-9.530507327206378,-1.750765590844041,18.478041162265228,70.85445372128133,-170.36970150175634,0.06013979247748424,256.2454905846269,1.2235972114192692,15057.65,-107734.17157634777,12605.237029838705,117.05203240686711
4,2.0,1.002,0.295,13.31,-8.15,-14.681608450134688,-2.5309876750581637,38.27570351277843,-16.26009055715697,-2.773949801638679,37.94962241266471,-10.034361054326427,-1.4276921824186477,18.661173222001786,66.50755953098074,-170.31862025669534,0.12159698396058409,1044.0021136458624,1.2194440229478496,14885.88,-107734.17157634777,12605.237029838705,117.05203240686711
4,3.0,1.002,0.295,13.31,-8.15,-36.2578942626273,-5.850816007295481,85.50578218826702,-27.278904380245915,-3.6539909670780384,56.41850461419254,-12.362120649858973,-0.15700861195715166,18.092797486113795,63.995569899500445,-172.37068190932064,0.18446577779829554,2389.193422024525,1.2126229769519894,14714.12,-107734.17157634777,12605.237029838705,117.05203240686711
4,4.0,1.002,0.295,13.31,-8.15,-70.37904975692311,-9.249695525271537,150.69480555440555,-41.703994192283346,-2.782068278489314,73.60180900437202,-16.77875754782036,1.9941189717765917,15.937140713032635,60.40880394642077,-176.18346041863003,0.2487262247244703,4310.230267988977,1.2032709000087523,14542.35,-107734.17157634777,12605.237029838705,117.05203240686711
4,5.0,1.002,0.295,13.31,-8.15,-121.32950529628658,-10.669613981056965,231.6658331078051,-61.02914834608521,0.26867163235309305,87.69389317923616,-21.71332868572714,3.9166448724670797,12.118879600180483,55.16437561586349,179.74776559103418,0.3139591307098217,6801.851629197046,1.1917550911582082,14370.59,-107734.17157634777,12605.237029838705,117.05203240686711
4,6.0,1.002,0.295,13.31,-8.15,-193.7857250696425,-8.34230790154849,324.877212147707,-84.31112797065688,4.38459767315111,98.32996326161941,-24.255057691006073,3.907892833756009,9.79340027620598,49.3509615503666,177.0230165450225,0.3808428459864537,9898.394994003585,1.1786348383203054,14198.82,-107734.17157634777,12605.237029838705,117.05203240686711
4,7.0,1.002,0.295,13.31,-8.15,-290.17978230886496,-2.264362591960457,428.27101051349365,-108.30001276876767,7.479723219786425,108.77563261979184,-23.263002466517776,2.2297812970154167,11.59411216600687,45.057374620747595,176.04914988593478,0.4515961250470498,13748.035656262186,1.1642502336362512,14027.06,-107734.17157634777,12605.237029838705,117.05203240686711
4,8.0,1.002,0.295,13.31,-8.15,-409.874098746422,6.202977414492648,543.175326634598,-131.00428810636222,9.464560749454717,121.18505794264976,-22.860761966442194,2.3011370644914355,12.40269960182798,42.69592457121847,175.86777761619774,0.525156376933496,18339.643235493262,1.1484701015404606,13855.29,-107734.17157634777,12605.237029838705,117.05203240686711
4,9.0,1.002,0.295,13.31,-8.15,-552.8205525300687,17.149112390013535,669.9999281403157,-155.4732379920201,12.736044910428516,131.77511227384858,-26.174044627662102,4.0176510818187285,8.514654747072413,40.189272350447546,175.3169053767818,0.6000672246199966,23586.957982806463,1.1313011222784293,13683.53,-107734.17157634777,12605.237029838705,117.05203240686711
4,10.0,1.002,0.295,13.31,-8.15,-721.5867974434558,31.792177450369824,805.8297652777838,-182.03373427727638,16.32080481516286,140.03071827618774,-26.10776569994749,2.7877893029826226,9.234006618399624,37.45874418135728,174.87666616868714,0.6765845527318516,29505.99882194623,1.1131976018017566,13511.76,-107734.17157634777,12605.237029838705,117.05203240686711
4,11.0,1.002,0.295,13.31,-8.15,-916.5179849405338,49.45078783678904,950.7626188158497,-207.91798989145454,19.135359823533765,149.7509668195713,-26.671989410412937,3.5242761837468812,8.682128585359528,35.648451220225276,174.74169829695222,0.7550582039452256,36120.31643120865,1.0942001813283944,13340.0,-107734.17157634777,12605.237029838705,117.05203240686711
4,12.0,1.002,0.295,13.31,-8.15,-1138.2009561804916,70.5020732871548,1104.2369146043322,-235.655080172099,22.911498697266886,156.95133211082478,-27.84209146318358,3.2724824419908836,7.341396565858553,33.54022796956513,174.44688731271444,0.8347438373784619,43349.20028677434,1.0744364776753714,13168.23,-107734.17157634777,12605.237029838705,117.05203240686711
4,13.0,1.002,0.295,13.31,-8.15,-1387.6157647351781,94.94913549751016,1265.1954142793263,-263.2362319077706,26.088337713364815,164.90558459895837,-28.24613884755766,3.774588590671955,6.93255837734517,31.93944168803092,174.34011632848996,0.9160077794742536,51211.9020269273,1.0540923933042803,12996.47,-107734.17157634777,12605.237029838705,117.05203240686711
4,14.0,1.002,0.295,13.31,-8.15,-1665.2353317947297,122.9571748520884,1433.1731137775907,-292.0318515559732,29.78795371368737,171.0923311400088,-28.54560666709087,3.1872088708564736,6.922436554035131,30.23553451972492,174.1758356173998,0.9984376095844628,59641.74446851265,1.03327178734225,12824.7,-107734.17157634777,12605.237029838705,117.05203240686711
4,15.0,1.002,0.295,13.31,-8.15,-1971.630546160537,154.46167200918404,1607.5939261987187,-321.00735924576026,33.39469365830804,177.31340050796308,-29.70300649581056,3.9030490140285514,4.978940961287656,28.784420175233638,174.0608307915839,1.082105121739696,68620.03616695963,1.0120876720314425,12652.94,-107734.17157634777,12605.237029838705,117.05203240686711
4,16.0,1.002,0.295,13.31,-8.15,-2307.412979590666,189.6515574667653,1787.6376961361698,-350.5251051141776,36.95840052214352,182.8979417831485,-29.73645200612751,3.7942398288089545,5.265528364780166,27.42508500433367,173.9811292138527,1.166900521651838,78107.59085970306,0.9906760689589608,12481.17,-107734.17157634777,12605.237029838705,117.05203240686711
4,17.0,1.002,0.295,13.31,-8.15,-2672.980038912848,228.5395588996842,1972.8643208120993,-380.6388041296788,40.73498590530506,187.57048881879223,-30.04599372678632,3.5331325265468516,5.037123514793982,26.103945582648713,173.89160151266873,1.2527052186439716,88058.15042750243,0.9691207300228125,12309.41,-107734.17157634777,12605.237029838705,117.05203240686711
4,18.0,1.002,0.295,13.31,-8.15,-3068.768805920051,271.15246062260275,2162.7070111751514,-411.08471340000546,44.55225003916376,191.8360706300129,-30.72397413665618,3.7831104427262177,3.827564917746553,24.888544512902694,173.8145801378876,1.3394804894099084,98435.71266834137,0.9475148017234195,12137.65,-107734.17157634777,12605.237029838705,117.05203240686711
4,19.0,1.002,0.295,13.31,-8.15,-3495.2031603091737,317.5679361938632,2356.540128222778,-441.85747828736737,48.337630966048216,195.69417984276234,-31.105084006882322,3.98249335363548,3.1819583160750384,23.762128172947623,173.75687228688628,1.4271680448881752,109202.46190963629,0.9259516305797523,11965.88,-107734.17157634777,12605.237029838705,117.05203240686711
4,20.0,1.002,0.295,13.31,-8.15,-3952.6342499369225,367.83672004348693,2553.839369073226,-473.0132764044605,52.17595477389037,198.935983270166,-31.283851978832875,3.913700183542759,3.0444216990983937,22.686691785795386,173.70540882784547,1.5156922963785424,120317.2255348007,0.9045067654806462,11794.12,-107734.17157634777,12605.237029838705,117.05203240686711
4,21.0,1.002,0.295,13.31,-8.15,-4441.377719614081,421.98665237155666,2754.117728199815,-504.5057164254734,56.09114681667623,201.59381097335353,-31.542790408116677,3.8422755357151863,2.680982043237326,21.659995301187895,173.65588679750627,1.6049948035951886,131741.572374881,0.8832459988600639,11622.35,-107734.17157634777,12605.237029838705,117.05203240686711
4,22.0,1.002,0.295,13.31,-8.15,-4961.733474879801,480.050430770736,2956.871983137333,-536.269830954756,60.04488715926979,203.78370205555217,-31.874989360871318,3.89607711080768,2.03467895585836,20.68865964908412,173.61133372615515,1.6950266739144317,143440.1762420898,0.8622313985440434,11450.59,-107734.17157634777,12605.237029838705,117.05203240686711
4,23.0,1.002,0.295,13.31,-8.15,-5513.977363961564,542.0654392131391,3161.602661774619,-568.2784023800241,64.01467746523323,205.5369597157629,-32.16804149867305,3.992298948075798,1.4098739795710322,19.76896625395225,173.57291408450808,1.7857394729883582,155379.652882667,0.8415192346846744,11278.82,-107734.17157634777,12605.237029838705,117.05203240686711
4,24.0,1.002,0.295,13.31,-8.15,-6098.3566701299815,608.0648343097391,3367.833798376504,-600.5205598832044,68.0045273451843,206.83382943073076,-32.39171737788224,4.0514994081047915,0.9342765982801327,18.892834609383403,173.5391989874992,1.8770852093567578,167528.51786119625,0.8211582650029026,11107.06,-107734.17157634777,12605.237029838705,117.05203240686711
4,25.0,1.002,0.295,13.31,-8.15,-6715.093915666759,678.0760049614279,3575.1098031993815,-632.9800536753659,72.02156936669782,207.66684537386953,-32.572820968120396,4.068062050088323,0.5528135951148283,18.054659581911242,173.50870340373487,1.9690184916388027,179857.80485430895,0.8011905101520762,10935.29,-107734.17157634777,12605.237029838705,117.05203240686711
4,26.0,1.002,0.295,13.31,-8.15,-7364.390621914958,752.1227840767186,3782.9885123067224,-665.6353109402567,76.0666474865286,208.0489730797329,-32.73859405510696,4.068853934644737,0.18146449237089415,17.25144475180927,173.48070460818053,2.061497300444785,192341.5365910342,0.7816523499273642,10763.53,-107734.17157634777,12605.237029838705,117.05203240686711
4,27.0,1.002,0.295,13.31,-8.15,-8046.429309952563,830.2270299973871,3991.0382224752516,-698.4645870978455,80.1358642813714,208.00041452325274,-32.896701327370856,4.072853231033358,-0.2110921654386701,16.48115669744272,173.4549892458893,2.1544822612762404,204956.8355296808,0.7625751680562144,10591.76,-107734.17157634777,12605.237029838705,117.05203240686711
4,28.0,1.002,0.295,13.31,-8.15,-8761.37428915065,912.408864202821,4198.8380712983735,-731.4486151464687,84.22491183736159,207.5380633872335,-33.044422520264916,4.084086694595988,-0.6186674347749423,15.74171827259622,173.4314294895625,2.2479357110377554,217683.8669871177,0.7439856654042702,10420.0,-107734.17157634777,12605.237029838705,117.05203240686711
4,29.0,1.002,0.295,13.31,-8.15,-9509.372496754348,998.6864600122057,4405.978522365695,-764.5701837720143,88.33028871407112,206.6753875990317,-33.17739178237322,4.099627470646384,-1.024446259807438,15.031027318531848,173.4098723175618,2.3418216408021495,230505.88636643597,0.7259061699854822,10248.23,-107734.17157634777,12605.237029838705,117.05203240686711
4,30.0,1.002,0.295,13.31,-8.15,-10290.55430568555,1089.0760253547292,4612.061344748987,-797.8138965552101,92.45037736321748,205.42102617465875,-33.29407260109351,4.113844895588165,-1.418182487322564,14.346880465539273,173.39006744508728,2.436105096657365,243409.15139617983,0.7083549921994549,10076.47,-107734.17157634777,12605.237029838705,117.05203240686711
4,31.0,1.002,0.295,13.31,-8.15,-11105.03439091777,1183.5916608683792,4816.69919666801,-831.164578150197,96.58340646944706,203.78491287169058,-33.39530677537103,4.126519640460521,-1.8007165107815621,13.687425105916487,173.3718137098789,2.5307521492184684,256382.92111783766,0.6913468050874051,9904.7,-107734.17157634777,12605.237029838705,117.05203240686711
4,32.0,1.002,0.295,13.31,-8.15,-11952.912476000522,1282.2456099774522,5019.51482063505,-864.6075816943822,100.72755222160677,201.77694347236792,-33.48157106211208,4.137648777849905,-2.1721042995351167,13.051015327121794,173.3549459253766,2.6257296817739384,269419.4092595351,0.6748930408323479,9732.94,-107734.17157634777,12605.237029838705,117.05203240686711
4,33.0,1.002,0.295,13.31,-8.15,-12834.27380507725,1385.0483525261695,5220.140576574433,-898.1286659962847,104.88110773068733,199.40630927797844,-33.55325644748137,4.146914435670807,-2.5324511342831695,12.436142712863981,173.33931710972345,2.7210046875329317,282513.6090061658,0.6590022398521538,9561.18,-107734.17157634777,12605.237029838705,117.05203240686711
4,34.0,1.002,0.295,13.31,-8.15,-13749.189518511532,1492.0086357759142,5418.218027697049,-931.7138389086433,109.04225532766276,196.68230314780476,-33.610602122750805,4.153970306162768,-2.8817800112943615,11.841466720762645,173.3248082918443,2.8165443460698105,295663.2591172279,0.6436803780075537,9389.41,-107734.17157634777,12605.237029838705,117.05203240686711
4,35.0,1.002,0.295,13.31,-8.15,-14697.716829782234,1603.1334567805811,5613.397637262743,-965.349315564433,113.20943740401522,193.61314640642453,-33.65375722668443,4.158958476605995,-3.2207265461543897,11.265724296736064,173.31130192607213,2.9123153407546623,308868.63989009266,0.6289311676201701,9217.65,-107734.17157634777,12605.237029838705,117.05203240686711
4,36.0,1.002,0.295,13.31,-8.15,-15679.899127857328,1718.4281265174554,5805.338254789497,-999.0212501068046,117.38101640570386,190.20693388337034,-33.68260414819178,4.161765446246147,-3.548951821496377,10.707775273801712,173.29869933473918,3.0082836488943006,322132.46584871155,0.6147563567713782,9045.88,-107734.17157634777,12605.237029838705,117.05203240686711
4,37.0,1.002,0.295,13.31,-8.15,-16695.76584855442,1837.8962217245116,5993.706808668223,-1032.7155507786113,121.55514848470301,186.4720257022088,-33.69720450393217,4.163312318951798,-3.8688075307606584,10.166608189135207,173.2869235224719,3.1044141818971323,335459.73702701746,0.6011559945898365,8874.12,-107734.17157634777,12605.237029838705,117.05203240686711
4,38.0,1.002,0.295,13.31,-8.15,-17745.332275390578,1961.5395595722248,6178.177972895079,-1066.4178396876346,125.73000127742758,182.41628182067694,-33.69734853854524,4.164845142223808,-4.18255845515144,9.641282799880141,173.27590408054866,3.2006703242623997,348857.56747889234,0.5881286814174573,8702.35,-107734.17157634777,12605.237029838705,117.05203240686711
4,39.0,1.002,0.295,13.31,-8.15,-18828.599107088103,2089.35819925252,6358.433843679171,-1100.1134104915343,129.90416964518843,178.04618908896003,-33.68310132950642,4.166473065721883,-4.494802061421027,9.130876497614045,173.2655546648051,3.2970136107146732,362335.0435009104,0.5756718014990179,8530.59,-107734.17157634777,12605.237029838705,117.05203240686711
4,40.0,1.002,0.295,13.31,-8.15,-19945.551965485105,2221.3503409148266,6534.1635158159,-1133.7868482879076,134.07579755320563,173.3684607139089,-33.653630904666315,4.1677940512991025,-4.805553094272285,8.634564352869873,173.25581696746534,3.393403209844118,375903.04662485025,0.5637817462446878,8358.82,-107734.17157634777,12605.237029838705,117.05203240686711
4,41.0,1.002,0.295,13.31,-8.15,-21096.160641328774,2357.512209667839,6705.062962948208,-1167.421910811655,138.2430201321945,168.38981232736813,-33.608419093617144,4.17005006521024,-5.119676537400196,8.151595385848331,173.24663463753393,3.4897955962780576,389574.1081705342,0.5524541013203814,8187.06,-107734.17157634777,12605.237029838705,117.05203240686711
4,42.0,1.002,0.295,13.31,-8.15,-22280.378253482737,2497.8380530110758,6870.83460938107,-1201.0015389249295,142.40422350175265,163.1151237156361,-33.546495812139256,4.170303799040967,-5.437175961278187,7.681196595935563,173.23794087291105,3.586143939881282,403362.2184917701,0.5416838406526465,8015.29,-107734.17157634777,12605.237029838705,117.05203240686711
4,43.0,1.002,0.295,13.31,-8.15,-23498.14020204576,2642.3200032288373,7031.186930545976,-1234.5076215638694,146.55711653905914,157.54898554580416,-33.46538537562266,4.161090364696212,-5.742864420603129,7.222647341442155,173.22970106685955,3.6823978895594456,417282.7284982791,0.5314655040937666,7843.53,-107734.17157634777,12605.237029838705,117.05203240686711
4,44.0,1.002,0.295,13.31,-8.15,-24749.362957526107,2790.9478483034814,7185.834377198727,-1267.920512886237,150.69846251272327,151.69774239263347,-33.36163447248771,4.134930631249253,-6.010739240936973,6.775364945576644,173.2219179568266,3.7785028074785107,431352.117318755,0.5217933418327647,7671.76,-107734.17157634777,12605.237029838705,117.05203240686711
4,45.0,1.002,0.295,13.31,-8.15,-26033.942656138872,2943.70854614449,7334.497533422929,-1301.2184070438705,154.8225475459548,145.57655525035847,-33.23197713091782,4.103306664764328,-6.232352187596021,6.339195248545018,173.21469010187013,3.8743995051163096,445587.86222327803,0.5126614346372889,7500.0,-107734.17157634777,12605.237029838705,117.05203240686711
4,46.0,1.002,0.295,13.31,-8.15,-27351.75334673973,3100.586110918136,7476.9044197490675,-1334.3784275196556,158.928969910084,139.1904226042735,-33.08101312909695,4.090231879217136,-6.489477168175125,5.9135503564583205,173.20787569093605,3.9700233793039046,460008.10817657923,0.5040637377971642,7328.23,-107734.17157634777,12605.237029838705,117.05203240686711
4,47.0,1.002,0.295,13.31,-8.15,-28702.645457209248,3261.5621497036927,7612.78755388018,-1367.3764109775093,163.01794821305668,132.53637217589525,-32.908006010497935,4.090487395944422,-6.79849140258869,5.497551849982532,173.201314519283,4.065303924359341,474631.6462872136,0.49599437429491094,7156.47,-107734.17157634777,12605.237029838705,117.05203240686711
4,48.0,1.002,0.295,13.31,-8.15,-30086.44376325974,3426.6156784568966,7741.88358057424,-1400.186055594113,167.08662470934533,125.6137464663133,-32.70790569540581,4.056012702401234,-7.0755520682370205,5.090481391799658,173.19497506616898,4.1601644860832705,489477.8282003438,0.48844775447139815,6984.7,-107734.17157634777,12605.237029838705,117.05203240686711
4,49.0,1.002,0.295,13.31,-8.15,-31502.945158176153,3595.7215220731123,7863.934977969601,-1432.777965691458,171.1220237227824,118.44360413263676,-32.47256042002793,4.002737881828436,-7.267055593844324,4.69253159876081,173.18921275707538,4.254521419396201,504566.2178549173,0.48141856993857524,6812.94,-107734.17157634777,12605.237029838705,117.05203240686711
4,50.0,1.002,0.295,13.31,-8.15,-32951.916063680444,3768.8496695268313,7978.693175834057,-1465.1196143777368,175.12755504368494,111.03238249312993,-32.20404163224974,4.001107419651029,-7.5326997579129324,4.303293124927421,173.18370511396603,4.3482829706307555,519916.0622891964,0.47490171166642536,6641.18,-107734.17157634777,12605.237029838705,117.05203240686711
4,51.0,1.002,0.295,13.31,-8.15,-34433.08985663259,3945.968373811381,8085.9120899059035,-1497.1775279574626,179.10354244044973,103.36665653241323,-31.905107082047806,3.958142492273317,-7.808316138999418,3.9216186899323526,173.17826956966684,4.441349334771098,535546.6042614074,0.46889273020465844,6469.41,-107734.17157634777,12605.237029838705,117.05203240686711
4,52.0,1.002,0.295,13.31,-8.15,-35946.1642140554,4127.039988974781,8185.350711249552,-1528.9143443511268,183.03288607468792,95.47126206101655,-31.562140042122106,3.8978808026772063,-7.980495811522469,3.5478611169641567,173.17336506548807,4.533611575135138,551476.5912198699,0.46338776525714165,6297.65,-107734.17157634777,12605.237029838705,117.05203240686711
4,53.0,1.002,0.295,13.31,-8.15,-37490.79752497391,4312.021523481974,8276.778078870078,-1560.2883471664404,186.922744846613,87.34474909400831,-31.178748950358376,3.8792471412837912,-8.275707805357046,3.181365512008806,173.1685160696603,4.624950597926337,567723.5858122655,0.45838335439031913,6125.88,-107734.17157634777,12605.237029838705,117.05203240686711
4,54.0,1.002,0.295,13.31,-8.15,-39066.60578631425,4500.866705295566,8359.963863518544,-1591.256573583976,190.7575341248684,78.99247254702013,-30.748634648902684,3.7955673391588425,-8.41907147892739,2.8217493085332093,173.16408635642964,4.715237120489502,584304.4356493042,0.45387703142391744,5954.12,-107734.17157634777,12605.237029838705,117.05203240686711
4,55.0,1.002,0.295,13.31,-8.15,-40673.158753579446,4693.521180662139,8434.689990728717,-1621.7694221044744,194.5428673365702,70.41927757145804,-30.27063733452983,3.750388597979317,-8.713233236305955,2.468617580032177,173.1596458443104,4.8043297404076695,601233.8582959494,0.44986676830700356,5782.35,-107734.17157634777,12605.237029838705,117.05203240686711
4,56.0,1.002,0.295,13.31,-8.15,-42309.97612405225,4889.925945409383,8500.739863159291,-1651.7759026709207,198.25792950759086,61.6479019144668,-29.731546147505508,3.7190110574060022,-8.919424479840185,2.1221942069526643,173.1556939330047,4.892075665171507,618525.1536153113,0.44635163720191096,5610.59,-107734.17157634777,12605.237029838705,117.05203240686711
4,57.0,1.002,0.295,13.31,-8.15,-43976.5229972526,5090.015415032101,8557.90680034325,-1681.2191757480596,201.90440786361603,52.66339669069948,-29.13946843788561,3.612661572680624,-9.032271237071216,1.7813847976755899,173.151914873147,4.978308193044332,636188.7485177289,0.4433314316947204,5438.82,-107734.17157634777,12605.237029838705,117.05203240686711
4,58.0,1.002,0.295,13.31,-8.15,-45672.2057185191,5293.715492248715,8605.992623724454,-1710.0372625243947,205.4773294150952,43.47984138018601,-28.48545712996189,3.5054681486740473,-9.209561656131122,1.4461054202408417,173.14821427640248,5.062846851284606,654232.0140360825,0.44080682359259693,5267.06,-107734.17157634777,12605.237029838705,117.05203240686711
4,59.0,1.002,0.295,13.31,-8.15,-47396.36682489673,5500.944805304183,8644.805767272072,-1738.164406398275,208.96349303571526,34.113790791467586,-27.76061584843765,3.4099284958112674,-9.384495408804051,1.1163254585507347,173.1447563211467,5.145496805784705,672658.9068370754,0.438779540258217,5095.29,-107734.17157634777,12605.237029838705,117.05203240686711
4,60.0,1.002,0.295,13.31,-8.15,-49148.28001272027,5711.613506258113,8674.164216959745,-1765.5291617275486,212.3536197794291,24.575513140192413,-26.95856172288041,3.3313548427647452,-9.55228416425457,0.7917786488542076,173.1415472762266,5.226047037317456,691468.853994718,0.43725228905101726,4923.53,-107734.17157634777,12605.237029838705,117.05203240686711
4,61.0,1.002,0.295,13.31,-8.15,-50927.14486165691,5925.622517173073,8693.896399914887,-1792.054113944911,215.6440102562299,14.868082438480586,-26.073356766936666,3.277851189702326,-9.856270252876119,0.47194879029982784,173.13839464616166,5.304270669163531,710656.2573557674,0.43622879257700153,4751.76,-107734.17157634777,12605.237029838705,117.05203240686711
4,62.0,1.002,0.295,13.31,-8.15,-52732.08097443014,6142.863606909295,8703.839083537272,-1817.657206314444,218.81877509781182,4.991959563775399,-25.118430774608722,3.0719074561254858,-9.907604961045527,0.15622703778553934,173.13547835244034,5.379923271569163,730209.6371536525,0.43571397962489655,4580.0,-107734.17157634777,12605.237029838705,117.05203240686711
4,63.0,1.002,0.295,13.31,-8.15,-54562.12282057766,6363.216027786221,8703.84400793271,-1842.2500135650785,221.86703109305915,-5.0095133368883875,-24.051452508294286,3.0200790709667573,-10.167606316687516,-0.15468266988848525,173.13279132831056,5.45274374503456,750110.6287000058,0.4357137247998008,4408.23,-107734.17157634777,12605.237029838705,117.05203240686711
4,64.0,1.002,0.295,13.31,-8.15,-56416.212922156614,6586.549794088099,8693.772637894665,-1865.7378858148957,224.77691637460285,-15.145489956021562,-22.895289673247486,2.8933855693435997,-10.255148743563604,-0.4617605177628896,173.13033402469264,5.522451562485997,770332.8953677976,0.43623520456671977,4236.47,-107734.17157634777,12605.237029838705,117.05203240686711
4,65.0,1.002,0.295,13.31,-8.15,-58293.19659798236,6812.7218199112,8673.50249987027,-1888.019804540211,227.5413729718959,-25.4053476714136,-21.637836391768452,2.723004284518509,-10.413421899281506,-0.7653922818197293,173.1279405052154,5.588749758131336,790841.5034518937,0.43728665350252555,4064.71,-107734.17157634777,12605.237029838705,117.05203240686711
4,66.0,1.002,0.295,13.31,-8.15,-60191.81524991254,7041.57636316389,8642.92491579289,-1908.9895211463088,230.139983724597,-35.765757767917115,-20.28417803734692,2.469910173490632,-10.309965772516506,-1.0656220393441729,173.1258290677112,5.651320760013337,811590.9569267909,0.43887756535669953,3892.94,-107734.17157634777,12605.237029838705,117.05203240686711
4,67.0,1.002,0.295,13.31,-8.15,-62110.700959621994,7272.9437045307395,8601.94964624732,-1928.5343559807013,232.56510568327658,-46.204361218031174,-18.79569874411492,2.3069097344629466,-10.497796111997992,-1.3625776165556218,173.12381210568367,5.70983213356514,832525.2693313233,0.44101853380579337,3721.18,-107734.17157634777,12605.237029838705,117.05203240686711
4,68.0,1.002,0.295,13.31,-8.15,-64048.369923113074,7506.640344376027,8550.502712874768,-1946.5361486788347,234.79510620720427,-56.70095262748979,-17.194213836092832,2.1210430013282187,-10.42352215353186,-1.6565052964472042,173.12209643976314,5.763930213506533,853575.1217273894,0.44372144456062007,3549.41,-107734.17157634777,12605.237029838705,117.05203240686711
4,69.0,1.002,0.295,13.31,-8.15,-66003.21770193553,7742.4674578503345,8488.531820365697,-1962.8713187464482,236.82110345172543,-67.24258905757542,-15.459785077633006,1.93242833067921,-10.47632998037995,-1.9479138296135345,173.12049630303656,5.8132504513471455,874659.0221003189,0.44699926571390386,3377.65,-107734.17157634777,12605.237029838705,117.05203240686711
4,70.0,1.002,0.295,13.31,-8.15,-67973.51354012145,7980.210711965736,8416.005405425925,-1977.4096564637803,238.62565038849232,-77.80635258973203,1.9210611011685885,-0.19695918464328216,-10.020687454430703,-2.2370764841177246,173.11905429932222,5.857405048887588,895678.316778573,0.4508661634609481,3205.88,-107734.17157634777,12605.237029838705,117.05203240686711
4,71.0,1.002,0.295,13.31,-8.15,-69890.50320567598,8211.347286307035,8335.644318162236,-1858.8448980621088,223.92929500639113,-82.90099614858381,111.93446783360514,-13.84956106752506,-5.068604809315809,-2.535286231099987,173.1308560165167,5.507254761762774,799386.5158551297,0.4551898626705604,3205.88,-107734.17157634777,12605.237029838705,117.05203240686711
4,72.0,1.002,0.295,13.31,-8.15,-71695.38198292078,8428.587704462088,8250.220347373823,-1752.8305882769482,210.7876832633123,-87.93421567286094,100.42302988782347,-12.39098930171195,-4.956996828479024,-2.851438858220282,173.14279046334582,5.194381006724043,718389.8103877641,0.4598314352467515,3205.88,-107734.17157634777,12605.237029838705,117.05203240686711
4,73.0,1.002,0.295,13.31,-8.15,-73399.69854694205,8633.36369779053,8159.792023345452,-1657.4324301132503,198.96394490751638,-92.91253514256395,90.62780350015233,-11.281844142855322,-4.914596853814519,-3.185711139492763,173.1547711482792,4.913063659546586,649623.216945934,0.4647965036080797,3205.88,-107734.17157634777,12605.237029838705,117.05203240686711
4,74.0,1.002,0.295,13.31,-8.15,-75013.26307265725,8826.89116904578,8064.413542179993,-1571.0932024733277,188.2630340835667,-97.83577222189297,82.25863284397767,-10.153481601527684,-4.908936544755158,-3.5380990478783705,173.1668670606114,4.658696523635211,590751.8834717695,0.47009147044722316,3205.88,-107734.17157634777,12605.237029838705,117.05203240686711
4,75.0,1.002,0.295,13.31,-8.15,-76544.47949364435,9010.21212266763,7964.135836168783,-1492.5454079394865,178.52850869606687,-102.71073163206503,75.021703099581,-9.26153755537679,-4.880456294569683,-3.908873293236809,173.1790607490146,4.427533515605876,539973.1982942944,0.4757234795022413,3205.88,-107734.17157634777,12605.237029838705,117.05203240686711
4,76.0,1.002,0.295,13.31,-8.15,-78000.60208119033,9184.22580338821,7859.007532922505,-1420.747854263641,169.6300554762669,-107.5378925388637,68.72861749750109,-8.49165452854556,-4.833006511577576,-4.298112803530686,173.19140625199523,4.216497027684965,495877.59967487,0.481700382027304,3205.88,-107734.17157634777,12605.237029838705,117.05203240686711
4,77.0,1.002,0.295,13.31,-8.15,-79387.93593804969,9349.713804437226,7749.075565868034,-1354.836697161838,161.46089987033386,-112.31842160878637,63.22521069095472,-7.805409785514256,-4.786661678245959,-4.705938379792469,173.20390266633925,4.023035280478416,457350.0674339087,0.4880307224987675,3205.88,-107734.17157634777,12605.237029838705,117.05203240686711
4,78.0,1.002,0.295,13.31,-8.15,-80711.9955963712,9507.359762622027,7634.3856574661295,-1294.089406092528,153.9312804751542,-117.05332905674301,58.38186441291021,-7.205983121101051,-4.728660175602222,-5.132481794763949,173.21656905617684,3.8450147666832346,423499.2742710832,0.49472373174466155,3205.88,-107734.17157634777,12605.237029838705,117.05203240686711
4,79.0,1.002,0.295,13.31,-8.15,-81977.62274652149,9657.763920389894,7514.982016616969,-1237.8972844588711,146.96743992610894,-121.74445154441597,54.09246858245799,-6.714128303388862,-4.660036245040793,-5.57792604722362,173.22933992553035,3.680639985120868,393606.2958706567,0.5017893670275471,3205.88,-107734.17157634777,12605.237029838705,117.05203240686711
4,80.0,1.002,0.295,13.31,-8.15,-83189.11532763661,9801.45903275011,7390.909936907119,-1185.742988779675,140.50375524150303,-126.39028033085032,50.28990119809698,-6.226752186789189,-4.625212858378359,-6.0423213650010315,173.24228871319605,3.5283839515072413,367084.91376787185,0.50923818061246,3205.88,-107734.17157634777,12605.237029838705,117.05203240686711
4,81.0,1.002,0.295,13.31,-8.15,-84350.2752669085,9938.916464447373,7262.212976903485,-1137.1852489990902,134.4861711000277,-130.99191587746256,46.89130298830903,-5.815063742088706,-4.573743615512422,-6.525837445047827,173.25539480173174,3.386946374001665,343454.76900513854,0.5170815091546939,3205.88,-107734.17157634777,12605.237029838705,117.05203240686711
4,82.0,1.002,0.295,13.31,-8.15,-85464.50648380796,10070.55819989397,7128.935404582754,-1091.8440377198672,128.86744310607247,-135.54864191148923,43.84803330334744,-5.433966214017212,-4.5338959845965645,-7.028569766663855,173.26867331484033,3.2552074870319387,322318.0110907852,0.5253313520796112,3205.88,-107734.17157634777,12605.237029838705,117.05203240686711
4,83.0,1.002,0.295,13.31,-8.15,-86534.90179341077,10196.76766689277,6991.127414527278,-1049.388491842284,123.60627644499279,-140.06001335272765,41.1088656677028,-5.09432528653894,-4.488380992571963,-7.550645852151399,173.28214950785343,3.1321931379629104,303341.81256385136,0.5340000619560286,3205.88,-107734.17157634777,12605.237029838705,117.05203240686711
4,84.0,1.002,0.295,13.31,-8.15,-87564.1566095043,10317.879021677889,6848.8307667211075,-1009.537076328846,118.6680143438729,-144.52557414177622,38.63576078527549,-4.787576983492441,-4.442282819010397,-8.092152165298662,173.29582020047206,3.0170752079878294,286250.9846683589,0.543101265070819,3205.88,-107734.17157634777,12605.237029838705,117.05203240686711
4,85.0,1.002,0.295,13.31,-8.15,-88554.75726525793,10434.200541746868,6702.091860545594,-972.0398355353038,114.02159848281462,-148.94440164460735,36.39532803773141,-4.509781434332769,-4.39520600433339,-8.653177947769125,173.30970043396837,2.9091188120515223,270810.9796930647,0.5526490760633382,3205.88,-107734.17157634777,12605.237029838705,117.05203240686711
4,86.0,1.002,0.295,13.31,-8.15,-89508.94409115365,10546.009958250059,6550.957877029538,-936.6788329265054,109.64000738494508,-153.31556977500603,34.35938424212318,-4.2574019940090375,-4.347030149443801,-9.23379751588443,173.3238018620421,2.8076837413017093,256823.67265200743,0.5626583593238662,3205.88,-107734.17157634777,12605.237029838705,117.05203240686711
4,87.0,1.002,0.295,13.31,-8.15,-90428.75578735542,10653.560008837536,6395.476982988995,-903.2618223978135,105.49942603672828,-157.63805834804933,32.503891660419086,-4.02738369960317,-4.297761770465328,-9.834076125658415,173.33813551545282,2.7122056995950135,244120.0570271082,0.5731447407758338,3205.88,-107734.17157634777,12605.237029838705,117.05203240686711
4,88.0,1.002,0.295,13.31,-8.15,-91316.04998886389,10757.080997131414,6235.698430532445,-871.6188742317623,101.57878850302427,-161.9107083237675,30.80822992440425,-3.8171586032109213,-4.247322047491797,-10.454062035917287,173.3527139969699,2.62218624158979,232555.43168715498,0.5841246265178032,3205.88,-107734.17157634777,12605.237029838705,117.05203240686711
4,89.0,1.002,0.295,13.31,-8.15,-92172.52489109938,10856.783464047307,6071.672669246884,-841.5991459735493,97.85939717059942,-166.13226518566094,29.254616447953843,-3.6245526495361204,-4.195548201654287,-11.093787673805405,173.3675504498343,2.5371832141900574,222005.30324743982,0.5956152207748266,3205.88,-107734.17157634777,12605.237029838705,117.05203240686711
4,90.0,1.002,0.295,13.31,-8.15,-92999.73566191414,10952.860219581598,5903.451459267855,-813.0684131796922,94.32461120680905,-170.30137205510357,27.82768613802616,-3.447663675417132,-4.142348676030893,-11.75326511915588,173.38265888517142,2.456803403825076,212362.17667591228,0.6076345437446147,3205.88,-107734.17157634777,12605.237029838705,117.05203240686711
4,91.0,1.002,0.295,13.31,-8.15,-93799.11016902482,11045.48829205796,5731.087962509454,-785.9068240263748,90.9595704275185,-174.4165811318859,26.51408859457754,-3.2848483537317485,-4.08761206417861,-12.432484637443766,173.398054121723,2.3806958648248515,203532.85077058084,0.6202014508308147,3205.88,-107734.17157634777,12605.237029838705,117.05203240686711
4,92.0,1.002,0.295,13.31,-8.15,-94571.96285176222,11134.830619259712,5554.6368928778575,-760.0069849048517,87.75091342006988,-178.47625721283248,25.30219638262908,-3.1346415861215795,-4.031301062883823,-13.131406205760149,173.41375519511263,2.3085461430489245,195436.17522216367,0.633335647229784,3205.88,-107734.17157634777,12605.237029838705,117.05203240686711
4,93.0,1.002,0.295,13.31,-8.15,-95319.50628390939,11221.037503577405,5374.154541701032,-735.2724080828317,84.68671443334199,-182.4788825585533,24.181870969852085,-2.9957174199549668,-3.973493739221128,-13.84997785787623,173.42977602966027,2.2400718841940224,188001.29029585054,0.647057711138051,3205.88,-107734.17157634777,12605.237029838705,117.05203240686711
4,94.0,1.002,0.295,13.31,-8.15,-96042.86146104548,11304.247922970326,5189.69877753475,-711.6161444564476,81.7562090451179,-186.42280500229373,23.144114177697336,-2.867043504152443,-3.9139364811378314,-14.588117041411156,173.4461328016868,2.1750185682148744,181166.07946118765,0.6613891189861371,3205.88,-107734.17157634777,12605.237029838705,117.05203240686711
4,95.0,1.002,0.295,13.31,-8.15,-96743.06674880545,11384.590627538424,5001.329157138075,-688.9596548356715,78.94969422793363,-190.30633956771953,22.181126509814494,-2.747518187508925,-3.8528300455428512,-15.345715250955484,173.4628409710761,2.113156213771718,174875.93747470636,0.6763522619027119,3205.88,-107734.17157634777,12605.237029838705,117.05203240686711
4,96.0,1.002,0.295,13.31,-8.15,-97421.08573340207,11462.185137176724,4809.106921546974,-667.2317919704565,76.25835666995302,-194.1277142096675,21.285752140354443,-2.636531187357371,-3.78955731211395,-16.12263278562,173.47991897475862,2.054276281661178,169082.6974939341,0.6919704704451206,3205.88,-107734.17157634777,12605.237029838705,117.05203240686711
4,97.0,1.002,0.295,13.31,-8.15,-98077.81422995224,11537.14253433133,4613.095262610069,-646.3680346673683,73.67414649422638,-197.88485878387286,20.45189600900275,-2.5331542051454177,-3.724358018594893,-16.918677789927482,173.49739132689942,1.9981891695347789,163743.75088009035,0.7082680164376254,3205.88,-107734.17157634777,12605.237029838705,117.05203240686711
4,98.0,1.002,0.295,13.31,-8.15,-98714.08650204001,11609.56624671999,4413.359375615547,-626.3096638152255,71.1897859646066,-201.5758418573841,19.67406344893059,-2.4367167284558557,-3.6572278669729346,-17.733639778300162,173.51527957047483,1.9447221264870838,158821.32135032592,0.7252701296872821,3205.88,-107734.17157634777,12605.237029838705,117.05203240686711
4,99.0,1.002,0.295,13.31,-8.15,-99330.68076170688,11679.552754804832,4209.966420312758,-607.0031855691974,68.79864397438676,-205.19865905163203,18.94731552499787,-2.3466153289909633,-3.5880413053473474,-18.56727057361047,173.53360662651957,1.8937173259419804,154281.8321185967,0.7430030213022901,3205.88,-107734.17157634777,12605.237029838705,117.05203240686711
4,100.0,1.002,0.295,13.31,-8.15,-99928.32409527368,11747.192200985397,4002.985599846038,-588.3997555119711,66.49466337228421,-208.75122619785665,18.267246703363348,-2.2623029443565703,-3.516739480054916,-19.41928233007172,173.5523970495508,1.8450301167811929,150095.35353686736,0.7614938957765404,3205.88,-107734.17157634777,12605.237029838705,117.05203240686711
4,101.0,1.002,0.295,13.31,-8.15,-100507.69687490496,11812.568934645755,3792.488227567371,-570.4547087062662,64.27230516450224,-212.23140625232435,17.629903178627767,-2.1832893629189267,-3.4432707519005743,-20.28934767414831,173.5716769120501,1.7985276163938713,146235.15068880355,0.7807709618629836,3205.88,-107734.17157634777,12605.237029838705,117.05203240686711
4,102.0,1.002,0.295,13.31,-8.15,-101069.43671764003,11875.762002792166,3578.5477818162312,-553.1271312306801,62.12649523174778,-215.63700801445245,17.031723927349805,-2.109133346463622,-3.3675828030243298,-21.177098255860834,173.59147394040247,1.7540874045839916,142677.28350511836,0.8008634420312849,3205.88,-107734.17157634777,12605.237029838705,117.05203240686711
4,103.0,1.002,0.295,13.31,-8.15,-101614.14204882496,11936.84559180644,3361.239956605365,-536.3794936174355,60.0525789669432,-218.96579141996784,16.4694953329368,-2.039436396097129,-3.289629712220819,-22.08212374910191,173.61181762671208,1.7115964058791686,139400.26709735603,0.8218015795336363,3205.88,-107734.17157634777,12605.237029838705,117.05203240686711
4,104.0,1.002,0.295,13.31,-8.15,-102142.37566377703,11995.889468889845,3140.6426856014423,-520.1772954401041,58.04627714662185,-222.21547070651508,15.940304962802378,-1.9738375535312684,-3.209364509967465,-23.00397216250006,173.63273940849595,1.6709498111436452,136384.76309979532,0.8436166449962927,3205.88,-107734.17157634777,12605.237029838705,117.05203240686711
4,105.0,1.002,0.295,13.31,-8.15,-102654.66751917782,12052.959328003913,2916.8361849710213,-504.4887885438636,56.10365165834303,-225.3837193564585,15.441504414983562,-1.9120083189054153,-3.1267360335242143,-23.94214929775651,173.6542728060031,1.6320502283770535,133613.32776183967,0.8663409379023059,3205.88,-107734.17157634777,12605.237029838705,117.05203240686711
4,106.0,1.002,0.295,13.31,-8.15,-103151.51520911118,12108.116848644151,2689.90315328596,-489.2849073626431,54.221096853966166,-228.46817301702154,14.970718948814826,-1.8536546977390835,-3.041758921030606,-24.896110372153633,173.67645330811155,1.594807397235159,131070.2664478068,0.890007767560825,3205.88,-107734.17157634777,12605.237029838705,117.05203240686711
4,107.0,1.002,0.295,13.31,-8.15,-103633.38994693756,12161.420437525041,2459.9285681803585,-474.5387436511793,52.39527440763225,-231.46643618312135,14.52573502267707,-1.7985022093628855,-2.954355801116465,-25.865272318257094,173.69931895276588,1.559136681189975,128741.30818572521,0.914651470703986,3205.88,-107734.17157634777,12605.237029838705,117.05203240686711
4,108.0,1.002,0.295,13.31,-8.15,-104100.73700576549,12212.925282997929,2226.9998195293583,-460.2254945134385,50.62310691281532,-234.37608844582337,14.104557761892465,-1.7463036560676828,-2.8645263442788256,-26.849008608913778,173.72291031223781,1.5249588581210336,126613.4976538873,0.9403073907545756,3205.88,-107734.17157634777,12605.237029838705,117.05203240686711
4,109.0,1.002,0.295,13.31,-8.15,-104553.97759262685,12262.683587288113,1991.2067471378034,-446.32229533111064,48.90175716686448,-237.1946897771595,13.70532495064564,-1.6968283417608723,-2.7722041610223545,-27.8466492102708,173.74727066485838,1.4921995998540458,124675.04736865284,0.9670118609395446,3205.88,-107734.17157634777,12605.237029838705,117.05203240686711
4,110.0,1.002,0.295,13.31,-8.15,-104993.51070670204,12310.744796760215,1752.641668116091,-432.8080700845781,47.22860963488667,-239.9198070199726,13.32645640171965,-1.649880155893478,-2.677586001152129,-28.85748286972293,173.77244617523144,1.4607890349880632,122915.21142662711,0.9948021825275917,3205.88,-107734.17157634777,12605.237029838705,117.05203240686711
4,111.0,1.002,0.295,13.31,-8.15,-105419.71576046992,12357.155926932292,1511.399251544711,-419.66328560501967,45.60123995464802,-242.54897528768646,12.966151872226972,-1.6052366218161547,-2.5802138928894234,-29.880759678393495,173.7984863226461,1.43066098353745,121324.11201041382,1.023716615087644,3205.88,-107734.17157634777,12605.237029838705,117.05203240686711
4,112.0,1.002,0.295,13.31,-8.15,-105832.95323842035,12401.961643885115,1267.5766898556567,-406.8699186203879,44.01741082764356,-245.0796939522529,12.623329491778897,-1.5627628250307357,-2.480754492292113,-30.915686784835398,173.8254439917325,1.401752798124119,119892.66713302722,1.0537943256600948,3205.88,-107734.17157634777,12605.237029838705,117.05203240686711
4,113.0,1.002,0.295,13.31,-8.15,-106233.56613300827,12445.204442302382,1021.273593835008,-394.4113711568854,42.475061744939644,-247.50963169484686,12.296343990481624,-1.5222556173577817,-2.378648265593488,-31.961448618227376,173.85337563207264,1.3740053927522449,118612.56010957014,1.0850753627149097,3205.88,-107734.17157634777,12605.237029838705,117.05203240686711
4,114.0,1.002,0.295,13.31,-8.15,-106621.88148465779,12486.924836302638,772.5919971728691,-382.2722933416377,40.97228668972165,-249.836302864207,11.984181159148802,-1.4835887809529684,-2.2743060091620815,-33.01717955346104,173.88234174543211,1.3473622533575886,117476.03644701166,1.1176006099590214,3205.88,-107734.17157634777,12605.237029838705,117.05203240686711
4,115.0,1.002,0.295,13.31,-8.15,-106998.21157666126,12527.161507543711,521.6363099932879,-370.43853484290815,39.50732846883557,-252.05741437681297,11.685556503385753,-1.4466034990259773,-2.167529959178276,-34.081998803904995,173.91240705308638,1.3217697996661184,116475.93480460827,1.1514117384889258,3205.88,-107734.17157634777,12605.237029838705,117.05203240686711
4,116.0,1.002,0.295,13.31,-8.15,-107362.85504895977,12565.951443254533,268.51327045642165,-358.8970548989727,38.078567272488854,-254.17060125742117,11.399390389817166,-1.4111658577223052,-2.0583628452480194,-35.15498509783992,173.9436408813389,1.2971767061715513,115605.54092036768,1.1865511511106375,3205.88,-107734.17157634777,12605.237029838705,117.05203240686711
4,117.0,1.002,0.295,13.31,-8.15,-107716.09710628184,12603.329962152766,13.33175035167582,-347.6358311513249,36.68450960200297,-256.17362278273094,11.124875600736884,-1.3771756212521669,-1.9471465794316711,-36.23520038399941,173.97611753134984,1.2735339562551595,114858.57188282222,1.2230619392042417,3205.88,-107734.17157634777,12605.237029838705,117.05203240686711
4,117.05,1.002,0.295,13.31,-8.15,-107734.17157634777,12605.237029838705,5.109221034503954e-06,-347.0573108293224,36.612893162754226,-256.2747978157528,11.110881417441592,-1.3754430108840225,-1.9412900895358947,-36.29159001066753,173.97784294510808,1.2723288317099601,114822.95735689241,1.2249999992566751,3205.88,-107734.17157634777,12605.237029838705,117.05203240686711
5,1.0,1.048,0.309,-2.07,-2.0,-1.454101345981335,1.0597683218958527,9.215612028074686,-2.879302588194768,2.099199861270827,18.493174654402072,2.504678018567599,-1.7193339828737741,19.94321121504182,79.09381777437606,143.90550471731459,0.055343331367788656,217.0127525268881,1.223659982296149,15736.42,-767765.8432086282,797573.5054029961,533.2265433533413
5,2.0,1.048,0.309,-2.07,-2.0,-6.55276721348356,4.763368042121519,36.90633970756862,-7.327826545377437,5.32293011415927,36.93125790905285,-4.458143104267149,3.2711864560054225,18.59059621118236,76.22064199118553,144.0053610515794,0.11174148896462682,881.7699824789258,1.2196423600383057,15556.81,-767765.8432086282,797573.5054029961,533.2265433533413
5,3.0,1.048,0.309,-2.07,-2.0,-16.102305530113018,11.753958363870229,83.18305313831469,-11.763068133573224,8.701863873429524,55.6708374002042,-4.4122423371922785,3.5382636481970717,18.881307211428734,75.27407829589704,143.50739303253172,0.16914948581836753,2009.4669298994766,1.2129575355198985,15377.2,-767765.8432086282,797573.5054029961,533.2265433533413
5,4.0,1.048,0.309,-2.07,-2.0,-30.072189584010253,22.31743524270517,148.3345168745519,-16.18493247660914,12.537536964726176,74.66756846185115,-4.468006116925861,4.21744792449402,19.091875529490512,74.66700575457972,142.23711403197382,0.22751522450954123,3607.447208193342,1.2036082473702803,15197.59,-767765.8432086282,797573.5054029961,533.2265433533413
5,5.0,1.048,0.309,-2.07,-2.0,-48.540209788518695,37.143527805931306,232.56344262874887,-20.819222376784186,17.31610421301081,93.79701670405616,-4.881907238596841,5.423007747511563,19.130345102364977,73.89652246887138,140.24847127739645,0.2868871587024066,5678.803473867789,1.1916280515264441,15017.98,-767765.8432086282,797573.5054029961,533.2265433533413
5,6.0,1.048,0.309,-2.07,-2.0,-71.93583860388237,57.418400579638735,335.9029904598713,-26.129593321196666,23.484794485807157,112.8503321264104,-5.823831137189991,6.914491071270132,18.942653854665828,72.7076275416537,138.0513833747924,0.34731881127738207,8221.68986778629,1.1770924557076934,14838.36,-767765.8432086282,797573.5054029961,533.2265433533413
5,7.0,1.048,0.309,-2.07,-2.0,-101.17993927566161,84.57160973235308,458.1797780064078,-32.56253768370316,31.001142618639626,131.66219630850824,-7.03310536354407,7.976646861526546,18.704861843690345,71.14604319889965,136.40714571144338,0.4088363368596043,11227.848687710586,1.1601220248269235,14658.75,-767765.8432086282,797573.5054029961,533.2265433533413
5,8.0,1.048,0.309,-2.07,-2.0,-137.41547856585206,119.61189029533769,599.1917632003564,-40.031483680341516,39.0876871634174,150.3784939721435,-7.761002906859307,8.037437322817048,18.80572582071271,69.59182504991043,135.68343729927747,0.4714944196907541,14685.118084952408,1.1408549377721142,14479.14,-767765.8432086282,797573.5054029961,533.2265433533413
5,9.0,1.048,0.309,-2.07,-2.0,-181.33685884284975,162.6608361994398,759.0366491601313,-47.794020049847326,46.966843284946044,169.37774074907583,-7.679071692658663,7.809461616119518,19.189982899165024,68.41543822231225,135.5001277127675,0.5352658206671866,18570.291789286184,1.1194012829170865,14299.53,-767765.8432086282,797573.5054029961,533.2265433533413
5,10.0,1.048,0.309,-2.07,-2.0,-232.96067139389694,213.6217328251302,938.036385762339,-55.48080194021954,55.099036543085234,188.62266005866374,-7.859793317330801,8.65710840133288,19.19379040250395,67.48388583321638,135.19780693674986,0.6000220101855587,22844.48929049734,1.095855237762936,14119.92,-767765.8432086282,797573.5054029961,533.2265433533413
5,11.0,1.048,0.309,-2.07,-2.0,-292.5273425855388,273.254679077714,1136.197797077524,-63.82583715771868,64.33389703532639,207.64631332099856,-8.858011052420949,9.619725517055244,18.89675219639184,66.42204150751648,134.77286521058235,0.6657664454864635,27470.713861664815,1.0703658308698782,13940.31,-767765.8432086282,797573.5054029961,533.2265433533413
5,12.0,1.048,0.309,-2.07,-2.0,-360.87227847456666,342.3806357504802,1353.319579015224,-72.89775226578628,73.86855879066182,226.65200840898777,-9.078061735203109,9.387255057325016,19.198907204642023,65.39742217728231,134.62101448905375,0.7325375516553575,32410.596050178705,1.043117737482158,13760.69,-767765.8432086282,797573.5054029961,533.2265433533413
5,13.0,1.048,0.309,-2.07,-2.0,-438.29016331214444,421.0043096176777,1589.605151316393,-81.96665727415316,83.51201117080734,245.91390301697032,-9.275387747249768,10.143895222356734,19.17192060778479,64.55292709761392,134.46494806162863,0.8002796207212459,37611.737308109514,1.0142522420245716,13581.08,-767765.8432086282,797573.5054029961,533.2265433533413
5,14.0,1.048,0.309,-2.07,-2.0,-525.0511626051803,509.7251616727302,1845.0540072181927,-91.68721995934045,93.98936213151524,264.9674648974632,-10.012955734805201,10.509971578006246,19.090844699575403,63.639521346540576,134.28964508918742,0.8689879341011446,43022.09908663675,0.9839435904960719,13401.47,-767765.8432086282,797573.5054029961,533.2265433533413
5,15.0,1.048,0.309,-2.07,-2.0,-621.7285159090967,608.9467048492836,2119.6297953977414,-101.65710249859056,104.49897746476488,284.2201935226904,-10.019370052514619,10.79719880412562,19.277268819200742,62.84484879687338,134.21022397813778,0.9386708231801464,48587.93249586929,0.9523747645672129,13221.86,-767765.8432086282,797573.5054029961,533.2265433533413
5,16.0,1.048,0.309,-2.07,-2.0,-728.5231384206209,718.9925217281968,2413.437147671167,-112.0573698104328,115.67655191477614,303.3675990629474,-10.698903358785996,11.281485839389466,19.150294212615723,62.036951619731994,134.08952340680784,1.0093075160874412,54249.34905594401,0.9197157296237668,13042.25,-767765.8432086282,797573.5054029961,533.2265433533413
5,17.0,1.048,0.309,-2.07,-2.0,-845.9255040593462,840.3015201846687,2726.435077170899,-122.75274100684136,126.99829164005665,322.65449242495055,-10.802390249879243,11.62718259724058,19.278845561407923,61.30300713110092,134.02611531339102,1.0809144417891041,59949.56845075324,0.8861546482974038,12862.63,-767765.8432086282,797573.5054029961,533.2265433533413
5,18.0,1.048,0.309,-2.07,-2.0,-974.1995971637375,973.2161400474945,3058.6938277637037,-133.88231826118843,138.8658018968709,341.8677392501186,-11.285725486028863,11.883920896558163,19.303439536551824,60.56672487049425,133.95324370549557,1.1534894694466578,65628.60062033184,0.8518673504682223,12683.02,-767765.8432086282,797573.5054029961,533.2265433533413
5,19.0,1.048,0.309,-2.07,-2.0,-1113.7378729815396,1118.0824064901408,3410.2368344650963,-145.25026244647734,150.9714827843272,361.205974725554,-11.614950313318865,12.435559946531255,19.263568802264864,59.88626622242503,133.89352813059318,1.2270470381807779,71228.87601322957,0.817033315483921,12503.41,-767765.8432086282,797573.5054029961,533.2265433533413
5,20.0,1.048,0.309,-2.07,-2.0,-1264.868043538673,1275.2998598865336,3781.088335768407,-157.04489658133633,163.47582479799144,380.53294937302337,-11.86338645173931,12.584212276672694,19.43156927657971,59.21724129891696,133.85057162010244,1.3016060267027363,76694.57604087777,0.7818287685809794,12323.8,-767765.8432086282,797573.5054029961,533.2265433533413
5,21.0,1.048,0.309,-2.07,-2.0,-1427.9093243952452,1445.168428098149,4171.323515483632,-169.12207150001862,176.3485168584349,399.9217264656196,-12.319946945556826,13.06316772632136,19.377831748349422,58.57654488813436,133.8016796180716,1.3771848852830673,81971.35927360013,0.7464208100399123,12144.19,-767765.8432086282,797573.5054029961,533.2265433533413
5,22.0,1.048,0.309,-2.07,-2.0,-1603.2220732396904,1628.0712262719699,4580.970493381121,-181.5352307234818,189.50911789022203,419.39545498600745,-12.548358792087186,13.378766084973778,19.49942251610137,57.96452628114153,133.76888094638906,1.4538159212725061,87009.6326890651,0.7109754281258958,11964.58,-767765.8432086282,797573.5054029961,533.2265433533413
5,23.0,1.048,0.309,-2.07,-2.0,-1791.1113182300335,1824.3411044927818,5010.110988355023,-194.30707242015072,203.0739627614122,438.9011856688205,-12.919817529310501,13.667551009810817,19.58540624884125,57.3657157263621,133.73616428144734,1.5315308078888064,91762.52739252227,0.675647212608515,11784.96,-767765.8432086282,797573.5054029961,533.2265433533413
5,24.0,1.048,0.309,-2.07,-2.0,-1991.920023003116,2034.3141580249867,5458.821712239397,-207.37133425024115,216.95105944016032,458.5227865045698,-13.27251714150536,14.102658442506083,19.62437733434007,56.793981347708424,133.70668009820312,1.610370031287477,96188.07610706826,0.6405838365594864,11605.35,-767765.8432086282,797573.5054029961,533.2265433533413
5,25.0,1.048,0.309,-2.07,-2.0,-2205.9817526779498,2258.355195792979,5927.183483991791,-220.79453452755172,231.17370326549687,478.23174051854437,-13.552168467433805,14.384874125105126,19.78628623703171,56.239247513760425,133.6844693739342,1.6903807362693557,100249.30151240512,0.6059243186934663,11425.74,-767765.8432086282,797573.5054029961,533.2265433533413
5,26.0,1.048,0.309,-2.07,-2.0,-2433.6198836354847,2496.79708191326,6415.3143065488875,-234.54945514367716,245.77146612456394,498.0435938933492,-13.93855374819129,14.751215098486204,19.878944913034218,55.70089802474707,133.66160959010355,1.771613739327437,103913.7710860818,0.5717960145457576,11246.13,-767765.8432086282,797573.5054029961,533.2265433533413
5,27.0,1.048,0.309,-2.07,-2.0,-2675.1834671008774,2749.9976710236883,6923.3284117988005,-248.63128979906602,260.697341629026,518.0055032693554,-14.264806825184321,15.140393984414228,20.010172124943978,55.18303055564234,133.64291045960508,1.8541282489263238,107154.82973466144,0.5383172622158325,11066.52,-767765.8432086282,797573.5054029961,533.2265433533413
5,28.0,1.048,0.309,-2.07,-2.0,-2931.010823600485,3018.3201564853566,7451.364639542568,-263.07769350532664,275.9975711165397,538.1007890784169,-14.599445310595373,15.460458458998321,20.198534565511274,54.67896678517392,133.62706968556586,1.9379886259281616,109950.9838870269,0.5055949992256985,10886.9,-767765.8432086282,797573.5054029961,533.2265433533413
5,29.0,1.048,0.309,-2.07,-2.0,-3201.4497244564877,3302.120188634585,7999.587093269809,-277.86682303800416,291.6711707122043,558.3669933541058,-14.986097347864138,15.8615099939603,20.348309220964957,54.1908559712326,133.61154823567466,2.0232649438203607,112285.96231170664,0.47372472163055723,10707.29,-767765.8432086282,797573.5054029961,533.2265433533413
5,30.0,1.048,0.309,-2.07,-2.0,-3486.8638241833482,3601.777753165019,8568.167956576854,-293.0174202801396,307.7082113586451,578.8303808456785,-15.331169381108886,16.244664971281942,20.55895786215915,53.718586153768186,133.59910657176653,2.110034321098913,114149.02477102017,0.442791488428673,10527.68,-767765.8432086282,797573.5054029961,533.2265433533413
5,31.0,1.048,0.309,-2.07,-2.0,-3787.614995807229,3917.6747621961626,9157.310417042798,-308.5485961579809,324.1463805706173,599.4940518987423,-15.712953105981615,16.61831663889854,20.790790206701754,53.25887350365988,133.5877772634792,2.198379180080016,115534.32762189464,0.4128686753915045,10348.07,-767765.8432086282,797573.5054029961,533.2265433533413
5,32.0,1.048,0.309,-2.07,-2.0,-4104.082386311921,4250.201263096174,9767.239032155292,-324.4536899581897,340.97981037434204,620.4000377233418,-16.112519898487232,17.04737083630152,21.02027664438818,52.813574695778684,133.57734491797623,2.2883881556402863,116440.9557538212,0.38401879140116263,10168.46,-767765.8432086282,797573.5054029961,533.2265433533413
5,33.0,1.048,0.309,-2.07,-2.0,-4436.6572176510535,4599.7687283926525,10398.197433857118,-340.75932355766577,358.2222033221656,641.5658043157104,-16.49958872894855,17.45468990701769,21.30816779295501,52.38113393239252,133.56885886339043,2.380156114486879,116872.71006234732,0.3562938494447897,9988.85,-767765.8432086282,797573.5054029961,533.2265433533413
5,34.0,1.048,0.309,-2.07,-2.0,-4785.738583014523,4966.793917431923,11050.462240394672,-357.4756362179773,375.9004325907995,663.0129823137067,-16.93089057267468,17.89231462720984,21.608457879761346,51.960509562185216,133.5608460710563,2.4737850967225135,116837.71452487352,0.32973512515779624,9809.23,-767765.8432086282,797573.5054029961,533.2265433533413
5,35.0,1.048,0.309,-2.07,-2.0,-5151.756988205841,5351.723678900803,11724.35125222331,-374.641708922106,394.046479325241,684.8352155353429,-17.4143590151862,18.411298304722543,22.030914967030508,51.552547579624836,133.55393203275497,2.569586475440009,116366.27319128317,0.3043734363823621,9629.62,-767765.8432086282,797573.5054029961,533.2265433533413
5,36.0,1.048,0.309,-2.07,-2.0,-5535.191115185106,5755.061968203103,12420.277414186265,-392.3103689679838,412.71595910022126,707.096306543347,-17.91916021834429,18.93149188007414,22.501985460435716,51.15561665614254,133.54799296366974,2.667850500852842,115485.77966900659,0.2802280661254754,9450.01,-767765.8432086282,797573.5054029961,533.2265433533413
5,37.0,1.048,0.309,-2.07,-2.0,-5936.548954718719,6177.338014027178,13138.704849109803,-410.49585655885363,431.9310741460012,729.8396393757471,-18.459209194618285,19.497900048916506,22.99227330470019,50.77003265547062,133.5424462190665,2.7687277945678916,114211.63379252661,0.25730955908553826,9270.4,-767765.8432086282,797573.5054029961,533.2265433533413
5,38.0,1.048,0.309,-2.07,-2.0,-6356.36516724981,6619.111944751038,13880.13077950759,-429.22779731160307,451.7132707123526,753.1035067445598,-19.009859752817416,20.07833615476733,23.537246697528357,50.395443684794145,133.53787829385215,2.872375317780162,112561.59772168448,0.23562098869792444,9090.79,-767765.8432086282,797573.5054029961,533.2265433533413
5,39.0,1.048,0.309,-2.07,-2.0,-6795.195878458889,7080.966794558121,14645.095813345195,-448.53241471318245,472.09824017395465,776.9224144635455,-19.600317854087958,20.689506663515374,24.11359647837701,50.03108210217028,133.53369258796567,2.978956445402251,110555.4395447793,0.21515820179084888,8911.17,-767765.8432086282,797573.5054029961,533.2265433533413
5,40.0,1.048,0.309,-2.07,-2.0,-7253.6279067805945,7563.514936124994,15434.177885917108,-468.4332582628477,493.1061402362527,801.3447823434412,-20.211081865943072,21.33635521943556,24.7322886685329,49.67734046927213,133.53012589036106,3.088641268559809,108214.82203132543,0.19591058757552862,8731.56,-767765.8432086282,797573.5054029961,533.2265433533413
5,41.0,1.048,0.309,-2.07,-2.0,-7732.273762895806,8067.399899730597,16247.996984132287,-488.96556126301925,514.7745380142796,826.4048560776914,-20.854019852804697,22.003428923521852,25.39926436631822,49.333262809082456,133.5270891522978,3.2016069038120594,105563.04703622957,0.17786151995980964,8551.95,-767765.8432086282,797573.5054029961,533.2265433533413
5,42.0,1.048,0.309,-2.07,-2.0,-8231.776806721327,8593.293288880981,17087.21729645626,-510.1534683097145,537.1314170013479,852.1523859319317,-21.53061320264119,22.71608841902303,26.10116276233752,48.99911385901274,133.52439306804106,3.3180375060898872,102624.82006865836,0.1609888968487728,8372.34,-767765.8432086282,797573.5054029961,533.2265433533413
5,43.0,1.048,0.309,-2.07,-2.0,-8752.812265792574,9141.903738785433,17952.54433273321,-532.0346584285944,560.2117086781554,878.6283633798586,-22.235068817132106,23.451534245785272,26.8592926859396,48.67432454321556,133.52224908684173,3.4381250294590067,99426.12817191896,0.14526577084328657,8192.73,-767765.8432086282,797573.5054029961,533.2265433533413
5,44.0,1.048,0.309,-2.07,-2.0,-9296.086785420253,9713.970303782537,18844.732941855535,-554.6388415272347,584.0520139119222,905.8810763958273,-22.98071511184081,24.23343463535345,27.654408277705706,48.358795394485014,133.5203394160184,3.5620694494870015,95993.94467358434,0.13066075720904802,8013.12,-767765.8432086282,797573.5054029961,533.2265433533413
5,45.0,1.048,0.309,-2.07,-2.0,-9862.34393734242,10310.272259960737,19764.581547542417,-578.0044480338822,608.6869187972038,933.9587563189865,-23.75575658417772,25.045115292904775,28.50850782648646,48.052295753685144,133.51892029641346,3.6900793263249136,92356.12077376156,0.11713869347013502,7833.5,-767765.8432086282,797573.5054029961,533.2265433533413
5,46.0,1.048,0.309,-2.07,-2.0,-10452.361157532281,10931.623730273952,20712.941529911273,-602.1670112892751,634.1594420323408,962.9102253357895,-24.576457025094395,25.90415571819682,29.404562191579995,47.754519088510335,133.51768740143532,3.8223726144888195,88541.10529514965,0.10466102768198865,7653.89,-767765.8432086282,797573.5054029961,533.2265433533413
5,47.0,1.048,0.309,-2.07,-2.0,-11066.957133953218,11578.882066811584,21690.71171655814,-627.166979161289,660.5062418144392,992.7900797969606,-25.43029632181213,26.799586711081183,30.3623513569984,47.465413869462694,133.51688118572608,3.959177426591767,84577.82239692016,0.0931864285697462,7474.28,-767765.8432086282,797573.5054029961,533.2265433533413
5,48.0,1.048,0.309,-2.07,-2.0,-11706.987962613895,12252.944329313636,22698.847850242186,-653.0455027655819,687.7759287906534,1023.6495675134043,-26.333784775024565,27.74454797415832,31.368194736726327,47.18457454638083,133.51623644012346,4.100732712341961,80495.37450823191,0.08267117254610272,7294.67,-767765.8432086282,797573.5054029961,533.2265433533413
5,49.0,1.048,0.309,-2.07,-2.0,-12373.355437932143,12954.754603065656,23738.35790992621,-679.8462402452058,716.0091976309388,1055.5492159078628,-27.27587182365824,28.732697177593327,32.439023801553496,46.912025188921604,133.51594843096592,4.247289542325818,76322.91225106084,0.07306969493853462,7115.06,-767765.8432086282,797573.5054029961,533.2265433533413
5,50.0,1.048,0.309,-2.07,-2.0,-13067.00349693225,13685.302115058388,24810.3113994952,-707.6159246959886,745.2594716037452,1088.5453166825007,-28.27117390340583,29.774190434200758,33.56536371142093,46.64736642517632,133.5158163381659,4.3991125389636805,72089.35523303052,0.06433496870434145,6935.44,-767765.8432086282,797573.5054029961,533.2265433533413
5,51.0,1.048,0.309,-2.07,-2.0,-13788.926392483461,14445.627909190382,25915.836230818477,-736.4032492401466,775.5738847211387,1122.7038729875105,-29.3123650553382,30.86540135209654,34.761568063288124,46.39059257847059,133.51597610661875,4.556480768592746,67823.20461536988,0.05641899171078258,6755.83,-767765.8432086282,797573.5054029961,533.2265433533413
5,52.0,1.048,0.309,-2.07,-2.0,-14540.16659289202,15236.824137361678,27056.12777728885,-766.2604664629118,807.0105686519291,1158.0888655855497,-30.411500490231106,32.016435447389604,36.0208475588466,46.141386797562376,133.5162842917485,4.719690018549948,63552.2852027854,0.04927314886084125,6576.22,-767765.8432086282,797573.5054029961,533.2265433533413
5,53.0,1.048,0.309,-2.07,-2.0,-15321.822611401247,16060.041437821978,28232.446850042314,-797.2436973711609,839.6250681434817,1194.772209225496,-31.564113427415876,33.22304380120453,37.35865630632946,45.89965166143754,133.51684428161423,4.889054637094553,59303.55622960961,0.0428486411074401,6396.61,-767765.8432086282,797573.5054029961,533.2265433533413
5,54.0,1.048,0.309,-2.07,-2.0,-16135.048309205597,16916.48790138784,29446.130200021693,-829.4104436900642,873.4805823839442,1232.8293819486537,-32.7810743602027,34.49961134865387,38.76798261787232,45.66523737950232,133.51753904344739,5.064909738951318,55102.829921439436,0.03709681126124761,6217.0,-767765.8432086282,797573.5054029961,533.2265433533413
5,55.0,1.048,0.309,-2.07,-2.0,-16981.06042049109,17807.439021413127,30698.589018500286,-862.8276162949487,908.6451066679987,1272.3373800339525,-34.06347155442854,35.839795995719285,40.2642146296406,45.4378271061125,133.51842838862893,5.2476141513210415,50974.59718694589,0.03196951964834935,6037.38,-767765.8432086282,797573.5054029961,533.2265433533413
5,56.0,1.048,0.309,-2.07,-2.0,-17861.14166729484,18734.23663679308,31991.319406894352,-897.5596844494971,945.185967857297,1313.387995108721,-35.41351479687548,37.256743051594604,41.85067046191109,45.21752431718932,133.51950393529359,5.437553325095927,46941.76748973016,0.027419433474711943,5857.77,-767765.8432086282,797573.5054029961,533.2265433533413
5,57.0,1.048,0.309,-2.07,-2.0,-18776.64360315863,19698.297905162075,33325.90778376852,-933.6833286613402,983.1870627012222,1356.067580889482,-36.847870284706644,38.75779376273862,43.52606531281881,45.00387899983206,133.5206486934298,5.635143523569927,43025.47960832734,0.023400323109573108,5678.16,-767765.8432086282,797573.5054029961,533.2265433533413
5,58.0,1.048,0.309,-2.07,-2.0,-19728.999303381992,20701.123270736105,34704.03231489658,-971.2795563030185,1022.7262682736787,1400.4806208517336,-38.35670461852872,40.335778723847625,45.3199583988214,44.79690959487687,133.52205764657708,5.840836108022094,39244.936096011734,0.01986733812767383,5498.55,-767765.8432086282,797573.5054029961,533.2265433533413
5,59.0,1.048,0.309,-2.07,-2.0,-20719.72024827913,21744.294126170207,36127.48444450985,-1010.4298447511218,1063.896950275719,1446.7392042772644,-39.96302306159676,42.02439150317103,47.213404772558356,44.596566313886264,133.52349141231107,6.055122126487478,35617.159421476885,0.016777203170968587,5318.94,-767765.8432086282,797573.5054029961,533.2265433533413
5,60.0,1.048,0.309,-2.07,-2.0,-21750.412575663282,22829.49656686729,37598.16148419219,-1051.239650592795,1106.8047794253948,1494.9523794362087,-41.67122361135292,43.80570303487943,49.239712368980555,44.402279935578164,133.52507943413983,6.27853968276978,32156.948068430625,0.014088463616330175,5139.33,-767765.8432086282,797573.5054029961,533.2265433533413
5,61.0,1.048,0.309,-2.07,-2.0,-22822.784316037512,23958.514756885903,39118.0902771155,-1093.8049560634454,1151.547736452841,1545.267367543527,-43.47938186124415,45.7043075970671,51.41112632904172,44.21449785341215,133.5268734921363,6.511680274928705,28876.688826975398,0.011761625677831497,4959.71,-767765.8432086282,797573.5054029961,533.2265433533413
5,62.0,1.048,0.309,-2.07,-2.0,-23938.647267214827,25133.249063153955,40689.440937770654,-1138.2449599443414,1198.2606942397836,1597.8179687004167,-45.424042241864974,47.74261026513723,53.716690691472095,44.03263682078124,133.52861801271277,6.755197515092596,25786.28595194029,0.009759302690451891,4780.1,-767765.8432086282,797573.5054029961,533.2265433533413
5,63.0,1.048,0.309,-2.07,-2.0,-25099.94442945675,26355.735682140657,42314.52507409347,-1184.694756413926,1247.0727807460948,1652.7663856037118,-47.49597912177276,49.90472687210055,56.21448292648486,43.85658854331255,133.53061038986604,7.009817898515849,22893.17787548375,0.008046346083185392,4600.49,-767765.8432086282,797573.5054029961,533.2265433533413
5,64.0,1.048,0.309,-2.07,-2.0,-26308.750019785173,27628.142165766567,43995.83827575399,-1233.2862610102848,1298.1292964217048,1710.3068091947866,-49.71703174986284,52.24126590392379,58.894349215556076,43.68666073626642,133.53267078501247,7.276353156603743,20202.254370772534,0.0065898934692348934,4420.88,-767765.8432086282,797573.5054029961,533.2265433533413
5,65.0,1.048,0.309,-2.07,-2.0,-27567.288728386582,28952.804829587403,45736.062695883484,-1284.1928481908153,1351.6158286316297,1770.6222084252247,-52.125995327493634,54.758297730037086,61.77900072242752,43.52206738046986,133.53471534842154,7.5557148367622,17715.953134613228,0.005359441105529176,4241.27,-767765.8432086282,797573.5054029961,533.2265433533413
5,66.0,1.048,0.309,-2.07,-2.0,-28877.967204705918,30332.24086921125,47538.08958426594,-1337.5939750759858,1407.706013839012,1833.9583126406292,-54.707647340917624,57.461277674906626,64.93658589802564,43.363202152453105,133.53704480404613,7.848932574630388,15434.337995281245,0.00432686063766912,4061.65,-767765.8432086282,797573.5054029961,533.2265433533413
5,67.0,1.048,0.309,-2.07,-2.0,-30243.37390475825,31769.16084039765,49405.07229705065,-1393.6896704747753,1466.6287144958249,1900.5733444852938,-57.52961298858431,60.42704551430987,68.3373134413597,43.209848585946325,133.53925565889216,8.157176595332743,13355.175281057544,0.003466378328265155,3882.04,-767765.8432086282,797573.5054029961,533.2265433533413
5,68.0,1.048,0.309,-2.07,-2.0,-31666.330330712437,33266.52611927698,51340.42260978178,-1452.734613349083,1528.6342573553854,1970.7523556856454,-60.59727039066677,63.62500304908165,72.08920455330696,43.06151660335147,133.54167989997285,8.481785401033488,11474.16657089139,0.0027545628596909316,3702.43,-767765.8432086282,797573.5054029961,533.2265433533413
5,69.0,1.048,0.309,-2.07,-2.0,-33149.907973420144,34827.54603433524,53347.89013529238,-1514.979771453004,1593.9953837412745,2044.8661161199652,-63.95271550580272,67.16074064361075,76.1851550819317,42.91884211973777,133.54412258905666,8.824299129156515,9785.0721456436,0.0021702496080120053,3522.82,-767765.8432086282,797573.5054029961,533.2265433533413
5,70.0,1.048,0.309,-2.07,-2.0,-34697.49315100941,36455.77810310027,55431.609756328224,-1580.7665801627754,1663.0674063340048,2123.2790636049117,-31.88841468104872,33.299799803089996,32.62281069616699,42.780793851408625,133.54663383036493,9.186507808531339,8279.964684561666,0.0016944692222763535,3343.21,-767765.8432086282,797573.5054029961,533.2265433533413
5,71.0,1.048,0.309,-2.07,-2.0,-36278.12437879309,38118.539619376934,57549.58003764023,-1580.5186652202458,1662.4802584960373,2112.6943386591274,0.18091659780727753,-0.514991639349934,-10.489482201123883,42.64550377721176,133.5522493189475,9.164121367531425,6407.175771213093,0.0013176227093667347,3343.21,-767765.8432086282,797573.5054029961,533.2265433533413
5,72.0,1.048,0.309,-2.07,-2.0,-37858.57219217733,39780.78308697405,59657.05708384943,-1580.3945828389244,1662.0252953697723,2102.284880787609,0.07249557688034544,-0.40027029463220115,-10.334882765353518,42.50967706897428,133.55783405413246,9.142526688435224,4964.963539730264,0.001025863758684646,3343.21,-767765.8432086282,797573.5054029961,533.2265433533413
5,73.0,1.048,0.309,-2.07,-2.0,-39438.94500457354,41442.6239320823,61754.19611428321,-1580.3646840850588,1661.6712413445448,2092.0134038955166,-0.009434201151898507,-0.3112290370671484,-10.21364701551029,42.37337219290486,133.56338844005003,9.121556596692043,3852.594889041786,0.0007996897459973487,3343.21,-767765.8432086282,797573.5054029961,533.2265433533413
5,74.0,1.048,0.309,-2.07,-2.0,-41019.32590599558,43104.15192847322,63841.11919588352,-1580.4078522419795,1661.3962373179506,2081.8482122482624,-0.07413244989199654,-0.2419470358883347,-10.120325704321075,42.23655695064268,133.56890561163542,9.101082534520165,2993.369318798728,0.0006241375254069232,3343.21,-767765.8432086282,797573.5054029961,533.2265433533413
5,75.0,1.048,0.309,-2.07,-2.0,-42599.77957992196,44765.43659830532,65917.9204650142,-1580.5075569746016,1661.1818272595333,2071.76668883244,-0.12295429478038308,-0.18909091852880117,-10.045499450605913,42.09924622999365,133.57440341874124,9.08100616667889,2328.7505901590175,0.00048770940907651075,3343.21,-767765.8432086282,797573.5054029961,533.2265433533413
5,76.0,1.048,0.309,-2.07,-2.0,-44180.355240257144,46426.53121688637,67984.67481538013,-1580.6500147693662,1661.0143451606043,2061.7518166975246,-0.16045458343277427,-0.14750250543903237,-9.986707258545836,41.96145995839339,133.57986716712605,9.061251873657078,1813.971630336867,0.0003815576655015598,3343.21,-767765.8432086282,797573.5054029961,533.2265433533413
5,77.0,1.048,0.309,-2.07,-2.0,-45761.09075100758,48087.477633671784,70041.4415015725,-1580.825794955336,1660.8837710153734,2051.789070677771,-0.18989790448037552,-0.11501933644584157,-9.940473462115666,41.8231782516157,133.5852983268853,9.041761254222816,1414.7325892903316,0.0002988645366433822,3343.21,-767765.8432086282,797573.5054029961,533.2265433533413
5,78.0,1.048,0.309,-2.07,-2.0,-47342.01548426478,49748.30829904967,72088.26685570228,-1581.027483509379,1660.7817839058657,2041.867972111132,-0.21240293414409347,-0.09006665850508268,-9.902992840354944,41.684401421212755,133.59070572696922,9.02248960638262,1104.7093575198141,0.00023436963806201997,3343.21,-767765.8432086282,797573.5054029961,533.2265433533413
5,79.0,1.048,0.309,-2.07,-2.0,-48923.152228072366,51409.04851814214,74125.18878091383,-1581.2487361140097,1660.7017750741973,2031.9808281310761,-0.22932806971052916,-0.07072138837177651,-9.872292263705512,41.54514155362534,133.59608816014963,9.003402013218043,863.6669674459623,0.0001840090241872586,3343.21,-767765.8432086282,797573.5054029961,533.2265433533413
5,80.0,1.048,0.309,-2.07,-2.0,-50504.51789393567,53069.71759630489,76152.23782173837,-1581.48478259594,1660.6389644290207,2022.1215039524538,-0.24217954248421097,-0.05551103441704902,-9.847207452951917,41.40540075860505,133.60144147946122,8.984471883865972,676.0287069023609,0.00014463923889037423,3343.21,-767765.8432086282,797573.5054029961,533.2265433533413
5,81.0,1.048,0.309,-2.07,-2.0,-52086.125507639656,54730.33091196104,78169.43930752383,-1581.7321040931479,1660.5896852414394,2012.2849396827478,-0.252018168317633,-0.043533498334033714,-9.826585244374138,41.26517404853861,133.60676505560926,8.96567839813036,529.7869730443275,0.00011382589128714317,3343.21,-767765.8432086282,797573.5054029961,533.2265433533413
5,82.0,1.048,0.309,-2.07,-2.0,-53667.98501902561,56390.90057249415,80176.81409861824,-1581.9880136978877,1660.5510093921428,2002.4670959790878,-0.2594891375112144,-0.03415969546849328,-9.809940708049643,41.12445587078552,133.61206062856198,8.947005172730629,415.67329215301015,8.9681495481864e-05,3343.21,-767765.8432086282,797573.5054029961,533.2265433533413
5,83.0,1.048,0.309,-2.07,-2.0,-55250.103772138464,58051.435794425095,82174.37782595486,-1582.2504228239006,1660.5206517347485,1992.661886318284,-0.26504701563076855,-0.026856697080623448,-9.801016807669132,40.9831996196245,133.6173297162424,8.928433837862396,326.5240238747661,7.074091417465315e-05,3343.21,-767765.8432086282,797573.5054029961,533.2265433533413
5,84.0,1.048,0.309,-2.07,-2.0,-56832.4874411471,59711.944020053874,84162.14041750635,-1582.5175976664004,1660.4967591922582,1982.8644570720028,-0.26907404361890597,-0.02116694898421176,-9.794114432612918,40.841367898453214,133.62257283479636,8.909949705932366,256.79610583337853,5.586554320212588e-05,3343.21,-767765.8432086282,797573.5054029961,533.2265433533413
5,85.0,1.048,0.309,-2.07,-2.0,-58415.14011578943,61372.43102591542,86140.10882873255,-1582.788161689774,1660.4778953920131,1973.073148514068,-0.2719001223738475,-0.016719111016066966,-9.788693907388405,40.698961169061434,133.62778980198027,8.891545489283889,202.19525944049917,4.416950754478315e-05,3343.21,-767765.8432086282,797573.5054029961,533.2265433533413
5,86.0,1.048,0.309,-2.07,-2.0,-59998.06460683395,63032.90123929953,88108.2884552398,-1583.0610616969,1660.4629752393103,1963.28664376451,-0.2737969145935534,-0.013227483097620119,-9.784447772096675,40.55597850051729,133.63298024511352,8.873215620520789,159.39032498994823,3.4962782094803235e-05,3343.21,-767765.8432086282,797573.5054029961,533.2265433533413
5,87.0,1.048,0.309,-2.07,-2.0,-61581.26278009584,64693.35806837466,90066.68344049272,-1583.3355059689322,1660.4511824695671,1953.5039299271334,-0.27497679912435485,-0.010477220610123794,-9.781129874224193,40.41241838859404,133.6381438984338,8.854955951693851,125.79425393980709,2.770729258979191e-05,3343.21,-767765.8432086282,797573.5054029961,533.2265433533413
5,88.0,1.048,0.309,-2.07,-2.0,-63164.73589672547,66353.80439291698,92015.29726034326,-1583.6108367676636,1660.4418342962692,1943.7241483076573,-0.2756021468757259,-0.00830577091578574,-9.77854274792617,40.26827897433365,133.6432806274452,8.836763053650161,99.39556871587557,2.1982986856272858e-05,3343.21,-767765.8432086282,797573.5054029961,533.2265433533413
5,89.0,1.048,0.309,-2.07,-2.0,-64748.48458102011,68014.24237540191,93954.13249183932,-1583.8865679973262,1660.4344209115134,1933.946655702471,-0.27579591907692885,-0.006589101689310258,-9.776527815804355,40.123558319837514,133.64839042631002,8.818634455173466,78.62854927005223,1.7461585651938174e-05,3343.21,-767765.8432086282,797573.5054029961,533.2265433533413
5,90.0,1.048,0.309,-2.07,-2.0,-66332.5090340691,69674.67373993297,95883.19115967491,-1584.1623171127756,1660.428537725211,1924.1709453836445,-0.2756517812800237,-0.005231014308610026,-9.774959340136137,39.9782545062225,133.65347335278736,8.800568277499613,62.27306725169892,1.3886248136277781e-05,3343.21,-767765.8432086282,797573.5054029961,533.2265433533413
5,91.0,1.048,0.309,-2.07,-2.0,-67916.80911747673,71335.09985066665,97802.47484026194,-1584.4377838107846,1660.423865379011,1914.3966222809038,-0.2752418058184227,-0.004156126985927641,-9.773738655076272,39.83236567415994,133.65852948609145,8.782563121585538,49.37723988025393,1.1055804428569285e-05,3343.21,-767765.8432086282,797573.5054029961,533.2265433533413
5,92.0,1.048,0.309,-2.07,-2.0,-69501.3844254366,72995.52178762066,99711.9847608401,-1584.7127313609294,1660.4201514836022,1904.6233785731404,-0.27462201098269273,-0.003305027729480803,-9.77278889974681,39.68589002261234,133.66355890314432,8.76461796304616,39.19762714094313,8.812515498235022e-06,3343.21,-767765.8432086282,797573.5054029961,533.2265433533413
5,93.0,1.048,0.309,-2.07,-2.0,-71086.23432457514,74655.94041828508,101611.72188964597,-1584.9869696023093,1660.4171932650584,1894.8509704113583,-0.2738362743515155,-0.002630784093500009,-9.772050421636257,39.538825792084104,133.66856166961156,8.746732053352853,31.152941360719304,7.032561032701389e-06,3343.21,-767765.8432086282,797573.5054029961,533.2265433533413
5,94.0,1.048,0.309,-2.07,-2.0,-72671.35805985988,76316.35639116834,103501.68693717728,-1585.2603566964142,1660.4148396937503,1885.0792184172064,-0.272919149642724,-0.0020962921987686452,-9.771476994089921,39.391171261403315,133.67353783408007,8.728904926862707,24.788176997667367,5.6186393886891935e-06,3343.21,-767765.8432086282,797573.5054029961,533.2265433533413
5,95.0,1.048,0.309,-2.07,-2.0,-74256.7547092131,77976.77025717833,105381.880495546,-1585.5327730118404,1660.4129636657858,1875.3079731538608,-0.27189791821568043,-0.0016722550077674636,-9.771032739320052,39.24292472128079,133.678487435369,8.711136249672201,19.746781803248414,4.494204308651587e-06,3343.21,-767765.8432086282,797573.5054029961,533.2265433533413
5,96.0,1.048,0.309,-2.07,-2.0,-75842.42323692668,79637.18244739977,107252.30301654249,-1585.8041243877826,1660.411465409751,1865.5371184196806,-0.2707941548909716,-0.0013355417030214661,-9.770689774856235,39.094084477230325,133.68341050233704,8.693425836429462,15.749046061122485,3.5989717992411016e-06,3343.21,-767765.8432086282,797573.5054029961,533.2265433533413
5,97.0,1.048,0.309,-2.07,-2.0,-77428.36254209549,81297.5932968906,109112.95484141739,-1586.0743376196765,1660.4102675739653,1855.7665648018165,-0.26962493573679125,-0.0010678997456917089,-9.770426384036867,38.944648846302954,133.6883070566878,8.675773623133127,12.575300241439177,2.8854133539757417e-06,3343.21,-767765.8432086282,797573.5054029961,533.2265433533413
5,98.0,1.048,0.309,-2.07,-2.0,-79014.57149662857,82958.00306664866,110963.83622743996,-1586.343356182728,1660.4093105819697,1845.996243859405,-0.2684037791762167,-0.0008549302838044567,-9.770225610335944,38.794616156281435,133.69317711553336,8.658179641934094,10.052837611144843,2.316016130723003e-06,3343.21,-767765.8432086282,797573.5054029961,533.2265433533413
5,99.0,1.048,0.309,-2.07,-2.0,-80601.04884577292,84618.41197945135,112804.9473853391,-1586.611131869393,1660.4085437374965,1836.2260976671114,-0.26714138539203447,-0.0006852740968041457,-9.770074179632806,38.6439847434863,133.6980206936012,8.64064397390582,8.04572500251342,1.8611400725463641e-06,3343.21,-767765.8432086282,797573.5054029961,533.2265433533413
5,100.0,1.048,0.309,-2.07,-2.0,-82187.79333351801,86278.82020424015,114636.28846595043,-1586.8776281394048,1660.4079286978272,1826.4560826532593,-0.2658462294907524,-0.0005499645435259789,-9.76996168337354,38.49275295712567,133.70283780364758,8.623166767153867,6.446855607079561,1.497340151132323e-06,3343.21,-767765.8432086282,797573.5054029961,533.2265433533413
5,101.0,1.048,0.309,-2.07,-2.0,-83774.80366474259,87939.22787691512,116457.85958243637,-1587.1428157144414,1660.4074347931648,1816.686164133563,-0.2645250246398361,-0.0004419198922092048,-9.769879942314091,38.34091915946251,133.70762845751335,8.605748212022291,5.171743506811222,1.2060513655715584e-06,3343.21,-767765.8432086282,797573.5054029961,533.2265433533413
5,102.0,1.048,0.309,-2.07,-2.0,-85362.07849142268,89599.63510757788,118269.66081806015,-1587.4066709157175,1660.4070372566148,1806.9163142403493,-0.2631830906473988,-0.0003555424876616234,-9.769822518020788,38.18848172725944,133.71239266654544,8.588388531713461,4.15367323659181,9.725569887644473e-07,3343.21,-767765.8432086282,797573.5054029961,533.2265433533413
5,103.0,1.048,0.309,-2.07,-2.0,-86949.61649959792,91260.0419805082,120071.69222873538,-1587.6691757016813,1660.4067172411778,1797.1465118794795,-0.26182464597438865,-0.00028640358993875623,-9.76978433488841,38.03543905379869,133.71713044189528,8.571087982289578,3.3399044247839194,7.851781948118114e-07,3343.21,-767765.8432086282,797573.5054029961,533.2265433533413
5,104.0,1.048,0.309,-2.07,-2.0,-88537.41633080969,92920.4485653186,121863.9538531727,-1587.9303152758903,1660.4064593052362,1787.3767398636614,-0.2604530374766766,-0.00023099570975203192,-9.769761385522031,37.88178954950314,133.7218417946585,8.553846839439975,2.6886988324692087,6.346368951437655e-07,3343.21,-767765.8432086282,797573.5054029961,533.2265433533413
5,105.0,1.048,0.309,-2.07,-2.0,-90125.47661375016,94580.85491776656,123646.44571471869,-1588.1900778409647,1660.4062511478662,1777.606984588838,-0.25907092273787774,-0.0001865379342019358,-9.769750501967273,37.72753164331077,133.7265267359526,8.536665397050541,2.1669891531748737,5.135542369739713e-07,3343.21,-767765.8432086282,797573.5054029961,533.2265433533413
5,106.0,1.048,0.309,-2.07,-2.0,-91713.79596656591,96241.26108258545,125419.16782456996,-1588.448453976888,1660.4060829543382,1767.837235279373,-0.2576804138193766,-0.0001508229361744899,-9.76974917680109,37.572663783698985,133.73118527695038,8.519543963739029,1.74854908860357,4.160554639856413e-07,3343.21,-767765.8432086282,797573.5054029961,533.2265433533413
5,107.0,1.048,0.309,-2.07,-2.0,-93302.37299895755,97901.66709570921,127182.1201842996,-1588.7054361534583,1660.405946884007,1758.0674833991243,-0.2562831907801574,-0.00012209665430761618,-9.769755423105456,37.41718443961479,133.73581742888743,8.502482860143319,1.4125553979106842,3.3745825489049264e-07,3343.21,-767765.8432086282,797573.5054029961,533.2265433533413
5,108.0,1.048,0.309,-2.07,-2.0,-94891.20631386897,99562.07298603829,128935.30278785797,-1588.9610183443992,1660.4058366657746,1748.2977221874598,-0.25488059133435625,-9.896359595629887e-05,-9.769767664667278,37.26109210132662,133.7404232030554,8.485482416778154,1.142456766990781,2.740266466532578e-07,3343.21,-767765.8432086282,797573.5054029961,533.2265433533413
5,109.0,1.048,0.309,-2.07,-2.0,-96480.29450883377,101222.47877684441,130678.71562315975,-1589.2151957214717,1660.405747277924,1738.5279462929664,-0.2534736816858769,-8.031223971970939e-05,-9.769784649738133,37.104385281214824,133.74500261078924,8.468542972337541,0.925083093156531,2.2277653771163378e-07,3343.21,-767765.8432086282,797573.5054029961,533.2265433533413
5,110.0,1.048,0.309,-2.07,-2.0,-98069.6361770485,102882.8844868896,132412.35867334402,-1589.4679644117796,1660.4056746944334,1728.7581514839146,-0.2520633125196861,-6.525621274037654e-05,-9.769805383199339,36.94706251451544,133.74955566345156,8.451664872347994,0.749943348134619,1.8132179883824056e-07,3343.21,-767765.8432086282,797573.5054029961,533.2265433533413
5,111.0,1.048,0.309,-2.07,-2.0,-99659.22990822872,104543.29013131815,134136.23191777614,-1589.7193213050425,1660.4056156837241,1718.9883344191405,-0.2506501632880645,-5.30878577295797e-05,-9.769829073133124,36.78912236002899,133.75408237241768,8.434848468098428,0.6086715125582902,1.4775238630170602e-07,3343.21,-767765.8432086282,797573.5054029961,533.2265433533413
5,112.0,1.048,0.309,-2.07,-2.0,-101249.07428929309,106203.69572236904,135850.3353328449,-1589.9692639004,1660.4055676488313,1709.2184924665323,-0.2492347772646294,-4.3241539660292367e-05,-9.769855088688916,36.63056340080397,133.75858274906145,8.418094115788312,0.4945888964706179,1.2053770151700354e-07,3343.21,-767765.8432086282,797573.5054029961,533.2265433533413
5,113.0,1.048,0.309,-2.07,-2.0,-102839.16790490977,107864.10126994507,137554.6688925976,-1590.2177901845191,1660.4055285003203,1699.4486235590855,-0.24781758931351924,-3.526461655835758e-05,-9.76988292681855,36.47138424480243,133.76305680474306,8.40140217584826,0.402358035290461,9.844988801174458e-08,3343.21,-767765.8432086282,797573.5054029961,533.2265433533413
5,114.0,1.048,0.309,-2.07,-2.0,-104429.5093379344,109524.50678206839,139249.23256924615,-1590.4648985345161,1660.405496555123,1689.6787260806327,-0.24639894790707378,-2.8794447446049886e-05,-9.769912185984733,36.31158352555325,133.76750455079855,8.38477301239692,0.32770871411702773,8.05028891742856e-08,3343.21,-767765.8432086282,797573.5054029961,533.2265433533413
5,115.0,1.048,0.309,-2.07,-2.0,-106020.0971697604,111184.91226524554,140934.0263335714,-1590.7105876405476,1660.4054704559144,1679.9087987750368,-0.24497913259956378,-2.354016113544047e-05,-9.769942545359056,36.1511599027977,133.77192599853115,8.3682069928057,0.2672208616994838,6.590397793224753e-08,3343.21,-767765.8432086282,797573.5054029961,533.2265433533413
5,116.0,1.048,0.309,-2.07,-2.0,-107610.92998060049,112845.31772475991,142609.05015524614,-1590.9548564440377,1660.4054491067905,1670.138840673957,-0.24355836790822383,-1.9268183558989646e-05,-9.769973748346473,35.99011206313016,133.77632115920417,8.351704487348911,0.21815232957181463,5.401516590790623e-08,3343.21,-767765.8432086282,797573.5054029961,533.2265433533413
5,117.0,1.048,0.309,-2.07,-2.0,-109202.0063497125,114505.7231649069,144274.30400309287,-1591.197704088313,1660.4054316218833,1660.3688510393395,-0.2421368343512396,-1.579073570436295e-05,-9.770005589523297,35.828438720637116,133.78069004403508,8.33526586892157,0.1783021338958182,4.432244647420685e-08,3343.21,-767765.8432086282,797573.5054029961,533.2265433533413
5,118.0,1.048,0.309,-2.07,-2.0,-110793.32485558103,116166.12858918286,145929.78784529096,-1591.439129879124,1660.405417284274,1650.5988293175742,-0.24071467723398998,-1.2956682078594615e-05,-9.77003790427124,35.6661386175357,133.785032664191,8.318891512810833,0.1459017443664016,3.641125602237524e-08,3343.21,-767765.8432086282,797573.5054029961,533.2265433533413
5,119.0,1.048,0.309,-2.07,-2.0,-112384.88407606356,117826.53400043701,147575.50164954222,-1591.6791332530315,1660.4054055130975,1640.8287751029277,-0.23929201365007902,-1.0644241113146987e-05,-9.770070560542969,35.503210524813404,133.78934903078482,8.302581796510028,0.11952857801490342,2.994687601224627e-08,3343.21,-767765.8432086282,797573.5054029961,533.2265433533413
5,120.0,1.048,0.309,-2.07,-2.0,-113976.68258850822,119486.93940099409,149211.44538320362,-1591.9177137520649,1660.4053958371742,1631.0586881083373,-0.23786893806579645,-8.755172193876344e-06,-9.770103452314537,35.33965324287016,133.79363915487238,8.286337099566415,0.09803709070063316,2.465876480333106e-08,3343.21,-767765.8432086282,797573.5054029961,533.2265433533413
5,121.0,1.048,0.309,-2.07,-2.0,-115568.71896984753,121147.34479275302,150837.61901339397,-1592.154871003388,1660.4053878738587,1621.2885681420698,-0.2364455267792827,-7.210135032122733e-06,-9.770136494374128,35.175465602163136,133.7979030474501,8.270157803455792,0.08050382930904831,2.0328018320984145e-08,3343.21,-767765.8432086282,797573.5054029961,533.2265433533413
5,122.0,1.048,0.309,-2.07,-2.0,-117160.99179665824,122807.75017726692,152454.0225070792,-1592.3906047029589,1660.4053813120397,1611.5184150890418,-0.2350218414849586,-5.944980798912347e-06,-9.770169618170383,35.01064646385514,133.8021407194529,8.254044291478323,0.06618357068431911,1.677732438867171e-08,3343.21,-767765.8432086282,797573.5054029961,533.2265433533413
5,123.0,1.048,0.309,-2.07,-2.0,-118753.49964498784,124468.15555580758,154060.65583113625,-1592.624914602365,1660.4053758984467,1601.7482288958674,-0.23359793212576813,-4.907784694404213e-06,-9.77020276850169,34.84519472046745,133.80635218175314,8.237996948671181,0.05447427396955968,1.3862906517794377e-08,3343.21,-767765.8432086282,797573.5054029961,533.2265433533413
5,124.0,1.048,0.309,-2.07,-2.0,-120346.2411160566,126128.56092940246,155657.51895300462,-1592.8578005013558,1660.4053714297902,1591.9780095583292,-0.23217383917792211,-4.0564690896118585e-06,-9.770235900874127,34.67910929647541,133.81053744516075,8.222016161744445,0.04488904632691208,1.1468056504144403e-08,3343.21,-767765.8432086282,797573.5054029961,533.2265433533413
5,125.0,1.048,0.309,-2.07,-2.0,-121939.21476582205,127788.96629892592,157244.61183909033,-1593.0892622301496,1660.4053677346112,1582.207757112557,-0.2307495954831994,-3.356897640834874e-06,-9.770268979388767,34.512389149134705,133.81469652041798,8.206102318987641,0.03703369535613271,9.497937155914628e-09,3343.21,-767765.8432086282,797573.5054029961,533.2265433533413
5,126.0,1.048,0.309,-2.07,-2.0,-123532.41914892757,129449.3716650885,158821.9344558278,-1593.3192996499201,1660.4053646736268,1572.4374716286025,-0.2293252277200249,-2.7813453772138344e-06,-9.770301975054418,34.34503326904532,133.81882941820146,8.190255810242244,0.030588736246222603,7.87540141304738e-09,3343.21,-767765.8432086282,797573.5054029961,533.2265433533413
5,127.0,1.048,0.309,-2.07,-2.0,-125125.85284545134,131109.77702846276,160389.4867703295,-1593.5479126484643,1660.4053621351306,1562.6671532014652,-0.2279007575850969,-2.307269202838232e-06,-9.770334864436307,34.17704068075494,133.82293614912362,8.174477026852882,0.02529495471202759,6.5376256421268835e-09,3343.21,-767765.8432086282,797573.5054029961,533.2265433533413
5,128.0,1.048,0.309,-2.07,-2.0,-126719.51447837039,132770.18238951007,161947.2687508017,-1593.7751011356022,1660.4053600301504,1552.896801943324,-0.2264762027439031,-1.916318853676007e-06,-9.770367628573215,34.00841044338765,133.82701672373298,8.158766361619247,0.020941811038237924,5.433395775431177e-09,3343.21,-767765.8432086282,797573.5054029961,533.2265433533413
5,129.0,1.048,0.309,-2.07,-2.0,-128313.40257954127,134430.5877486383,163495.28036347378,-1594.0008650311458,1660.4053582803995,1543.126417990846,-0.22505157759820402,-1.5935403289563024e-06,-9.770400252107798,33.839141651651346,133.83107115250567,8.14312420874697,0.01735811651068027,4.5209174608651345e-09,3343.21,-767765.8432086282,797573.5054029961,533.2265433533413
5,130.0,1.048,0.309,-2.07,-2.0,-129907.51570238563,136090.9931061737,165033.52157522604,-1594.225204270199,1660.4053568233935,1533.3560014936827,-0.22362689390230375,-1.3267336818699569e-06,-9.770432722590783,33.669233436245605,133.8350994458522,8.127550963826092,0.014404529175729828,3.7660472299331656e-09,3343.21,-767765.8432086282,797573.5054029961,533.2265433533413
5,131.0,1.048,0.309,-2.07,-2.0,-131501.85247745216,137751.39846237266,166561.99235485066,-1594.4481188013713,1660.4053556104043,1523.5855526041018,-0.22220216126023065,-1.1059346927460083e-06,-9.770465029920981,33.49868496440578,133.83910161412066,8.112047023786772,0.011967507714805627,3.1408622845701357e-09,3343.21,-767765.8432086282,797573.5054029961,533.2265433533413
5,132.0,1.048,0.309,-2.07,-2.0,-133096.41145958373,139411.80381746189,168080.69266957082,-1594.6696085789254,1660.4053545988197,1513.8150714916826,-0.2207773875307994,-9.229960892371462e-07,-9.770497165893909,33.327495440976605,133.84307766758715,8.096612786875022,0.009954435101972945,2.622502899054654e-09,3343.21,-767765.8432086282,797573.5054029961,533.2265433533413
5,133.0,1.048,0.309,-2.07,-2.0,-134691.19120285255,141072.20917162724,169589.62248677626,-1594.8896735645747,1660.4053537537513,1504.0445583338637,-0.21935257915215248,-7.71248816527356e-07,-9.770529123839808,33.15566410892034,133.84702761646045,8.081248652620907,0.008289681661261006,2.192234514646797e-09,3343.21,-767765.8432086282,797573.5054029961,533.2265433533413
5,134.0,1.048,0.309,-2.07,-2.0,-136286.19028689602,142732.61452501957,171088.78177461468,-1595.1083137265687,1660.4053530469928,1494.2740133109878,-0.21792774140488652,-6.452277664365446e-07,-9.770560898331508,32.98319024994765,133.8509514708834,8.065955021804458,0.006911423300134684,1.8346870621283973e-09,3343.21,-767765.8432086282,797573.5054029961,533.2265433533413
5,135.0,1.048,0.309,-2.07,-2.0,-137881.4073343334,144393.0198777616,172578.1705023677,-1595.3255290386699,1660.405352455901,1484.5034366025966,-0.21650287862539286,-5.404494612565879e-07,-9.77059248494886,32.8100731851734,133.85484924093382,8.050732296422819,0.005769067423363275,1.5372373953144494e-09,3343.21,-767765.8432086282,797573.5054029961,533.2265433533413
5,136.0,1.048,0.309,-2.07,-2.0,-139476.84087670036,146053.42522996242,174057.78863747447,-1595.5413194768394,1660.405351960399,1474.7328284040923,-0.2150779943818446,-4.5323166550671215e-07,-9.770623880088227,32.63631227616698,133.85872093661675,8.035580879681877,0.0048211683354499905,1.2895074025307467e-09,3343.21,-767765.8432086282,797573.5054029961,533.2265433533413
5,137.0,1.048,0.309,-2.07,-2.0,-141072.48946715644,147713.8305817103,175527.63614806367,-1595.7556850209023,1660.405351544326,1464.962188911528,-0.21365309161290844,-3.8054685046742445e-07,-9.770655080809158,32.46190692537323,133.86256656787089,8.02050117595245,0.004033737317007848,1.0829557129914572e-09,3343.21,-767765.8432086282,797573.5054029961,533.2265433533413
5,138.0,1.048,0.309,-2.07,-2.0,-142668.35173603988,149374.23593307505,176987.713004148,-1595.968625654284,1660.4053511949799,1455.1915183130072,-0.21222817274113012,-3.1990303748219813e-07,-9.770686084710206,32.28685657667814,133.86638614457198,8.005493590730365,0.0033788712570093334,9.1054520900782e-10,3343.21,-767765.8432086282,797573.5054029961,533.2265433533413
5,139.0,1.048,0.309,-2.07,-2.0,-144264.42623800263,151034.64128411887,178438.01917427083,-1596.1801413616456,1660.4053509011678,1445.420816809149,-0.21080323976920037,-2.692467975786997e-07,-9.77071688982808,32.11116071652112,133.87017967652378,7.9905585306354165,0.0028336386563907975,7.664719958163072e-10,3343.21,-767765.8432086282,797573.5054029961,533.2265433533413
5,140.0,1.048,0.309,-2.07,-2.0,-145860.7115269551,152695.04663489317,179878.5546271723,-1596.390232129554,1660.4053506536504,1435.6500846025394,-0.20937829435445682,-2.2688422318191435e-07,-9.770747494556337,31.934818874419374,133.87394717346262,7.975696403369951,0.0023791737741424906,6.459442448993668e-10,3343.21,-767765.8432086282,797573.5054029961,533.2265433533413
5,141.0,1.048,0.309,-2.07,-2.0,-147457.2061823985,154355.45198544022,181309.31933234935,-1596.59889794633,1660.4053504448984,1425.879321893638,-0.20795333787028772,-1.914164357939403e-07,-9.770777897579327,31.757830623618865,133.87768864505878,7.960907617684653,0.0019999392786185194,5.450015520972653e-10,3343.21,-767765.8432086282,797573.5054029961,533.2265433533413
5,142.0,1.048,0.309,-2.07,-2.0,-149053.9088268367,156015.8573357944,182730.31326040882,-1596.8061388018377,1660.4053502688198,1416.1085288779673,-0.20652837145635555,-1.6168694148575736e-07,-9.770808097818575,31.58019558176976,133.8814041009175,7.946192583345652,0.0016831254480847498,4.603672396650126e-10,3343.21,-767765.8432086282,797573.5054029961,533.2265433533413
5,143.0,1.048,0.309,-2.07,-2.0,-150650.81799169758,157676.26268598673,184141.5363802178,-1597.0119546863114,1660.405350119973,1406.3377057649534,-0.20510339606275005,-1.367385801852241e-07,-9.770838094389106,31.401913412006625,133.88509355057144,7.931551711131641,0.001418160136199271,3.893274729032147e-10,3343.21,-767765.8432086282,797573.5054029961,533.2265433533413
5,144.0,1.048,0.309,-2.07,-2.0,-152247.93223004855,159336.6680360424,185542.98866132536,-1597.2163455910681,1660.4053499939394,1396.5668527618038,-0.2036784124814978,-1.1577830792968732e-07,-9.770867886564144,31.22298382337851,133.88875700348717,7.916985412781543,0.0011963086743951193,3.2963222337235595e-10,3343.21,-767765.8432086282,797573.5054029961,533.2265433533413
5,145.0,1.048,0.309,-2.07,-2.0,-153845.25017214997,160997.07338598155,186934.67007509823,-1597.4193115085739,1660.4053498872202,1386.7959700652943,-0.20225342137311347,-9.814834289505071e-08,-9.770897473746333,31.04340657142747,133.89239446906814,7.9024941009522385,0.001010346875387276,2.7941404950186193e-10,3343.21,-767765.8432086282,797573.5054029961,533.2265433533413
5,146.0,1.048,0.309,-2.07,-2.0,-155442.7703725802,162657.47873582234,188316.58059151605,-1597.6208524314677,1660.4053497967082,1377.0250578836012,-0.20082842329252593,-8.330248955097352e-08,-9.770926855444115,30.86318145932694,133.8960059566463,7.888078189218747,0.0008542935113319192,2.3712142245694156e-10,3343.21,-767765.8432086282,797573.5054029961,533.2265433533413
5,147.0,1.048,0.309,-2.07,-2.0,-157040.4913851836,164317.88408557966,189688.72018076375,-1597.8209683529208,1660.405349719818,1367.2541164254733,-0.19940341870619277,-7.078673145525774e-08,-9.770956031252688,30.68230833841409,133.89959147548623,7.87373809202718,0.0007231912269891803,2.014639373725816e-10,3343.21,-767765.8432086282,797573.5054029961,533.2265433533413
5,148.0,1.048,0.309,-2.07,-2.0,-158638.41178940225,165978.28943526617,191051.0888137627,-1598.019659266654,1660.4053496544263,1357.483145896335,-0.1979784080068529,-6.022325535963908e-08,-9.770985000838381,30.500787108850876,133.9031510347868,7.859474224656957,0.0006129269384592065,1.7136724653206454e-10,3343.21,-767765.8432086282,797573.5054029961,533.2265433533413
5,149.0,1.048,0.309,-2.07,-2.0,-160236.53020768764,167638.69478489194,192403.68646250528,-1598.216925166922,1660.4053495988016,1347.712146495676,-0.19655339152579634,-5.1297320210996445e-08,-9.771013763925927,30.31861772030833,133.9066846436817,7.845287003184313,0.0005200844525786924,1.459359523957355e-10,3343.21,-767765.8432086282,797573.5054029961,533.2265433533413
5,150.0,1.048,0.309,-2.07,-2.0,-161834.84517141577,169299.1001344664,193746.51309733948,-1598.4127660479048,1660.4053495513856,1337.9411184364264,-0.19512836954604626,-4.374645561788721e-08,-9.77104232028793,30.13580017306457,133.91019231123283,7.831176844476393,0.0004418234049937738,1.244230242129093e-10,3343.21,-767765.8432086282,797573.5054029961,533.2265433533413
5,151.0,1.048,0.309,-2.07,-2.0,-163433.35523360677,170959.50548399717,195079.56868927693,-1598.6071819041506,1660.4053495109022,1328.1700619286003,-0.1937033423085843,-3.7351532060654314e-08,-9.771070669736456,29.95233451843363,133.91367404643594,7.8171441661336845,0.00037577971660985194,1.0620456615746826e-10,3343.21,-767765.8432086282,797573.5054029961,533.2265433533413
5,152.0,1.048,0.309,-2.07,-2.0,-165032.05902447912,172619.91083349037,196402.85321107096,-1598.8001727307098,1660.4053494763332,1318.3989771711683,-0.19227831001819945,-3.19294143410857e-08,-9.771098812116024,29.76822085934492,133.9171298582238,7.803189386443809,0.00031998366189736567,9.075898003411029e-11,3343.21,-767765.8432086282,797573.5054029961,533.2265433533413
5,153.0,1.048,0.309,-2.07,-2.0,-166630.95509856928,174280.31618295153,197716.36663416686,-1598.9917385225447,1660.4053494467678,1308.6278643742332,-0.19085327285258105,-2.7326880177971884e-08,-9.77112674729783,29.583459351494973,133.9205597554581,7.789312924377415,0.00027279236552999473,7.76497401294593e-11,3343.21,-767765.8432086282,797573.5054029961,533.2265433533413
5,154.0,1.048,0.309,-2.07,-2.0,-168230.04200968178,175940.72153238533,199020.10893021734,-1599.181879274788,1660.4053494214425,1298.8567237481243,-0.1894282309655362,-2.3415606827517172e-08,-9.771154475175077,29.398050203875588,133.92396374693345,7.775515199536437,0.00023283413051195675,6.651113986492558e-11,3343.21,-767765.8432086282,797573.5054029961,533.2265433533413
5,155.0,1.048,0.309,-2.07,-2.0,-169829.31833722175,177601.1268817957,200314.0800715873,-1599.3705949828031,1660.4053493997249,1289.0855554995471,-0.18800318449045383,-2.0087998349692765e-08,-9.771181995659166,29.211993679431956,133.92734184137882,7.761796632111819,0.0001989624784358287,5.7036485957649624e-11,3343.21,-767765.8432086282,797573.5054029961,533.2265433533413
5,156.0,1.048,0.309,-2.07,-2.0,-171428.78270360583,179261.53223118585,201598.28003166983,-1599.5578856422117,1660.405349381095,1279.3143598290228,-0.18657813354321207,-1.7253746636850802e-08,-9.771209308676506,29.025290095742676,133.9306940474583,7.748157642842508,0.00017021816967342394,4.896831016627195e-11,3343.21,-767765.8432086282,797573.5054029961,533.2265433533413
5,157.0,1.048,0.309,-2.07,-2.0,-173028.4336401746,180921.93758055876,202872.70878230745,-1599.7437512484557,1660.4053493650817,1269.5431369503976,-0.1851530782277883,-1.483697348557693e-08,-9.77123641416585,28.837939826121605,133.93402037376453,7.734598653004231,0.000145797786741474,4.2090245848480836e-11,3343.21,-767765.8432086282,797573.5054029961,533.2265433533413
5,158.0,1.048,0.309,-2.07,-2.0,-174628.2696999133,182582.34292991683,204137.3662959849,-1599.9281917971498,1660.4053493512963,1259.7718870744254,-0.18372801863612612,-1.2773854343144972e-08,-9.771263312076208,28.64994330003158,133.93732082882428,7.721120084347536,0.00012502772068981945,3.622027950983883e-11,3343.21,-767765.8432086282,797573.5054029961,533.2265433533413
5,159.0,1.048,0.309,-2.07,-2.0,-176228.289512997,184242.748279262,205392.2525468506,-1600.1112072842234,1660.4053493394263,1250.0006104006611,-0.18230295484886797,-1.1010653245007041e-08,-9.77129000236513,28.461301003650597,133.94059542110134,7.707722359047138,0.00010734261005237693,3.1205139149815734e-11,3343.21,-767765.8432086282,797573.5054029961,533.2265433533413
5,160.0,1.048,0.309,-2.07,-2.0,-177828.49163375673,185903.1536285962,206637.36750781952,-1600.2927977054576,1660.4053493291897,1240.2293071397457,-0.18087788694017018,-9.50207292969801e-09,-9.771316484997149,28.272013481022434,133.94384415898887,7.694405899692105,9.226745255037646e-05,2.6915623344560348e-11,3343.21,-767765.8432086282,797573.5054029961,533.2265433533413
5,161.0,1.048,0.309,-2.07,-2.0,-179428.87463285858,187563.55897792088,207872.71115232847,-1600.4729630567515,1660.4053493203503,1230.4579774999725,-0.17945281497705537,-8.209888207722612e-09,-9.771342759942632,28.082081334516605,133.94706705081396,7.681171129226205,7.940274912604659e-05,2.324270953051658e-11,3343.21,-767765.8432086282,797573.5054029961,533.2265433533413
5,162.0,1.048,0.309,-2.07,-2.0,-181029.43708480778,189223.9643272373,209098.28345409516,-1600.6517033340808,1660.4053493127085,1220.6866216891028,-0.17802773902076996,-7.101818840383397e-09,-9.771368827176792,27.89150522557799,133.9502641048373,7.668018470908565,6.841215418410625e-05,2.0094308365743282e-11,3343.21,-767765.8432086282,797573.5054029961,533.2265433533413
5,163.0,1.048,0.309,-2.07,-2.0,-182630.17756449804,190884.36967654663,210314.08438705213,-1600.829018533481,1660.4053493060944,1210.9152399148634,-0.1766026591277749,-6.150564667216783e-09,-9.77139468667885,27.700285875447435,133.95343532925267,7.654948348271786,5.9012199089180895e-05,1.7392554267763507e-11,3343.21,-767765.8432086282,797573.5054029961,533.2265433533413
5,164.0,1.048,0.309,-2.07,-2.0,-184231.09464684722,192544.77502584978,211520.1139253406,-1601.0049086510421,1660.405349300363,1201.143832384995,-0.1751775753505156,-5.333019582582996e-09,-9.771420338431387,27.50842406586962,133.95658073218732,7.64196118507872,5.096373244790794e-05,1.5071541354683282e-11,3343.21,-767765.8432086282,797573.5054029961,533.2265433533413
5,165.0,1.048,0.309,-2.07,-2.0,-185832.18690677153,194205.1803751476,212716.37204330813,-1601.1793736829043,1660.4053492953906,1191.3723993072551,-0.17375248773805024,-4.629601365368542e-09,-9.77144578241973,27.31592063979546,133.95970032170172,7.629057405278464,4.40647833647399e-05,1.3075429735842969e-11,3343.21,-767765.8432086282,797573.5054029961,533.2265433533413
5,166.0,1.048,0.309,-2.07,-2.0,-187433.45291918324,195865.5857244408,213902.85871551064,-1601.3524136252556,1660.4053492910718,1181.6009408894145,-0.17232739633659558,-4.0237048918590435e-09,-9.77147101863156,27.122776502079496,133.96279410578975,7.616237432961645,3.81446052778117e-05,1.135686003776336e-11,3343.21,-767765.8432086282,797573.5054029961,533.2265433533413
5,167.0,1.048,0.309,-2.07,-2.0,-189034.89125899095,197525.99107372997,215079.57391671176,-1601.5240284743295,1660.4053492873156,1171.8294573392548,-0.17090230118996194,-3.50122846974545e-09,-9.771496047056457,26.928992620172007,133.96586209237864,7.603501692314966,3.3058700212191615e-05,9.875624712060806e-12,3343.21,-767765.8432086282,797573.5054029961,533.2265433533413
5,168.0,1.048,0.309,-2.07,-2.0,-190636.50050109957,199186.3964230156,216246.51762188316,-1601.6942182264017,1660.4053492840455,1162.0579488645674,-0.1694772023399343,-3.05018449689742e-09,-9.77152086768562,26.734570024805446,133.96890428932912,7.590850607575065,2.868465800519555e-05,8.59755346344111e-12,3343.21,-767765.8432086282,797573.5054029961,533.2265433533413
5,169.0,1.048,0.309,-2.07,-2.0,-192238.27922041022,200846.8017722982,217403.68980620417,-1601.8629828777887,1660.405349281195,1152.2864156731514,-0.16805209982658995,-2.6603760285099145e-09,-9.771545480511593,26.539509810674712,133.9719207044353,7.578284602981651,2.491867362563863e-05,7.493577392359701e-12,3343.21,-767765.8432086282,797573.5054029961,533.2265433533413
5,170.0,1.048,0.309,-2.07,-2.0,-193840.2259918204,202507.20712157813,218551.090445062,-1602.0303224248469,1660.405349278707,1142.514857972814,-0.16662699368854886,-2.323113221332222e-09,-9.77156988552803,26.343813137111024,133.97491134542486,7.565804102729939,2.1672629237046242e-05,6.538942441887948e-12,3343.21,-767765.8432086282,797573.5054029961,533.2265433533413
5,171.0,1.048,0.309,-2.07,-2.0,-195442.3393902239,204167.6124708557,219688.7195140516,-1602.1962368639704,1660.4053492765338,1132.7432759713674,-0.16520188396320973,-2.030992909863071e-09,-9.771594082729534,26.14748122874876,133.97787621995892,7.553409530922363,1.887164705075462e-05,5.71254769560101e-12,3343.21,-767765.8432086282,797573.5054029961,533.2265433533413
5,172.0,1.048,0.309,-2.07,-2.0,-197044.61799051115,205828.01782013127,220816.57698897578,-1602.3607261915897,1660.4053492746325,1122.9716698766283,-0.16377677068693594,-1.7776907338146282e-09,-9.771618072111504,25.950515376184985,133.9808153356322,7.541101311519601,1.6452035018951444e-05,4.996388176236181e-12,3343.21,-767765.8432086282,797573.5054029961,533.2265433533413
5,173.0,1.048,0.309,-2.07,-2.0,-198647.06036756872,207488.42316940508,221934.6628458452,-1602.5237904041728,1660.4053492729677,1113.2000398964187,-0.16235165389520267,-1.557810422970322e-09,-9.771641853669971,25.752916936631284,133.98372869997303,7.528879868290898,1.4359560635317914e-05,4.37508519378529e-12,3343.21,-767765.8432086282,797573.5054029961,533.2265433533413
5,174.0,1.048,0.309,-2.07,-2.0,-200249.66509627993,209148.82851867727,223042.9770608782,-1602.6854294982206,1660.4053492715077,1103.4283862385637,-0.160926533622745,-1.3667270521656482e-09,-9.771665427401537,25.55468733455724,133.9866163204433,7.51674562476369,1.2547999037221853e-05,3.8354901099342856e-12,3343.21,-767765.8432086282,797573.5054029961,533.2265433533413
5,175.0,1.048,0.309,-2.07,-2.0,-201852.4307515245,210809.23386794815,224141.51961050121,-1602.8456434702698,1660.4053492702258,1093.656709110892,-0.15950140990365325,-1.2004900431825923e-09,-9.771688793303266,25.35582806232541,133.98947820443857,7.504699004172548,1.0977910643854335e-05,3.366349724658249e-12,3343.21,-767765.8432086282,797573.5054029961,533.2265433533413
5,176.0,1.048,0.309,-2.07,-2.0,-203455.35590817867,212469.63921721777,225230.29047134818,-1603.0044323168909,1660.4053492690994,1083.8850087212345,-0.15807628277147615,-1.055708285727745e-09,-9.771711951372593,25.156340680817124,133.99231435928806,7.4927404294074185,9.615611051629396e-06,2.9580234336049878e-12,3343.21,-767765.8432086282,797573.5054029961,533.2265433533413
5,177.0,1.048,0.309,-2.07,-2.0,-205058.4391411153,214130.04456648638,226309.28962026112,-1603.1617960346869,1660.405349268108,1074.113285277425,-0.156651152259316,-9.294771346491436e-10,-9.77173490160731,24.9562268200488,133.9951247922547,7.480870322961195,8.432302114186444e-06,2.6022439201770276e-12,3343.21,-767765.8432086282,797573.5054029961,533.2265433533413
5,178.0,1.048,0.309,-2.07,-2.0,-206661.67902520395,215790.44991575403,227378.51703428978,-1603.3177346202942,1660.4053492672344,1064.3415389872987,-0.15522601839986078,-8.19297574821384e-10,-9.77175764400546,24.755488179778247,133.99790951053518,7.4690891068766225,7.403338283280768e-06,2.291914490380493e-12,3343.21,-767765.8432086282,797573.5054029961,533.2265433533413
5,179.0,1.048,0.309,-2.07,-2.0,-208265.0741353107,217450.85526502086,228437.9726906917,-1603.4722480703822,1660.405349266464,1054.5697700586934,-0.15380088122547944,-7.230223510517517e-10,-9.77178017856533,24.554126530100536,134.00066852125988,7.457397202692517,6.5076065626404e-06,2.020937278054969e-12,3343.21,-767765.8432086282,797573.5054029961,533.2265433533413
5,180.0,1.048,0.309,-2.07,-2.0,-209868.62304629842,219111.26061428696,229487.65656693242,-1603.6253363816516,1660.405349265784,1044.7979786994479,-0.15237574076824964,-6.38808289278282e-10,-9.771802505285402,24.352143712032994,134.0034018314931,7.4457950313893395,5.727001980801041e-06,1.7840674814002575e-12,3343.21,-767765.8432086282,797573.5054029961,533.2265433533413
5,181.0,1.048,0.309,-2.07,-2.0,-211472.32433302663,220771.66596355246,230527.56864068517,-1603.7769995508354,1660.4053492651828,1035.0261651174028,-0.1509505970600029,-5.650614890069379e-10,-9.771824624164317,24.14954163808876,134.00610944823282,7.4342830133341105,5.0459834455384415e-06,1.5767895704490731e-12,3343.21,-767765.8432086282,797573.5054029961,533.2265433533413
5,182.0,1.048,0.309,-2.07,-2.0,-213076.1765703516,222432.07131281737,231557.70888983115,-1603.927237574699,1660.4053492646508,1025.2543295203998,-0.14952545013236004,-5.004141073027684e-10,-9.77184653520087,23.946322292838662,134.00879137841093,7.422861568224669,4.451197304413235e-06,1.3952120554759044e-12,3343.21,-767765.8432086282,797573.5054029961,533.2265433533413
5,183.0,1.048,0.309,-2.07,-2.0,-214680.17833312647,224092.4766620818,232578.07729245917,-1604.0760504500383,1660.4053492641794,1015.4824721162821,-0.1481003000167693,-4.436793968808975e-10,-9.771868238393964,23.742487733460575,134.0114476288932,7.411531115033323,3.931157987750442e-06,1.2359779499320906e-12,3343.21,-767765.8432086282,797573.5054029961,533.2265433533413
5,184.0,1.048,0.309,-2.07,-2.0,-216284.32819620112,225752.88201134576,233588.6738268661,-1604.2234381736812,1660.4053492637613,1005.7105931128933,-0.14667514674451598,-3.938360108100156e-10,-9.771889733742606,23.538040090276226,134.01407820647933,7.400292071949833,3.475976821938076e-06,1.0961885162768676e-12,3343.21,-767765.8432086282,797573.5054029961,533.2265433533413
5,185.0,1.048,0.309,-2.07,-2.0,-217888.6247344222,227413.28736060933,234589.4984715566,-1604.3694007424863,1660.4053492633898,995.9386927180785,-0.14524999034675776,-3.5000111996637723e-10,-9.771911021245888,23.332981567274615,134.01668311790286,7.3891448563238065,3.0771315299492085e-06,9.733382638825958e-13,3343.21,-767765.8432086282,797573.5054029961,533.2265433533413
5,186.0,1.048,0.309,-2.07,-2.0,-219493.06652263337,229073.6927098726,235580.55120524322,-1604.5139381533438,1660.4053492630594,986.1667711396835,-0.14382483085453857,-3.114077027780554e-10,-9.771932100902971,23.127314442621746,134.01926236983138,7.378089884606474,2.7272701301739725e-06,8.65259487341182e-13,3343.21,-767765.8432086282,797573.5054029961,533.2265433533413
5,187.0,1.048,0.309,-2.07,-2.0,-221097.65213567513,230734.0980591355,236561.83200684623,-1604.657050403175,1660.4053492627654,976.3948285855549,-0.14239966829880601,-2.773914982693709e-10,-9.771952972713095,22.921041069156153,134.02181596886646,7.367127572291869,2.420043943477884e-06,7.700749012076745e-13,3343.21,-767765.8432086282,797573.5054029961,533.2265433533413
5,188.0,1.048,0.309,-2.07,-2.0,-222702.38014838495,232394.50340839813,237533.34085549385,-1604.7987374889315,1660.4053492625033,966.62286526354,-0.1409745027104207,-2.4738238528274647e-10,-9.771973636675538,22.71416387486981,134.0243439215436,7.356258333857402,2.1499652545766284e-06,6.861571519727141e-13,3343.21,-767765.8432086282,797573.5054029961,533.2265433533413
5,189.0,1.048,0.309,-2.07,-2.0,-224307.24913559726,234054.90875766054,238495.0777305221,-1604.9389994075962,1660.4053492622695,956.8508813814866,-0.13954933412017081,-2.2087345564463503e-10,-9.771994092789622,22.50668536337374,134.0268462343324,7.345482582703889,1.912285874447042e-06,6.120941769155297e-13,3343.21,-767765.8432086282,797573.5054029961,533.2265433533413
5,190.0,1.048,0.309,-2.07,-2.0,-225912.25767214337,235715.31410692268,239447.04261147493,-1605.0778361561822,1660.4053492620603,947.0788771472436,-0.13812416255878984,-1.9743431132168477e-10,-9.772014341054724,22.29860811434811,134.02932291363658,7.334800731094996,1.702893438068457e-06,5.466595383240105e-13,3343.21,-767765.8432086282,797573.5054029961,533.2265433533413
5,191.0,1.048,0.309,-2.07,-2.0,-227517.40433285182,237375.71945618466,240389.23547810403,-1605.2152477317343,1660.4053492618734,937.3068527686604,-0.13669898805694294,-1.7669130074046568e-10,-9.772034381470235,22.08993478397612,134.03177396579383,7.324213190096134,1.5182227649870559e-06,4.887869952679975e-13,3343.21,-767765.8432086282,797573.5054029961,533.2265433533413
5,192.0,1.048,0.309,-2.07,-2.0,-229122.68769254806,239036.12480544645,241321.65631036894,-1605.3512341313267,1660.4053492617059,927.5348084535866,-0.13527381064526,-1.5830831821021174e-10,-9.7720542140356,21.88066810536132,134.034199397076,7.313720369512816,1.3551800245406267e-06,4.3754868775127443e-13,3343.21,-767765.8432086282,797573.5054029961,533.2265433533413
5,193.0,1.048,0.309,-2.07,-2.0,-230728.10632605475,240696.53015470805,242244.30508843716,-1605.4857953520652,1660.4053492615558,917.7627444098727,-0.13384863035433248,-1.4200412514954528e-10,-9.77207383875027,21.670810888927818,134.0365992136892,7.303322677828495,1.2110777959855154e-06,3.9213640304631074e-13,3343.21,-767765.8432086282,797573.5054029961,533.2265433533413
5,194.0,1.048,0.309,-2.07,-2.0,-232333.65880819154,242356.93550396955,243157.18179268396,-1605.6189313910857,1660.405349261421,907.9906608453697,-0.13242344721470314,-1.2752526734454532e-10,-9.772093255613717,21.460366022802944,134.03897342177345,7.29302052214188,1.0835794069823756e-06,3.518454741717944e-13,3343.21,-767765.8432086282,797573.5054029961,533.2265433533413
5,195.0,1.048,0.309,-2.07,-2.0,-233939.34371377534,244017.34085323094,244060.2864036924,-1605.7506422455551,1660.4053492613,898.2185579679293,-0.13099826125690514,-1.1465837667452884e-10,-9.77211246462546,21.249336473181806,134.04132202740323,7.282814308103769,9.70651180879753e-07,3.160609281775445e-13,3343.21,-767765.8432086282,797573.5054029961,533.2265433533413
5,196.0,1.048,0.309,-2.07,-2.0,-235545.15961762017,245677.7462024922,244953.6189022536,-1605.8809279126701,1660.4053492611913,888.4464359854029,-0.12957307251142644,-1.032083602348485e-10,-9.772131465785002,21.037725284673385,134.0436450365871,7.272704439853387,8.705214314564584e-07,2.84245559138081e-13,3343.21,-767765.8432086282,797573.5054029961,533.2265433533413
5,197.0,1.048,0.309,-2.07,-2.0,-237151.10509453728,247338.15155175337,245837.17926936632,-1606.0097883896588,1660.4053492610933,878.6742951056433,-0.1281478810087404,-9.300999588190709e-11,-9.772150259091884,20.825535580627605,134.04594245526786,7.262691319954268,7.81645219479957e-07,2.5592964918455203e-13,3343.21,-767765.8432086282,797573.5054029961,533.2265433533413
5,198.0,1.048,0.309,-2.07,-2.0,-238757.1787193352,248998.55690101438,246710.96748623723,-1606.1372236737786,1660.405349261005,868.9021355365034,-0.12672268677929857,-8.391541155217302e-11,-9.772168844545641,20.61277056344292,134.04821428932263,7.252775349329685,7.026740338177584e-07,2.3070210191535016e-13,3343.21,-767765.8432086282,797573.5054029961,533.2265433533413
5,199.0,1.048,0.309,-2.07,-2.0,-240363.37906681967,250658.96225027536,247574.98353428097,-1606.2632337623184,1660.405349260925,859.1299574858365,-0.12529748985354563,-7.579837825705067e-11,-9.772187222145847,20.399433514853957,134.05046054456278,7.242956927197648,6.324296852579485e-07,2.0820278728444246e-13,3343.21,-767765.8432086282,797573.5054029961,533.2265433533413
5,200.0,1.048,0.309,-2.07,-2.0,-241969.70471179375,252319.36759953626,248429.2273951184,-1606.3878186525972,1660.4053492608532,849.3577611614963,-0.12387229026189295,-6.854578182510986e-11,-9.772205391892067,20.185527796198755,134.052681226734,7.233236451005489,5.698818072974387e-07,1.8811592655114566e-13,3343.21,-767765.8432086282,797573.5054029961,533.2265433533413
5,201.0,1.048,0.309,-2.07,-2.0,-243576.15422905787,253979.77294879706,249273.69905058164,-1606.5109783419632,1660.4053492607877,839.585546771337,-0.12244708803474873,-6.205961855086062e-11,-9.772223353783872,19.971056848665167,134.05487634151632,7.223614316364039,5.141284479937756e-07,1.7016437090690793e-13,3343.21,-767765.8432086282,797573.5054029961,533.2265433533413
5,202.0,1.048,0.309,-2.07,-2.0,-245182.7261934098,255640.1782980578,250108.39848270844,-1606.6327128277978,1660.4053492607288,829.8133145232136,-0.1210218832025135,-5.625004362373035e-11,-9.772241107820864,19.75602419351589,134.0570458945241,7.21409091698145,4.6437931311030336e-07,1.5410464866510356e-13,3343.21,-767765.8432086282,797573.5054029961,533.2265433533413
5,203.0,1.048,0.309,-2.07,-2.0,-246789.41917964476,257300.5836473185,250933.32567374472,-1606.7530221075103,1660.4053492606752,820.0410646249805,-0.11959667579557948,-5.104509911296922e-11,-9.772258654002643,19.540433432291735,134.05918989130612,7.204666644596628,4.199412853539836e-07,1.397226739871484e-13,3343.21,-767765.8432086282,797573.5054029961,533.2265433533413
5,204.0,1.048,0.309,-2.07,-2.0,-248396.23176255525,258960.98899657917,251748.48060614432,-1606.871906178541,1660.4053492606263,810.2687972844935,-0.11817146584430907,-4.6375489101804426e-11,-9.772275992328805,19.32428824699271,134.06130833734557,7.195341888912345,3.802058993216725e-07,1.2683002551433856e-13,3343.21,-767765.8432086282,797573.5054029961,533.2265433533413
5,205.0,1.048,0.309,-2.07,-2.0,-250003.16251693142,260621.39434583977,252553.8632625689,-1606.9893650383608,1660.4053492605822,800.4965127096082,-0.11674625337908723,-4.218187842477684e-11,-9.772293122798972,19.107592400236403,134.06340123806004,7.186117037528027,3.4463849834004413e-07,1.1526071638883987e-13,3343.21,-767765.8432086282,797573.5054029961,533.2265433533413
5,206.0,1.048,0.309,-2.07,-2.0,-251610.21001756078,262281.7996951003,253349.47362588803,-1607.1053986844713,1660.405349260542,790.724211108181,-0.11532103843027318,-3.84113211963654e-11,-9.772310045412764,18.890349735393286,134.06546859880157,7.176992475872245,3.127688389845321e-07,1.048683883279541e-13,3343.21,-767765.8432086282,797573.5054029961,533.2265433533413
5,207.0,1.048,0.309,-2.07,-2.0,-253217.3728392283,263942.20504436083,254135.31167917905,-1607.2200071144039,1660.4053492605053,780.9518926880683,-0.11389582102822521,-3.501792887936335e-11,-9.772326760169808,18.67256417669849,134.06751042485666,7.167968587134914,2.8418294276403396e-07,9.552387195576436e-14,3343.21,-767765.8432086282,797573.5054029961,533.2265433533413
5,208.0,1.048,0.309,-2.07,-2.0,-254824.64955671667,265602.6103936213,254911.37740572728,-1607.33319032572,1660.4053492604717,771.1795576571269,-0.11247060120329512,-3.1960651886375137e-11,-9.772343267069738,18.454239729339687,134.06952672144635,7.159045752199249,2.585160231633491e-07,8.711306374296622e-14,3343.21,-767765.8432086282,797573.5054029961,533.2265433533413
5,209.0,1.048,0.309,-2.07,-2.0,-256432.03874480605,267263.01574288175,255677.6707890257,-1607.4449483160126,1660.4053492604412,761.4072062232145,-0.11104537898583393,-2.920457023369969e-11,-9.772359566112197,18.23538047952056,134.07151749372613,7.150224349573491,2.3544634070603525e-07,7.953507686848628e-14,3343.21,-767765.8432086282,797573.5054029961,533.2265433533413
5,210.0,1.048,0.309,-2.07,-2.0,-258039.5389782742,268923.4210921422,256434.19181277533,-1607.5552810829042,1660.4053492604135,751.6348385941884,-0.10962015440618468,-2.6718198007575762e-11,-9.772375657296827,18.01599059449962,134.07348274678606,7.141504755322388,2.1468985957828347e-07,7.270062927218607e-14,3343.21,-767765.8432086282,797573.5054029961,533.2265433533413
5,211.0,1.048,0.309,-2.07,-2.0,-259647.1488318966,270583.8264414026,257180.94046088497,-1607.664188624048,1660.4053492603878,741.8624549779069,-0.10819492749468908,-2.4471083914386292e-11,-9.772391540623277,17.79607432260379,134.07542248565076,7.132887342998529,1.959955971821999e-07,6.653063726648965e-14,3343.21,-767765.8432086282,797573.5054029961,533.2265433533413
5,212.0,1.048,0.309,-2.07,-2.0,-261254.86688044626,272244.23179066303,257917.91671747135,-1607.7716709371264,1660.4053492603641,732.090055582228,-0.10676969828168761,-2.24386810763757e-11,-9.772407216091208,17.57563599321655,134.07733671527942,7.124372483573484,1.791415732225835e-07,6.095498744301564e-14,3343.21,-767765.8432086282,797573.5054029961,533.2265433533413
5,213.0,1.048,0.309,-2.07,-2.0,-262862.6916986941,273904.63713992335,258645.12056685894,-1607.877728019854,1660.405349260343,722.3176406150108,-0.10534446679751285,-2.059807373446584e-11,-9.772422683700281,17.354680016740126,134.07922544056578,7.115960545368816,1.639312779627316e-07,5.591146335593977e-14,3343.21,-767765.8432086282,797573.5054029961,533.2265433533413
5,214.0,1.048,0.309,-2.07,-2.0,-264470.62186140846,275565.04248918366,259362.55199358013,-1607.9823598699747,1660.405349260323,712.5452102841139,-0.10391923307250246,-1.8930815791783633e-11,-9.77243794345017,17.133210884531522,134.08108866633827,7.107651893986959,1.501905904400048e-07,5.134480667817491e-14,3343.21,-767765.8432086282,797573.5054029961,533.2265433533413
5,215.0,1.048,0.309,-2.07,-2.0,-266078.65594335576,277225.447838444,260070.2109823752,-1608.0855664852622,1660.4053492603048,702.7727647973969,-0.10249399713698383,-1.7419887194510473e-11,-9.772452995340538,16.91123316881186,134.08292639735993,7.099446892242024,1.3776508698893633e-07,4.720589528714792e-14,3343.21,-767765.8432086282,797573.5054029961,533.2265433533413
5,216.0,1.048,0.309,-2.07,-2.0,-267686.79251929995,278885.8531877043,260768.0975181923,-1608.1873478635218,1660.4053492602882,693.0003043627195,-0.10106875902128878,-1.6046144033715303e-11,-9.772467839371066,16.688751522548873,134.0847386383284,7.091345900090523,1.26517688614142e-07,4.3451023109884354e-14,3343.21,-767765.8432086282,797573.5054029961,533.2265433533413
5,217.0,1.048,0.309,-2.07,-2.0,-269295.030164003,280546.2585369646,261456.21158618733,-1608.2877040025883,1660.4053492602727,683.2278291879414,-0.09964351875574698,-1.4797717662384318e-11,-9.772482475541436,16.465770679312076,134.08652539387603,7.0833492745620505,1.1632660278732939e-07,4.00412685984233e-14,3343.21,-767765.8432086282,797573.5054029961,533.2265433533413
5,218.0,1.048,0.309,-2.07,-2.0,-270903.3674522247,282206.6638862249,262134.55317172414,-1608.3866349003267,1660.4053492602584,673.4553394809235,-0.09821827637067854,-1.3662996490831589e-11,-9.772496903851327,16.242295453100407,134.08828666856988,7.075457369689969,1.0708352128201393e-07,3.694194046399144e-14,3343.21,-767765.8432086282,797573.5054029961,533.2265433533413
5,219.0,1.048,0.309,-2.07,-2.0,-272511.8029587225,283867.06923548516,262803.12226037437,-1608.484140554633,1660.4053492602452,663.6828354495258,-0.09679303189641625,-1.2628904672046105e-11,-9.772511124300443,16.018330738141998,134.09002246691176,7.067670536442082,9.869204085059092e-08,3.412209081258934e-14,3343.21,-767765.8432086282,797573.5054029961,533.2265433533413
5,220.0,1.048,0.309,-2.07,-2.0,-274120.33525825216,285527.47458474536,263461.9188379177,-1608.5802209634335,1660.4053492602334,653.9103173016096,-0.09536778536328296,-1.1686601421027244e-11,-9.77252513688848,15.793881508665827,134.09173279333805,7.059989122651349,9.106627801385455e-08,3.155408713034363e-14,3343.21,-767765.8432086282,797573.5054029961,533.2265433533413
5,221.0,1.048,0.309,-2.07,-2.0,-275728.9629255669,287187.87993400556,264110.9428903414,-1608.6748761246838,1660.4053492602222,644.1377852450361,-0.0939425368015983,-1.0827729618854963e-11,-9.772538941615128,15.568952818644899,134.09341765222007,7.052413472946686,8.41296530775225e-08,2.921323569379545e-14,3343.21,-767765.8432086282,797573.5054029961,533.2265433533413
5,222.0,1.048,0.309,-2.07,-2.0,-277337.6845354183,288848.28528326575,264750.1944038408,-1608.7681060363707,1660.4053492602118,634.3652394876665,-0.09251728624168701,-1.0042757216633929e-11,-9.7725525384801,15.343549801510791,134.09507704786378,7.044943928683829,7.781382180272039e-08,2.707744995346711e-14,3343.21,-767765.8432086282,797573.5054029961,533.2265433533413
5,223.0,1.048,0.309,-2.07,-2.0,-278946.49866255576,290508.69063252595,265379.6733648191,-1608.8599106965112,1660.405349260202,624.5926802373631,-0.0910920337138703,-9.326115599193163e-12,-9.772565927483102,15.117677669839344,134.09671098450997,7.037580827876352,7.205773601374783e-08,2.5126958280222523e-14,3343.21,-767765.8432086282,797573.5054029961,533.2265433533413
5,224.0,1.048,0.309,-2.07,-2.0,-280555.40388172684,292169.09598178614,265999.3797598872,-1608.9502901031526,1660.4053492601931,614.8201077019878,-0.08966677924847694,-8.672629535254318e-12,-9.772579108623862,14.891341715007101,134.0983194663342,7.0303245051267975,6.6806816891452e-08,2.3344046191560724e-14,3343.21,-767765.8432086282,797573.5054029961,533.2265433533413
5,225.0,1.048,0.309,-2.07,-2.0,-282164.39876767696,293829.50133104634,266609.313575864,-1609.0392442543725,1660.4053492601847,605.0475220894031,-0.08824152287581571,-8.07134756669513e-12,-9.77259208190208,14.664547306818578,134.0999024974469,7.02317529155802,6.201222682952161e-08,2.1712828804882618e-14,3343.21,-767765.8432086282,797573.5054029961,533.2265433533413
5,226.0,1.048,0.309,-2.07,-2.0,-283773.48189514974,295489.90668030654,267209.4747997762,-1609.1267731482787,1660.4053492601768,595.2749236074714,-0.0868162646262082,-7.520143830704519e-12,-9.772604847317483,14.437299893103857,134.10146008189324,7.0161335147447135,5.7630227571268e-08,2.0219049810506285e-14,3343.21,-767765.8432086282,797573.5054029961,533.2265433533413
5,227.0,1.048,0.309,-2.07,-2.0,-285382.6518388871,297150.31202956673,267799.8634188585,-1609.2128767830095,1660.4053492601697,585.5023124640559,-0.08539100452998402,-7.014847039457113e-12,-9.772617404869813,14.20960499928662,134.10299222365333,7.009199498645188,5.362161393634875e-08,1.8849903730371973e-14,3343.21,-767765.8432086282,797573.5054029961,533.2265433533413
5,228.0,1.048,0.309,-2.07,-2.0,-286991.90717362874,298810.7173788269,268380.47942055314,-1609.2975551567336,1660.405349260163,575.7296888670196,-0.08396574261745648,-6.552671968967618e-12,-9.772629754558796,13.981468227922283,134.10449892664212,7.002373563533396,4.995121382507021e-08,1.7593878638958836e-14,3343.21,-767765.8432086282,797573.5054029961,533.2265433533413
5,229.0,1.048,0.309,-2.07,-2.0,-288601.24647411285,300471.1227280871,268951.3227925106,-1609.3808082676492,1660.4053492601565,565.9570530242262,-0.08254047891894097,-6.126395050189324e-12,-9.772641896384163,13.752895258206133,134.10598019470942,6.995656025931283,4.658744638195183e-08,1.6440616879465042e-14,3343.21,-767765.8432086282,797573.5054029961,533.2265433533413
5,230.0,1.048,0.309,-2.07,-2.0,-290210.66831507586,302131.5280773473,269512.393522589,-1609.462636113986,1660.4053492601506,556.1844051435393,-0.08111521346475918,-5.735696557421812e-12,-9.772653830345666,13.52389184545144,134.10743603163993,6.989047198541434,4.35019312356157e-08,1.5380791618155737e-14,3343.21,-767765.8432086282,797573.5054029961,533.2265433533413
5,231.0,1.048,0.309,-2.07,-2.0,-291820.1712712521,303791.9334266075,270063.6915988544,-1609.5430386940038,1660.4053492601452,546.4117454328228,-0.07968994628523075,-5.374760240966387e-12,-9.772665556443041,13.294463820537345,134.10886644115337,6.982547390180088,4.066914263049126e-08,1.4405997349248618e-14,3343.21,-767765.8432086282,797573.5054029961,533.2265433533413
5,232.0,1.048,0.309,-2.07,-2.0,-293429.7539173745,305452.3387758677,270605.21700958064,-1609.6220160059918,1660.40534926014,536.6390740999415,-0.07826467741066932,-5.042509185178463e-12,-9.772677074676041,13.06461708932649,134.11027142690418,6.976156905710548,3.8066103046100775e-08,1.3508652697258597e-14,3343.21,-767765.8432086282,797573.5054029961,533.2265433533413
5,233.0,1.048,0.309,-2.07,-2.0,-295039.41482817417,307112.74412512785,271136.9697432495,-1609.6995680482703,1660.405349260135,526.866391352759,-0.07683940687139965,-4.737300053789768e-12,-9.772688385044432,12.834357632052326,134.11165099248194,6.969876045976986,3.567211157779762e-08,1.2681914068009854e-14,3343.21,-767765.8432086282,797573.5054029961,533.2265433533413
5,234.0,1.048,0.309,-2.07,-2.0,-296649.1525783806,308773.14947438793,271658.9497885506,-1609.7756948191895,1660.4053492601304,517.0936973991406,-0.07541413469773317,-4.455740674687057e-12,-9.772699487547957,12.603691502676105,134.1130051414111,6.963705107738722,3.34685029426555e-08,1.1919598877605073e-14,3343.21,-767765.8432086282,797573.5054029961,533.2265433533413
5,235.0,1.048,0.309,-2.07,-2.0,-298258.9657427215,310433.554823648,272171.1571343816,-1609.850396317131,1660.405349260126,507.3209924469514,-0.0739888609199905,-4.193836245688277e-12,-9.77271038218639,12.372624828213478,134.1143338771511,6.957644383604954,3.143843348761592e-08,1.1216117243988905e-14,3343.21,-767765.8432086282,797573.5054029961,533.2265433533413
5,236.0,1.048,0.309,-2.07,-2.0,-299868.8528959233,312093.9601729081,272673.5917698477,-1609.9236725405049,1660.405349260122,497.54827670405626,-0.07256358556848723,-3.954257342764907e-12,-9.772721068959498,12.141163808030722,134.11563720309633,6.951694161970013,2.9566691024231975e-08,1.056641116135687e-14,3343.21,-767765.8432086282,797573.5054029961,533.2265433533413
5,237.0,1.048,0.309,-2.07,-2.0,-301478.8126127106,313754.36552216817,273166.25368426216,-1609.9955234877534,1660.405349260118,487.7755503783209,-0.07113830867354043,-3.7299693812862986e-12,-9.77273154786705,11.909314713110662,134.11691512257624,6.945854726949159,2.7839525704234175e-08,9.965900296140981e-15,3343.21,-767765.8432086282,797573.5054029961,533.2265433533413
5,238.0,1.048,0.309,-2.07,-2.0,-303088.8434678063,315414.77087142825,273649.142867146,-1610.0659491573479,1660.4053492601145,478.0028136776108,-0.06971303026546712,-3.5237436255033206e-12,-9.772741818908827,11.6770838852883,134.11816763885525,6.940126358314935,2.6244499490303586e-08,9.410433646892188e-15,3343.21,-767765.8432086282,797573.5054029961,533.2265433533413
5,239.0,1.048,0.309,-2.07,-2.0,-304698.9440359322,317075.1762206883,274122.2593082283,-1610.13494954779,1660.405349260111,468.23006680979194,-0.0682877503745838,-3.3325595886386802e-12,-9.772751882084608,11.444477736456216,134.11939475513282,6.934509331434136,2.4770352073416e-08,8.896246401008888e-15,3343.21,-767765.8432086282,797573.5054029961,533.2265433533413
5,240.0,1.048,0.309,-2.07,-2.0,-306309.1128918084,318735.5815699484,274585.60299744585,-1610.2025246576127,1660.4053492601079,458.45730998273035,-0.06686246903121307,-3.1570289111904742e-12,-9.77276173739418,11.211502747739884,134.12059647454345,6.929003917205403,2.3406881347623186e-08,8.41992140062044e-15,3343.21,-767765.8432086282,797573.5054029961,533.2265433533413
5,241.0,1.048,0.309,-2.07,-2.0,-307919.3486101534,320395.9869192085,275039.17392494326,-1610.2686744853784,1660.4053492601047,448.68454340429236,-0.06543718626566493,-2.9920511942851887e-12,-9.77277138483734,10.97816546864295,134.12177280015666,6.923610381997475,2.2144836780025377e-08,7.978354699463577e-15,3343.21,-767765.8432086282,797573.5054029961,533.2265433533413
5,242.0,1.048,0.309,-2.07,-2.0,-309529.6497656846,322056.39226846857,275482.9720810732,-1610.3333990296799,1660.4053492601017,438.9117672823445,-0.0640119021082561,-2.839005652282872e-12,-9.772780824413866,10.744472516162675,134.12292373497712,6.918328987588153,2.0975824212258157e-08,7.568724753567397e-15,3343.21,-767765.8432086282,797573.5054029961,533.2265433533413
5,243.0,1.048,0.309,-2.07,-2.0,-311140.01493311784,323716.79761772865,275916.997456396,-1610.3966982891409,1660.405349260099,429.13898182475356,-0.06258661658930728,-2.6982222606439334e-12,-9.772790056123581,10.510430573875638,134.1240492819445,6.913159991103972,1.9892220803683354e-08,7.18846484206324e-15,3343.21,-767765.8432086282,797573.5054029961,533.2265433533413
5,244.0,1.048,0.309,-2.07,-2.0,-312750.44268716755,325377.2029669887,276341.2500416801,-1610.4585722624147,1660.4053492600963,419.3661872393864,-0.06116132973913369,-2.5655730858570526e-12,-9.77279907996627,10.276046390993951,134.1251494439336,6.908103644960629,1.8887098978848916e-08,6.835238361418641e-15,3343.21,-767765.8432086282,797573.5054029961,533.2265433533413
5,245.0,1.048,0.309,-2.07,-2.0,-314360.9316025468,327037.6083162488,276755.7298279016,-1610.5190209481852,1660.405349260094,409.59338373411015,-0.059736041588050494,-2.4437413759511073e-12,-9.77280789594175,10.041326781392153,134.1262242237542,6.903160196804211,1.7954158375431572e-08,6.506916677687774e-15,3343.21,-767765.8432086282,797573.5054029961,533.2265433533413
5,246.0,1.048,0.309,-2.07,-2.0,-315971.48025396775,328698.0136655089,277160.43680624437,-1610.5780443451672,1660.4053492600917,399.82057151679203,-0.05831075216637508,-2.330637489401726e-12,-9.772816504049828,9.806278622604989,134.12727362415148,6.898329889453229,1.7087664906145295e-08,6.201559257674184e-15,3343.21,-767765.8432086282,797573.5054029961,533.2265433533413
5,247.0,1.048,0.309,-2.07,-2.0,-317582.0872161405,330358.41901476897,277555.37096810044,-1610.6356424521048,1660.4053492600895,390.04775079529963,-0.05688546150442345,-2.2237654706437484e-12,-9.772824904290326,9.570908854796409,134.12829764780543,6.893612960841492,1.6282396151128224e-08,5.917395831862035e-15,3343.21,-767765.8432086282,797573.5054029961,533.2265433533413
5,248.0,1.048,0.309,-2.07,-2.0,-319192.7510637748,332018.82436402905,277940.53230506956,-1610.6918152677729,1660.4053492600872,380.2749217775006,-0.0554601696325153,-2.124067621072061e-12,-9.772833096663062,9.335224479699956,134.1292962973313,6.889009643961871,1.5533592387851464e-08,5.65281037010942e-15,3343.21,-767765.8432086282,797573.5054029961,533.2265433533413
5,249.0,1.048,0.309,-2.07,-2.0,-320803.4703715786,333679.2297132891,278315.92080895934,-1610.7465627909767,1660.405349260085,370.5020846712629,-0.05403487658096263,-2.0328865816835574e-12,-9.772841081167867,9.09923255953093,134.13026957527956,6.884520166810969,1.4836912645236257e-08,5.406326675899889e-15,3343.21,-767765.8432086282,797573.5054029961,533.2265433533413
5,250.0,1.048,0.309,-2.07,-2.0,-322414.24371425883,335339.6350625492,278681.53647178516,-1610.7998850205518,1660.405349260083,360.72923968445434,-0.052609582380084195,-1.9475483574746685e-12,-9.77284885780456,8.862940215870603,134.1312174841357,6.880144752334709,1.4188395238768056e-08,5.176595426822048e-15,3343.21,-767765.8432086282,797573.5054029961,533.2265433533413
5,251.0,1.048,0.309,-2.07,-2.0,-324025.06966652145,337000.0404118093,279037.37928577064,-1610.851781955364,1660.4053492600813,350.9563870249432,-0.051184287060192596,-1.867452598067411e-12,-9.772856426572984,8.626354628522838,134.13214002632049,6.875883618374906,1.3584422305138626e-08,4.9623825082491945e-15,3343.21,-767765.8432086282,797573.5054029961,533.2265433533413
5,252.0,1.048,0.309,-2.07,-2.0,-325635.94680307095,338660.44576106936,279383.4492433468,-1610.9022535943093,1660.4053492600794,341.1835269005978,-0.049758990651612156,-1.7926004983140318e-12,-9.77286378747298,8.389483034343503,134.13303720418978,6.871736977616819,1.30216879093901e-08,4.7625585042445096e-15,3343.21,-767765.8432086282,797573.5054029961,533.2265433533413
5,253.0,1.048,0.309,-2.07,-2.0,-327246.87369861105,340320.85111032944,279719.74633715284,-1610.9512999363144,1660.4053492600776,331.4106595192868,-0.04833369318465061,-1.722839674539581e-12,-9.772870940504392,8.152332726043028,134.13390902003468,6.867705037537737,1.2497169345535504e-08,4.576089224780185e-15,3343.21,-767765.8432086282,797573.5054029961,533.2265433533413
5,254.0,1.048,0.309,-2.07,-2.0,-328857.84892784426,341981.2564595895,280046.27056003566,-1610.998920980336,1660.4053492600758,321.6377850888787,-0.04690839468962926,-1.6570588658644464e-12,-9.772877885667059,7.9149110509625435,134.1347554760815,6.863788000356603,1.2008101294034933e-08,4.402027161692381e-15,3343.21,-767765.8432086282,797573.5054029961,533.2265433533413
5,255.0,1.048,0.309,-2.07,-2.0,-330468.8710654721,343641.6618088496,280363.02190505015,-1611.0451167253611,1660.405349260074,311.8649038172423,-0.04548309519686622,-1.5969018866766252e-12,-9.772884622960843,7.677225409824056,134.13557657449164,6.859986062984724,1.1551952536939611e-08,4.239503777584773e-15,3343.21,-767765.8432086282,797573.5054029961,533.2265433533413
5,256.0,1.048,0.309,-2.07,-2.0,-332079.938686195,345302.0671581097,280670.00036545895,-1611.089887170407,1660.4053492600726,302.0920159122468,-0.04405779473667132,-1.5401362723947727e-12,-9.772891152385593,7.439283255455085,134.1363723173618,6.856299416977577,1.1126404964631201e-08,4.087722542344854e-15,3343.21,-767765.8432086282,797573.5054029961,533.2265433533413
5,257.0,1.048,0.309,-2.07,-2.0,-333691.05036471254,346962.4725073697,280967.20593473274,-1611.1332323145218,1660.4053492600713,292.3191215817611,-0.04263249333936548,-1.4869731639835273e-12,-9.772897473941173,7.201092091488227,134.13714270672395,6.852728248487758,1.0729334637364281e-08,3.9459526411944124e-15,3343.21,-767765.8432086282,797573.5054029961,533.2265433533413
5,258.0,1.048,0.309,-2.07,-2.0,-335302.20467572345,348622.8778566298,281254.63860654994,-1611.1751521567835,1660.40534926007,282.5462210336544,-0.041207191035265024,-1.435455792880775e-12,-9.772903587627455,6.962659471036219,134.1378877445452,6.849272738219079,1.0358794690759154e-08,3.81352328641245e-15,3343.21,-767765.8432086282,797573.5054029961,533.2265433533413
5,259.0,1.048,0.309,-2.07,-2.0,-336913.40019392525,350283.28320588986,281532.2983747968,-1611.2156466963004,1660.4053492600685,272.77331447579604,-0.03978188785468542,-1.3892545414725825e-12,-9.772909493444299,6.723992995342966,134.13860743272795,6.84593306138185,1.0012999897360791e-08,3.6898185721570714e-15,3343.21,-767765.8432086282,797573.5054029961,533.2265433533413
5,260.0,1.048,0.309,-2.07,-2.0,-338524.63549401483,351943.68855514994,281800.18523356755,-1611.254715932211,1660.4053492600672,263.0004021160556,-0.0383565838279426,-1.3467033824602984e-12,-9.772915191391583,6.485100312411073,134.1393017731098,6.8427093876493785,9.690312716756644e-09,3.574272818291164e-15,3343.21,-767765.8432086282,797573.5054029961,533.2265433533413
5,261.0,1.048,0.309,-2.07,-2.0,-340135.90915068815,353604.09390441,282058.29917716427,-1611.2923598636844,1660.4053492600658,253.22748416230274,-0.03693127898535348,-1.3051900918378885e-12,-9.772920681469188,6.245989115606488,134.13997076746364,6.839601881115687,9.389230684822784e-09,3.466366354873615e-15,3343.21,-767765.8432086282,797573.5054029961,533.2265433533413
5,262.0,1.048,0.309,-2.07,-2.0,-341747.2197386404,355264.4992536701,282306.6402000968,-1611.3285784899201,1660.4053492600644,243.4545608224072,-0.035505973357236265,-1.2686980055002219e-12,-9.772925963676995,6.006667142240819,134.1406144174976,6.836610700254503,9.108375008720437e-09,3.3656217040994373e-15,3343.21,-767765.8432086282,797573.5054029961,533.2265433533413
5,263.0,1.048,0.309,-2.07,-2.0,-343358.565832566,356924.9046029302,282545.208297083,-1611.3633718101473,1660.405349260063,233.68163230423872,-0.03408066697390492,-1.232114907740091e-12,-9.772931038014894,5.767142172131919,134.1412327248551,6.8337359978795185,8.846480248534976e-09,3.271600121033135e-15,3343.21,-767765.8432086282,797573.5054029961,533.2265433533413
5,264.0,1.048,0.309,-2.07,-2.0,-344969.9460071585,358585.30995219026,282774.0034630485,-1611.3967398236264,1660.4053492600617,223.90869881566738,-0.032655359865672785,-1.1987652721442218e-12,-9.772935904482773,5.527422026143395,134.1418256911148,6.830977921105967,8.602384979140421e-09,3.1838984585431903e-15,3343.21,-767765.8432086282,797573.5054029961,533.2265433533413
5,265.0,1.048,0.309,-2.07,-2.0,-346581.3588371108,360245.71530145034,282993.0256931268,-1611.4286825296472,1660.4053492600603,214.1357605645632,-0.031230052062862567,-1.168096165332236e-12,-9.772940563080535,5.287514564703664,134.14239331779063,6.828336611313507,8.375023337171194e-09,3.102146325469585e-15,3343.21,-767765.8432086282,797573.5054029961,533.2265433533413
5,266.0,1.048,0.309,-2.07,-2.0,-348192.8028971151,361906.1206507104,283202.27498265926,-1611.4591999275306,1660.405349260059,204.3628177587964,-0.029804743595789236,-1.1410703627348822e-12,-9.772945013808075,5.047427686305223,134.14293560633192,6.825812204110472,8.163417368048834e-09,3.0260035102905955e-15,3343.21,-767765.8432086282,797573.5054029961,533.2265433533413
5,267.0,1.048,0.309,-2.07,-2.0,-349804.2767618629,363566.5259999705,283401.7513271954,-1611.4882920166274,1660.4053492600578,194.58987060623716,-0.028379434494765852,-1.112366459379946e-12,-9.772949256665305,4.807169325984824,134.1434525581231,6.82340482929948,7.966670096992749e-09,2.9551576454462114e-15,3343.21,-767765.8432086282,797573.5054029961,533.2265433533413
5,268.0,1.048,0.309,-2.07,-2.0,-351415.77900604514,365226.9313492306,283591.4547224922,-1611.515958796319,1660.405349260057,184.81691931475592,-0.02695412479011259,-1.0886251022769913e-12,-9.772953291652126,4.566747453785247,134.1439441744841,6.821114610844428,7.783959255957398e-09,2.8893220900592385e-15,3343.21,-767765.8432086282,797573.5054029961,533.2265433533413
5,269.0,1.048,0.309,-2.07,-2.0,-353027.30820435216,366887.33669849066,283771.3851645146,-1611.5422002660168,1660.405349260056,175.0439640922231,-0.025528814512141597,-1.065451146769134e-12,-9.772957118768458,4.326170073199385,134.14441045667,6.818941666838903,7.614531605602768e-09,2.8282340111094542e-15,3343.21,-767765.8432086282,797573.5054029961,533.2265433533413
5,270.0,1.048,0.309,-2.07,-2.0,-354638.86293147365,368547.74204775074,283941.5426494355,-1611.5670164251624,1660.4053492600551,165.2710051465092,-0.024103503691173467,-1.0425191372524373e-12,-9.772960738014216,4.085445219597379,134.14485140587124,6.816886109476015,7.45769779781246e-09,2.7716526451894287e-15,3343.21,-767765.8432086282,797573.5054029961,533.2265433533413
5,271.0,1.048,0.309,-2.07,-2.0,-356250.44176209875,370208.1473970108,284101.9271736358,-1611.590407273228,1660.4053492600542,155.49804268548485,-0.022678192357521706,-1.0232321777613736e-12,-9.772964149389328,3.844580958637562,134.1452670232136,6.814948045019674,7.312827730017948e-09,2.7193577248327304e-15,3343.21,-767765.8432086282,797573.5054029961,533.2265433533413
5,272.0,1.048,0.309,-2.07,-2.0,-357862.0432709162,371868.5527462709,284252.53873370396,-1611.6123728097168,1660.4053492600533,145.7250769170208,-0.021252880541505818,-1.0048182780299484e-12,-9.772967352893716,3.6035853846619452,134.14565730975815,6.813127573777335,7.179346347734437e-09,2.6711480550764004e-15,3343.21,-767765.8432086282,797573.5054029961,533.2265433533413
5,273.0,1.048,0.309,-2.07,-2.0,-359473.6660326142,373528.958095531,284393.37732643663,-1611.6329130341608,1660.4053492600524,135.9521080489877,-0.01982756827343829,-9.8776350739685e-13,-9.772970348527318,3.362466619077065,134.1460222665013,6.811424790074197,7.056729856340002e-09,2.6268402274244163e-15,3343.21,-767765.8432086282,797573.5054029961,533.2265433533413
5,274.0,1.048,0.309,-2.07,-2.0,-361085.30862188037,375189.36344479106,284524.44294883806,-1611.652027946123,1660.4053492600515,126.17913628925642,-0.01840225558364044,-9.727676024826307e-13,-9.772973136290066,3.1212328087209604,134.14636189437473,6.809839782228933,6.944502307296979e-09,2.5862674597370184e-15,3343.21,-767765.8432086282,797573.5054029961,533.2265433533413
5,275.0,1.048,0.309,-2.07,-2.0,-362696.96961340215,376849.76879405114,284645.7355981205,-1611.6697175451975,1660.4053492600506,116.40616184569787,-0.016976942502422668,-9.57509989102869e-13,-9.772975716181895,2.8798921242170836,134.14667619424557,6.808372632530902,6.842232527761865e-09,2.549278551793778e-15,3343.21,-767765.8432086282,797573.5054029961,533.2265433533413
5,276.0,1.048,0.309,-2.07,-2.0,-364308.64758186636,378510.1741433112,284757.2552717041,-1611.6859818310077,1660.4053492600497,106.63318492618295,-0.015551629060105156,-9.448556156497343e-13,-9.772978088202763,2.6384527583159785,134.14696516691612,6.807023417218874,6.749531365927453e-09,2.515736947389589e-15,3343.21,-767765.8432086282,797573.5054029961,533.2265433533413
5,277.0,1.048,0.309,-2.07,-2.0,-365920.3411019596,380170.5794925713,284859.0019672168,-1611.7008208032075,1660.4053492600488,96.86020573858269,-0.014126315287007918,-9.340791598722293e-13,-9.772980252352621,2.396922924225545,134.14722881312417,6.805792206461317,6.66604922750886e-09,2.485519894827634e-15,3343.21,-767765.8432086282,797573.5054029961,533.2265433533413
5,278.0,1.048,0.309,-2.07,-2.0,-367532.0487483681,381830.9848418314,284950.9756824945,-1611.7142344614817,1660.4053492600478,87.0872244907681,-0.012701001213437695,-9.225201415270406e-13,-9.772982208631394,2.1553108539307355,134.1474671335428,6.804679064338209,6.591473881576469e-09,2.4585176985895407e-15,3343.21,-767765.8432086282,797573.5054029961,533.2265433533413
5,279.0,1.048,0.309,-2.07,-2.0,-369143.7690957778,383491.39019109146,285033.1764155809,-1611.7262228055442,1660.405349260047,77.31424139061026,-0.011275686869720039,-9.143779297409332e-13,-9.772983957039084,1.913624796503535,134.14768012878034,6.803684048824409,6.525528516482394e-09,2.4346330557992073e-15,3343.21,-767765.8432086282,797573.5054029961,533.2265433533413
5,280.0,1.048,0.309,-2.07,-2.0,-370755.50071887433,385151.79554035154,285105.6041647276,-1611.736785835141,1660.405349260046,67.54125664598031,-0.009850372286164484,-9.050785760309974e-13,-9.772985497575613,1.6718730164040787,134.14786779938058,6.802807211774606,6.467970028951025e-09,2.4137804718620776e-15,3343.21,-767765.8432086282,797573.5054029961,533.2265433533413
5,281.0,1.048,0.309,-2.07,-2.0,-372367.24219234317,386812.2008896116,285168.258928394,-1611.7459235500469,1660.405349260045,57.76827046474942,-0.008425057493091718,-8.980236207184456e-13,-9.772986830240972,1.4300637917737928,134.14803014582262,6.802048598909826,6.418587531542565e-09,2.3958857503672238e-15,3343.21,-767765.8432086282,797573.5054029961,533.2265433533413
5,282.0,1.048,0.309,-2.07,-2.0,-373978.9920908695,388472.6062388717,285221.1407052475,-1611.7536359500677,1660.4053492600442,47.99528305478877,-0.006999742520817102,-8.917171496726675e-13,-9.772987955035129,1.1882054127214101,134.14816716852093,6.8014082498055375,6.377201065668404e-09,2.380885552990471e-15,3343.21,-767765.8432086282,797573.5054029961,533.2265433533413
5,283.0,1.048,0.309,-2.07,-2.0,-375590.74898913834,390133.0115881318,285264.24949416326,-1611.759923035039,1660.4053492600433,38.222294623969574,-0.005574427399659047,-8.864632812577672e-13,-9.772988871958063,0.9463061796027703,134.1482788678253,6.800886197881345,6.343660509169643e-09,2.368727025743468e-15,3343.21,-767765.8432086282,797573.5054029961,533.2265433533413
5,284.0,1.048,0.309,-2.07,-2.0,-377202.51146183454,391793.41693739186,285297.5852942244,-1611.7647848048275,1660.4053492600424,28.44930538016306,-0.00414911215993071,-8.830430304036595e-13,-9.77298958100974,0.7043744012952777,134.14836524402082,6.800482470392277,6.317844669178774e-09,2.359367488479988e-15,3343.21,-767765.8432086282,797573.5054029961,533.2265433533413
5,285.0,1.048,0.309,-2.07,-2.0,-378814.2780836428,393453.82228665194,285321.14810472185,-1611.7682212593297,1660.4053492600415,18.67631553124051,-0.0027237968319504826,-8.805088372576498e-13,-9.772990082190162,0.46241839346792024,134.1484262973281,6.8001970884216725,6.299660552594062e-09,2.3527741851051337e-15,3343.21,-767765.8432086282,797573.5054029961,533.2265433533413
5,286.0,1.048,0.309,-2.07,-2.0,-380426.04742924805,395114.227635912,285334.93792515446,-1611.7702323984722,1660.4053492600406,8.903325285073167,-0.0012984814460327747,-8.782238464688248e-13,-9.772990375499306,0.22044647684774168,134.1484620279029,6.8000300668756894,6.289042808020651e-09,2.3489240924398363e-15,3343.21,-767765.8432086282,797573.5054029961,533.2265433533413
5,287.0,1.048,0.309,-2.07,-2.0,-382037.8180733346,396774.6329851721,285338.9547552289,-1611.7708182222125,1660.4053492600397,-0.8696651504676819,0.0001268339675007672,-8.793619446324021e-13,-9.772990460937175,-0.021533024516321775,134.14847243583648,6.799981414479406,6.285953334491961e-09,2.347803786178764e-15,3343.21,-767765.8432086282,797573.5054029961,533.2265433533413
5,288.0,1.048,0.309,-2.07,-2.0,-383649.58859058726,398435.0383344322,285333.19859485974,-1611.769978730538,1660.4053492600387,-10.642655567510754,0.0015521493783400933,-8.776277668368593e-13,-9.772990338503758,-0.26351178499134087,134.14845752115545,6.800051133774551,6.290381053692761e-09,2.349409362848647e-15,3343.21,-767765.8432086282,797573.5054029961,533.2265433533413
5,289.0,1.048,0.309,-2.07,-2.0,-385261.35755569057,400095.44368369225,285317.66944416927,-1611.7677139234668,1660.4053492600378,-20.415645758184773,0.0029774647561662667,-8.776498606370465e-13,-9.772990008199065,-0.5054814790991201,134.14841728382166,6.800239221118829,6.3023418437782276e-09,2.3537464171316164e-15,3343.21,-767765.8432086282,797573.5054029961,533.2265433533413
5,290.0,1.048,0.309,-2.07,-2.0,-386873.12354332913,401755.84903295233,285292.367303488,-1611.7640238010465,1660.405349260037,-30.18863551461846,0.004402780070661454,-8.79954307299229e-13,-9.7729894700231,-0.7474337832548424,134.14835172373242,6.800545666686885,6.321878634235253e-09,2.3608300743688684e-15,3343.21,-767765.8432086282,797573.5054029961,533.2265433533413
5,291.0,1.048,0.309,-2.07,-2.0,-388484.8851281876,403416.2543822124,285257.2921733541,-1611.7589083633566,1660.405349260036,-39.96162462894054,0.005828095291511201,-8.834631323873728e-13,-9.772988723975871,-0.9893603775047265,134.14826084072035,6.800970454472856,6.349061662580111e-09,2.3706850785095226e-15,3343.21,-767765.8432086282,797573.5054029961,533.2265433533413
5,292.0,1.048,0.309,-2.07,-2.0,-390096.64088495076,405076.6597314725,285212.4440545135,-1611.752367610505,1660.405349260035,-49.734612893279774,0.007253410388398672,-8.878339003206073e-13,-9.7729877700574,-1.2312529472617895,134.1481446345535,6.801513562294557,6.383988895039728e-09,2.3833459362205555e-15,3343.21,-767765.8432086282,797573.5054029961,533.2265433533413
5,293.0,1.048,0.309,-2.07,-2.0,-391708.3893883036,406737.0650807326,285157.8229479201,-1611.744401542631,1660.4053492600342,-59.507600099764936,0.00867872533100787,-8.920021599494881e-13,-9.772986608267704,-1.473103185038805,134.14800310493516,6.802174961799266,6.426786614742913e-09,2.3988571183333446e-15,3343.21,-767765.8432086282,797573.5054029961,533.2265433533413
5,294.0,1.048,0.309,-2.07,-2.0,-393320.1292129311,408397.47042999265,285093.42885473586,-1611.7350101599043,1660.4053492600333,-69.2805860405248,0.010104040089019727,-8.974971370900234e-13,-9.772985238606813,-1.7149027921775626,134.14783625150403,6.802954618471118,6.4776101823641015e-09,2.417273320274021e-15,3343.21,-767765.8432086282,797573.5054029961,533.2265433533413
5,295.0,1.048,0.309,-2.07,-2.0,-394931.8589335185,410057.87577925273,285019.2617763303,-1611.7241934625247,1660.4053492600324,-79.05357050768816,0.011529354632122117,-9.047452563190757e-13,-9.772983661074743,-1.956643480573524,134.1476440738342,6.8038524916400975,6.5366449756307846e-09,2.438659783613372e-15,3343.21,-767765.8432086282,797573.5054029961,533.2265433533413
5,296.0,1.048,0.309,-2.07,-2.0,-396543.57712475135,411718.2811285128,284935.32171428105,-1611.711951450722,1660.4053492600315,-88.82655329338391,0.01295466892999494,-9.130089224910826e-13,-9.77298187567154,-2.1983169743949844,134.14742657143498,6.804868534492636,6.604107515645611e-09,2.463092681383858e-15,3343.21,-767765.8432086282,797573.5054029961,533.2265433533413
5,297.0,1.048,0.309,-2.07,-2.0,-398155.28236131533,413378.6864777729,284841.60867037333,-1611.6982841247564,1660.4053492600306,-98.5995341897409,0.014379982952323463,-9.222179675883837e-13,-9.772979882397236,-2.4399150117958484,134.14718374375116,6.806002694083786,6.680246789599079e-09,2.4906595703505893e-15,3343.21,-767765.8432086282,797573.5054029961,533.2265433533413
5,298.0,1.048,0.309,-2.07,-2.0,-399766.97321789624,415039.091827033,284738.1226466006,-1611.6831914849192,1660.4053492600297,-108.37251298888805,0.01580529666878936,-9.341227170525468e-13,-9.772977681251875,-2.6814293466211345,134.14691559016282,6.807254911350997,6.765345781177789e-09,2.521459913996124e-15,3343.21,-767765.8432086282,797573.5054029961,533.2265433533413
5,299.0,1.048,0.309,-2.07,-2.0,-401378.6482691806,416699.49717629305,284624.8636451639,-1611.6666735315307,1660.4053492600287,-118.1454894829543,0.017230610049084855,-9.442583402543593e-13,-9.772975272235495,-2.922851750104346,134.14662210998543,6.80862512112944,6.859723221830055e-09,2.5556056805935308e-15,3343.21,-767765.8432086282,797573.5054029961,533.2265433533413
5,300.0,1.048,0.309,-2.07,-2.0,-402990.3060898549,418359.90252555313,284501.8316684724,-1611.648730264943,1660.4053492600278,-127.91846346406872,0.018655923062876358,-9.560856626793634e-13,-9.772972655348175,-3.164174012555824,134.1463033024697,6.810113252168921,6.963735578046647e-09,2.593222021401368e-15,3343.21,-767765.8432086282,797573.5054029961,533.2265433533413
5,301.0,1.048,0.309,-2.07,-2.0,-404601.9452546062,420020.3078748132,284369.02671914274,-1611.629361685537,1660.405349260027,-137.69143472436033,0.020081235679862607,-9.706441336950764e-13,-9.772969830589938,-3.4053879450412294,134.14595916680176,6.811719227152339,7.077779291986362e-09,2.634448034730775e-15,3343.21,-767765.8432086282,797573.5054029961,533.2265433533413
5,302.0,1.048,0.309,-2.07,-2.0,-406213.56433812185,421680.7132240733,284226.44879999984,-1611.6085677937256,1660.405349260026,-147.46440305595831,0.02150654786972293,-9.867957567985609e-13,-9.77296679796086,-3.646485381049313,134.14558970210302,6.8134429627156825,7.202293295133949e-09,2.6794376224109487e-15,3343.21,-767765.8432086282,797573.5054029961,533.2265433533413
5,303.0,1.048,0.309,-2.07,-2.0,-407825.1619150897,423341.11857333337,284074.0979140763,-1611.5863485899501,1660.405349260025,-157.23736825099178,0.022931859602141783,-1.0036826907949433e-12,-9.772963557460997,-3.887458178148115,134.1451949074303,6.815284369469568,7.337761817267699e-09,2.7283604460306656e-15,3343.21,-767765.8432086282,797573.5054029961,533.2265433533413
5,304.0,1.048,0.309,-2.07,-2.0,-409436.73656019795,425001.52392259345,283911.97406461264,-1611.5627040746838,1660.4053492600242,-167.01033010159003,0.024357170846799208,-1.022511665749179e-12,-9.772960109090427,-4.1282982196287925,134.14477478177565,6.817243352022289,7.484717515846567e-09,2.781402991262628e-15,3343.21,-767765.8432086282,797573.5054029961,533.2265433533413
5,305.0,1.048,0.309,-2.07,-2.0,-411048.28684813547,426661.9292718535,283740.07725505723,-1611.537634248429,1660.4053492600233,-176.78328839988242,0.02578248157338493,-1.0416804979273872e-12,-9.772956452849222,-4.368997416136228,134.1443293240665,6.81931980900438,7.643744954056142e-09,2.838769749602421e-15,3343.21,-767765.8432086282,797573.5054029961,533.2265433533413
5,306.0,1.048,0.309,-2.07,-2.0,-412659.81135359145,428322.3346211136,283558.4074890663,-1611.5111391117196,1660.4053492600224,-186.5562429379983,0.027207791751576758,-1.0626275616135402e-12,-9.772952588737446,-4.609547707285644,134.14385853316554,6.821513633094653,7.815484459203154e-09,2.900684527981794e-15,3343.21,-767765.8432086282,797573.5054029961,533.2265433533413
5,307.0,1.048,0.309,-2.07,-2.0,-414271.3086512557,429982.7399703737,283366.964770504,-1611.4832186651188,1660.4053492600215,-196.32919350806716,0.02863310135106102,-1.0868412669060573e-12,-9.7729485167552,-4.849941063264407,134.14336240787085,6.823824711047731,8.000636396972932e-09,2.9673918979641763e-15,3343.21,-767765.8432086282,797573.5054029961,533.2265433533413
5,308.0,1.048,0.309,-2.07,-2.0,-415882.7773158186,431643.14531963365,283165.7491034421,-1611.4538729092205,1660.4053492600206,-206.10213990221857,0.03005841034152149,-1.1105245739810484e-12,-9.772944236902562,-5.090169486418273,134.14284094691578,6.8262529237230165,8.199965901304136e-09,3.039158797611504e-15,3343.21,-767765.8432086282,797573.5054029961,533.2265433533413
5,309.0,1.048,0.309,-2.07,-2.0,-417494.2159219712,433303.5506688936,282954.76049216074,-1611.4231018446487,1660.4053492600196,-215.87508191258217,0.031483718692638336,-1.1369872076297641e-12,-9.772939749179624,-5.330225012821281,134.142294148969,6.828798146115127,8.414308104350345e-09,3.1162763006447432e-15,3343.21,-767765.8432086282,797573.5054029961,533.2265433533413
5,310.0,1.048,0.309,-2.07,-2.0,-419105.6230444052,434963.9560181536,282733.99894114747,-1611.3909054720582,1660.4053492600183,-225.64801933128774,0.03290902637410762,-1.1645551551768578e-12,-9.772935053586465,-5.570099713828577,134.14172201263443,6.831460247385728,8.644573916250137e-09,3.199061569225536e-15,3343.21,-767765.8432086282,797573.5054029961,533.2265433533413
5,311.0,1.048,0.309,-2.07,-2.0,-420716.9972578129,436624.36136741354,282503.464455098,-1611.3572837921336,1660.405349260017,-235.42095195046508,0.03433433335559529,-1.1969391301075721e-12,-9.77293015012322,-5.809785697611409,134.1411245364513,6.834239090896792,8.891756410276943e-09,3.287860008581697e-15,3343.21,-767765.8432086282,797573.5054029961,533.2265433533413
5,312.0,1.048,0.309,-2.07,-2.0,-422328.33713688725,438284.7667166735,282263.15703891567,-1611.3222368055904,1660.4053492600156,-245.19387956224418,0.03575963960680419,-1.2281618301828556e-12,-9.77292503878995,-6.049275110673623,134.14050171889414,6.837134534245226,9.15693787548183e-09,3.383047643815738e-15,3343.21,-767765.8432086282,797573.5054029961,533.2265433533413
5,313.0,1.048,0.309,-2.07,-2.0,-423939.64125632204,439945.17206593347,282013.07669771195,-1611.2857645131735,1660.4053492600142,-254.966801958755,0.03718494509740046,-1.263973903552532e-12,-9.772919719586799,-6.2885601393489,134.13985355837278,6.840146429298874,9.441297606245295e-09,3.4850337415935395e-15,3343.21,-767765.8432086282,797573.5054029961,533.2265433533413
5,314.0,1.048,0.309,-2.07,-2.0,-425550.90819081187,441605.57741519343,281753.2234368059,-1611.247866915659,1660.4053492600128,-264.73971893212786,0.03861024979707642,-1.3008977844165542e-12,-9.772914192513866,-6.527633011278127,134.13918005323225,6.843274622233854,9.746120506335704e-09,3.5942637020477696e-15,3343.21,-767765.8432086282,797573.5054029961,533.2265433533413
5,315.0,1.048,0.309,-2.07,-2.0,-427162.1365150519,443265.9827644534,281483.5972617247,-1611.208544013853,1660.4053492600115,-274.5126302744929,0.04003555367551774,-1.3414416944967871e-12,-9.772908457571262,-6.766485996866166,134.1384812017529,6.846518953573239,1.0072806594232857e-08,3.7112222491783264e-15,3343.21,-767765.8432086282,797573.5054029961,533.2265433533413
5,316.0,1.048,0.309,-2.07,-2.0,-428773.3248037384,444926.38811371336,281204.1981782032,-1611.1677958085918,1660.40534926001,-284.2855357779805,0.041460856702405645,-1.3837194878005875e-12,-9.772902514759117,-7.005111410717458,134.1377570021504,6.849879258227002,1.0422881506753075e-08,3.836436951333687e-15,3343.21,-767765.8432086282,797573.5054029961,533.2265433533413
5,317.0,1.048,0.309,-2.07,-2.0,-430384.4716315682,446586.7934629733,280915.0261921843,-1611.1256223007424,1660.4053492600087,-294.05843523472134,0.04288615884741978,-1.4309889657142336e-12,-9.77289636407756,-7.243501613049776,134.13700745257552,6.8533553655332735,1.0798008109542381e-08,3.970482107053968e-15,3343.21,-767765.8432086282,797573.5054029961,533.2265433533413
5,318.0,1.048,0.309,-2.07,-2.0,-431995.5755732393,448247.1988122333,280616.0813098186,-1611.0820234912012,1660.4053492600074,-303.83132843684587,0.04431146008025475,-1.477916432786318e-12,-9.772890005526707,-7.481649011085546,134.1362325511144,6.856947099300827,1.1199999335967164e-08,4.1139830357060235e-15,3343.21,-767765.8432086282,797573.5054029961,533.2265433533413
5,319.0,1.048,0.309,-2.07,-2.0,-433606.6352034504,449907.60416149325,280307.36353746476,-1611.036999380896,1660.405349260006,-313.60421517648496,0.04573676037058693,-1.5322916826413787e-12,-9.7728834391067,-7.719546060420174,134.13543229578835,6.860654277852808,1.1630832390497441e-08,4.267620816994657e-15,3343.21,-767765.8432086282,797573.5054029961,533.2265433533413
5,320.0,1.048,0.309,-2.07,-2.0,-435217.6490969011,451568.0095107532,279988.8728816891,-1610.9905499707845,1660.4053492600046,-323.3770952457696,0.04716205968810086,-1.5886142218935237e-12,-9.772876664817682,-7.957185266366778,134.13460668455392,6.864476714071664,1.209266446907658e-08,4.432137528664581e-15,3343.21,-767765.8432086282,797573.5054029961,533.2265433533413
5,321.0,1.048,0.309,-2.07,-2.0,-436828.61582829227,453228.4148600132,279660.609349266,-1610.9426752618544,1660.4053492600028,-333.14996843683076,0.04858735800248573,-1.6466669758811622e-12,-9.772869682659788,-8.19455918527682,134.13375571530293,6.868414215445244,1.2587850167435114e-08,4.608342037586107e-15,3343.21,-767765.8432086282,797573.5054029961,533.2265433533413
5,322.0,1.048,0.309,-2.07,-2.0,-438439.53397232556,454888.82020927314,279322.57294717745,-1610.893375255124,1660.405349260001,-342.9228345417996,0.05001265528341677,-1.7113990133775837e-12,-9.772862492633179,-8.43166042583609,134.1328793858623,6.872466584114068,1.3118960769120098e-08,4.797116406032409e-15,3343.21,-767765.8432086282,797573.5054029961,533.2265433533413
5,323.0,1.048,0.309,-2.07,-2.0,-440050.4021037036,456549.2255585331,278974.7636826137,-1610.8426499516422,1660.4053492599992,-352.69569335280755,0.05143795150058877,-1.7799282691697173e-12,-9.77285509473799,-8.668481650335572,134.1319776939943,6.876633616919716,1.3688805628482191e-08,4.9994229824015795e-15,3343.21,-767765.8432086282,797573.5054029961,533.2265433533413
5,324.0,1.048,0.309,-2.07,-2.0,-441661.2187971302,458209.63090779306,278617.18156297243,-1610.7904993524876,1660.4053492599974,-362.46854466198613,0.05286324662367849,-1.8545436895715196e-12,-9.772847488974385,-8.905015575916678,134.13105063739627,6.880915105454302,1.4300455890366892e-08,5.216312254029718e-15,3343.21,-767765.8432086282,797573.5054029961,533.2265433533413
5,325.0,1.048,0.309,-2.07,-2.0,-443271.9826273104,459870.036257053,278249.82659585954,-1610.7369234587698,1660.4053492599955,-372.24138826146697,0.05428854062237036,-1.931559021624039e-12,-9.772839675342535,-9.141254975790446,134.13009821370076,6.885310836111047,1.4957270818181463e-08,5.448931549199199e-15,3343.21,-767765.8432086282,797573.5054029961,533.2265433533413
5,326.0,1.048,0.309,-2.07,-2.0,-444882.69216895,461530.441606313,277872.6987890887,-1610.6819222716279,1660.4053492599937,-382.01422394338186,0.0557138334663514,-2.017833904069287e-12,-9.772831653842584,-9.37719268043022,134.12912042047557,6.889820590135874,1.5662927035853173e-08,5.698534686124149e-15,3343.21,-767765.8432086282,797573.5054029961,533.2265433533413
5,327.0,1.048,0.309,-2.07,-2.0,-446493.3459967563,463190.84695557295,277485.7981506812,-1610.6254957922322,1660.4053492599917,-391.78705149986286,0.05713912512531023,-2.1051485977020524e-12,-9.772823424474707,-9.612821578737426,134.12811725522357,6.89444414368004,1.6421451027471075e-08,5.966492678748108e-15,3343.21,-767765.8432086282,797573.5054029961,533.2265433533413
5,328.0,1.048,0.309,-2.07,-2.0,-448103.94268543745,464851.2523048329,277089.12468886666,-1610.5676440217826,1660.4053492599894,-401.5598707230421,0.0585644155689205,-2.201658677895691e-12,-9.77281498723909,-9.848134619180076,134.12708871538283,6.899181267853734,1.7237255281738067e-08,6.254305622809395e-15,3343.21,-767765.8432086282,797573.5054029961,533.2265433533413
5,329.0,1.048,0.309,-2.07,-2.0,-449714.4808097031,466511.6576540929,276682.67841208226,-1610.5083669615094,1660.4053492599871,-411.3326814050518,0.059989704766872355,-2.3074768514050204e-12,-9.772806342135905,-10.083124810903595,134.1260347983265,6.904031728780655,1.8115178517464644e-08,6.563615901034861e-15,3343.21,-767765.8432086282,797573.5054029961,533.2265433533413
5,330.0,1.048,0.309,-2.07,-2.0,-451324.9589442642,468172.06300335284,276266.45932897297,-1610.447664612674,1660.4053492599849,-421.10548333802467,0.06141499268885447,-2.418059282269823e-12,-9.77279748916532,-10.317785224813665,134.124955501363,6.90899528765351,1.9060530481992412e-08,6.8962228637496485e-15,3343.21,-767765.8432086282,797573.5054029961,533.2265433533413
5,331.0,1.048,0.309,-2.07,-2.0,-452935.37566383276,469832.4683526128,275840.4674483918,-1610.385536976567,1660.4053492599824,-430.8782763140934,0.06284027930454456,-2.5372941865303553e-12,-9.772788428327544,-10.552108994630755,134.12385082173572,6.9140717007904025,2.007914187759333e-08,7.254099160928913e-15,3343.21,-767765.8432086282,797573.5054029961,533.2265433533413
5,332.0,1.048,0.309,-2.07,-2.0,-454545.7295431221,471492.87370187277,275404.7027793996,-1610.3219840545103,1660.4053492599796,-440.6510601253908,0.0642655645836354,-2.6634746608442526e-12,-9.772779159622743,-10.786089317916028,134.1227207566233,6.919260719692122,2.1177420042600824e-08,7.639408924085176e-15,3343.21,-767765.8432086282,797573.5054029961,533.2265433533413
5,333.0,1.048,0.309,-2.07,-2.0,-456156.019156847,473153.27905113273,274959.1653312652,-1610.2570058478552,1660.405349259977,-450.42383456404997,0.0656908484958029,-2.801141737555901e-12,-9.772769683051129,-11.019719457068387,134.1215653031393,6.924562091100244,2.2362411095496014e-08,8.054528021746413e-15,3343.21,-767765.8432086282,797573.5054029961,533.2265433533413
5,334.0,1.048,0.309,-2.07,-2.0,-457766.2430797234,474813.6844003927,274503.855113465,-1610.1906023579843,1660.4053492599742,-460.1965994222042,0.06711613101073449,-2.9503737483767257e-12,-9.772759998612898,-11.252992740292392,134.12038445833258,6.929975557056055,2.3641869342821748e-08,8.50206664106665e-15,3343.21,-767765.8432086282,797573.5054029961,533.2265433533413
5,335.0,1.048,0.309,-2.07,-2.0,-459376.39988646895,476474.08974965266,274038.7721356835,-1610.1227735863094,1660.405349259971,-469.9693544919869,0.0685414120981157,-3.110395515739938e-12,-9.772750106308253,-11.485902562536815,134.11917821918692,6.935500854960256,2.502433485719867e-08,8.984894480794024e-15,3343.21,-767765.8432086282,797573.5054029961,533.2265433533413
5,336.0,1.048,0.309,-2.07,-2.0,-460986.4881518025,478134.4950989126,273563.9164078131,-1610.0535195342738,1660.4053492599678,-479.74209956553193,0.06996669172763742,-3.281608184494883e-12,-9.772740006137385,-11.718442386403638,134.1179465826212,6.94113771763342,2.6519220251768723e-08,9.506168877974387e-15,3343.21,-767765.8432086282,797573.5054029961,533.2265433533413
5,337.0,1.048,0.309,-2.07,-2.0,-462596.5064504445,479794.9004481726,273079.28793995385,-1609.9828402033504,1660.4053492599646,-489.51483443497307,0.07139196986897473,-3.4667085216340783e-12,-9.772729698100528,-11.950605743027326,134.11668954548938,6.946885873377157,2.813690781416701e-08,1.006936623301137e-14,3343.21,-767765.8432086282,797573.5054029961,533.2265433533413
5,338.0,1.048,0.309,-2.07,-2.0,-464206.4533571168,481455.30579743255,272584.8867424138,-1609.910735595042,1660.405349259961,-499.28755889244445,0.07281724649182227,-3.666349605310308e-12,-9.772719182197875,-12.182386232924202,134.1154071045804,6.952745046035987,2.9888858319117954e-08,1.0678317145785779e-14,3343.21,-767765.8432086282,797573.5054029961,533.2265433533413
5,339.0,1.048,0.309,-2.07,-2.0,-465816.3274465427,483115.7111466925,272080.71282570885,-1609.8372057108832,1660.4053492599573,-509.0602727300803,0.07424252156585741,-3.881231781405348e-12,-9.77270845842966,-12.413777526811796,134.11409925661835,6.9587149550598495,3.178773301677324e-08,1.1337245730297015e-14,3343.21,-767765.8432086282,797573.5054029961,533.2265433533413
5,340.0,1.048,0.309,-2.07,-2.0,-467426.1272934471,484776.1164959525,271566.7662005629,-1609.7622505524369,1660.4053492599533,-518.8329757400153,0.07566779506077122,-4.113820826223506e-12,-9.772697526796103,-12.644773366398065,134.11276599826215,6.964795315567249,3.384753049722572e-08,1.2050813637701231e-14,3343.21,-767765.8432086282,797573.5054029961,533.2265433533413
5,341.0,1.048,0.309,-2.07,-2.0,-469035.85147255665,486436.52184521244,271043.04687790736,-1609.685870121298,1660.4053492599492,-528.605667714384,0.07709306694624513,-4.364696148261225e-12,-9.772686387297428,-12.875367565140369,134.11140732610585,6.970985838409014,3.6083740364004876e-08,1.2824169388804656e-14,3343.21,-767765.8432086282,797573.5054029961,533.2265433533413
5,342.0,1.048,0.309,-2.07,-2.0,-470645.4985585994,488096.9271944724,270509.55486888194,-1609.608064419091,1660.4053492599446,-538.3783484453218,0.07851833719196873,-4.636812036736996e-12,-9.772675039933858,-13.105554008974185,134.11002323667847,6.977286230232579,3.851351591514529e-08,1.3663003698320984e-14,3343.21,-767765.8432086282,797573.5054029961,533.2265433533413
5,343.0,1.048,0.309,-2.07,-2.0,-472255.067126305,489757.33254373237,269966.29018483387,-1609.5288334474708,1660.4053492599398,-548.1510177249637,0.07994360576762596,-4.930208824268249e-12,-9.772663484705639,-13.335326657011446,134.10861372644393,6.983696193546845,4.115586833465502e-08,1.45736115660115e-14,3343.21,-767765.8432086282,797573.5054029961,533.2265433533413
5,344.0,1.048,0.309,-2.07,-2.0,-473864.55575040507,491417.7378929923,269413.2528373184,-1609.4481772081228,1660.4053492599348,-557.923675345445,0.08136887264290062,-5.249661445317723e-12,-9.772651721613007,-13.564679542208525,134.1071787918012,6.990215426787523,4.403188524569982e-08,1.5562962015911203e-14,3343.21,-767765.8432086282,797573.5054029961,533.2265433533413
5,345.0,1.048,0.309,-2.07,-2.0,-475473.9630056325,493078.1432422523,268850.4428380986,-1609.366095702762,1660.4053492599294,-567.6963210989015,0.08279413778748515,-5.5957898721402685e-12,-9.772639750656188,-13.7936067720039,134.10571842908405,6.996843624382934,4.716497687633021e-08,1.663877648620292e-14,3343.21,-767765.8432086282,797573.5054029961,533.2265433533413
5,346.0,1.048,0.309,-2.07,-2.0,-477083.2874667224,494738.54859151226,268277.86019914557,-1609.2825889331348,1660.4053492599237,-577.4689547774692,0.08421940117106227,-5.97013946869326e-12,-9.772627571835441,-14.0221025289254,134.10423263456133,7.003580476820292,5.0581153546902976e-08,1.7809617011226312e-14,3343.21,-767765.8432086282,797573.5054029961,533.2265433533413
5,347.0,1.048,0.309,-2.07,-2.0,-478692.52770841133,496398.9539407722,267695.504932638,-1609.197656901017,1660.4053492599176,-587.2415761732844,0.0856446627633223,-6.373862525789864e-12,-9.772615185150995,-14.250161071167195,134.10272140443675,7.010425670712357,5.430933871456742e-08,1.908498549627069e-14,3343.21,-767765.8432086282,797573.5054029961,533.2265433533413
5,348.0,1.048,0.309,-2.07,-2.0,-480301.6823054376,498059.3592900322,267103.37705096253,-1609.1112996082152,1660.405349259911,-597.0141850784835,0.08706992253394212,-6.817190820853614e-12,-9.772602590603134,-14.477776733136517,134.10118473484886,7.017378888864494,5.838172241479089e-08,2.047543556827218e-14,3343.21,-767765.8432086282,797573.5054029961,533.2265433533413
5,349.0,1.048,0.309,-2.07,-2.0,-481910.7498325414,499719.76463929215,266501.4765667138,-1609.0235170565666,1660.405349259904,-606.786781285203,0.08849518045262257,-7.296015459094254e-12,-9.772589788192072,-14.704943925970227,134.09962262187113,7.024439810342072,6.283416063513298e-08,2.1992698694902172e-14,3343.21,-767765.8432086282,797573.5054029961,533.2265433533413
5,350.0,1.048,0.309,-2.07,-2.0,-483519.728864465,501380.169988552,265889.8034926943,-1608.9343092479373,1660.4053492598962,-616.55936458558,0.08992043648904016,-7.819714010215298e-12,-9.772576777918099,-14.931657138021293,134.0980350615119,7.031608110538179,6.77066269565279e-08,2.3649826504933958e-14,3343.21,-767765.8432086282,797573.5054029961,533.2265433533413
5,351.0,1.048,0.309,-2.07,-2.0,-485128.6179759523,503040.57533781184,265268.3578419141,-1608.8436761842258,1660.4053492598882,-626.3319347717517,0.09134569061288764,-8.387598144353312e-12,-9.772563559781448,-15.157910935315329,134.09642204971433,7.038883461241649,7.304372371867879e-08,2.5461351519004687e-14,3343.21,-767765.8432086282,797573.5054029961,533.2265433533413
5,352.0,1.048,0.309,-2.07,-2.0,-486737.4157417491,504700.9806870717,264637.1396275915,-1608.7516178673593,1660.4053492598796,-636.1044916358554,0.09277094279385463,-9.008669876381686e-12,-9.772550133782385,-15.383699961977321,134.09478358235646,7.0462655307053215,7.889526102810254e-08,2.744346881756199e-14,3343.21,-767765.8432086282,797573.5054029961,533.2265433533413
5,353.0,1.048,0.309,-2.07,-2.0,-488346.1207366032,506361.38603633153,263996.14886315237,-1608.6581342992959,1660.4053492598703,-645.8770349700292,0.09419619300162883,-9.686671350300472e-12,-9.77253649992118,-15.609018940628706,134.0931196552511,7.053753983714548,8.53169131522134e-08,2.9614241538365294e-14,3343.21,-767765.8432086282,797573.5054029961,533.2265433533413
5,354.0,1.048,0.309,-2.07,-2.0,-489954.7315352646,508021.7913855914,263345.38556223066,-1608.563225482024,1660.4053492598603,-655.6495645664106,0.09562144120589622,-1.042551192937785e-11,-9.772522658198092,-15.83386267275492,134.09143026414583,7.061348481655904,9.237096325673865e-08,3.199383351696411e-14,3343.21,-767765.8432086282,797573.5054029961,533.2265433533413
5,355.0,1.048,0.309,-2.07,-2.0,-491563.2467124849,509682.1967348512,262684.849738668,-1608.466891417562,1660.4053492598496,-665.422080217138,0.0970466873763531,-1.1234020285297893e-11,-9.772508608613377,-16.058226039043706,134.08971540472305,7.069048682586057,1.0012714907717637e-07,3.460477286888839e-14,3343.21,-767765.8432086282,797573.5054029961,533.2265433533413
5,356.0,1.048,0.309,-2.07,-2.0,-493171.66484301805,511342.6020841111,262014.54140651418,-1608.3691321079593,1660.405349259838,-675.1945817143503,0.09847193148268185,-1.2118803664838399e-11,-9.772494351167317,-16.282103999694304,134.0879750726,7.0768542413008015,1.0866362400349065e-07,3.74722508720927e-14,3343.21,-767765.8432086282,797573.5054029961,533.2265433533413
5,357.0,1.048,0.309,-2.07,-2.0,-494779.9845016198,513003.0074333709,261334.4605800265,-1608.269947555295,1660.4053492598252,-684.9670688501858,0.0998971734945746,-1.308796851888623e-11,-9.772479885860179,-16.505491594697773,134.08620926332847,7.084764809404189,1.1806805024238636e-07,4.062446115444907e-14,3343.21,-767765.8432086282,797573.5054029961,533.2265433533413
5,358.0,1.048,0.309,-2.07,-2.0,-496388.2042630483,514663.41278263077,260644.60727367026,-1608.1693377616782,1660.4053492598118,-694.7395414167837,0.1013224133817325,-1.4145884068884102e-11,-9.772465212692204,-16.728383944088726,134.08441797239516,7.0927800353777615,1.2843884325182378e-07,4.409298493767169e-14,3343.21,-767765.8432086282,797573.5054029961,533.2265433533413
5,359.0,1.048,0.309,-2.07,-2.0,-497996.3227020636,516323.8181318906,259944.9815021186,-1608.0673027292496,1660.405349259797,-704.5119992062833,0.10274765111383119,-1.5311909170373237e-11,-9.772450331663691,-16.95077624816866,134.08260119522137,7.100899564649835,1.3988658957496436e-07,4.79132289523025e-14,3343.21,-767765.8432086282,797573.5054029961,533.2265433533413
5,360.0,1.048,0.309,-2.07,-2.0,-499604.33839342796,517984.2234811504,259235.58328025267,-1607.9638424601792,1660.4053492597811,-714.2844420108243,0.10417288666057839,-1.6588529051616456e-11,-9.772435242774877,-17.17266378770118,134.08075892716315,7.10912303966483,1.5253566360190194e-07,5.212492363721403e-14,3343.21,-767765.8432086282,797573.5054029961,533.2265433533413
5,361.0,1.048,0.309,-2.07,-2.0,-501212.24991190585,519644.62883041013,258516.41262316125,-1607.858956956667,1660.4053492597636,-724.0568696225464,0.10559811999166231,-1.7990379439036172e-11,-9.772419946026032,-17.3940419240795,134.07889116351114,7.117450099952585,1.6652607273562267e-07,5.677269039378583e-14,3343.21,-767765.8432086282,797573.5054029961,533.2265433533413
5,362.0,1.048,0.309,-2.07,-2.0,-502820.0558322639,521305.03417966986,257787.46954614113,-1607.7526462209446,1660.405349259745,-733.8292818335898,0.10702335107677446,-1.953339027841097e-11,-9.772404441417418,-17.61490609946629,134.07699789949072,7.125880382197678,1.8201556502503897e-07,6.190668800540557e-14,3343.21,-767765.8432086282,797573.5054029961,533.2265433533413
5,363.0,1.048,0.309,-2.07,-2.0,-504427.7547292711,522965.4395289296,257048.7540646969,-1607.6449102552724,1660.4053492597245,-743.6016784360946,0.10844857988561528,-2.1232484140476603e-11,-9.772388728949283,-17.83525183690647,134.07507913026186,7.134413520308679,1.9918203866045284e-07,6.758334988777172e-14,3343.21,-767765.8432086282,797573.5054029961,533.2265433533413
5,364.0,1.048,0.309,-2.07,-2.0,-506035.3451776986,524625.8448781893,256300.26619454107,-1607.5357490619422,1660.4053492597022,-753.3740592222019,0.10987380638788603,-2.3103183313985335e-11,-9.772372808621867,-18.055074740413037,134.07313485091913,7.143049145487341,2.182262989315228e-07,7.386622564023162e-14,3343.21,-767765.8432086282,797573.5054029961,533.2265433533413
5,365.0,1.048,0.309,-2.07,-2.0,-507642.8257523198,526286.250227449,255542.0059515939,-1607.4251626432756,1660.4053492596781,-763.1464239840521,0.11129903055327377,-2.5167255869591226e-11,-9.77235668043544,-18.274370495026375,134.0711650564917,7.151786886297697,2.3937521547351055e-07,8.082694246500758e-14,3343.21,-767765.8432086282,797573.5054029961,533.2265433533413
5,366.0,1.048,0.309,-2.07,-2.0,-509250.1950279108,527946.6555767087,254773.97335198364,-1607.3131510016244,1660.4053492596518,-772.9187725137864,0.1127242523514909,-2.7445757151989952e-11,-9.772340344390194,-18.49313486684742,134.06916974194337,7.1606263687350244,2.62885341048992e-07,8.854630445874281e-14,3343.21,-767765.8432086282,797573.5054029961,533.2265433533413
5,367.0,1.048,0.309,-2.07,-2.0,-510857.4515792496,529607.0609259685,253996.1684120463,-1607.1997141393715,1660.4053492596233,-782.6911046035464,0.11414947175222927,-2.9964088978780246e-11,-9.772323800486381,-18.71136370304496,134.0671489021724,7.169567216294678,2.8904706293534184e-07,9.711555061710294e-14,3343.21,-767765.8432086282,797573.5054029961,533.2265433533413
5,368.0,1.048,0.309,-2.07,-2.0,-512464.59398111684,531267.4662752281,253208.59114832582,-1607.084852058929,1660.405349259592,-792.4634200454732,0.1155746887252062,-3.274400321524663e-11,-9.772307048724187,-18.92905293183753,134.06510253201157,7.178609050040725,3.1818936945571596e-07,1.0663779569602967e-13,3343.21,-767765.8432086282,797573.5054029961,533.2265433533413
5,369.0,1.048,0.309,-2.07,-2.0,-514071.6208082955,532927.8716244876,252411.24157757394,-1606.9685647627402,1660.4053492595579,-802.2357186317089,0.1169999032401133,-3.582332858619013e-11,-9.77229008910383,-19.146198562450152,134.06303062622828,7.187751488674431,3.506853275894807e-07,1.1722968192259926e-13,3343.21,-767765.8432086282,797573.5054029961,533.2265433533413
5,370.0,1.048,0.309,-2.07,-2.0,-515678.5306355712,534588.2769737471,251604.11971675028,-1606.8508522532784,1660.4053492595203,-812.0080001543951,0.1184251152666657,-3.923585052186442e-11,-9.772272921625476,-19.362796685046533,134.06093317952434,7.1969941486024815,3.8695838326476554e-07,1.290232740382482e-13,3343.21,-767765.8432086282,797573.5054029961,533.2265433533413
5,371.0,1.048,0.309,-2.07,-2.0,-517285.3220377318,536248.6823230066,250787.22558302231,-1606.7317145330464,1660.4053492594792,-821.7802644056738,0.11985032477458368,-4.3016224097191455e-11,-9.772255546289257,-19.578843470636883,134.05881018653602,7.206336644004999,4.274896142707562e-07,1.4216823539834536e-13,3343.21,-767765.8432086282,797573.5054029961,533.2265433533413
5,372.0,1.048,0.309,-2.07,-2.0,-518891.9935895679,537909.0876722661,249960.55919376534,-1606.6111516045785,1660.4053492594342,-831.5525111776877,0.12127553173357054,-4.721392672535951e-11,-9.772237963095336,-19.79433517096194,134.05666164183413,7.215778586903278,4.72826087202321e-07,1.5683432897532872e-13,3343.21,-767765.8432086282,797573.5054029961,533.2265433533413
5,373.0,1.048,0.309,-2.07,-2.0,-520498.54386587243,539569.4930215256,249124.1205665626,-1606.4891634704388,1660.4053492593846,-841.3247402625788,0.12270073611334607,-5.187884679433166e-11,-9.772220172043804,-20.009268118353457,134.0544875399237,7.225319587227259,5.235904950238008e-07,1.732142942723315e-13,3343.21,-767765.8432086282,797573.5054029961,533.2265433533413
5,374.0,1.048,0.309,-2.07,-2.0,-522104.97144144104,541229.8983707848,248277.90971920517,-1606.3657501332218,1660.4053492593303,-851.0969514524894,0.12412593788363775,-5.7063691987537296e-11,-9.772202173134712,-20.22363872557183,134.05228787524445,7.2349592528826685,5.804922813738051e-07,1.9152715953258297e-13,3343.21,-767765.8432086282,797573.5054029961,533.2265433533413
5,375.0,1.048,0.309,-2.07,-2.0,-523711.274891072,542890.3037200441,247421.92666969288,-1606.240911595552,1660.4053492592705,-860.8691445395624,0.125551137014171,-6.283445893737621e-11,-9.7721839663681,-20.437443485621007,134.05006264217016,7.244697189817866,6.44340492413402e-07,2.1202205844249135e-13,3343.21,-767765.8432086282,797573.5054029961,533.2265433533413
5,376.0,1.048,0.309,-2.07,-2.0,-525317.4527895665,544550.7090693034,246556.17143623164,-1606.1146478600836,1660.4053492592045,-870.6413193159398,0.12697633347467244,-6.926582157924406e-11,-9.772165551743957,-20.650678971541275,134.0478118350092,7.254533002090328,7.160586377772806e-07,2.3498263202835735e-13,3343.21,-767765.8432086282,797573.5054029961,533.2265433533413
5,377.0,1.048,0.309,-2.07,-2.0,-526923.5037117276,546211.1144185626,245680.64403723602,-1605.9869589295024,1660.4053492591318,-880.4134755737643,0.12840152723488893,-7.643461494167438e-11,-9.772146929262183,-20.86334183618045,134.04553544800422,7.264466291932779,7.967018901246781e-07,2.607321099395844e-13,3343.21,-767765.8432086282,797573.5054029961,533.2265433533413
5,378.0,1.048,0.309,-2.07,-2.0,-528529.4262323616,547871.5197678217,244795.34449132843,-1605.8578448065236,1660.4053492590515,-890.1856131051783,0.12982671826456596,-8.443414821161189e-11,-9.772128098922641,-21.07542881194368,134.0432334753321,7.274496659818931,8.874770092205197e-07,2.8963918115406785e-13,3343.21,-767765.8432086282,797573.5054029961,533.2265433533413
5,379.0,1.048,0.309,-2.07,-2.0,-530135.2189262777,549531.9251170807,243900.27281733925,-1605.727305493893,1660.4053492589626,-899.9577317023237,0.13125190653344743,-9.33712084691575e-11,-9.772109060725128,-21.286936710522593,134.0409059111041,7.2846237045288325,9.897654429651367e-07,3.2212478275744865e-13,3343.21,-767765.8432086282,797573.5054029961,533.2265433533413
5,380.0,1.048,0.309,-2.07,-2.0,-531740.8803682873,551192.3304663396,242995.42903430667,-1605.5953409943868,1660.4053492588641,-909.7298311573425,0.13267709201129632,-1.0336718762206323e-10,-9.772089814669348,-21.49786242260402,134.03855274936564,7.294847023213791,1.1051501361946213e-06,3.5866995734201987e-13,3343.21,-767765.8432086282,797573.5054029961,533.2265433533413
5,381.0,1.048,0.309,-2.07,-2.0,-533346.4091332053,552852.7358155984,242080.81316147672,-1605.461951310811,1660.4053492587555,-919.5019112623762,0.13410227466788058,-1.1455295015778569e-10,-9.772070360754894,-21.708202917558914,134.0361739840965,7.305166211460871,1.2354466706062852e-06,3.9982495534162027e-13,3343.21,-767765.8432086282,797573.5054029961,533.2265433533413
5,382.0,1.048,0.309,-2.07,-2.0,-534951.8037958487,554513.1411648571,241156.42521830337,-1605.3271364460015,1660.4053492586347,-929.2739718095659,0.13552745447299008,-1.2708342213091642e-10,-9.77205069898123,-21.91795524311188,134.0337696092106,7.315580863356919,1.3827394684651364e-06,4.4621978897797286e-13,3343.21,-767765.8432086282,797573.5054029961,533.2265433533413
5,383.0,1.048,0.309,-2.07,-2.0,-536557.062931038,556173.5465141156,240222.26522444832,-1605.1908964028253,1660.4053492585008,-939.0460125910521,0.1369526313964043,-1.4113524082581497e-10,-9.772030829347736,-22.12711652499176,134.03133961855602,7.326090571552149,1.5494239219672447e-06,4.98576480288723e-13,3343.21,-767765.8432086282,797573.5054029961,533.2265433533413
5,384.0,1.048,0.309,-2.07,-2.0,-538162.185113596,557833.9518633741,239278.3331997813,-1605.0532311841791,1660.405349258352,-948.8180333989746,0.13837780540793998,-1.569078325751474e-10,-9.772010751853562,-22.33568396656378,134.02888400591507,7.336694927323223,1.738255463036285e-06,5.577232879470694e-13,3343.21,-767765.8432086282,797573.5054029961,533.2265433533413
5,385.0,1.048,0.309,-2.07,-2.0,-539767.168918349,559494.3572126324,238324.6291643797,-1604.9141407929899,1660.4053492581863,-958.590034025472,0.1398029764774124,-1.7462926643432315e-10,-9.771990466497737,-22.543654848443758,134.02640276500418,7.3473935206358325,1.952406769406621e-06,6.246112474701949e-13,3343.21,-767765.8432086282,797573.5054029961,533.2265433533413
5,386.0,1.048,0.309,-2.07,-2.0,-541372.0129201256,561154.7625618905,237361.15313852896,-1604.7736252322147,1660.4053492580022,-968.3620142626826,0.14122814457466296,-1.9455373667904376e-10,-9.771969973279024,-22.751026528094787,134.02389588947386,7.358185940206786,2.1955345174772486e-06,7.003334183832271e-13,3343.21,-767765.8432086282,797573.5054029961,533.2265433533413
5,387.0,1.048,0.309,-2.07,-2.0,-542976.715693758,562815.1679111484,236387.90514272224,-1604.631684504841,1660.4053492577966,-978.1339739027422,0.14265330966955164,-2.1698196295781282e-10,-9.771949272195972,-22.957796439406977,134.02136337290875,7.36907177356554,2.4718573470468074e-06,7.86147301671057e-13,3343.21,-767765.8432086282,797573.5054029961,533.2265433533413
5,388.0,1.048,0.309,-2.07,-2.0,-544581.2758140811,564475.5732604061,235404.88519766065,-1604.4883186138861,1660.4053492575672,-987.9059127377859,0.1440784717319608,-2.422497009108242e-10,-9.771928363246802,-23.163962092260576,134.01880520882756,7.380050607115215,2.7862470053736566e-06,8.835009734582922e-13,3343.21,-767765.8432086282,797573.5054029961,533.2265433533413
5,389.0,1.048,0.309,-2.07,-2.0,-546185.6918559325,566135.9786096634,234412.0933242531,-1604.3435275623974,1660.405349257311,-997.6778305599466,0.14550363073179556,-2.7074474599349596e-10,-9.771907246429425,-23.369521072073145,134.01622139068294,7.391122026193043,3.1443349973021323e-06,9.94063578757097e-13,3343.21,-767765.8432086282,797573.5054029961,533.2265433533413
5,390.0,1.048,0.309,-2.07,-2.0,-547789.9623941535,567796.3839589206,233409.5295436165,-1604.1973113534532,1660.4053492570245,-1007.4497271613545,0.1469287866389936,-3.0291280389139215e-10,-9.771885921741335,-23.574471039331097,134.01361191186172,7.402285615130249,3.552637495561595e-06,1.1197609452437145e-12,3343.21,-767765.8432086282,797573.5054029961,533.2265433533413
5,391.0,1.048,0.309,-2.07,-2.0,-549394.086003588,569456.7893081774,232397.19387707545,-1604.0496699901605,1660.4053492567039,-1017.221602334138,0.14835393942352718,-3.39255166711e-10,-9.771864389179544,-23.778809729106236,134.01097676568455,7.413540957311363,4.018701774121107e-06,1.2628172148779066e-12,3343.21,-767765.8432086282,797573.5054029961,533.2265433533413
5,392.0,1.048,0.309,-2.07,-2.0,-550998.0612590836,571117.194657434,231375.0863461626,-1603.9006034756571,1660.4053492563446,-1026.9934558704217,0.14977908905539938,-3.80355483959516e-10,-9.771842648740558,-23.982534950557618,134.00831594540614,7.4248876352329285,4.5512780337116265e-06,1.4258035549746366e-12,3343.21,-767765.8432086282,797573.5054029961,533.2265433533413
5,393.0,1.048,0.309,-2.07,-2.0,-552601.8867354903,572777.6000066901,230343.20697261827,-1603.7501118131104,1660.4053492559415,-1036.7652875623253,0.15120423550466508,-4.2688065002234864e-10,-9.771820700420177,-24.185644586419286,134.00562944421506,7.436325230561623,5.160521211613645e-06,1.611695205125059e-12,3343.21,-767765.8432086282,797573.5054029961,533.2265433533413
5,394.0,1.048,0.309,-2.07,-2.0,-554205.5610076617,574438.0053559458,229301.55577839084,-1603.5981950057185,1660.405349255489,-1046.5370972019662,0.15262937874141996,-4.795961131276222e-10,-9.771798544213514,-24.388136592474538,134.00291725523385,7.447853324191761,5.858228230801059e-06,1.8239383482104536e-12,3343.21,-767765.8432086282,797573.5054029961,533.2265433533413
5,395.0,1.048,0.309,-2.07,-2.0,-555809.0826504546,576098.410705201,228250.13278563847,-1603.4448530567088,1660.4053492549801,-1056.3088845814548,0.15405451873581882,-5.393803132738176e-10,-9.771776180114761,-24.590008997016746,134.00017937151893,7.4594714963021795,6.6581171745574575e-06,2.066528569949627e-12,3343.21,-767765.8432086282,797573.5054029961,533.2265433533413
5,396.0,1.048,0.309,-2.07,-2.0,-557412.4502387292,577758.8160544556,227188.93801672672,-1603.2900859693386,1660.4053492544078,-1066.0806494928956,0.1554796554580765,-6.072463115252029e-10,-9.771753608117104,-24.79125990029774,133.99741578606046,7.471179326412482,7.576156105560696e-06,2.344103000742403e-12,3343.21,-767765.8432086282,797573.5054029961,533.2265433533413
5,397.0,1.048,0.309,-2.07,-2.0,-559015.6623473488,579419.2214037097,226117.97149422436,-1603.1338937468945,1660.405349253763,-1075.8523917283862,0.15690478887848933,-6.843616094912207e-10,-9.771730828212482,-24.99188747396382,133.99462649178255,7.4829763934386655,8.630950723980433e-06,2.6620486265766183e-12,3343.21,-767765.8432086282,797573.5054029961,533.2265433533413
5,398.0,1.048,0.309,-2.07,-2.0,-560618.7175511797,581079.6267529632,225037.233240911,-1602.9762763926935,1660.4053492530359,-1085.6241110800145,0.15832991896741708,-7.720647452629825e-10,-9.771707840391432,-25.1918899604801,133.99181148154307,7.494862275748072,9.844201826697432e-06,3.0266297251823645e-12,3343.21,-767765.8432086282,797573.5054029961,533.2265433533413
5,399.0,1.048,0.309,-2.07,-2.0,-562221.6144250918,582740.0321022158,223946.7232797746,-1602.8172339100815,1660.405349252215,-1095.395807339859,0.1597550456953257,-8.719063499773325e-10,-9.771684644642813,-25.391265672543515,133.98897074813365,7.506836551213711,1.1241245649080085e-05,3.4451379448149367e-12,3343.21,-767765.8432086282,797573.5054029961,533.2265433533413
5,400.0,1.048,0.309,-2.07,-2.0,-563824.3515439584,584400.4374514676,222846.4416340109,-1602.6567663024346,1660.4053492512874,-1105.1674802999853,0.1611801690327817,-9.856695624303744e-10,-9.771661240953488,-25.590012992485036,133.9861042842796,7.518898797267903,1.2851692714007992e-05,3.926069214529131e-12,3343.21,-767765.8432086282,797573.5054029961,533.2265433533413
5,401.0,1.048,0.309,-2.07,-2.0,-565426.9274826563,586060.8428007185,221736.38832702357,-1602.4948735731577,1660.4053492502378,-1114.939129752446,0.1626052889504652,-1.1154189215070224e-09,-9.771637629308017,-25.78813037166151,133.98321208264008,7.531048590955258,1.471018386767679e-05,4.479332478993484e-12,3343.21,-767765.8432086282,797573.5054029961,533.2265433533413
5,402.0,1.048,0.309,-2.07,-2.0,-567029.3408160657,587721.2481499681,220616.56338242424,-1602.331555725685,1660.4053492490498,-1124.7107554892757,0.16403040541920044,-1.2635434123443548e-09,-9.7716138096882,-25.9856163298376,133.98029413580784,7.543285508984976,1.6857285854313688e-05,5.116496214848804e-12,3343.21,-767765.8432086282,797573.5054029961,533.2265433533413
5,403.0,1.048,0.309,-2.07,-2.0,-568631.5901190697,589381.6534992165,219486.96682403257,-1602.1668127634805,1660.4053492477035,-1134.4823573024894,0.16545551840995926,-1.4327926505251009e-09,-9.77158978207258,-26.182469454558216,133.97735043630928,7.5556091277824695,1.9340553201205084e-05,5.8510798421167895e-12,3343.21,-767765.8432086282,797573.5054029961,533.2265433533413
5,404.0,1.048,0.309,-2.07,-2.0,-570233.6739665559,591042.0588484635,218347.5986758762,-1602.0006446900359,1660.405349246176,-1144.253934984079,0.16688062789388738,-1.626369172019726e-09,-9.771565546435891,-26.37868840051205,133.9743809766045,7.5680190235402875,2.2215788508014518e-05,6.698898532912408e-12,3343.21,-767765.8432086282,797573.5054029961,533.2265433533413
5,405.0,1.048,0.309,-2.07,-2.0,-571835.5909334142,592702.4641977088,217198.4589621907,-1601.833051508873,1660.4053492444414,-1154.0254883260093,0.16830573384232764,-1.8479711414639993e-09,-9.771541102748337,-26.574271888886383,133.97138574908718,7.580514772268365,2.5548539650711487e-05,7.678471588841829e-12,3343.21,-767765.8432086282,797573.5054029961,533.2265433533413
5,406.0,1.048,0.309,-2.07,-2.0,-573437.339594539,594362.8695469523,216039.54770741978,-1601.6640332235413,1660.4053492424694,-1163.7970171202119,0.1697308362268426,-2.1018901561094192e-09,-9.771516450974733,-26.769218706713843,133.96836474608457,7.593095949843557,2.941588015234049e-05,8.811506566383592e-12,3343.21,-767765.8432086282,797573.5054029961,533.2265433533413
5,407.0,1.048,0.309,-2.07,-2.0,-575038.918524828,596023.2748961936,214870.86493621522,-1601.4935898376186,1660.4053492402254,-1173.5685211585806,0.17115593501926088,-2.393111251011013e-09,-9.77149159107353,-26.963527706211476,133.96531795985754,7.605762132058474,3.3908528322715046e-05,1.0123473747195128e-11,3343.21,-767765.8432086282,797573.5054029961,533.2265433533413
5,408.0,1.048,0.309,-2.07,-2.0,-576640.3262991821,597683.6802454327,213692.41067343694,-1601.3217213547114,1660.4053492376684,-1183.3400002329636,0.17258103019167467,-2.7274195272048168e-09,-9.771466522995675,-27.157197804112414,133.96224538260043,7.618512894669622,3.913337207119986e-05,1.1644288463891492e-11,3343.21,-767765.8432086282,797573.5054029961,533.2265433533413
5,409.0,1.048,0.309,-2.07,-2.0,-578241.5614925065,599344.085594669,212504.1849441531,-1601.1484277784532,1660.4053492347532,-1193.1114541351567,0.17400612171650987,-3.111543032046011e-09,-9.771441246683139,-27.350227980990816,133.9591470064411,7.631347813444819,4.521647997118929e-05,1.340912230632796e-11,3343.21,-767765.8432086282,797573.5054029961,533.2265433533413
5,410.0,1.048,0.309,-2.07,-2.0,-579842.6226797096,601004.490943902,211306.18777363983,-1600.9737091125048,1660.405349231426,-1202.8828826568915,0.17543120956655892,-3.5533096247682603e-09,-9.771415762067232,-27.542617280580227,133.95602282344095,7.644266464209903,5.230669571485756e-05,1.545936847654342e-11,3343.21,-767765.8432086282,797573.5054029961,533.2265433533413
5,411.0,1.048,0.309,-2.07,-2.0,-581443.5084357031,602664.8962931316,210098.41918738186,-1600.7975653605554,1660.4053492276237,-1212.6542855898251,0.17685629371500622,-4.0618328782186825e-09,-9.771390069066628,-27.73436480908596,133.95287282559488,7.657268422894723,6.057993316958465e-05,1.7843791688004987e-11,3343.21,-767765.8432086282,797573.5054029961,533.2265433533413
5,412.0,1.048,0.309,-2.07,-2.0,-583044.2173354034,604325.3016423571,208880.8792110723,-1600.619996526319,1660.4053492232756,-1222.4256627255252,0.17828137413550782,-4.647735393992822e-09,-9.771364167584922,-27.925469734491756,133.9496970048311,7.670353265578422,7.024431360078769e-05,2.061989920660171e-11,3343.21,-767765.8432086282,797573.5054029961,533.2265433533413
5,413.0,1.048,0.309,-2.07,-2.0,-584644.7479537298,605985.706991578,207653.56787061246,-1600.4410026135372,1660.4053492182977,-1232.197013855456,0.17970645080221528,-5.323400375186956e-09,-9.771338057507748,-28.115931285861286,133.9464953530115,7.683520568533977,8.154631619977266e-05,2.3855577138892086e-11,3343.21,-767765.8432086282,797573.5054029961,533.2265433533413
5,414.0,1.048,0.309,-2.07,-2.0,-586245.0988656057,607646.1123407935,206416.48519211254,-1600.260583625976,1660.4053492125934,-1241.9683387709556,0.1811315236898564,-6.103290431394473e-09,-9.77131173869932,-28.30574875263465,133.94326786193116,7.696769908272029,9.477814900205419e-05,2.7631045170860212e-11,3343.21,-767765.8432086282,797573.5054029961,533.2265433533413
5,415.0,1.048,0.309,-2.07,-2.0,-587845.2686459584,609306.5176900028,205169.63120189134,-1600.078739567427,1660.4053492060498,-1251.7396372632145,0.1825565927737901,-7.0042855225543055e-09,-9.771285210998238,-28.49492148392036,133.9400145233188,7.710100861583992,0.00011028659101523992,3.2041193994573893e-11,3343.21,-767765.8432086282,797573.5054029961,533.2265433533413
5,416.0,1.048,0.309,-2.07,-2.0,-589445.2558697201,610966.9230392051,203913.00592647656,-1599.8954704417058,1660.4053491985367,-1261.510909123246,0.1839816580300785,-8.04612638050221e-09,-9.771258474212521,-28.683448887783317,133.93673532883648,7.72351300558442,0.00012848360963219432,3.7198383055072214e-11,3343.21,-767765.8432086282,797573.5054029961,533.2265433533413
5,417.0,1.048,0.309,-2.07,-2.0,-591045.0591118459,612627.3283883996,202646.60939260456,-1599.7107762526514,1660.4053491899015,-1271.2821541418582,0.18540671943553141,-9.251905949943136e-09,-9.77123152811363,-28.871330430528925,133.93343027007973,7.737005917752654,0.00014985912231888293,4.323579252562802e-11,3343.21,-767765.8432086282,797573.5054029961,533.2265433533413
5,418.0,1.048,0.309,-2.07,-2.0,-592644.6769475555,614287.7337375847,201370.44162721618,-1599.5246570041259,1660.4053491799677,-1281.0533721096467,0.18683177696782075,-1.0648659549002453e-08,-9.77120437242916,-29.058565635984355,133.93009933857743,7.750579175973799,0.00017499635076242243,5.031144321405994e-11,3343.21,-767765.8432086282,797573.5054029961,533.2265433533413
5,419.0,1.048,0.309,-2.07,-2.0,-594244.107917076,615948.139086759,200084.50265813415,-1599.337112700108,1660.4053491685227,-1290.824562811751,0.1882568306047663,-1.226806071862445e-08,-9.771177006834197,-29.245154084677203,133.92674252579386,7.764232358571583,0.00020459031235897627,5.861302219414856e-11,3343.21,-767765.8432086282,797573.5054029961,533.2265433533413
5,420.0,1.048,0.309,-2.07,-2.0,-595843.3505569851,617608.5444359209,198788.7925134758,-1599.1481433446097,1660.4053491553177,-1300.595726032402,0.1896818803250692,-1.414724990017469e-08,-9.771149430940817,-29.431095413199298,133.92335982312707,7.777965044354107,0.00023947011218509946,6.83636813310047e-11,3343.21,-767765.8432086282,797573.5054029961,533.2265433533413
5,421.0,1.048,0.309,-2.07,-2.0,-597442.4035044501,619268.9497850686,197483.3112196382,-1598.957748941387,1660.405349140081,-1310.3668615702252,0.19110692611063157,-1.632980446023943e-08,-9.771121644285289,-29.61638931377,133.91995122190343,7.7917768126743745,0.00028062584322349776,7.982901167596435e-11,3343.21,-767765.8432086282,797573.5054029961,533.2265433533413
5,422.0,1.048,0.309,-2.07,-2.0,-599041.2653438149,620929.3551342,196168.0588042312,-1598.7659294943585,1660.4053491224843,-1320.137969215565,0.19253196794328012,-1.8866892694547576e-08,-9.771093646312906,-29.801035533075467,133.91651671338556,7.80566724343657,0.00032924107949466766,9.332544035225673e-11,3343.21,-767765.8432086282,797573.5054029961,533.2265433533413
5,423.0,1.048,0.309,-2.07,-2.0,-600639.9346510818,622589.7604833123,194843.03529523322,-1598.5726850074827,1660.4053491021434,-1329.9090487569263,0.1939570058057432,-2.1818651137927334e-08,-9.771065436359399,-29.985033871662406,133.91305628877035,7.819635917142361,0.00038673216423744286,1.0923035007018448e-10,3343.21,-767765.8432086282,797573.5054029961,533.2265433533413
5,424.0,1.048,0.309,-2.07,-2.0,-602238.4100013296,624250.1658324028,193508.24072085225,-1598.378015484738,1660.4053490786089,-1339.6800999819475,0.19538203968178747,-2.5255793132622306e-08,-9.771037013628538,-30.16838418322546,133.90956993918851,7.833682414928902,0.0004547957613245091,1.2799428663795679e-10,3343.21,-767765.8432086282,797573.5054029961,533.2265433533413
5,425.0,1.048,0.309,-2.07,-2.0,-603836.6899695372,625910.5711814677,192163.6751095129,-1598.181920930118,1660.4053490513531,-1349.451122677377,0.19680706955616853,-2.926152151712148e-08,-9.771008377164922,-30.351086373874853,133.90605765570473,7.847806318604707,0.0005354664653009403,1.501556998157806e-10,3343.21,-767765.8432086282,797573.5054029961,533.2265433533413
5,426.0,1.048,0.309,-2.07,-2.0,-605434.773130676,627570.9765305034,190809.33848985273,-1597.984401347632,1660.4053490197584,-1359.2221166289096,0.1982320954144755,-3.3933831095988236e-08,-9.770979525821074,-30.53314040140057,133.9025194293179,7.862007210684634,0.0006311866675060676,1.7635876082179314e-10,3343.21,-767765.8432086282,797573.5054029961,533.2265433533413
5,427.0,1.048,0.309,-2.07,-2.0,-607032.6580597202,629231.3818795048,189445.23089072097,-1597.785456741303,1660.4053489831017,-1368.993081620976,0.1996571172428808,-3.938819052020012e-08,-9.770950458217456,-30.714546274535547,133.89895525096128,7.876284674424058,0.0007448913704534571,2.0737491994120284e-10,3343.21,-767765.8432086282,797573.5054029961,533.2265433533413
5,428.0,1.048,0.309,-2.07,-2.0,-608630.3433316484,630891.7872284666,188071.35234118544,-1597.5850871151672,1660.405348940532,-1378.7640174364888,0.20108213502776384,-4.5760761881328956e-08,-9.770921172693813,-30.895304052218034,133.89536511150274,7.890638293852271,0.0008801112519199757,2.4412901517451145e-10,3343.21,-767765.8432086282,797573.5054029961,533.2265433533413
5,429.0,1.048,0.309,-2.07,-2.0,-610227.8275214426,632552.1925773824,186687.70287053203,-1597.383292473275,1660.4053488910508,-1388.5349238565298,0.20250714875510664,-5.321221531275396e-08,-9.770891667250131,-31.075413842853173,133.89174900174535,7.90506765380509,0.0010410980312757457,2.8773092407964135e-10,3343.21,-767765.8432086282,797573.5054029961,533.2265433533413
5,430.0,1.048,0.309,-2.07,-2.0,-611825.1092040888,634212.5979262446,185294.28250826683,-1597.1800728196922,1660.4053488334853,-1398.305800659975,0.20393215840968074,-6.193226032849012e-08,-9.77086193947465,-31.254875803574155,133.88810691242747,7.919572339956637,0.0012329771173517424,3.3951397384041776e-10,3343.21,-767765.8432086282,797573.5054029961,533.2265433533413
5,431.0,1.048,0.309,-2.07,-2.0,-613422.1869545778,635873.0032750446,183891.09128411824,-1596.9754281584999,1660.4053487664542,-1408.0766476230406,0.2053571639738788,-7.214504038346018e-08,-9.77083198645614,-31.433690139502875,133.88443883422357,7.934151938850297,0.0014619336617839364,4.010815989677248e-10,3343.21,-767765.8432086282,797573.5054029961,533.2265433533413
5,432.0,1.048,0.309,-2.07,-2.0,-615019.0593479048,637533.4086237721,182478.12922804017,-1596.769358493799,1660.405348688333,-1417.8474645187282,0.20678216542608008,-8.4115533066857e-08,-9.770801804677046,-31.611857103009957,133.8807447577448,7.9488060379288,0.00173543955686066,4.743640741263549e-10,3343.21,-767765.8432086282,797573.5054029961,533.2265433533413
5,433.0,1.048,0.309,-2.07,-2.0,-616615.7249590778,639193.8139724149,181055.39637021523,-1596.561863829716,1660.4053485972076,-1427.6182511161562,0.20820716273846962,-9.815719780558331e-08,-9.770771389882789,-31.789376992974276,133.87702467353975,7.963534225563419,0.0020625306680099125,5.616875665706957e-10,3343.21,-767765.8432086282,797573.5054029961,533.2265433533413
5,434.0,1.048,0.309,-2.07,-2.0,-618212.1823632399,640854.2193209591,179622.89274105628,-1596.3529441704081,1660.4053484908216,-1437.3890071797641,0.20963215587405076,-1.1464104441307674e-07,-9.7707407369223,-31.96625015404216,133.8732785720956,7.978336091082244,0.0024541457600638925,6.658582674687817e-10,3343.21,-767765.8432086282,797573.5054029961,533.2265433533413
5,435.0,1.048,0.309,-2.07,-2.0,-619808.4301373842,642514.6246693879,178180.61837117485,-1596.1425995200714,1660.4053483665177,-1447.1597324686159,0.21105714478271828,-1.340064487229941e-07,-9.77070983955277,-32.14247697589039,133.86950644383904,7.993211224797892,0.0029235412656485244,7.902649975452582e-10,3343.21,-767765.8432086282,797573.5054029961,533.2265433533413
5,436.0,1.048,0.309,-2.07,-2.0,-621404.466977829,644175.0300176837,176728.57328882554,-1595.9308298826008,1660.4053482214324,-1456.9304267557955,0.21248212939895905,-1.5677404852679826e-07,-9.770678690200613,-32.31805789284912,133.86570827912698,8.008159218065957,0.003486799382475439,9.390044696072993e-10,3343.21,-767765.8432086282,797573.5054029961,533.2265433533413
5,437.0,1.048,0.309,-2.07,-2.0,-623000.2913401761,645835.4353658224,175266.7575277172,-1595.7176352626884,1660.4053480516304,-1466.7010897645114,0.21390710962573808,-1.8356102845005786e-07,-9.770647279669047,-32.492993382042364,133.8618840682809,8.023179663212764,0.004163451125917022,1.1170343630954743e-09,3343.21,-767765.8432086282,797573.5054029961,533.2265433533413
5,438.0,1.048,0.309,-2.07,-2.0,-624595.9017846183,647495.840713777,173795.1711195851,-1595.5030156648293,1660.405347852706,-1476.4717212256205,0.2153320853339192,-2.150994325946444e-07,-9.770615596778663,-32.66728396370209,133.85803380155886,8.038272153651176,0.004977241132473692,1.3303605768577564e-09,3343.21,-767765.8432086282,797573.5054029961,533.2265433533413
5,439.0,1.048,0.309,-2.07,-2.0,-626191.2968963905,649156.2460615161,172313.81409589405,-1595.2869710935956,1660.405347619506,-1486.2423208619239,0.21675705634818054,-2.5225788964189213e-07,-9.770583627926717,-32.840930200172785,133.85415746916493,8.0534362838823,0.005957067408486915,1.5862665194019666e-09,3343.21,-767765.8432086282,797573.5054029961,533.2265433533413
5,440.0,1.048,0.309,-2.07,-2.0,-627786.4752514395,650816.6514090021,170822.68648859416,-1595.069501553792,1660.4053473459112,-1496.0128883795883,0.21818202243029908,-2.9606752887239397e-07,-9.770551356545653,-33.01393269505019,133.85025506125592,8.068671649507124,0.007138137222236112,1.893594158170758e-09,3343.21,-767765.8432086282,797573.5054029961,533.2265433533413
5,441.0,1.048,0.309,-2.07,-2.0,-629381.4354244994,652477.0567561917,169321.78832996511,-1594.8506070505048,1660.4053470246733,-1505.7834234662455,0.21960698325867462,-3.477528320434357e-07,-9.770518762437279,-33.18629209244351,133.8463265679448,8.08397784724781,0.008563390303010898,2.2630888598024624e-09,3343.21,-767765.8432086282,797573.5054029961,533.2265433533413
5,442.0,1.048,0.309,-2.07,-2.0,-630976.1759905668,654137.4621030323,167811.11965260433,-1594.6302875891945,1660.4053466472092,-1515.55392578722,0.22103193840146332,-4.0876832128680956e-07,-9.770485820953468,-33.35800907620907,133.84237197930614,8.099354474965258,0.010285252952134538,2.707822928130663e-09,3343.21,-767765.8432086282,797573.5054029961,533.2265433533413
5,443.0,1.048,0.309,-2.07,-2.0,-632570.695524695,655797.8674494633,166290.68048945584,-1594.4085431758226,1660.4053462033482,-1525.3243949805628,0.22245688728161428,-4.808422541334476e-07,-9.770452501987238,-33.52908436916847,133.8383912853824,8.114801131673902,0.01236780221742923,3.243716326851147e-09,3343.21,-767765.8432086282,797573.5054029961,533.2265433533413
5,444.0,1.048,0.309,-2.07,-2.0,-634164.9926019367,657458.2727954125,164760.47087382947,-1594.185373816995,1660.4053456810964,-1535.0948306520877,0.22388182913169227,-5.660285466159955e-07,-9.770418768729481,-33.699518732332,133.8343844761908,8.130317417555768,0.014889438725752569,3.890177536103948e-09,3343.21,-767765.8432086282,797573.5054029961,533.2265433533413
5,445.0,1.048,0.309,-2.07,-2.0,-635759.0657973498,659118.6781407946,163220.49083946945,-1593.96077952024,1660.4053450661147,-1544.8652323650351,0.22530676293476337,-6.667684170073116e-07,-9.7703845761363,-33.86931296403703,133.8303515417372,8.145902933964628,0.017946191108841065,4.6708930595519905e-09,3343.21,-767765.8432086282,797573.5054029961,533.2265433533413
5,446.0,1.048,0.309,-2.07,-2.0,-637352.9136860009,660779.0834855083,161670.74042057942,-1593.7347602942552,1660.4053443414123,-1554.6355996329191,0.22673168734879856,-7.859635407405621e-07,-9.770349869037753,-34.038467899147335,133.82629247202564,8.161557283434687,0.021655805459891538,5.6148010514030485e-09,3343.21,-767765.8432086282,797573.5054029961,533.2265433533413
5,447.0,1.048,0.309,-2.07,-2.0,-638946.5348429653,662439.488829434,160111.21965186883,-1593.5073161492662,1660.4053434868767,-1564.4059319088678,0.22815660060872664,-9.270627424306613e-07,-9.770314579803564,-34.2069844082001,133.82220725707307,8.177280069682492,0.026162811517965942,6.757293224204276e-09,3343.21,-767765.8432086282,797573.5054029961,533.2265433533413
5,448.0,1.048,0.309,-2.07,-2.0,-640539.9278433307,664099.8941724307,158541.92856863403,-1593.2784470975341,1660.4053424786111,-1574.1762285706377,0.22958150039983377,-1.0941644462250309e-06,-9.770278625461236,-34.37486339648848,133.8180958869298,8.193070897600546,0.03164480531542637,8.14170007360978e-09,3343.21,-767765.8432086282,797573.5054029961,533.2265433533413
5,449.0,1.048,0.309,-2.07,-2.0,-642133.0912621967,665760.2995143307,156962.8672068381,-1593.0481531539742,1660.4053412882474,-1583.9464889039016,0.23100638369480853,-1.292137543359414e-06,-9.77024190413702,-34.54210580312458,133.81395835170227,8.208929373247006,0.038320248398269606,9.821128077667141e-09,3343.21,-767765.8432086282,797573.5054029961,533.2265433533413
5,450.0,1.048,0.309,-2.07,-2.0,-643726.0236746807,667420.7048549353,155374.03560321295,-1592.816434336971,1660.4053398821065,-1593.7167120812394,0.23243124654392355,-1.5267635813965915e-06,-9.770204290660564,-34.708712600040975,133.80979464158244,8.224855103827021,0.046458159682473174,1.1860734605333931e-08,3343.21,-767765.8432086282,797573.5054029961,533.2265433533413
5,451.0,1.048,0.309,-2.07,-2.0,-645318.7236559204,669081.1101940094,153775.4337953849,-1592.5832906694297,1660.4053382202019,-1603.4868971361873,0.23385608380512923,-1.8049033889094075e-06,-9.770165631137925,-34.87468479092175,133.8056047468837,8.240847697664464,0.056390171655667974,1.4340547699700813e-08,3343.21,-767765.8432086282,797573.5054029961,533.2265433533413
5,452.0,1.048,0.309,-2.07,-2.0,-646911.189781079,670741.5155312744,152167.06182202933,-1592.3487221801352,1660.4053362550676,-1613.2570429312925,0.23528088879734407,-2.134691494767155e-06,-9.77012573625373,-35.04002341004735,133.80138865808544,8.256906764162162,0.06852554319672917,1.7358964821853118e-08,3343.21,-767765.8432086282,797573.5054029961,533.2265433533413
5,453.0,1.048,0.309,-2.07,-2.0,-648503.4206253521,672401.9208663997,150548.9197230608,-1592.112728905503,1660.4053339303728,-1623.0271481187094,0.23670565285559272,-2.525761739707915e-06,-9.77008437301155,-35.20472952103138,133.7971463658887,8.273031913747998,0.08336987340726999,2.1037098490770423e-08,3343.21,-767765.8432086282,797573.5054029961,533.2265433533413
5,454.0,1.048,0.309,-2.07,-2.0,-650095.4147639767,674062.3261989931,148921.00753986332,-1591.875310891807,1660.4053311793175,-1632.7972110922396,0.2381303647613086,-2.989507311350435e-06,-9.77004125455999,-35.3688042154341,133.79287786128367,8.289222757804733,0.10154845297847186,2.552417935828205e-08,3343.21,-767765.8432086282,797573.5054029961,533.2265433533413
5,455.0,1.048,0.309,-2.07,-2.0,-651687.170772242,675722.7315285897,147283.32531558516,-1591.6364681981522,1660.4053279226787,-1642.567229925953,0.23955501001362306,-3.5393778626182603e-06,-9.769996027685098,-35.53224861117503,133.78858313563705,8.305478908575166,0.12383543251550032,3.1004280932366693e-08,3343.21,-767765.8432086282,797573.5054029961,533.2265433533413
5,456.0,1.048,0.309,-2.07,-2.0,-653278.6872255047,677383.1368546387,145635.87309549234,-1591.3962009001784,1660.4053240666053,-1652.337202300924,0.2409795699006521,-4.1912156311680855e-06,-9.769948257468446,-35.69506385077534,133.78426218079676,8.321799979044775,0.15119029463054742,3.7704697850342694e-08,3343.21,-767765.8432086282,797573.5054029961,533.2265433533413
5,457.0,1.048,0.309,-2.07,-2.0,-654869.9626992064,679043.5421764863,143978.65092739798,-1591.1545090947793,1660.405319500085,-1662.1071254157584,0.24240402031960157,-4.963631139605594e-06,-9.769897408530156,-35.85725109936315,133.77991498922069,8.33818558279418,0.18480350599964335,4.590639504834589e-08,3343.21,-767765.8432086282,797573.5054029961,533.2265433533413
5,458.0,1.048,0.309,-2.07,-2.0,-656460.9957688997,680703.9474933587,142311.6588622062,-1590.9113929062764,1660.4053140919232,-1671.8769958736239,0.24382833028431827,-5.878416654512024e-06,-9.769842822204085,-36.01881154232749,133.77554155414,8.354635333808659,0.22615371931904074,5.5957053139200484e-08,3343.21,-767765.8432086282,797573.5054029961,533.2265433533413
5,459.0,1.048,0.309,-2.07,-2.0,-658051.7850102774,682364.3528043384,140634.89695457075,-1590.6668524941763,1660.4053076873613,-1681.646809546233,0.24525246005106788,-6.960994273442826e-06,-9.769783688923697,-36.17974638263702,133.77114186975749,8.371148846244791,0.27707952178569745,6.8287371868053e-08,3343.21,-767765.8432086282,797573.5054029961,533.2265433533413
5,460.0,1.048,0.309,-2.07,-2.0,-659642.3289992145,684024.7581083408,138948.3652637075,-1590.4208880630574,1660.4053001042064,-1691.4165614067176,0.2466763587866539,-8.240893955651342e-06,-9.769719015086123,-36.340056837699656,133.76671593149246,8.387725734139915,0.33986952294661676,8.343146640529706e-08,3343.21,-767765.8432086282,797573.5054029961,533.2265433533413
5,461.0,1.048,0.309,-2.07,-2.0,-661232.6263118173,685685.1634040828,137252.06385439166,-1590.1734998750474,1660.4052911284703,-1701.1862453264423,0.24809996170753815,-9.752259552623342e-06,-9.769647583725009,-36.49974413569333,133.76226373628108,8.404365611055136,0.4173755873845907,1.0205241034299072e-07,3343.21,-767765.8432086282,797573.5054029961,533.2265433533413
5,462.0,1.048,0.309,-2.07,-2.0,-662822.6755244898,687345.5686900502,135545.99279817817,-1589.9246882654384,1660.4052805094893,-1710.9558538292815,0.24952318664345374,-1.1534392984678872e-05,-9.769567908539639,-36.658809511275486,133.7577852829426,8.421068089639778,0.5131553068270127,1.2497425721284702e-07,3343.21,-767765.8432086282,797573.5054029961,533.2265433533413
5,463.0,1.048,0.309,-2.07,-2.0,-664412.4752140158,689005.9739644568,133830.15217489284,-1589.6744536620292,1660.4052679544645,-1720.725377796479,0.2509459300462,-1.3632380908858868e-05,-9.769478181306235,-36.81725420057566,133.75328057262217,8.43783278110419,0.63165144901097,1.532222252939355e-07,3343.21,-767765.8432086282,797573.5054029961,533.2265433533413
5,464.0,1.048,0.309,-2.07,-2.0,-666002.0239576625,690666.3792252004,132104.54207444508,-1589.422796608669,1660.4052531222835,-1730.4948061160128,0.2523680626139459,-1.6097929703901675e-05,-9.769376213603689,-36.97507943539288,133.74874960932297,8.4546592945886,0.7784182161031876,1.8807317910682862e-07,3343.21,-767765.8432086282,797573.5054029961,533.2265433533413
5,465.0,1.048,0.309,-2.07,-2.0,-667591.3203333108,692326.7844698107,130369.16259902144,-1589.1697177931956,1660.405235616288,-1740.2641252717813,0.25378942500605267,-1.899071382168331e-05,-9.76925937538892,-37.13228643654906,133.74419240053547,8.471547236417102,0.9604068210844204,2.311191118001158e-07,3343.21,-767765.8432086282,797573.5054029961,533.2265433533413
5,466.0,1.048,0.309,-2.07,-2.0,-669180.3629196141,693987.1896953887,128624.01386572084,-1588.9152180791966,1660.405214975181,-1750.0333188718275,0.2552098247173936,-2.238091646632547e-05,-9.769124535649576,-37.28887640642353,133.73960895796807,8.488496209230568,1.186326310290973,2.8434705962079304e-07,3343.21,-767765.8432086282,797573.5054029961,533.2265433533413
5,467.0,1.048,0.309,-2.07,-2.0,-670769.1502961918,695647.5948985373,126869.09600968938,-1588.659298539475,1660.4051906602351,-1759.8023671220028,0.25662903630432243,-2.6354395521666368e-05,-9.768968014730763,-37.44485052082864,133.73499929837328,8.505505811001019,1.4670999356033596,3.5023980647247877e-07,3343.21,-767765.8432086282,797573.5054029961,533.2265433533413
5,468.0,1.048,0.309,-2.07,-2.0,-672357.6810438529,697308.0000752736,125104.4091878017,-1588.4019604859452,1660.4051620349085,-1769.5712462643216,0.2580468092388291,-3.1023389132745725e-05,-9.768785564808937,-37.600209920628956,133.7303634444403,8.522575633944921,1.816442983157466,4.319029193060873e-07,3343.21,-767765.8432086282,797573.5054029961,533.2265433533413
5,469.0,1.048,0.309,-2.07,-2.0,-673945.9537448453,698968.4052209152,123329.95358290589,-1588.143205484719,1660.405128328742,-1779.3399280205322,0.259462891475415,-3.654852409501263e-05,-9.768572405496036,-37.75495570391547,133.72570142569288,8.539705263375737,2.2515951488203148,5.332251659310939e-07,3343.21,-767765.8432086282,797573.5054029961,533.2265433533413
5,470.0,1.048,0.309,-2.07,-2.0,-675533.9669831034,700628.810329916,121545.72940859282,-1587.8830353339235,1660.4050885692734,-1789.1083791157814,0.2608770836762457,-4.3183262150071585e-05,-9.768323357108443,-37.90908892022492,133.72101327926654,8.55689427656909,2.794249768764315,6.590812987250552e-07,3343.21,-767765.8432086282,797573.5054029961,533.2265433533413
5,471.0,1.048,0.309,-2.07,-2.0,-677121.7193444388,702289.215395605,119751.73691435135,-1587.6214519613657,1660.4050414500869,-1798.8765610102125,0.2622893512180577,-5.136184908884908e-05,-9.768033136229601,-38.06261056938669,133.71629905034172,8.574142241755846,3.4717340545358004,8.155886604620146e-07,3343.21,-767765.8432086282,797573.5054029961,533.2265433533413
5,472.0,1.048,0.309,-2.07,-2.0,-678709.2094165541,703949.6204097384,117947.97639080591,-1587.3584571623308,1660.4049850739204,-1808.6444300451087,0.26370004233093847,-6.186978103723607e-05,-9.767696907833308,-38.21552160929818,133.71155879184585,8.591448717402388,4.318509707750162,1.0104322366673833e-06,3343.21,-767765.8432086282,797573.5054029961,533.2265433533413
5,473.0,1.048,0.309,-2.07,-2.0,-680296.4357886642,705610.0253616872,116134.44817447347,-1587.0940520329918,1660.4049164564226,-1818.4119383222028,0.26511029683586035,-7.616737360280667e-05,-9.767311224469179,-38.3678229795674,133.70679256278794,8.608813251963408,5.378082887270588,1.2532768422140992e-06,3343.21,-767765.8432086282,797573.5054029961,533.2265433533413
5,474.0,1.048,0.309,-2.07,-2.0,-681883.3970502927,707270.4302369262,114311.152651087,-1586.8282358430533,1660.404830581002,-1828.179035784064,0.26652278933501283,-9.699058328539269e-05,-9.766875519852633,-38.5195156518785,133.70200042420663,8.626235384252176,6.705437752463536,1.5562903464817315e-06,3343.21,-767765.8432086282,797573.5054029961,533.2265433533413
5,475.0,1.048,0.309,-2.07,-2.0,-683470.0917884886,708930.8350142086,112478.09025597603,-1586.561003904331,1660.404718631172,-1837.9456741431184,0.267943043468508,-0.000129439569243819,-9.7663943446945,-38.670600723488064,133.69718243116264,8.643714644369295,8.370140373576557,1.9348085454872e-06,3343.21,-767765.8432086282,797573.5054029961,533.2265433533413
5,476.0,1.048,0.309,-2.07,-2.0,-685056.5185821152,710591.2396603066,110635.26146925641,-1586.2923436920362,1660.4045647557095,-1847.7118134854243,0.269381687080871,-0.00018289401044848627,-9.76588049877997,-38.82107957762067,133.69233861845765,8.661250554589069,10.460301847028727,2.408180913988681e-06,3343.21,-767765.8432086282,797573.5054029961,533.2265433533413
5,477.0,1.048,0.309,-2.07,-2.0,-686642.6759909133,712251.6441203617,108782.66680269553,-1586.0222280246821,1660.4043403018154,-1857.4774324665834,0.2708581814031502,-0.0002742601344886783,-9.765359051896072,-38.97095414311296,133.68746897684773,8.678842628441139,13.087643792431086,3.0008475773917e-06,3343.21,-767765.8432086282,797573.5054029961,533.2265433533413
5,478.0,1.048,0.309,-2.07,-2.0,-688228.5625355509,713912.0483005435,106920.30677426758,-1585.7506035053325,1660.403993866767,-1867.242542818687,0.2724066873635471,-0.00043320606210114606,-9.764871836275937,-39.12022729264381,133.68257341568201,8.696490364045694,16.393979699930107,3.7437121618078384e-06,3343.21,-767765.8432086282,797573.5054029961,533.2265433533413
5,479.0,1.048,0.309,-2.07,-2.0,-689814.1766627523,715572.4520377299,105048.18186601141,-1585.4773717746882,1660.4034348484556,-1877.0072081222402,0.2740846407450381,-0.0007100114644556437,-9.764481176093716,-39.26890341877543,133.67765170762803,8.714193224334464,20.55951660530564,4.675893659031446e-06,3343.21,-767765.8432086282,797573.5054029961,533.2265433533413
5,480.0,1.048,0.309,-2.07,-2.0,-691399.5166869368,717232.8550483579,103166.29246167078,-1585.202360849446,1660.4025077852596,-1886.7715649220336,0.2759838636463804,-0.0011860416490641233,-9.764270282153127,-39.416989205246104,133.67270341280073,8.731950592339574,25.813499497176558,5.846964314958895e-06,3343.21,-767765.8432086282,797573.5054029961,533.2265433533413
5,481.0,1.048,0.309,-2.07,-2.0,-692984.580697463,718893.2568461336,101274.63876407815,-1584.925284925185,1660.4009555970097,-1896.5358408659451,0.27824184184881795,-0.001984879838578948,-9.764336053946277,-39.56449454516564,133.6677277853509,8.749761686497472,32.44787378506691,7.319811420189049e-06,3343.21,-767765.8432086282,797573.5054029961,533.2265433533413
5,482.0,1.048,0.309,-2.07,-2.0,-694569.3664207864,720553.656618008,99373.22069993007,-1584.6456955165188,1660.3983737800643,-1906.3003595995183,0.28104602524329175,-0.0032776851750947393,-9.764768861116304,-39.71143341441966,133.6627236787412,8.767625424932369,40.83483964391824,9.174300838901702e-06,3343.21,-767765.8432086282,797573.5054029961,533.2265433533413
5,483.0,1.048,0.309,-2.07,-2.0,-696153.8710345047,722214.0530542389,97462.03783253372,-1584.3629377236628,1660.3941676565776,-1916.0655169879433,0.2846159101113324,-0.005268551360168483,-9.765614964265609,-39.857824255374084,133.6576894900123,8.785540250754885,51.44943003903647,1.1511971873663487e-05,3343.21,-767765.8432086282,797573.5054029961,533.2265433533413
5,484.0,1.048,0.309,-2.07,-2.0,-697738.0909532693,723874.444149151,95541.08932008946,-1584.0761455447932,1660.3875437940058,-1925.8317108894084,0.28913792127520627,-0.008136069194925962,-9.76682165554369,-40.00368905721113,133.65262321960088,8.80350398682721,64.89858037637129,1.446206016359717e-05,3343.21,-767765.8432086282,797573.5054029961,533.2265433533413
5,485.0,1.048,0.309,-2.07,-2.0,-699322.0216540534,725534.8270332913,93610.37397422467,-1583.7843379914755,1660.3775933103875,-1935.599208544325,0.29462476166012486,-0.011904061740150337,-9.768167543092126,-40.149049877031025,133.64752276868552,8.821513875774505,81.9585971852742,1.8189232348907995e-05,3343.21,-767765.8432086282,797573.5054029961,533.2265433533413
5,486.0,1.048,0.309,-2.07,-2.0,-700905.657681613,727195.197966277,91669.89048976585,-1583.486697709592,1660.3635431808154,-1945.3679317663014,0.3006932175504651,-0.016237574339190812,-9.76916054553925,-40.29392115613419,133.64238664098664,8.839567010422735,103.62350902765341,2.2903529177769608e-05,3343.21,-767765.8432086282,797573.5054029961,533.2265433533413
5,487.0,1.048,0.309,-2.07,-2.0,-702488.9930482121,728855.552686135,89719.63795272417,-1583.1830873493611,1660.3452222182545,-1955.13709446259,0.30633558889989715,-0.020243035816771972,-9.76882376993051,-40.43829601357513,133.63721524736667,8.857661179194725,131.16753329095738,2.8873160255194592e-05,3343.21,-767765.8432086282,797573.5054029961,533.2265433533413
5,488.0,1.048,0.309,-2.07,-2.0,-704072.0222478053,730515.8873055957,87759.61685695831,-1582.8747060456337,1660.3236326853514,-1964.9045199622037,0.3099350149107961,-0.022521084836568155,-9.765268523012884,-40.582125876422104,133.6320129331199,8.875795453760283,166.22584901387808,3.6440983278781974e-05,3343.21,-767765.8432086282,797573.5054029961,533.2265433533413
5,489.0,1.048,0.309,-2.07,-2.0,-705654.7418109007,732176.1996493785,85789.83101860467,-1582.564422725261,1660.3011716777105,-1974.6655167320332,0.3099601393751352,-0.021866670744552057,-9.75534788134245,-40.72529985340861,133.62679021133454,8.893968821445101,210.89904600091626,4.604574535136142e-05,3343.21,-767765.8432086282,797573.5054029961,533.2265433533413
5,490.0,1.048,0.309,-2.07,-2.0,-707237.1517133911,733836.4903480817,83810.29063589276,-1582.2559714939766,1660.280773662805,-1984.4120014197965,0.30652242182550926,-0.018670226138466365,-9.735913225601267,-40.86764738529928,133.6215640179637,8.912175765515041,267.888114351008,5.8249480527327846e-05,3343.21,-767765.8432086282,797573.5054029961,533.2265433533413
5,491.0,1.048,0.309,-2.07,-2.0,-708819.2551343978,735496.7623554951,81821.01501832745,-1581.951520336775,1660.2637295466566,-1994.1346688774233,0.30275128505331533,-0.015838426777282488,-9.708836415437329,-41.00901036502194,133.61635133700065,8.930403114734762,340.66911926970613,7.377288011900728e-05,3343.21,-767765.8432086282,797573.5054029961,533.2265433533413
5,492.0,1.048,0.309,-2.07,-2.0,-710401.055328146,737157.0180920688,79822.03011191636,-1581.6485449619854,1660.2473515018455,-2003.8315351808913,0.30487757769210977,-0.01833438829970197,-9.687953885044486,-41.14941226376418,133.61115286436961,8.948638075192047,433.7205553125838,9.354104461264954e-05,3343.21,-767765.8432086282,797573.5054029961,533.2265433533413
5,493.0,1.048,0.309,-2.07,-2.0,-711982.5493063859,738817.2543800994,77813.35426014928,-1581.336398736324,1660.2225887818477,-2013.5219918441078,0.3232274293764254,-0.03440620261586443,-9.698517495149094,-41.28930521342589,133.60593195575126,8.966886793475574,552.8213624963664,0.0001187428697845712,3343.21,-767765.8432086282,797573.5054029961,533.2265433533413
5,494.0,1.048,0.309,-2.07,-2.0,-713563.7177981719,740477.4542975593,75794.9775769866,-1580.9932008443316,1660.1708031440214,-2023.2374431055107,0.36710211349999156,-0.07271391428651888,-9.734254241297222,-41.42948817780865,133.60061374680947,8.985147094598778,705.4358221741678,0.00015090833391935693,3343.21,-767765.8432086282,797573.5054029961,533.2265433533413
5,495.0,1.048,0.309,-2.07,-2.0,-715144.5188896803,742137.5811602959,73766.86793716752,-1580.6013347644857,1660.0761023884534,-2032.9852295559658,0.4116508016460332,-0.11244778285907205,-9.7535255077049,-41.570355909559225,133.59515292957568,9.003381944578539,901.2103577869918,0.00019200870712082483,3343.21,-767765.8432086282,797573.5054029961,533.2265433533413
5,496.0,1.048,0.309,-2.07,-2.0,-716724.9135021766,743797.6000201699,71729.01145117883,-1580.1900585709673,1659.9631859789358,-2042.7178951135036,0.3991817681083962,-0.10361409430366902,-9.693932759331107,-41.710772437785145,133.58965301854852,9.021583177243384,1152.6322633712387,0.0002445858645486362,3343.21,-767765.8432086282,797573.5054029961,533.2265433533413
5,497.0,1.048,0.309,-2.07,-2.0,-718304.911649513,745457.5172165512,69681.46839829274,-1579.813106990995,1659.876129977121,-2052.345536375771,0.3604706197827818,-0.07608778141004145,-9.562987503791728,-41.848638488010536,133.58432724877898,9.039725319249138,1475.8620937195267,0.00031191869660909225,3343.21,-767765.8432086282,797573.5054029961,533.2265433533413
5,498.0,1.048,0.309,-2.07,-2.0,-719884.540419332,747117.3508086192,67624.34841913781,-1579.433777042177,1659.781116066059,-2061.8979859745878,0.42563599583849976,-0.13687816809234815,-9.583725169747284,-41.98500439125037,133.5790940763287,9.057755652666474,1891.8231355465664,0.0003982405034380705,3343.21,-767765.8432086282,797573.5054029961,533.2265433533413
5,499.0,1.048,0.309,-2.07,-2.0,-721463.7328205114,748777.0381754567,65557.63539602337,-1578.923173242941,1659.5687617258332,-2071.546695906271,0.5826931118741898,-0.2772082083632253,-9.685437654528492,-42.12433567924192,133.57350359822354,9.075644347289009,2427.689207632087,0.0005090310190625259,3343.21,-767765.8432086282,797573.5054029961,533.2265433533413
5,500.0,1.048,0.309,-2.07,-2.0,-723042.3687357212,750436.4707725273,63481.271423384555,-1578.3654764833377,1659.3094278518442,-2081.1363232978506,0.49278638386667345,-0.20921577346985176,-9.42462245822345,-42.26313614659876,133.56786705186434,9.09332517003665,3118.7473823275686,0.0006513896491193131,3343.21,-767765.8432086282,797573.5054029961,533.2265433533413
5,501.0,1.048,0.309,-2.07,-2.0,-724620.4960137026,752095.6798082462,61395.467049341474,-1577.875827658377,1659.0948761277737,-2090.461853653581,0.5788983490165573,-0.2972582595401764,-9.368711535545614,-42.39680403281404,133.5626893379705,9.110708083586633,4010.7219034192167,0.0008344962396297597,3343.21,-767765.8432086282,797573.5054029961,533.2265433533413
5,502.0,1.048,0.309,-2.07,-2.0,-726198.0188990292,753754.5696459081,59300.27097941702,-1577.126249432726,1658.645221346284,-2099.948604841184,0.8061288782106409,-0.5044673890815651,-9.442950470069771,-42.536511124991215,133.55684948344071,9.127703925055933,5163.0855339655345,0.001070267476992597,3343.21,-767765.8432086282,797573.5054029961,533.2265433533413
5,503.0,1.048,0.309,-2.07,-2.0,-727774.7916102443,755413.0011487881,57195.718319404485,-1576.4482894788828,1658.2378525104552,-2109.060415902284,0.6838675762751937,-0.4264555890589948,-8.95990650078717,-42.66962384315322,133.5515755603197,9.1441799082319,6653.134483785591,0.001374177633500494,3343.21,-767765.8432086282,797573.5054029961,533.2265433533413
5,504.0,1.048,0.309,-2.07,-2.0,-729350.7887278799,757070.9288459449,55082.08433229393,-1575.4646615670704,1657.5443391096198,-2118.251551430221,1.0716646089534207,-0.7798753586652888,-9.110477610678311,-42.80854695339545,133.54568635784003,9.159962346544388,8581.102846946995,0.0017662892581635059,3343.21,-767765.8432086282,797573.5054029961,533.2265433533413
5,505.0,1.048,0.309,-2.07,-2.0,-730925.7910018065,758728.1388714315,52959.46355587045,-1574.5237212902455,1656.8544353329053,-2126.9267004185817,1.2251393901963792,-0.9528332028406051,-8.815389812251134,-42.93965956538799,133.54050442987955,9.174834391362696,11077.319420311345,0.002272711496271372,3343.21,-767765.8432086282,797573.5054029961,533.2265433533413
5,506.0,1.048,0.309,-2.07,-2.0,-732499.6180134459,760384.4388092759,50828.124503973275,-1573.1900885722453,1655.788728637233,-2135.5555152404586,1.0856767532093974,-0.8836521513336099,-7.917893697986948,-43.07652043972651,133.5346693549848,9.18849594954083,14310.645644960798,0.002927362256600056,3343.21,-767765.8432086282,797573.5054029961,533.2265433533413
5,507.0,1.048,0.309,-2.07,-2.0,-734072.0661403995,762039.6065919794,48688.45968213209,-1571.5702569497214,1654.4223232202262,-2143.819119650734,1.5763071990064839,-1.357702653394884,-7.759105877337821,-43.21330457321394,133.52881545926152,9.20058592983902,18499.625537190637,0.0037743143084284945,3343.21,-767765.8432086282,797573.5054029961,533.2265433533413
5,508.0,1.048,0.309,-2.07,-2.0,-735642.7872415683,763693.2824161714,46540.858101163736,-1569.6511658958116,1652.7283015666144,-2151.5029517587236,2.1964812926359856,-1.9659994343297145,-7.497513992153315,-43.34758874333189,133.52316739701945,9.210610759988763,23926.5338635131,0.004870897911791981,3343.21,-767765.8432086282,797573.5054029961,533.2265433533413
5,509.0,1.048,0.309,-2.07,-2.0,-737211.3648018643,765345.0287499959,44385.87434085188,-1567.2722947518264,1650.5496155872158,-2158.5415076866484,2.602326143895992,-2.4175106565815256,-6.60436155257134,-43.481424528422316,133.5175145458731,9.217956864320916,30954.514842871642,0.006291594963130587,3343.21,-767765.8432086282,797573.5054029961,533.2265433533413
5,510.0,1.048,0.309,-2.07,-2.0,-738777.2743935109,766994.2918128312,42224.247499429905,-1564.347922309196,1647.7850749468341,-2164.6730358385566,2.7480306070860228,-2.687195699059064,-4.8939266903792396,-43.61313797794687,133.5120410857217,9.221811648042296,40048.06393457185,0.008133081563887104,3343.21,-767765.8432086282,797573.5054029961,533.2265433533413
5,511.0,1.048,0.309,-2.07,-2.0,-740339.8599266065,768640.373903257,40056.96545975442,-1560.7063031473842,1644.250317368845,-2169.6493537056795,4.367354149788723,-4.250542736111703,-4.729963511582478,-43.74278911982191,133.50680173159998,9.221133747584252,51796.89583249254,0.010520616462800319,3343.21,-767765.8432086282,797573.5054029961,533.2265433533413
5,512.0,1.048,0.309,-2.07,-2.0,-741898.2074657738,770282.3169989928,37885.21302471771,-1555.8176759256055,1639.4523908203846,-2173.5700860248207,4.980236474242901,-4.98787275810946,-2.431475419692808,-43.88102757264328,133.5006518354768,9.214594015589157,66942.84116466904,0.013616259734868274,3343.21,-767765.8432086282,797573.5054029961,533.2265433533413
5,513.0,1.048,0.309,-2.07,-2.0,-743451.2202663956,771918.9563002659,35710.63006040173,-1549.8500956202847,1633.4718562005626,-2175.4157582604525,7.613516566181512,-7.531718377163178,-1.9743202085837837,-44.01250790549961,133.4952598439022,9.200488615661596,86404.4576756942,0.017628707080191517,3343.21,-767765.8432086282,797573.5054029961,533.2265433533413
5,514.0,1.048,0.309,-2.07,-2.0,-744997.4289740275,773548.7432356282,33535.24097198357,-1542.2208555765196,1625.7423692213317,-2174.9804641042406,9.554978519382715,-9.564627563032268,0.5142331393831098,-44.14518749865331,133.48977983752903,9.176676437649913,111298.52676489341,0.022825729957687266,3343.21,-767765.8432086282,797573.5054029961,533.2265433533413
5,515.0,1.048,0.309,-2.07,-2.0,-746534.9965732063,775169.7338069475,31361.691970166943,-1532.4577008928838,1615.7693663702316,-2171.653108085905,10.72293443113671,-11.028740809869056,5.39443919540298,-44.280234074117715,133.48413315762815,9.140466290622314,142943.5567051353,0.029548400630512495,3343.21,-767765.8432086282,797573.5054029961,533.2265433533413
5,516.0,1.048,0.309,-2.07,-2.0,-748061.6033196652,776779.4707599117,29193.365623072987,-1520.2501476722198,1603.1729456927278,-2164.320398648677,14.32528514465229,-14.722551185131863,8.715243745974716,-44.40984250768669,133.47922922014334,9.088543982140285,182833.77766283267,0.03822732454166806,3343.21,-767765.8432086282,797573.5054029961,533.2265433533413
5,517.0,1.048,0.309,-2.07,-2.0,-749574.3040998303,778374.8391937991,27034.494569591545,-1504.6506549449634,1587.0119387318991,-2152.4009120527157,17.294313623442353,-18.003927315970333,14.894105631836913,-44.544340031783726,133.4740126148827,9.016908716923323,232560.19527630278,0.04939990738493009,3343.21,-767765.8432086282,797573.5054029961,533.2265433533413
5,518.0,1.048,0.309,-2.07,-2.0,-751069.465709733,779951.9902562771,24890.40074718526,-1484.9771356290978,1566.5437986200209,-2134.638458697392,22.733046102764597,-23.55209861565027,20.131747037337423,-44.681259667109735,133.46885763322103,8.920863180218443,293645.8259952082,0.06372592853820679,3343.21,-767765.8432086282,797573.5054029961,533.2265433533413
5,519.0,1.048,0.309,-2.07,-2.0,-752542.6223059525,781506.1954276104,22767.609649294176,-1460.4746261207545,1540.947348260039,-2109.5900141726156,27.016595622350142,-28.315785621652044,29.415608561635665,-44.817277673094644,133.46418030002772,8.795095251002962,367267.44630575593,0.0819987889431769,3343.21,-767765.8432086282,797573.5054029961,533.2265433533413
5,520.0,1.048,0.309,-2.07,-2.0,-753988.4319265691,783031.7927698182,20674.025621334746,-1430.1343654044522,1509.1694259196283,-2075.9810668032783,33.756751406959474,-35.360428311875765,38.10604778667221,-44.95626349999791,133.4597425695893,8.633923714015356,453839.7715406707,0.10514587398065257,3343.21,-767765.8432086282,797573.5054029961,533.2265433533413
5,521.0,1.048,0.309,-2.07,-2.0,-755400.6296718081,784522.1423348393,18618.945928744775,-1393.0888697246346,1470.2837685165446,-2032.3850321410498,40.422390882335165,-42.517282071050445,49.340533663787,-45.09797954484138,133.4557124136875,8.431748283554342,552484.6148437818,0.13421189868241434,3343.21,-767765.8432086282,797573.5054029961,533.2265433533413
5,522.0,1.048,0.309,-2.07,-2.0,-756772.1213799486,785969.7208303406,16612.99622209894,-1348.603651527373,1423.5033339309146,-1977.559616668565,48.3852907407272,-50.922906656111564,60.76739532008646,-45.24249004376479,133.45229932402773,8.183749887608858,660471.8806166912,0.17031611181385944,3343.21,-767765.8432086282,797573.5054029961,533.2265433533413
5,523.0,1.048,0.309,-2.07,-2.0,-758095.1848275679,787366.3356794891,14667.83450418919,-1296.1880745909364,1368.3084279135894,-1910.7181590210548,56.34805521515666,-59.38653531289263,73.07976200205961,-45.39164653133091,133.44954452832252,7.886807679765071,772825.5519936685,0.214577938649326,3343.21,-767765.8432086282,797573.5054029961,533.2265433533413
5,524.0,1.048,0.309,-2.07,-2.0,-759361.8433492444,788703.5192402798,12795.633533594495,-1235.8356752532522,1304.684319476141,-1831.6772085905834,64.2004497434664,-67.71087848277662,84.96942412844147,-45.54627600426672,133.44765186951156,7.540506522604591,882360.6053726664,0.26801010417196597,3343.21,-767765.8432086282,797573.5054029961,533.2265433533413
5,525.0,1.048,0.309,-2.07,-2.0,-760564.3863646607,789973.0802108616,11008.319873774526,-1168.1056218960093,1233.219584027121,-1741.1367494105314,71.00619090722724,-74.9626588375334,95.90128216633254,-45.70820510536304,133.44675713150232,7.147985146307428,980392.6707293967,0.3313895967880008,3343.21,-767765.8432086282,797573.5054029961,533.2265433533413
5,526.0,1.048,0.309,-2.07,-2.0,-761696.5798755584,791168.3861668627,9315.772564137682,-1095.9635589379484,1157.0498740576318,-1643.3622367114926,72.9956970014829,-77.09172684388146,99.40950890886205,-45.87883170798087,133.44691082260127,6.727071906902453,1061658.0825102567,0.4051712562639122,3343.21,-767765.8432086282,797573.5054029961,533.2265433533413
5,527.0,1.048,0.309,-2.07,-2.0,-762755.8788726067,792286.7093698155,7722.476083158458,-1022.5260883566475,1079.4762098672647,-1542.943112815781,73.62178988349025,-77.79157887709627,101.16489176999923,-46.05996033131804,133.4480494800654,6.296735299158816,1123942.0283888641,0.48957489007372873,3343.21,-767765.8432086282,797573.5054029961,533.2265433533413
5,528.0,1.048,0.309,-2.07,-2.0,-763741.6329082567,793327.3280832551,6230.146477249478,-949.0865284323384,1001.866883346773,-1441.7472067060373,72.9604261465623,-77.1292316803079,101.02398853974128,-46.25281124317648,133.45031967067786,5.8647661544137435,1164091.6739481709,0.5845099117984751,3343.21,-767765.8432086282,797573.5054029961,533.2265433533413
5,529.0,1.048,0.309,-2.07,-2.0,-764654.4695463779,794290.874766552,4838.618866775984,-876.8943991761327,925.5469346886347,-1341.6348177442887,71.2164566948634,-75.2946960960541,98.9433170580491,-46.45915808764712,133.45381473437305,5.4388132998252265,1181048.062867474,0.6895493720967457,3343.21,-767765.8432086282,797573.5054029961,533.2265433533413
5,530.0,1.048,0.309,-2.07,-2.0,-765496.2085363662,795179.2461688688,3545.945974913812,-807.0606203128182,851.6963854597082,-1244.2991688764243,68.3337747628949,-72.27459051310483,95.45011215261785,-46.68111217233593,133.45859041816715,5.02576323962456,1175812.2719484677,0.8039703551072485,3343.21,-767765.8432086282,797573.5054029961,533.2265433533413
5,531.0,1.048,0.309,-2.07,-2.0,-766269.6864994429,795995.4187698723,2348.6285598818326,-740.5036839884908,781.2890462618274,-1151.1301397534337,64.67139447161777,-68.42408721760499,90.70919938956364,-46.91996637988149,133.46479102274938,4.631285024118987,1151047.6243467354,0.9268220786048152,3343.21,-767765.8432086282,797573.5054029961,533.2265433533413
5,532.0,1.048,0.309,-2.07,-2.0,-766978.5291817068,796743.207848426,1241.937016341084,-677.880162190775,715.0252797863626,-1063.1926945444825,60.48985623980494,-64.01677396968446,85.06936476248815,-47.17807995282333,133.4724345843725,4.259589568655571,1110472.3118528856,1.057008116851319,3343.21,-767765.8432086282,797573.5054029961,533.2265433533413
5,533.0,1.048,0.309,-2.07,-2.0,-767626.9022673297,797427.0039835145,220.2664873136476,-619.6137408172963,653.3560807585594,-981.1762357989535,56.037178017021894,-59.31033160083909,78.87186987798212,-47.4568798439973,133.48162851633518,3.9133970383136267,1058221.8105210764,1.1933696313792033,3343.21,-767765.8432086282,797573.5054029961,533.2265433533413
5,533.23,1.048,0.309,-2.07,-2.0,-767765.8432086282,797573.5054029961,-1.7363307462756484e-07,-607.0426758934817,640.0490348864445,-963.462958640508,55.00080178576785,-58.214146450098845,77.4386513634773,-47.52313243596156,133.48392570595473,3.838677114228557,1045184.9757000302,1.2250000000252614,3343.21,-767765.8432086282,797573.5054029961,533.2265433533413
6,1.0,0.963,0.272,4.34,8.5,-3.1841661427633348,3.1124995294967013,10.011085037636601,-6.48850741852315,6.347836933180458,20.001775337536092,-9.013337785323714,8.943528184424494,18.581177860927998,65.59048400789976,135.62786586800945,0.06454636034632363,295.15975875798256,1.2235443834232058,14478.23,-365096.78597645106,173287.48736529905,231.93480330618326
6,2.0,0.963,0.272,4.34,8.5,-14.186401620783657,13.901868605622518,39.372533871658135,-15.56466497491734,15.188261562723365,38.78013130530113,-9.280851653488847,8.6439994786497,18.956360642669573,60.717037904617435,135.70124220695956,0.13065435324541533,1205.1662680739175,1.2192851825543878,14313.17,-365096.78597645106,173287.48736529905,231.93480330618326
6,3.0,0.963,0.272,4.34,8.5,-34.55414437786974,33.26614058088365,87.67931510842055,-25.388877313929623,23.362550487034014,57.86844571292041,-10.602440173296001,7.585979408967641,19.154902494529054,59.195825577890325,137.38009820982555,0.19798205965472648,2751.4350357461785,1.2123099917021516,14148.1,-365096.78597645106,173287.48736529905,231.93480330618326
6,4.0,0.963,0.272,4.34,8.5,-65.66287503229219,60.18886863154009,155.07810823506793,-37.31714736868838,30.256361297103602,76.83789337319476,-13.523196830679147,6.253830916307525,18.597113356679365,57.98488938256545,140.9652145089487,0.2662959757559516,4938.106331215303,1.2026446615353437,13983.03,-365096.78597645106,173287.48736529905,231.93480330618326
6,5.0,0.963,0.272,4.34,8.5,-110.37764356937996,93.46507027439671,240.96883819249211,-52.75312260744305,36.2687416585118,94.65241863378644,-17.316701486949764,6.115820450971711,16.872110182104656,55.92758218281001,145.4907617241725,0.3357888754392592,7772.016027841531,1.1904390838975905,13817.97,-365096.78597645106,173287.48736529905,231.93480330618326
6,6.0,0.963,0.272,4.34,8.5,-172.26045365875603,133.0595748749284,343.7322944684383,-71.3605388919584,43.2753946899911,110.59326432984217,-19.37236431801633,8.203464788478831,15.22883626447688,52.96066774572893,148.76598971582382,0.40713920891736166,11287.20748941842,1.175998449607331,13652.9,-365096.78597645106,173287.48736529905,231.93480330618326
6,7.0,0.963,0.272,4.34,8.5,-253.24298783983394,180.8521598496293,461.90847883662633,-90.45124300143164,52.64063372504826,125.81778532234068,-18.547298801356558,10.113395985425024,15.54284963320153,50.24664258563125,149.80153629997258,0.4809104856812056,15528.65155501576,1.1596083917753253,13487.84,-365096.78597645106,173287.48736529905,231.93480330618326
6,8.0,0.963,0.272,4.34,8.5,-352.913338659772,238.45785515620798,595.633969862358,-108.99812147974336,62.36619771082195,141.69063164520668,-19.227371291334297,8.995660979601285,15.81768108076303,48.44970392321892,150.22281094198772,0.5563660634953765,20456.39491563296,1.1413370973622463,13322.77,-365096.78597645106,173287.48736529905,231.93480330618326
6,9.0,0.963,0.272,4.34,8.5,-472.02072048221936,305.2123373161056,744.9385063294129,-129.66737883991695,71.2129391170094,156.57910189815897,-21.762848254438804,9.424439278316653,13.924075403896682,46.62589558497949,151.22454022436966,0.6330034238570846,26014.709939695298,1.1212771378478226,13157.7,-365096.78597645106,173287.48736529905,231.93480330618326
6,10.0,0.963,0.272,4.34,8.5,-612.5083113315894,381.51473833250725,908.4394035477515,-151.1467406554996,81.6411873802791,170.52187158813726,-21.02363409138039,10.778147062222565,14.383028278284211,44.78831719661273,151.62451271052527,0.7112849312060957,32215.20407335164,1.0997140357338233,12992.64,-365096.78597645106,173287.48736529905,231.93480330618326
6,11.0,0.963,0.272,4.34,8.5,-774.3838104079274,468.30507592483525,1086.1198779859014,-172.97592884774264,91.77127973613389,184.62754217099885,-22.999572566176028,9.998315529517729,13.23970189416624,43.31594686424791,152.05209805140697,0.7908556120230803,38994.5134333708,1.0767507961775946,12827.57,-365096.78597645106,173287.48736529905,231.93480330618326
6,12.0,0.963,0.272,4.34,8.5,-958.891258183243,565.4101800668525,1277.2427222554493,-195.92733375130524,102.67834337336141,197.6769782061116,-22.635729567567004,11.202810496789441,13.403628885009336,41.78552826748095,152.34261189001413,0.8717572122755641,46317.19954193364,1.0525852798597863,12662.5,-365096.78597645106,173287.48736529905,231.93480330618326
6,13.0,0.963,0.272,4.34,8.5,-1166.4034414411663,673.496820302421,1481.501046073971,-219.40946933869915,113.46895064285374,210.58720282427944,-24.180954208364135,11.153026717761481,12.177044707966832,40.44868115320288,152.65397811640193,0.9538530478902887,54122.60792512035,1.0273581465737858,12497.44,-365096.78597645106,173287.48736529905,231.93480330618326
6,14.0,0.963,0.272,4.34,8.5,-1397.8021364597412,792.7195883195787,1698.253810753769,-243.39152854399876,124.94368799684442,222.9885793781224,-24.37527288404055,11.133886385524848,12.318265521716945,39.18184694459919,152.8265551930339,1.0371754361455803,62364.916328454405,1.0012487714297515,12332.37,-365096.78597645106,173287.48736529905,231.93480330618326
6,15.0,0.963,0.272,4.34,8.5,-1653.5777699781675,923.3509783413182,1927.1750132996217,-268.1770442218728,136.51006184283867,234.79050151962994,-24.688368222523632,11.918982104405826,11.897861979293252,37.9626944645937,153.02255767202902,1.121601981825585,70975.08593080807,0.9743937474058566,12167.3,-365096.78597645106,173287.48736529905,231.93480330618326
6,16.0,0.963,0.272,4.34,8.5,-1934.2975676755727,1065.7169206251615,2167.7959253973586,-293.44241699303274,148.26595895286917,246.27098044754456,-25.533646434397333,12.139943579618096,11.117954792284367,36.83549958509725,153.19416241188736,1.2071129249693238,79893.82704921336,0.946942311850785,12002.24,-365096.78597645106,173287.48736529905,231.93480330618326
6,17.0,0.963,0.272,4.34,8.5,-2240.525308128095,1220.0462950134956,2419.6632773395886,-319.15066517193276,160.34216997243948,257.37967799105564,-26.176301000989405,12.09466892724641,10.686103838254361,35.77722435296598,153.3249210275626,1.2936813764029675,89059.65983469345,0.9190359015025215,11837.17,-365096.78597645106,173287.48736529905,231.93480330618326
6,18.0,0.963,0.272,4.34,8.5,-2572.763393820795,1386.5539134435448,2682.373534949421,-345.36715226512877,172.6841194011735,268.0376539757407,-26.525692453673596,12.262656271142822,10.477663987444032,34.766829454094804,153.4348767211517,1.3812670199193933,98408.21490460451,0.8908040165020144,11672.11,-365096.78597645106,173287.48736529905,231.93480330618326
6,19.0,0.963,0.272,4.34,8.5,-2931.476208011101,1565.4653288371671,2955.5394223269286,-372.0850984678343,185.21647296491076,278.26817418201114,-26.851719402811167,12.600918522995087,10.18257370237216,33.80235926431904,153.53680230424604,1.469837216200044,107876.02801593443,0.8623678672726944,11507.04,-365096.78597645106,173287.48736529905,231.93480330618326
6,20.0,0.963,0.272,4.34,8.5,-3317.1132980408056,1756.9994303067022,3238.7744070885888,-399.25323669705665,197.92679311970394,288.1240119148543,-27.279009189907637,12.901306032837471,9.756017463093258,32.8853858505783,153.6304309227201,1.5593709796749278,117402.2472036533,0.8338417036520883,11341.97,-365096.78597645106,173287.48736529905,231.93480330618326
6,21.0,0.963,0.272,4.34,8.5,-3730.1108873842404,1961.3594018908911,3531.6996435624696,-426.8338853440702,210.83081468450035,297.6305802801769,-27.756446563733146,13.094647497835137,9.308613870444471,32.01322945304423,153.71333914670086,1.6498537836631626,126928.6503888062,0.8053317949055911,11176.91,-365096.78597645106,173287.48736529905,231.93480330618326
6,22.0,0.963,0.272,4.34,8.5,-4170.888465433543,2178.736655649532,3833.950915844559,-454.81306793477654,223.93474866058753,306.7911696212533,-28.210764406154034,13.23031002707124,8.917388109204055,31.180920010552484,153.78590687085955,1.7412751147902001,136399.8025401654,0.7769356546565861,11011.84,-365096.78597645106,173287.48736529905,231.93480330618326
6,23.0,0.963,0.272,4.34,8.5,-4639.849576063154,2409.3163907582866,4145.179112509208,-483.1860498371182,237.2317507936519,315.6077470656719,-28.61829645053987,13.366005843828779,8.586981309370609,30.384120014899956,153.8501655508137,1.8336288684065642,145763.57695162395,0.7487420754546583,10846.77,-365096.78597645106,173287.48736529905,231.93480330618326
6,24.0,0.963,0.272,4.34,8.5,-5137.385332605596,2653.2799642405057,4465.048425730264,-511.94797792710915,250.7112369214905,324.08876758050246,-28.99232595040816,13.524342909750768,8.28904929605259,29.61977995882485,153.90807753045175,1.9269141830493366,154971.6922376691,0.7208314490321014,10681.71,-365096.78597645106,173287.48736529905,231.93480330618326
6,25.0,0.963,0.272,4.34,8.5,-5663.878325610423,2910.805504685946,4793.23475418929,-541.091883527839,264.36683394442827,332.2473816961905,-29.348051191836166,13.702449049483342,8.007392350373859,28.885667523542704,153.9607766073268,2.021135867018798,163980.10172166876,0.69327610339886,10516.64,-365096.78597645106,173287.48736529905,231.93480330618326
6,26.0,0.963,0.272,4.34,8.5,-6219.704289216118,3182.068191936107,5129.426721663625,-570.6122749835714,278.19346539839694,340.0981544706411,-29.70419612375849,13.888794499904451,7.7243556072238,28.179904087991954,154.00914535206886,2.1163040280017316,172749.1156236056,0.6661404607526521,10351.58,-365096.78597645106,173287.48736529905,231.93480330618326
6,27.0,0.963,0.272,4.34,8.5,-6805.23588899359,3467.241317896321,5473.324275501572,-600.5049916331225,292.1904330683987,347.6548159433054,-30.064457838951526,14.076827308952435,7.44213516516625,27.500710791007926,154.05362560835619,2.212434137275762,181243.54746832087,0.6394814480096216,10186.51,-365096.78597645106,173287.48736529905,231.93480330618326
6,28.0,0.963,0.272,4.34,8.5,-7420.843710827009,3766.4971556779233,5824.6398759377935,-630.768226072445,306.35812670689256,354.9308170195253,-30.431508561002122,14.261308370837718,7.163837329393016,26.846455840223378,154.09459530689642,2.3095467663659823,189432.67652212802,0.613348731547821,10021.44,-365096.78597645106,173287.48736529905,231.93480330618326
6,29.0,0.963,0.272,4.34,8.5,-8066.898504995973,4080.0079311766817,6183.098349578818,-661.4026650629992,320.6979527151135,361.9388492541939,-30.80572582348518,14.440918038376296,6.893682203037025,26.215603896166215,154.13238963913633,2.407667450706734,197290.18371577948,0.587785098366419,9856.38,-365096.78597645106,173287.48736529905,231.93480330618326
6,30.0,0.963,0.272,4.34,8.5,-8743.773476652414,4407.946934917446,6548.436670529575,-692.4114847228641,335.21198269270946,368.6908923160534,-31.186403032973878,14.618022820373833,6.6350283634921805,25.606715098698814,154.1673312924741,2.50682661952008,204794.04053817838,0.5628268617367966,9691.31,-365096.78597645106,173287.48736529905,231.93480330618326
6,31.0,0.963,0.272,4.34,8.5,-9451.84599794975,4750.489486667429,6920.404067206005,-723.7998767335297,349.90282930157304,375.19897278849726,-31.574447348391274,14.79426035586433,6.388998652508762,25.018493580398026,154.1997242388881,2.6070595039045377,211926.33663999767,0.5385042572963752,9526.24,-365096.78597645106,173287.48736529905,231.93480330618326
6,32.0,0.963,0.272,4.34,8.5,-10191.499535022698,5107.813763640064,7298.7618664486035,-755.5748289905333,364.7741436695803,381.4749721917736,-31.970001445172684,14.97162626533854,6.1578750628874035,24.449757389865272,154.2298187008215,2.70840604465874,218673.07236053588,0.5148418657918329,9361.18,-365096.78597645106,173287.48736529905,231.93480330618326
6,33.0,0.963,0.272,4.34,8.5,-10963.125435362424,5480.101639911063,7683.2835111259565,-787.745491032716,379.8299393140568,387.53039656964864,-32.37393453899588,15.153571127648172,5.9411659707455495,23.89941136776561,154.2578707204086,2.810910819445812,225023.918104939,0.4918590260597265,9196.11,-365096.78597645106,173287.48736529905,231.93480330618326
6,34.0,0.963,0.272,4.34,8.5,-11767.124661033116,5867.539568833323,8073.754395707933,-820.3225589528588,395.0751225460031,393.3769524237169,-32.7877997211896,15.34177972484971,5.7384949044162346,23.366475861305915,154.28409284435534,2.91462297294715,230971.95481511875,0.46957025657206125,9031.05,-365096.78597645106,173287.48736529905,231.93480330618326
6,35.0,0.963,0.272,4.34,8.5,-12603.909674801298,6270.319424955426,8469.971689955795,-853.3184078869235,410.51539368794215,399.0263159486866,-33.21335045264679,15.537497115065554,5.549353964673508,22.850058645365493,154.30867012599776,3.0195961911513263,236513.40550942003,0.4479856689428934,8865.98,-365096.78597645106,173287.48736529905,231.93480330618326
6,36.0,0.963,0.272,4.34,8.5,-13473.90609087498,6688.639276273612,8871.744284489416,-886.7471714645678,426.1570573481359,404.49005028708615,-33.65298676284983,15.74175731429897,5.371901986230611,22.34934096077222,154.33177625006653,3.125888640882451,241647.34782603962,0.42711136311708586,8700.91,-365096.78597645106,173287.48736529905,231.93480330618326
6,37.0,0.963,0.272,4.34,8.5,-14377.55430768545,7122.704151494908,9278.892630629176,-920.624475890627,442.00737155431375,409.7797957246561,-34.10893736967906,15.954646389583779,5.205342230128823,21.863580407766158,154.35355065859503,3.2335630026539626,246375.43940068848,0.40694981464946745,8535.85,-365096.78597645106,173287.48736529905,231.93480330618326
6,38.0,0.963,0.272,4.34,8.5,-15315.311344234588,7572.726866555834,9691.248569694242,-954.9675507684634,458.074488870593,414.9070445525339,-34.58302149581212,16.17643532783502,5.049768974466377,21.392090358563085,154.37410937912495,3.342686466991308,250701.6376885039,0.3875002457057761,8370.78,-365096.78597645106,173287.48736529905,231.93480330618326
6,39.0,0.963,0.272,4.34,8.5,-16287.652157345654,8038.928649303588,10108.655356962254,-989.7953021705913,474.36726819391765,419.883124026038,-35.0770773371153,16.407541616290217,4.904877987700175,20.93423387745661,154.3935590291589,3.4533307342077166,254631.91856366437,0.3687589690582139,8205.71,-365096.78597645106,173287.48736529905,231.93480330618326
6,40.0,0.963,0.272,4.34,8.5,-17295.071564085985,8521.540032040693,10530.96743266749,-1025.128268267825,490.8953898976014,424.7192370971199,-35.59274285186448,16.648594895518812,4.770697950408068,20.48942055735093,154.4119917418176,3.56557214070559,258174.02803056798,0.3507197255405991,8040.65,-365096.78597645106,173287.48736529905,231.93480330618326
6,41.0,0.963,0.272,4.34,8.5,-18338.085608466863,9020.801499595347,10958.050397677052,-1060.9886295080214,507.6692840617609,429.42648450020255,-36.131182443675726,16.899981909784273,4.647026672409349,20.057103406141117,154.4294905279624,3.679491670042924,261337.21969323707,0.3333739921612414,7875.58,-365096.78597645106,173287.48736529905,231.93480330618326
6,42.0,0.963,0.272,4.34,8.5,-19417.254092668543,9536.97403367091,11389.788944893297,-1097.468213655642,524.7320003461954,434.0427167062064,-36.847607325916634,17.234600338388546,4.59441879689477,19.636777080916385,154.446157834514,3.7954093659059533,264164.3828318756,0.3167109719171314,7710.52,-365096.78597645106,173287.48736529905,231.93480330618326
6,43.0,0.963,0.272,4.34,8.5,-20533.273907235653,10070.382848036123,11826.122501162825,-1134.6987742898748,542.1452685864008,438.6189625352064,-37.61994789273558,17.595277808803704,4.561296376715466,19.22801013125765,154.46209655583462,3.9137801206425906,266713.03735856357,0.3007166652616955,7545.45,-365096.78597645106,173287.48736529905,231.93480330618326
6,44.0,0.963,0.272,4.34,8.5,-21686.92687848722,10621.392921242103,12267.0179113814,-1172.7235471577142,559.9292757807006,443.1690048741609,-38.43549415302118,17.976185279857688,4.541252537696033,18.830412853499542,154.47736348434006,4.0347513495393095,268994.89776519145,0.28537543657879233,7380.38,-365096.78597645106,173287.48736529905,231.93480330618326
6,45.0,0.963,0.272,4.34,8.5,-22879.04215334604,11190.391390751443,12712.455846240999,-1211.5876090762076,578.105272000899,447.7065490279426,-39.296924499972214,18.378161454231122,4.53502708824399,18.44362637038273,154.492001681502,4.158476232532667,271021.4923913334,0.27067078506378983,7215.32,-365096.78597645106,173287.48736529905,231.93480330618326
6,46.0,0.963,0.272,4.34,8.5,-24110.46891914873,11777.774778853282,13162.430992846255,-1251.3376467755236,596.6949959309477,452.24478194066535,-40.20709121881704,18.80318598132718,4.542455059015263,18.06730832938381,154.506059714157,4.285112060393601,272803.8039009265,0.25658552461086315,7050.25,-365096.78597645106,173287.48736529905,231.93480330618326
6,47.0,0.963,0.272,4.34,8.5,-25382.09852015146,12383.959361444637,13616.950737690313,-1292.0230276348864,615.721563242708,456.7971930343399,-41.16931913295062,19.252570539593826,4.563781636460673,17.701144947129663,154.51957697305906,4.414824792146917,274352.77894971916,0.2431019909180301,6885.18,-365096.78597645106,173287.48736529905,231.93480330618326
6,48.0,0.963,0.272,4.34,8.5,-26694.865538078953,13009.381644647681,14076.035354005287,-1333.6960668842787,635.2094455301088,461.37735666541903,-42.187163538345125,19.72805155805914,4.599240265924437,17.344838642713245,154.53259002647266,4.54778952624094,275679.2286877065,0.23020217796294057,6720.12,-365096.78597645106,173287.48736529905,231.93480330618326
6,49.0,0.963,0.272,4.34,8.5,-28049.831656536502,13654.537548574848,14539.72046080694,-1376.41671202852,655.1866984508107,466.00031823837423,-43.26437998133816,20.23125624390506,4.649160100349185,16.998100751893425,154.54513289285705,4.684206302508788,276795.47318183474,0.21786780228292904,6555.05,-365096.78597645106,173287.48736529905,231.93480330618326
6,50.0,0.963,0.272,4.34,8.5,-29448.070229131965,14319.92848969584,15008.05603103524,-1420.2462006386534,675.6819702805165,470.680708664822,-44.40525148140825,20.7642676331042,4.714106511579391,16.660664591905384,154.55723617596934,4.824278817666228,277712.55436337146,0.20608045805354266,6389.99,-365096.78597645106,173287.48736529905,231.93480330618326
6,51.0,0.963,0.272,4.34,8.5,-30890.71990844184,15006.08643443895,15481.107012542336,-1465.250256878179,696.7260055720243,475.43367858528626,-45.614334538255626,21.32917356239213,4.794418093101584,16.33227844925215,154.56892799136128,4.968225176226607,278441.39356249926,0.19482171120627653,6224.92,-365096.78597645106,173287.48736529905,231.93480330618326
6,52.0,0.963,0.272,4.34,8.5,-32378.99029040622,15713.576532487576,15958.953829418142,-1511.4997003198032,718.3519343654955,480.27503726625326,-46.8968878954009,21.928451939944008,4.8909733808931914,16.012704476016154,154.58023412405163,5.116279932230347,278992.8232441119,0.18407318726496052,6059.85,-365096.78597645106,173287.48736529905,231.93480330618326
6,53.0,0.963,0.272,4.34,8.5,-33914.164495852514,16442.998326493384,16441.69305604031,-1559.0707392500299,740.5954014421228,485.2212628756835,-48.258550860965975,22.56473244479901,5.004353017326043,15.701717273060932,154.59117845652872,5.26869502844281,279377.4761703289,0.1738166461185424,5894.79,-365096.78597645106,173287.48736529905,231.93480330618326
6,54.0,0.963,0.272,4.34,8.5,-35497.60474500676,17194.988357034614,16929.438151548577,-1608.0456251353885,763.4948793041723,490.28966984843044,-49.70561639209155,23.240956161803854,5.135420002031671,15.39910404236726,154.60178297417423,5.425742007639112,279605.8046119746,0.16403404778454594,5729.72,-365096.78597645106,173287.48736529905,231.93480330618326
6,55.0,0.963,0.272,4.34,8.5,-37130.758793518675,17970.22317114048,17422.320327925452,-1658.5133330510214,787.0919820202818,495.4984985212168,-51.24536796356469,23.960530122422533,5.285338759178877,15.104662619905998,154.61206808691273,5.587714229432125,279688.07482702367,0.15470760857453636,5564.65,-365096.78597645106,173287.48736529905,231.93480330618326
6,56.0,0.963,0.272,4.34,8.5,-38815.167062221495,18769.422655293558,17920.48957637016,-1710.5703354316443,811.431828643036,500.8670672420733,-52.88565202721121,24.727121313488478,5.455189694558489,14.81820111140908,154.62205274400065,5.754929438007887,279634.37099506136,0.14581984847623786,5399.59,-365096.78597645106,173287.48736529905,231.93480330618326
6,57.0,0.963,0.272,4.34,8.5,-40552.47062392357,19593.353769085632,18424.11585250097,-1764.3216082460465,836.5635139063213,506.41600908581387,-54.635370356323875,25.544889888010008,5.646258073435035,14.539538433843562,154.6317545977161,5.927733120439084,279454.6447021019,0.13735363100426198,5234.52,-365096.78597645106,173287.48736529905,231.93480330618326
6,58.0,0.963,0.272,4.34,8.5,-42344.42013689812,20442.834721440333,18933.390405393442,-1819.8815852756584,862.5405538421757,512.1673517693514,-56.504842700232096,26.418663912281314,5.860321190419178,14.268501447978101,154.64119013604292,6.106501585011536,279158.6989530246,0.12929219683978962,5069.46,-365096.78597645106,173287.48736529905,231.93480330618326
6,59.0,0.963,0.272,4.34,8.5,-44192.885122780055,21318.739308532255,19448.527241425065,-1877.3755147892864,889.4215208324066,518.1449201859051,-58.505324844195115,27.353702529598344,6.098982447583929,14.00492840736723,154.65037481012692,6.291646545164155,278756.27369960723,0.12161919222705792,4904.39,-365096.78597645106,173287.48736529905,231.93480330618326
6,60.0,0.963,0.272,4.34,8.5,-46099.86357610141,22222.001406034622,19969.764598314618,-1936.9406420855178,917.270596124998,524.3744063663621,-60.650228769099726,28.356278443474878,6.364643148196129,13.748665231369944,154.65932311877293,6.483618911342911,278257.01335410733,0.11431869447947836,4739.32,-365096.78597645106,173287.48736529905,231.93480330618326
6,61.0,0.963,0.272,4.34,8.5,-48067.50621856599,23153.62631019793,20497.36915618768,-1998.7288991755788,946.1588276279172,530.8839104540551,-62.95431537209901,29.433292160176453,6.659504050726685,13.499564489352434,154.66804885373978,6.682917671789966,277670.73440715804,0.1073751996657941,4574.26,-365096.78597645106,173287.48736529905,231.93480330618326
6,62.0,0.963,0.272,4.34,8.5,-50098.11831648135,24114.691586409575,21031.63598244353,-2062.9078793094855,976.1645861642168,537.7040939179149,-65.43449924582806,30.59265203948278,6.98642749263356,13.257487292664655,154.67656501987847,6.890093100858579,277007.26740694605,0.10077367115790671,4409.19,-365096.78597645106,173287.48736529905,231.93480330618326
6,63.0,0.963,0.272,4.34,8.5,-52194.181183198074,25106.357123293463,21572.892191751824,-2129.663377676452,1007.3747524286981,544.868620817977,-68.11117094443046,31.8438913153498,7.348774635913538,13.0223022826323,154.68488398422775,7.105755103068991,276276.56310719956,0.09449953487755938,4244.12,-365096.78597645106,173287.48736529905,231.93480330618326
6,64.0,0.963,0.272,4.34,8.5,-54358.37396272377,26129.87531430159,22121.500517917204,-2199.203093700797,1039.8864436203974,552.414687623619,-71.00659866849458,33.19742829284245,7.750192881106473,12.793881169304226,154.69301775978377,7.330585289654747,275488.9933780338,0.0885386809495796,4079.06,-365096.78597645106,173287.48736529905,231.93480330618326
6,65.0,0.963,0.272,4.34,8.5,-56593.59921353867,27186.603020775132,22677.86376767898,-2271.759285035641,1073.808260549214,560.3839889858411,-74.14770923977125,34.66582177895093,8.19583849469471,12.57211155133914,154.7009778418107,7.565346043483797,274655.2668546572,0.08287746021713174,3913.99,-365096.78597645106,173287.48736529905,231.93480330618326
6,66.0,0.963,0.272,4.34,8.5,-58902.99921857619,28278.009206046674,23242.427697733612,-2347.5931769061913,1109.2623781408543,568.8232879990063,-77.56682934756077,36.26427630192998,8.691042689767373,12.356890750787237,154.70877475430154,7.810894891864958,273786.68756977015,0.0775027008907934,3748.92,-365096.78597645106,173287.48736529905,231.93480330618326
6,67.0,0.963,0.272,4.34,8.5,-61289.99439288535,29405.692905240743,23815.687517307528,-2426.999776960875,1146.3867425789276,577.7846493278723,-81.2995871832281,38.009377254165685,9.241472351685328,12.148113285468217,154.71641925408406,8.068199874939454,272895.21226202673,0.07240169219605266,3583.86,-365096.78597645106,173287.48736529905,231.93480330618326
6,68.0,0.963,0.272,4.34,8.5,-63758.32167626519,30571.401165694304,24398.194380294764,-2510.315354518024,1185.3386007286117,587.3275356801405,-85.39212659473674,39.92268451324912,9.855155613802244,11.945686279138096,154.7239218505924,8.338364650835384,271993.9934256506,0.06756217833204256,3418.79,-365096.78597645106,173287.48736529905,231.93480330618326
6,69.0,0.963,0.272,4.34,8.5,-66312.07330928043,31777.04715371929,24990.56211144337,-2597.9237793384145,1226.2974085637272,597.518999783263,-89.8950969633555,42.02789987452977,10.540666294100694,11.749513067584578,154.731293784875,8.622648692447505,271097.33265042177,0.06297235825258088,3253.73,-365096.78597645106,173287.48736529905,231.93480330618326
6,70.0,0.963,0.272,4.34,8.5,-68955.86163823906,33024.787233126735,25593.489786343245,-2690.272116909317,1269.4722583972878,608.4377708417674,-66.81038757421258,31.223039534367704,4.9727913063449725,11.55951424739508,154.73854508760058,8.922519484911712,270221.8814944078,0.058620781099701064,3088.66,-365096.78597645106,173287.48736529905,231.93480330618326
6,71.0,0.963,0.272,4.34,8.5,-71629.5005380279,34286.45535920888,26193.13817336724,-2657.4738121677165,1254.0833070649494,590.9832962439383,31.24876122846045,-14.663004866191542,-17.043452180529442,11.37140530133717,154.73699774223883,8.807986226944406,245227.71008735403,0.05459116802539888,3088.66,-365096.78597645106,173287.48736529905,231.93480330618326
6,72.0,0.963,0.272,4.34,8.5,-74271.85334780329,35533.44300000526,26775.73265259493,-2627.633635791929,1240.0802346504495,574.3117501309215,28.485351287112348,-13.368316624594694,-16.314322963600663,11.18094943838547,154.73559341134666,8.703413700846108,223432.2976155458,0.05094162495906996,3088.66,-365096.78597645106,173287.48736529905,231.93480330618326
6,73.0,0.963,0.272,4.34,8.5,-76885.63495175958,36767.022107586694,27341.989733892973,-2600.390117619481,1227.293757882658,558.3235635555901,26.06206553799485,-12.232913982642359,-15.678620844979369,10.988296402627618,154.7343180499385,8.607594400896238,204325.87076886563,0.047628386269001725,3088.66,-365096.78597645106,173287.48736529905,231.93480330618326
6,74.0,0.963,0.272,4.34,8.5,-79473.34963694144,37988.3660312701,27892.566742995205,-2575.419893001997,1215.5724405889323,542.9299859399101,23.92639474680473,-11.232204721101594,-15.12166775002326,10.793562218253356,154.73315797348624,8.519448489432461,187492.78780063553,0.04461364438704711,3088.66,-365096.78597645106,173287.48736529905,231.93480330618326
6,75.0,0.963,0.272,4.34,8.5,-82037.12451098936,39198.471468012714,28428.01841176907,-2552.4587473675983,1204.7925485396315,528.0588051523383,22.03583634890276,-10.346283467177043,-14.63158157280392,10.596864869157637,154.73210169852277,8.438093997451995,172596.62710216772,0.041864863929453607,3088.66,-365096.78597645106,173287.48736529905,231.93480330618326
6,76.0,0.963,0.272,4.34,8.5,-84578.85428123834,40398.226281243915,28948.836002723012,-2531.279219543258,1194.8475603844884,513.6480806071138,20.355415653092315,-9.55877040456843,-14.198591545353267,10.398310035484897,154.7311388654175,8.362771918851317,159360.57338857788,0.039353782101874527,3088.66,-365096.78597645106,173287.48736529905,231.93480330618326
6,77.0,0.963,0.272,4.34,8.5,-87100.21422098004,41588.41557361465,29455.451095557415,-2511.687161746309,1185.6465565460906,499.64517502622357,18.856193309346743,-8.856112342889702,-13.814630071573344,10.197996796632097,154.73026029742837,8.292834674053166,147555.6134703636,0.03705576800860528,3088.66,-365096.78597645106,173287.48736529905,231.93480330618326
6,78.0,0.963,0.272,4.34,8.5,-89602.70302633183,42769.74175686986,29948.247523762657,-2493.514244137802,1177.1107087628384,486.00465068529275,17.514014467090497,-8.226996563987514,-13.473000404272158,9.996015652779484,154.72945772272527,8.227721031621643,136990.65160718825,0.034949254209139316,3088.66,-365096.78597645106,173287.48736529905,231.93480330618326
6,79.0,0.963,0.272,4.34,8.5,-92087.66673553787,43942.83575398433,30427.568015181067,-2476.6135321623087,1169.1712088486129,472.68701376257826,16.308627656445392,-7.661939762138478,-13.16783665400619,9.79244860740258,154.72872364653404,8.166941300400678,127505.18671180529,0.03301528729290553,3088.66,-365096.78597645106,173287.48736529905,231.93480330618326
6,80.0,0.963,0.272,4.34,8.5,-94556.3118056522,45108.26312360299,30893.71786835779,-2460.857098134182,1161.768149990837,459.6580833397786,15.222782491468715,-7.152860366939063,-12.895191276614968,9.587372482599577,154.72805133040225,8.110069346732732,118963.74137622105,0.031237162449279033,3088.66,-365096.78597645106,173287.48736529905,231.93480330618326
6,81.0,0.963,0.272,4.34,8.5,-97009.72371812137,46266.532773464336,31346.970131954076,-2446.132984158876,1154.849104496165,446.8880491595272,14.242206085991002,-6.693078546527593,-12.649266982516655,9.380857529919762,154.72743469254846,8.056732385275351,111251.29992112155,0.029600109334336877,3088.66,-365096.78597645106,173287.48736529905,231.93480330618326
6,82.0,0.963,0.272,4.34,8.5,-99448.88464896352,47418.10523575077,31787.570414863465,-2432.342457934095,1148.3678385437681,434.35079486312287,13.354140561325057,-6.276615437196662,-12.428893499259559,9.172969118815372,154.7268682061849,8.00660184531342,104269.66948777495,0.028091027813956032,3088.66,-365096.78597645106,173287.48736529905,231.93480330618326
6,83.0,0.963,0.272,4.34,8.5,-101874.6878941097,48563.39942256109,32215.74090564925,-2419.397700983924,1142.2832294542497,422.0232431856753,12.548197167435951,-5.898608460349944,-12.229312042264072,8.963767177913564,154.7263468083113,7.959385635516284,97934.57792540833,0.026698266234119746,3088.66,-365096.78597645106,173287.48736529905,231.93480330618326
6,84.0,0.963,0.272,4.34,8.5,-104287.93723166315,49702.79232760475,32631.68035427753,-2407.2217358114517,1136.5592312950844,409.8853134096967,11.814968952008165,-5.554648353742544,-12.049646755135297,8.753309447722659,154.72586596204528,7.914827870671026,92173.52668195534,0.02541144451103922,3088.66,-365096.78597645106,173287.48736529905,231.93480330618326
6,85.0,0.963,0.272,4.34,8.5,-106689.36534449164,50836.62765382223,33035.568930807785,-2395.745938502089,1131.1637109291162,397.9191203989388,11.14686635761229,-5.241188443047498,-11.8852027087473,8.541647383477871,154.72542150674226,7.872700515965238,86923.77560125568,0.02422128711624328,3088.66,-365096.78597645106,173287.48736529905,231.93480330618326
6,86.0,0.963,0.272,4.34,8.5,-109079.6417648584,51965.21953353618,33427.57051474248,-2384.908837256676,1126.0678835507147,386.10886231038995,10.536505009308687,-4.954759530942803,-11.737661157999588,8.328830934418889,154.72500964447357,7.832799468012874,82130.81250287445,0.023119487389449415,3088.66,-365096.78597645106,173287.48736529905,231.93480330618326
6,87.0,0.963,0.272,4.34,8.5,-111459.37689495969,53088.85441157254,33807.83376079741,-2374.6555322569716,1121.2460430823119,374.44047671306913,9.97833950962516,-4.692775637351625,-11.601884303825818,8.114905888591734,154.72462688995222,7.794942530034658,77747.13101333314,0.022098593547512608,3088.66,-365096.78597645106,173287.48736529905,231.93480330618326
6,88.0,0.963,0.272,4.34,8.5,-113829.13603045025,54207.79761986463,34176.495739851896,-2364.9361308169714,1116.674827919131,362.90122742183394,9.466866038442886,-4.452653020177198,-11.47820332317189,7.899912650905697,154.72427000782722,7.758964201597087,73731.12275424864,0.021151903111839284,3088.66,-365096.78597645106,173287.48736529905,231.93480330618326
6,89.0,0.963,0.272,4.34,8.5,-116189.44713990933,55322.29702867747,34533.68391440007,-2355.704761233726,1112.332759398296,351.4796044035506,8.997453452070806,-4.232224066619627,-11.365365142703183,7.683889096193151,154.72393595386754,7.724712461687938,70046.20598471777,0.020273375727105643,3088.66,-365096.78597645106,173287.48736529905,231.93480330618326
6,90.0,0.963,0.272,4.34,8.5,-118540.72564923116,56432.54771729884,34879.49823013957,-2346.926064516846,1108.2032817418803,340.16675384922286,8.566139000575166,-4.0296338211400355,-11.261855189986107,7.466882742513932,154.7236224006193,7.6920701880650935,66660.67710096306,0.0194576031448814,3088.66,-365096.78597645106,173287.48736529905,231.93480330618326
6,91.0,0.963,0.272,4.34,8.5,-120883.43195605051,57538.76592826072,35214.049186868426,-2338.5614868800076,1104.268343345493,328.9531142083838,8.16927368908213,-3.843172783808225,-11.166962720402687,7.248924260591636,154.72332668585494,7.660909744297732,63545.99136396251,0.018699653759396792,3088.66,-365096.78597645106,173287.48736529905,231.93480330618326
6,92.0,0.963,0.272,4.34,8.5,-123217.96996110672,58641.14142582444,35537.43344222091,-2330.5775901476677,1100.5122881817263,317.83046865990724,7.803701424777144,-3.671363616282474,-11.079586349038655,7.030045559491165,154.72304647192306,7.631120511305948,60677.0254200575,0.01799507891651858,3088.66,-365096.78597645106,173287.48736529905,231.93480330618326
6,93.0,0.963,0.272,4.34,8.5,-125544.7022967726,59739.84463877956,35849.73760753732,-2322.944788942717,1096.9212642727348,306.7916344359013,7.4665765897576275,-3.5128733385093915,-10.999210812759156,6.810278883647248,154.72277966473303,7.6026046913110195,58031.54939477356,0.01733985433875746,3088.66,-365096.78597645106,173287.48736529905,231.93480330618326
6,94.0,0.963,0.272,4.34,8.5,-127863.9659400677,60835.03398770036,36151.04208473735,-2315.6359314803485,1093.4825593550681,295.83006496735703,7.155411964657995,-3.3665372756940073,-10.924963179703834,6.589653709925752,154.7225243073489,7.575272584953034,55589.77530258792,0.01673032918775556,3088.66,-365096.78597645106,173287.48736529905,231.93480330618326
6,95.0,0.963,0.272,4.34,8.5,-130176.07232463805,61926.85593458364,36441.421163543986,-2308.6262047477508,1090.1845562288338,284.93987297778096,6.86796236616119,-3.231304824097201,-10.856307516083513,6.368198492787146,154.72227858545037,7.549042287916964,53334.06265174484,0.01616318887239408,3088.66,-365096.78597645106,173287.48736529905,231.93480330618326
6,96.0,0.963,0.272,4.34,8.5,-132481.30906933235,63015.44579159804,36720.943503011236,-2301.8929041991455,1087.0166251024893,274.1157039896643,6.602207027572944,-3.1062277949755175,-10.792935255449171,6.145939447333021,154.7220408120867,7.523838899906664,51248.65435906537,0.015635421313238213,3088.66,-365096.78597645106,173287.48736529905,231.93480330618326
6,97.0,0.963,0.272,4.34,8.5,-134779.94204619882,64100.928689589564,36989.672669400985,-2295.415240546926,1083.969033028678,263.3527343164856,6.35642285172224,-2.990502666958166,-10.733670904178672,5.922901874312831,154.72180941996044,7.499593895848134,49319.450050412655,0.01514428691314254,3088.66,-365096.78597645106,173287.48736529905,231.93480330618326
6,98.0,0.963,0.272,4.34,8.5,-137072.21719191704,65183.420426221535,37247.66764283595,-2289.174101874887,1081.0328323568208,252.64659277467413,6.128905196764193,-2.883327418030589,-10.679147074766108,5.6991098188163,154.72158295046202,7.476244327650636,47533.807371530216,0.014687291942763466,3088.66,-365096.78597645106,173287.48736529905,231.93480330618326
6,99.0,0.963,0.272,4.34,8.5,-139358.36207908922,66263.0282017663,37494.98321028723,-2283.151897620446,1078.1997880822255,241.99329794902684,5.918296841522745,-2.784069187763969,-10.628064514161917,5.474585749405637,154.72136003703505,7.453732297672105,45880.37329229587,0.014262165060994354,3088.66,-365096.78597645106,173287.48736529905,231.93480330618326
6,100.0,0.963,0.272,4.34,8.5,-141638.59826230514,67339.85643571927,37731.6730401781,-2277.3315603034816,1075.461909898763,231.38906790801013,5.723255134484288,-2.6920981785806934,-10.580512137085018,5.249349201643879,154.72113933724802,7.432001677285841,44348.88993529355,0.013866831976597556,3088.66,-365096.78597645106,173287.48736529905,231.93480330618326
6,101.0,0.963,0.272,4.34,8.5,-143913.11339376,68413.9936198249,37957.7829343304,-2271.6986400200294,1072.8124332397263,220.83073949096178,5.5426230440476605,-2.6068727269879397,-10.536101636961261,5.023421813218985,154.7209197015905,7.4110049852578355,42930.19519484732,0.013499408818298574,3088.66,-365096.78597645106,173287.48736529905,231.93480330618326
6,102.0,0.963,0.272,4.34,8.5,-146182.08316612252,69485.52265211173,38173.356149426225,-2266.239626726134,1070.245033557673,210.31541906175994,5.375351094562925,-2.5279017912425714,-10.494527652639533,4.7968242053945565,154.7207000420732,7.390697864020918,41616.017376784126,0.013158176778614736,3088.66,-365096.78597645106,173287.48736529905,231.93480330618326
6,103.0,0.963,0.272,4.34,8.5,-148445.67448321453,70554.52232951242,38378.43420107933,-2260.9416775357276,1067.753698727558,199.84040400683207,5.220488943543205,-2.454740332787061,-10.455516420394174,4.569575146822744,154.7204793097047,7.371038175768763,40398.87175598248,0.012841566732705034,3088.66,-365096.78597645106,173287.48736529905,231.93480330618326
6,104.0,0.963,0.272,4.34,8.5,-150704.04235841497,71621.06588421093,38573.05614460663,-2255.792818660547,1065.3328235500765,189.4032257941142,5.077175338413749,-2.386984951649683,-10.418846050681609,4.341692411853157,154.7202565140202,7.351986664238168,39271.99353858824,0.01254814775477658,3088.66,-365096.78597645106,173287.48736529905,231.93480330618326
6,105.0,0.963,0.272,4.34,8.5,-152957.3302989543,72685.22116229564,38757.2586932663,-2250.7818919653764,1062.9771847165039,179.00163808456537,4.944630878589116,-2.3242706670333466,-10.384321360391953,4.113192988903728,154.72003072052652,7.333506776102014,38229.265469153834,0.012276615551447184,3088.66,-365096.78597645106,173287.48736529905,231.93480330618326
6,106.0,0.963,0.272,4.34,8.5,-155205.67102348243,73747.05095955887,38931.07641488861,-2245.8984806348126,1060.6819060123933,168.63359748557502,4.822151302726148,-2.2662678088611106,-10.351748281778939,3.8840931322077306,154.71980104576772,7.315564413192122,37265.15275364712,0.012025781978815691,3088.66,-365096.78597645106,173287.48736529905,231.93480330618326
6,107.0,0.963,0.272,4.34,8.5,-157449.18313185105,74806.61143943093,39094.540834857005,-2241.1331645379155,1058.4425778449704,158.29730606816648,4.709101073845288,-2.212678826490953,-10.32094732423952,3.6544092603329172,154.71956668113123,7.2981287641916355,36374.660948199744,0.011794567176753604,3088.66,-365096.78597645106,173287.48736529905,231.93480330618326
6,108.0,0.963,0.272,4.34,8.5,-159687.97758701348,75863.95519559235,39247.68211351347,-2236.4770276072754,1056.2550266231765,147.99111245844892,4.604903856712307,-2.163233909210445,-10.291755821094993,3.424156906621828,154.7193268517613,7.281170686580283,35553.26365327246,0.011581988969102073,3088.66,-365096.78597645106,173287.48736529905,231.93480330618326
6,109.0,0.963,0.272,4.34,8.5,-161922.16787808985,76919.13607140986,39390.53189121547,-2231.9207767141456,1054.114902309388,137.7133476052068,4.509032278154331,-2.1176861169894625,-10.264025316587606,3.1933483945724443,154.7190807397469,7.264659823343542,34796.82172443554,0.011387151798418317,3088.66,-365096.78597645106,173287.48736529905,231.93480330618326
6,110.0,0.963,0.272,4.34,8.5,-164151.8489288409,77972.19916590625,39523.11765121267,-2227.456400711218,1052.0184550078018,127.46263404117849,4.421013416519266,-2.075814038532951,-10.237618815192477,2.961997551486014,154.71882763020835,7.2485700298997005,34101.62394176514,0.011209248060578653,3088.66,-365096.78597645106,173287.48736529905,231.93480330618326
6,111.0,0.963,0.272,4.34,8.5,-166377.10834355754,79023.18615478254,39645.46569248531,-2223.0762981928065,1049.9621266565503,117.23771774057579,4.34041914841363,-2.0374172402951665,-10.21241065827244,2.7301175275163385,154.71856683617298,7.2328765153924355,33464.31228931784,0.011047548090114623,3088.66,-365096.78597645106,173287.48736529905,231.93480330618326
6,112.0,0.963,0.272,4.34,8.5,-168598.0267617674,80072.13545609679,39757.60123644153,-2218.77324043568,1047.9425336751722,107.0374597677674,4.266862394598951,-2.0023145076291966,-10.188283289502474,2.4977208263883486,154.71829769592833,7.217555719505397,32881.85152308779,0.010901394866810157,3088.66,-365096.78597645106,173287.48736529905,231.93480330618326
6,113.0,0.963,0.272,4.34,8.5,-170814.67778287904,81119.08219262982,39859.548423071334,-2214.5403665723825,1045.956464697203,96.86083404529552,4.199993775115222,-1.9703422740680145,-10.165128117752698,2.2648194256415497,154.71801957321162,7.202585294643213,32351.503426385323,0.010770199434583882,3088.66,-365096.78597645106,173287.48736529905,231.93480330618326
6,114.0,0.963,0.272,4.34,8.5,-173027.12829974075,82164.05834795788,39951.330415629185,-2210.3711486667057,1044.0008642189816,86.70691986768077,4.139498590451259,-1.9413532169084098,-10.142843407403618,2.031424802140532,154.71773185456695,7.187943989835604,31870.802621430896,0.010653436694544995,3088.66,-365096.78597645106,173287.48736529905,231.93480330618326
6,115.0,0.963,0.272,4.34,8.5,-175235.43888667406,83207.09294817832,40032.96951360119,-2206.259354762466,1042.072815296419,76.57489391258491,4.085094054259921,-1.9152149513808503,-10.12133412251921,1.7975479275062092,154.71743394650576,7.17361152817623,31437.534944456416,0.010550641666674505,3088.66,-365096.78597645106,173287.48736529905,231.93480330618326
6,116.0,0.963,0.272,4.34,8.5,-177439.66408972302,84248.21219779032,40104.487246687575,-2202.1990178317824,1040.1695250069074,66.4640240590862,4.036526891120385,-1.8918089166649095,-10.100510747642211,1.5631992799430792,154.7171252730372,7.1595685037733965,31049.718433078993,0.010461406215510569,3088.66,-365096.78597645106,173287.48736529905,231.93480330618326
6,117.0,0.963,0.272,4.34,8.5,-179639.85224473718,85287.43939456124,40165.90441105318,-2198.1844268624227,1038.2883202718297,56.373670716345,3.993571291255408,-1.8710294051112375,-10.080288972959998,1.3283890014331805,154.71680527518205,7.145796351173423,30705.587253854592,0.01038537625182116,3088.66,-365096.78597645106,173287.48736529905,231.93480330618326
6,118.0,0.963,0.272,4.34,8.5,-181836.0463608856,86324.7953430758,40217.24124105381,-2194.210071003349,1036.4266217095906,46.30327229618999,3.9560268808721264,-1.8527826282109494,-10.060588403963612,1.0931267015447275,154.71647340611622,7.13227716130215,30403.575681063598,0.010322249140695827,3088.66,-365096.78597645106,173287.48736529905,231.93480330618326
6,119.0,0.963,0.272,4.34,8.5,-184028.28402208633,87360.29830860373,40258.51744663539,-2190.270628112256,1034.5819382663933,36.25234549624652,3.9237171128994017,-1.8369859447550232,-10.041332970486062,0.8574215570062033,154.7161291303812,7.118993642872129,30142.305547643162,0.010271771626879781,3088.66,-365096.78597645106,173287.48736529905,231.93480330618326
6,120.0,0.963,0.272,4.34,8.5,-186216.59752620774,88393.96408225689,40289.7522870834,-2186.3609432491107,1032.7518571528578,26.220482558302997,3.896487822611896,-1.823567204667164,-10.022449282926615,0.6212823372896352,154.71577192188323,7.105929050901364,29920.574792839292,0.01023373804087661,3088.66,-365096.78597645106,173287.48736529905,231.93480330618326
6,121.0,0.963,0.272,4.34,8.5,-188401.01402503464,89425.80604649958,40310.96464692831,-2182.4760064851253,1030.934033445959,16.207348343989477,3.8742059330477,-1.8124641240750599,-10.00386698659375,0.38471741324788317,154.7154012620803,7.093067113025394,29737.347370148338,0.010207988810681416,3088.66,-365096.78597645106,173287.48736529905,231.93480330618326
6,122.0,0.963,0.272,4.34,8.5,-190581.55588241154,90455.83534277289,40322.17312119501,-2178.6109263979843,1029.1261776835472,6.212674743060969,3.8567583148566453,-1.8036237546437002,-9.985517725178742,0.14773468907302714,154.71501663746335,7.080391941881198,29591.74427015996,0.010194409254866218,3088.66,-365096.78597645106,173287.48736529905,231.93480330618326
6,123.0,0.963,0.272,4.34,8.5,-192758.24059428682,91484.06083406207,40323.3960681135,-2174.7609161538694,1027.3260493441264,-3.7637386025215296,3.844050832874,-1.79700205776548,-9.967335257679252,-0.08965833210864248,154.71461753827518,7.067887988586247,29483.03615769403,0.010192928694766587,3088.66,-365096.78597645106,173287.48736529905,231.93480330618326
6,124.0,0.963,0.272,4.34,8.5,-194931.08087353385,92510.4891445832,40314.65167547521,-2170.92127511029,1025.5314482338124,-13.722025704473198,3.8360075249054177,-1.7925635046518253,-9.949254594902543,-0.32745454194496326,154.71420345668892,7.0555399815854445,29410.63689421867,0.010203519819363023,3088.66,-365096.78597645106,173287.48736529905,231.93480330618326
6,125.0,0.963,0.272,4.34,8.5,-197100.08476518703,93535.12471370172,40295.9580292597,-2167.087369839988,1023.7402055998261,-23.66225599360658,3.8325698926899063,-1.7902807282336977,-9.931211320761186,-0.5656472408278133,154.71377388493266,7.043332863661174,29374.098015652653,0.010226198309036727,3088.66,-365096.78597645106,173287.48736529905,231.93480330618326
6,126.0,0.963,0.272,4.34,8.5,-199265.25570944685,94557.96982540008,40267.33317808583,-2163.2546168705194,1021.9501760442386,-33.584435177745924,3.833696305836938,-1.7901342534511229,-9.913141535408752,-0.8042301417322434,154.71332831357975,7.031251734551018,29373.104179528655,0.010261022720445252,3088.66,-365096.78597645106,173287.48736529905,231.93480330618326
6,127.0,0.963,0.272,4.34,8.5,-201426.59258103464,95579.02462667204,40228.79519667315,-2159.4184661363124,1020.1592297745842,-43.488505542706875,3.8393615219755852,-1.792112305772259,-9.894982301814457,-1.0431973714730298,154.71286622977883,7.019281795887426,29407.46948182635,0.01030809462532276,3088.66,-365096.78597645106,173287.48736529905,231.93480330618326
6,128.0,0.963,0.272,4.34,8.5,-203584.08971451336,96598.28713934323,40180.362249354424,-2155.5743848594175,1018.3652450608887,-53.37434582483939,3.8495563155918306,-1.7962106552077837,-9.876671288678763,-1.2825434721519215,154.71238711534193,7.0074082975216045,29477.134580024092,0.010367559000726289,3088.66,-365096.78597645106,173287.48736529905,231.93480330618326
6,129.0,0.963,0.272,4.34,8.5,-205737.73691353257,97615.75326435972,40122.05265354722,-2151.71784142286,1016.5661006837639,-63.2417709056899,3.8642871659186273,-1.8024322831309791,-9.858141697444617,-1.5222634089026101,154.71189044489077,6.995616483804509,29582.164566239437,0.01043960487166403,3088.66,-365096.78597645106,173287.48736529905,231.93480330618326
6,130.0,0.963,0.272,4.34,8.5,-207887.51944433397,98631.41677871333,40053.88494348059,-2147.844290058348,1014.7596687405797,-73.0905314615151,3.883576120375872,-1.8107876199749966,-9.839330777196027,-1.762352586641417,154.71137568452107,6.983891542483797,29722.74757390505,0.010524466208580023,3088.66,-365096.78597645106,173287.48736529905,231.93480330618326
6,131.0,0.963,0.272,4.34,8.5,-210033.4180138706,99645.26932514986,39975.877935817356,-2143.9491552631143,1012.9438073813466,-82.92031215492493,3.907460608564566,-1.8212942166215782,-9.820171210209082,-2.002806842276665,154.7108422891465,6.972218552665677,29899.194050420403,0.010622423082461861,3088.66,-365096.78597645106,173287.48736529905,231.93480330618326
6,132.0,0.963,0.272,4.34,8.5,-212175.40873229172,100657.30039455996,39888.050795869414,-2140.0278163493053,1011.116353538978,-92.73073086028464,3.935993472248714,-1.833976857144769,-9.800595276764902,-2.243622472258248,154.71028970125758,6.9605824331741655,30111.93668436035,0.010733803085936588,3088.66,-365096.78597645106,173287.48736529905,231.93480330618326
6,133.0,0.963,0.272,4.34,8.5,-214313.46306008266,101667.4973011807,39790.423105489615,-2136.075592105765,1009.2751157652061,-102.52133634066125,3.969242979003946,-1.8488675721002392,-9.78053310238297,-2.484796233327133,154.70971734846023,6.948967891172581,30361.530959661584,0.010858983027777238,3088.66,-365096.78597645106,173287.48736529905,231.93480330618326
6,134.0,0.963,0.272,4.34,8.5,-216447.5477397858,102675.84515057219,39683.01493306462,-2132.0877252698615,1007.4178669448443,-112.29160634248129,4.007292953669111,-1.8660056554450126,-9.759912198550987,-2.726325364272193,154.7091246416297,6.937359370119258,30648.656308277295,0.010998390911050426,3088.66,-365096.78597645106,173287.48736529905,231.93480330618326
6,135.0,0.963,0.272,4.34,8.5,-218577.62471222156,103682.32680033417,39565.84690589827,-2128.059366905738,1005.5423369802688,-122.04094485505915,4.050242970209176,-1.8854377985871296,-9.738657526363317,-2.9682075986093643,154.70851097266123,6.9257409972937225,30974.117846168756,0.011152508207359137,3088.66,-365096.78597645106,173287.48736529905,231.93480330618326
6,136.0,0.963,0.272,4.34,8.5,-220703.65106449093,104686.92283569528,39438.94027864908,-2123.9855616809396,1003.6462058929884,-131.76867992934916,4.098208612002602,-1.907218186175638,-9.716690652988865,-3.210441200691423,154.7078757122888,6.914096534261767,31338.848733260053,0.011321872450668555,3088.66,-365096.78597645106,173287.48736529905,231.93480330618326
6,137.0,0.963,0.272,4.34,8.5,-222825.5789329425,105689.61152401479,39302.31700659929,-2119.861232253277,1001.7270965061374,-141.47406053275614,4.151321819899124,-1.9314086682888918,-9.693929766363869,-3.4530249907048867,154.70721820777322,6.902409324282824,31743.913062994674,0.011507080156918514,3088.66,-365096.78597645106,173287.48736529905,231.93480330618326
6,138.0,0.963,0.272,4.34,8.5,-224943.35500008508,106690.3685791627,39155.99988256788,-2115.681153727984,999.7825624743222,-151.15624686673664,4.209731185644376,-1.958078905223019,-9.670288643592386,-3.6959582391051438,154.70653777960024,6.8906622062719975,32190.50876092355,0.011708790007082859,3088.66,-365096.78597645106,173287.48736529905,231.93480330618326
6,139.0,0.963,0.272,4.34,8.5,-227056.92086641327,107689.16733551076,39000.01255297837,-2111.4399490595024,997.8100861272143,-160.814314329265,4.273602538430815,-1.9873066250098763,-9.645677011088294,-3.9392408727950303,154.70583371989417,6.878837498860186,32679.97212269235,0.011927726566157405,3088.66,-365096.78597645106,173287.48736529905,231.93480330618326
6,140.0,0.963,0.272,4.34,8.5,-229166.21266590492,108685.97856782384,38834.37963453936,-2107.1320664949594,995.8070679001552,-170.447245307276,4.343119359950154,-2.0191778447787514,-9.61999912635365,-4.182873425030291,154.70510528909028,6.866916924189353,33213.78197278484,0.01216468426461364,3088.66,-365096.78597645106,173287.48736529905,231.93480330618326
6,141.0,0.963,0.272,4.34,8.5,-231271.16085729317,109680.77039342979,38659.12681443211,-2102.75176104358,993.7708176456373,-180.05392353934127,4.418483415253993,-2.0537871367411147,-9.59315420542774,-4.426857056073671,154.7043517129276,6.854881544983072,33793.56452360921,0.012420531824685806,3088.66,-365096.78597645106,173287.48736529905,231.93480330618326
6,142.0,0.963,0.272,4.34,8.5,-233371.69005890586,110673.50819477692,38474.280946480816,-2098.293076789596,991.6985463408815,-189.6331289056865,4.4999153196398165,-2.0912379224816586,-9.56503509144697,-4.671193596731793,154.70357217933343,6.842711704316232,34421.09878737597,0.012696217146059313,3088.66,-365096.78597645106,173287.48736529905,231.93480330618326
6,143.0,0.963,0.272,4.34,8.5,-235467.71881932972,111664.15451193352,38279.87015919817,-2093.7498274605014,989.5873569795866,-199.18353104044422,4.587655250632639,-2.1316427918212146,-9.535528231660567,-4.915885581134208,154.7027658349337,6.8303869593672975,35098.322378129546,0.012992772661061434,3088.66,-365096.78597645106,173287.48736529905,231.93480330618326
6,144.0,0.963,0.272,4.34,8.5,-237559.15937666828,112652.6689297339,38075.923969547446,-2089.1155765222243,987.4342352366517,-208.7036824359751,4.681963650117229,-2.1751238350494115,-9.504512851958404,-5.160936283650775,154.70193178143873,6.817886013366333,35827.3377434092,0.013311321203313551,3088.66,-365096.78597645106,173287.48736529905,231.93480330618326
6,145.0,0.963,0.272,4.34,8.5,-239645.91739908268,113639.00795614642,37862.4734036262,-2084.383616558704,985.2360397986827,-218.19201096042778,4.783121987362788,-2.2218130058185506,-9.471860397801903,-5.40634975929932,154.7010690717176,6.805186644927012,36610.41878386326,0.013653082426749305,3088.66,-365096.78597645106,173287.48736529905,231.93480330618326
6,146.0,0.963,0.272,4.34,8.5,-241727.89170295812,114623.12489014934,37639.55112531857,-2079.546947838898,982.9894923125702,-227.64681176553157,4.891433554983837,-2.271852493546587,-9.437433874803375,-5.652130888233924,154.70017670557903,6.792265634421743,37450.01781578183,0.014019379815268315,3088.66,-365096.78597645106,173287.48736529905,231.93480330618326
6,147.0,0.963,0.272,4.34,8.5,-243804.9739495406,115604.96967950887,37407.191573345015,-2074.598256082791,980.6911669562818,-237.06623851672708,5.007224290840776,-2.3253951097643792,-9.401087138860632,-5.898285423618782,154.69925362526084,6.779098687397365,38348.772827711204,0.014411648327592612,3088.66,-365096.78597645106,173287.48736529905,231.93480330618326
6,148.0,0.963,0.272,4.34,8.5,-245877.04831895852,116584.48876794822,37165.43110744462,-2069.529889401468,978.3374796209156,-246.44829387202523,5.130843629851519,-2.3826046900525886,-9.362664270497824,-6.144820042172849,154.69829871057956,6.765660354906445,39309.514968021234,0.014831442724920645,3088.66,-365096.78597645106,173287.48736529905,231.93480330618326
6,149.0,0.963,0.272,4.34,8.5,-247943.99116071098,117561.62493127688,36914.30816441356,-2064.333834371909,975.9246766857942,-255.79081928035362,5.262665333985388,-2.4436564806096928,-9.321998570870218,-6.391742400346827,154.69731077369784,6.75192395062386,40335.276185905,0.015280446632563406,3088.66,-365096.78597645106,173287.48736529905,231.93480330618326
6,150.0,0.963,0.272,4.34,8.5,-250005.67061982508,118536.3171021033,36653.86342476131,-2059.0016912743367,973.4488233988495,-265.09148398482245,5.403088378481195,-2.5087375660827296,-9.27891220414911,-6.6390611943998366,154.69628855349183,6.737861464779969,41429.296932855934,0.015760482390327346,3088.66,-365096.78597645106,173287.48736529905,231.93480330618326
6,151.0,0.963,0.272,4.34,8.5,-252061.946237826,119508.50018272777,36384.139990744654,-2053.52464848845,970.9057918609933,-274.34777319707683,5.552537734929801,-2.578047227628769,-9.233214871210768,-6.886786224755437,154.69523070946732,6.723443474860046,42595.033810582965,0.016273521750090163,3088.66,-365096.78597645106,173287.48736529905,231.93480330618326
6,152.0,0.963,0.272,4.34,8.5,-254112.6685276914,120478.10484582513,36105.1835766534,-2047.893456069678,968.2912486222477,-283.5569754631779,5.71146519457218,-2.6517973372801475,-9.18470330463482,-7.134928466350254,154.69413581522707,6.708639053114626,43836.167028052434,0.01682169748246406,3088.66,-365096.78597645106,173287.48736529905,231.93480330618326
6,153.0,0.963,0.272,4.34,8.5,-256157.67852200108,121445.05732254451,35817.042712170805,-2042.0983985751443,965.6006419249021,-292.71616912673846,5.880350087923861,-2.7302126977486885,-9.133160268173919,-7.383500143713172,154.69300235138462,6.693415671047806,45156.60750435014,0.017407315958099124,3088.66,-365096.78597645106,173287.48736529905,231.93480330618326
6,154.0,0.963,0.272,4.34,8.5,-258196.80729355663,122409.27917768295,35519.76895970754,-2036.1292671918895,962.8291886157546,-301.8222079045417,6.05969992372256,-2.813531344840987,-9.078353595735265,-7.632514812304993,154.69182869792914,6.677739101023052,46560.50342114867,0.018032870772448164,3088.66,-365096.78597645106,173287.48736529905,231.93480330618326
6,155.0,0.963,0.272,4.34,8.5,-260229.8754478263,123370.6870716279,35213.41714662309,-2029.9753312772534,959.9718607793473,-310.87170554899194,6.250050931118776,-2.9020048045988123,-9.020035374483875,-7.881987446450505,154.6906131259768,6.661573315300188,48052.2459935019,0.018701057485922937,3088.66,-365096.78597645106,173287.48736529905,231.93480330618326
6,156.0,0.963,0.272,4.34,8.5,-262256.6925866907,124329.19250881865,34898.045613254515,-2023.6253094473325,957.0233721555074,-319.86101955096734,6.451968428313473,-2.9958982707360455,-8.95794093084666,-8.131934533556878,154.68935378885817,6.644880382888566,49636.474186045285,0.019414789554118166,3088.66,-365096.78597645106,173287.48736529905,231.93480330618326
6,157.0,0.963,0.272,4.34,8.5,-264277.0567431284,125284.70157255382,34573.7164777183,-2017.0673403873209,953.9781644220174,-328.7862338783496,6.666047045052242,-3.0954907112825425,-8.891788174207033,-8.38237417516477,154.6880487124915,6.627620364735417,51318.07805471554,0.02017721552490002,3088.66,-365096.78597645106,173287.48736529905,231.93480330618326
6,158.0,0.963,0.272,4.34,8.5,-266290.7537867383,126237.11464609152,34240.49591832976,-2010.2889534438964,950.8303933716797,-337.6431409352455,6.892910187265309,-3.201074650473749,-8.821273233789919,-8.633326200577622,154.68669578493234,6.609751207487524,53102.20033512127,0.020991737580944015,3088.66,-365096.78597645106,173287.48736529905,231.93480330618326
6,159.0,0.963,0.272,4.34,8.5,-268297.5566228288,127186.32603695158,33898.45453711097,-2003.2770313698145,947.5739113957002,-346.42721768302755,7.133210655644872,-3.3129563989806132,-8.746077532450563,-8.884812200154837,154.6852927445068,6.591228609030134,54994.23497453714,0.021862031344344356,3088.66,-365096.78597645106,173287.48736529905,231.93480330618326
6,160.0,0.963,0.272,4.34,8.5,-270297.22481755965,128132.22380084754,33547.66758525862,-1996.0177953148805,944.2022604163584,-355.1336141581447,7.387628595889826,-3.431455184917654,-8.665856136317759,-9.136855811161512,154.68383716853916,6.5720059604328105,56999.82516276751,0.022792067569003756,3088.66,-365096.78597645106,173287.48736529905,231.93480330618326
6,161.0,0.963,0.272,4.34,8.5,-272289.5040801989,129074.68949860745,33188.21524597982,-1988.496785754576,940.7086628807965,-363.7571349619376,7.656878109037625,-3.556905873752192,-8.580287725836897,-9.389482871285624,154.6823264613349,6.552034271489571,59124.85783384264,0.02378613536784839,3088.66,-365096.78597645106,173287.48736529905,231.93480330618326
6,162.0,0.963,0.272,4.34,8.5,-274274.1251323145,130013.59766572175,32820.183138992346,-1980.698813077694,937.0859985374144,-372.2922077301009,7.941679668442994,-3.689647315738125,-8.488904492377332,-9.642721415899102,154.6807578376274,6.531261992342718,61375.45102956375,0.024848866547346284,3088.66,-365096.78597645106,173287.48736529905,231.93480330618326
6,163.0,0.963,0.272,4.34,8.5,-276250.8031044728,130948.81552897693,32443.662666947203,-1972.6079420225592,933.3267970228056,-380.73285923927415,8.24280352289271,-3.8300404435888447,-8.391390986651029,-9.896601756545595,154.67912830920093,6.509634946153029,63757.9395039113,0.025985262111887068,3088.66,-365096.78597645106,173287.48736529905,231.93480330618326
6,164.0,0.963,0.272,4.34,8.5,-278219.2368515651,131880.2026848618,32058.751395118154,-1964.207473233272,929.4232291774103,-389.0726974071769,8.561015444025125,-3.9784456158734556,-8.287251369590948,-10.151156754124703,154.67743466773214,6.487096254915785,66278.85466820172,0.027200720535479648,3088.66,-365096.78597645106,173287.48736529905,231.93480330618326
6,165.0,0.963,0.272,4.34,8.5,-280179.0894672456,132807.60200690702,31665.559672351344,-1955.4789346127584,925.3666342865137,-397.3045294091895,8.89708983128557,-4.13522628101112,-8.176022172263739,-10.406417951741808,154.6756733578686,6.463582911227728,68944.77559816316,0.028501046829905417,3088.66,-365096.78597645106,173287.48736529905,231.93480330618326
6,166.0,0.963,0.272,4.34,8.5,-282130.04451566114,133730.86587221775,31264.192318287238,-1946.4051720819184,921.1489684383159,-405.421479334022,9.251858842416324,-4.300773162964303,-8.057298272325623,-10.662429083380932,154.67384079543564,6.439036226553007,71762.66272999463,0.02989254592982899,3088.66,-365096.78597645106,173287.48736529905,231.93480330618326
6,167.0,0.963,0.272,4.34,8.5,-284071.76574358164,134649.83737521345,30854.761846232825,-1936.968026333793,916.7617158333427,-413.41615884317696,9.626142026826939,-4.4754715587480325,-7.930536093227643,-10.919236952199787,154.67193309712295,6.41339398230895,74739.5757017697,0.031382019330484595,3088.66,-365096.78597645106,173287.48736529905,231.93480330618326
6,168.0,0.963,0.272,4.34,8.5,-286003.85614005825,135564.33121490106,30437.402550610946,-1927.146342058052,912.1949550488512,-421.2797743353829,10.020728447460804,-4.659692450713196,-7.795223698232581,-11.176880496326515,154.66994584632286,6.386583575654154,77882.32863375604,0.032976748044934126,3088.66,-365096.78597645106,173287.48736529905,231.93480330618326
6,169.0,0.963,0.272,4.34,8.5,-287925.92296226084,136474.16402978066,30012.249167289512,-1916.9195292059462,907.4390285550937,-429.003562020273,10.43641932592389,-4.853812638195753,-7.650826029151787,-11.435409487475733,154.6678744467148,6.358534149088923,81197.88101919222,0.034684606934763135,3088.66,-365096.78597645106,173287.48736529905,231.93480330618326
6,170.0,0.963,0.272,4.34,8.5,-289837.5515377773,137379.142174551,29579.445783816882,-1906.2661528873057,902.4838814515225,-436.5781714528644,10.87399311253949,-5.058198462243735,-7.496776942685863,-11.694876933879762,154.6657139470518,6.329171750714656,84693.08869810744,0.036514075316421084,3088.66,-365096.78597645106,173287.48736529905,231.93480330618326
6,171.0,0.963,0.272,4.34,8.5,-291738.3042241354,138279.0612311288,29139.146498137547,-1895.1639498706584,897.3190691102701,-443.9936737088126,11.334198256975169,-5.273202258425317,-7.332507970992389,-11.95534011503326,154.66345901052853,6.298419381396206,88374.61189959823,0.03847427699693155,3088.66,-365096.78597645106,173287.48736529905,231.93480330618326
6,172.0,0.963,0.272,4.34,8.5,-293627.720724522,139173.7061526514,28691.515643213916,-1883.5899344387833,891.9338065203865,-451.23954473358,11.817735304143321,-5.499154211284503,-7.157422747336912,-12.216860453677686,154.66110389535038,6.266197311098148,92248.81933515456,0.040575023696550465,3088.66,-365096.78597645106,173287.48736529905,231.93480330618326
6,173.0,0.963,0.272,4.34,8.5,-295505.31745022914,140062.85096280044,28236.7283532027,-1871.520445989084,886.316990596241,-458.3046807096333,12.325247308535136,-5.736357614317853,-6.970931746261159,-12.47950455937555,154.65864241821532,6.232423229066571,96321.66824124778,0.042826858452200876,3088.66,-365096.78597645106,173287.48736529905,231.93480330618326
6,174.0,0.963,0.272,4.34,8.5,-297370.5868485899,140946.258438906,27774.9711706042,-1858.9312237111112,880.4572347463725,-465.177365924657,12.857295781538602,-5.9850778787079575,-6.772425045947081,-12.743343870508127,154.65606792730185,6.197012449708986,100598.56675781857,0.04524109975032417,3088.66,-365096.78597645106,173287.48736529905,231.93480330618326
6,175.0,0.963,0.272,4.34,8.5,-299222.99684239883,141823.67984707697,27306.44264263594,-1845.797487899491,874.3429070460598,-471.845295049574,13.414348165698412,-6.24553634272968,-6.561314946721306,-13.008455678047673,154.65337325906103,6.159878173024344,105084.21785338692,0.04782988620266661,3088.66,-365096.78597645106,173287.48736529905,231.93480330618326
6,176.0,0.963,0.272,4.34,8.5,-301061.99035498407,142694.85471719896,26831.35393410612,-1832.0940541528726,867.9621833349285,-478.2955593053666,13.996747071855035,-6.517896272360915,-6.3370019524067756,-13.274922972044928,154.65055070616242,6.120931825010994,109782.44425871455,0.05060622111145658,3088.66,-365096.78597645106,173287.48736529905,231.93480330618326
6,177.0,0.963,0.272,4.34,8.5,-302886.9849771763,143559.51068427635,26349.929407165,-1817.7954626522617,861.3031076975144,-484.5146725318824,14.604692959252722,-6.8022543973852345,-6.098917888585998,-13.54283521172873,154.64759197406428,6.080083470915281,114695.99415817649,0.05358401656624177,3088.66,-365096.78597645106,173287.48736529905,231.93480330618326
6,178.0,0.963,0.272,4.34,8.5,-304697.3727712192,144417.3633937262,25862.407189903948,-1802.8761380347025,854.3536671311787,-490.48858835087594,15.238213471298238,-7.098626723070862,-5.846517287633322,-13.812288608532532,154.64448813959757,6.037242318606706,119826.3278315284,0.05677813622897981,3088.66,-365096.78597645106,173287.48736529905,231.93480330618326
6,179.0,0.963,0.272,4.34,8.5,-306492.52024314954,145268.11648538389,25369.039722181653,-1787.3105747900345,847.1018782172517,-496.20273511958146,15.897135686245823,-7.406935487017331,-5.579294222749897,-14.083386640544859,154.64122960588668,5.992317313658284,125173.38594689031,0.06020443599406529,3088.66,-365096.78597645106,173287.48736529905,231.93480330618326
6,180.0,0.963,0.272,4.34,8.5,-308271.7685180095,146111.4616723494,24870.09425953819,-1771.0735531136272,839.5358880558662,-501.6420612290743,16.581053729789062,-7.726994035102038,-5.296788058065231,-14.356240542517812,154.6378060554089,5.945217836940454,130735.34147394687,0.06387980163366345,3088.66,-365096.78597645106,173287.48736529905,231.93480330618326
6,181.0,0.963,0.272,4.34,8.5,-310034.433746655,146947.07892815213,24365.85332470065,-1754.140385748607,831.6440897330334,-506.7910942259195,17.28928837303387,-8.058488188298057,-4.998564206771047,-14.630969832707601,154.63420640075873,5.89585450890936,136508.33786248675,0.06782218235535356,3088.66,-365096.78597645106,173287.48736529905,231.93480330618326
6,182.0,0.963,0.272,4.34,8.5,-311779.8077734915,147774.6367959449,23856.615098517024,-1736.4871967060633,823.4152526345642,-511.6340023455162,18.020901816722596,-8.40098132333103,-4.684430119123102,-14.907702522016926,154.63041873604953,5.844140094772123,142486.2167748141,0.07205061903344057,3088.66,-365096.78597645106,173287.48736529905,231.93480330618326
6,183.0,0.963,0.272,4.34,8.5,-313507.1591083335,148593.79284013473,23342.693712968357,-1718.0912428468528,814.8386733241783,-516.1547316001579,18.77458100266939,-8.753862913031945,-4.354101193670195,-15.186576911331974,154.6264302755379,5.789990600874381,148660.24526259064,0.076585265981734,3088.66,-365096.78597645106,173287.48736529905,231.93480330618326
6,184.0,0.963,0.272,4.34,8.5,-315215.7342251156,149404.19425096206,22824.419452242048,-1698.931255623142,805.9043350710721,-520.337055013253,19.548731778671236,-9.116387695870863,-4.007737083905253,-15.467740594443423,154.62222731077964,5.733326367320413,155018.83962171138,0.08144740468967471,3088.66,-365096.78597645106,173287.48736529905,231.93480330618326
6,185.0,0.963,0.272,4.34,8.5,-316904.7592155578,150205.47861528146,22302.13884095586,-1678.9878040465724,796.6030780536701,-524.1647216736872,20.34117949282064,-9.48754558302375,-3.6448952060163053,-15.75135181942004,154.61779514600346,5.674073302072125,161547.30045154408,0.08665944802470443,3088.66,-365096.78597645106,173287.48736529905,231.93480330618326
6,186.0,0.963,0.272,4.34,8.5,-318573.4418415317,150997.2748738364,21776.214614036602,-1658.2437246209738,786.9268006186172,-527.6216067857495,21.149538767850373,-9.866219812746598,-3.26612324913543,-16.03758005618725,154.61311804816816,5.61216432617271,168227.57351433742,0.09224493317372782,3088.66,-365096.78597645106,173287.48736529905,231.93480330618326
6,187.0,0.963,0.272,4.34,8.5,-320220.97401104565,151779.2044773827,21247.02549189781,-1636.6845469701514,776.8686589647886,-530.691884588005,21.970854841904146,-10.251031495550315,-2.8716565190371894,-16.326606935890858,154.60817918082745,5.547540824525808,175038.03884090937,0.09822850231495482,3088.66,-365096.78597645106,173287.48736529905,231.93480330618326
6,188.0,0.963,0.272,4.34,8.5,-321846.5346985662,152550.88275093507,20714.965793703384,-1614.2989518431557,766.4232818164634,-533.3602239409997,22.801873601389847,-10.640455275086401,-2.4625288903249247,-16.618627220495732,154.60296054607696,5.48015421702365,181953.34680211928,0.10463586900457043,3088.66,-365096.78597645106,173287.48736529905,231.93480330618326
6,189.0,0.963,0.272,4.34,8.5,-323449.2933211117,153311.9204714745,20180.444871811625,-1591.0792237602168,755.586981685068,-535.611896829544,23.63852600507489,-11.032596700996567,-2.038728106286628,-16.913846860035463,154.5974429517267,5.409967438591533,188944.30256489053,0.11149376873165669,3088.66,-365096.78597645106,173287.48736529905,231.93480330618326
6,190.0,0.963,0.272,4.34,8.5,-325028.4135926606,154061.92566990532,19643.88633628361,-1567.0217434647022,744.3579876728411,-537.4331826156515,24.476660482045865,-11.425507834966583,-1.601892642009239,-17.212488933508606,154.59160590395354,5.336956796018053,195977.8463311178,0.11882989244133983,3088.66,-365096.78597645106,173287.48736529905,231.93480330618326
6,191.0,0.963,0.272,4.34,8.5,-326583.05784243566,154800.50565100805,19105.72701459345,-1542.1274445203849,732.7366576204208,-538.8113926572842,25.311416207136112,-11.8169174380392,-1.1530016585005987,-17.514788281684744,154.58542761043878,5.261113389970523,203017.09337011006,0.1266728025300712,3088.66,-365096.78597645106,173287.48736529905,231.93480330618326
6,192.0,0.963,0.272,4.34,8.5,-328112.3917957353,155527.2692298471,18566.415734040802,-1516.4022565811902,720.7256875332918,-539.735246343559,26.137470963679394,-12.204337203099097,-0.6932175297656415,-17.820996170384383,154.57888488598516,5.1824447992364115,210021.49385092815,0.13505182921542505,3088.66,-365096.78597645106,173287.48736529905,231.93480330618326
6,193.0,0.963,0.272,4.34,8.5,-329615.58979636856,156241.82917589668,18026.411821088433,-1489.8575547959103,708.3303223534516,-540.1951013228783,26.949448678581835,-12.585243291136,-0.2251259012437666,-18.13138008642364,154.57195311542964,5.100976662378213,216947.10723269338,0.1439969481894324,3088.66,-365096.78597645106,173287.48736529905,231.93480330618326
6,194.0,0.963,0.272,4.34,8.5,-331091.8404230128,156943.80484259984,17486.18330426521,-1462.5105000575443,695.5585159541524,-540.1832041814945,27.741226075745452,-12.956773236462512,0.24981548221542316,-18.44622477557216,154.56460619919474,5.016753942277926,223746.98587596155,0.15353864013525864,3088.66,-365096.78597645106,173287.48736529905,231.93480330618326
6,195.0,0.963,0.272,4.34,8.5,-332540.3524478927,157632.8249572568,16946.204951104755,-1434.3843654993302,682.4210844007198,-539.6938852993325,28.50662420877755,-13.316031104339139,0.7291627812990492,-18.765831129719885,154.55681652463002,4.929842099139669,230371.69064013308,0.16370773074826275,3088.66,-365096.78597645106,173287.48736529905,231.93480330618326
6,196.0,0.963,0.272,4.34,8.5,-333960.3610692489,158308.53054033354,16406.956016082426,-1405.508764269941,668.9318139605857,-538.7238545890449,29.239010023064726,-13.659914802530494,1.2110959142325555,-19.090518842567096,154.54855490828433,4.840328056991542,236769.93871618592,0.17453521472582656,3088.66,-365096.78597645106,173287.48736529905,231.93480330618326
6,197.0,0.963,0.272,4.34,8.5,-335351.13433475,158970.57791440084,15868.917847928433,-1375.9198053406456,655.107533941556,-537.2722909972298,29.932114781088583,-13.985479373021146,1.6921333926423172,-19.420622746196486,154.53979059772215,4.748320756749348,242889.3599051459,0.18605206331476493,3088.66,-365096.78597645106,173287.48736529905,231.93480330618326
6,198.0,0.963,0.272,4.34,8.5,-336711.9796569836,159618.64175820662,15332.571153119285,-1345.6601172011005,640.9681310008275,-535.341316566877,30.579532333801396,-14.289719271961166,2.1691755844138605,-19.75650298940779,154.5304911621991,4.653951683936461,248677.39850728068,0.1982890227558179,3088.66,-365096.78597645106,173287.48736529905,231.93480330618326
6,199.0,0.963,0.272,4.34,8.5,-338042.25030133536,160252.4181480167,14798.393193889966,-1314.7787577775616,626.5365044019197,-532.9356810603937,31.17439809673835,-14.569428550560584,2.6408025207369774,-20.09853005697342,154.52062258407742,4.557374279530859,254082.22831712605,0.21127640237700754,3088.66,-365096.78597645106,173287.48736529905,231.93480330618326
6,200.0,0.963,0.272,4.34,8.5,-339341.35173724336,160871.62753554445,14266.854904897657,-1283.3310366740216,611.8384872418601,-530.0633504850936,31.71105080142304,-14.821940358427074,3.1026829263711524,-20.44710082410661,154.51014912785973,4.458763980749239,259053.83932363873,0.22504385693467838,3088.66,-365096.78597645106,173287.48736529905,231.93480330618326
6,201.0,0.963,0.272,4.34,8.5,-340608.74771970906,161476.01760153758,13738.417777640592,-1251.378160603072,596.9026790387886,-526.7352593167325,32.18385690484046,-15.044609602746661,3.55163515773508,-20.80262864524116,154.49903340135523,4.358316899189347,263545.06612915336,0.23962017289523171,3088.66,-365096.78597645106,173287.48736529905,231.93480330618326
6,202.0,0.963,0.272,4.34,8.5,-341843.96595209977,162065.36591349856,13213.530826438666,-1218.9867422120983,581.7602173109173,-522.9653752813905,32.587328205148545,-15.234867211801493,3.985614855768285,-21.16554568560101,154.4872363152989,4.256248397591364,267512.6427467934,0.2550330576171946,3088.66,-365096.78597645106,173287.48736529905,231.93480330618326
6,203.0,0.963,0.272,4.34,8.5,-343046.60323256336,162639.48234210143,12692.627623399945,-1186.228244971,566.4445182498519,-518.7706515940158,32.917208378157454,-15.390707007591164,4.401002969157319,-21.53630234384409,154.4747170985483,4.152791365753903,270918.22978157277,0.2713089376618471,3088.66,-365096.78597645106,173287.48736529905,231.93480330618326
6,204.0,0.963,0.272,4.34,8.5,-344216.3299282536,163198.21116440545,12176.123299266654,-1153.1782289856176,550.9909247679909,-514.1709730029569,33.169677259354415,-15.510334151584397,4.795273193966246,-21.91536981731377,154.4614332629088,4.048193897863221,273729.3391261083,0.28847277649655534,3088.66,-365096.78597645106,173287.48736529905,231.93480330618326
6,205.0,0.963,0.272,4.34,8.5,-345352.89368588256,163741.4328093581,11664.41178802676,-1119.915552639203,535.4363323355809,-509.1888648585785,33.342103941008766,-15.592501203882232,5.165029373779672,-22.303234897611635,154.44734064379574,3.942716588014732,275920.12799480563,0.3065479104653956,3088.66,-365096.78597645106,173287.48736529905,231.93480330618326
6,206.0,0.963,0.272,4.34,8.5,-346456.1222737435,164269.06519847867,11157.863079428716,-1086.52143212707,519.8187506971396,-503.84947703212976,33.43123545680252,-15.63568598321879,5.50874758134882,-22.700408309019206,154.43239331476738,3.8366297096647832,277472.065825396,0.3255559176992103,3088.66,-365096.78597645106,173287.48736529905,231.93480330618326
6,207.0,0.963,0.272,4.34,8.5,-347525.9567925653,164781.07929931494,10656.810983836127,-1053.1971566523264,504.23248094937185,-498.2354304186516,33.10689416704086,-15.485095887697089,5.668326368297895,-23.107391631521303,154.41659629227004,3.7306278750664505,278437.08787717926,0.34551691907476295,3088.66,-365096.78597645106,173287.48736529905,231.93480330618326
6,208.0,0.963,0.272,4.34,8.5,-348562.69821882015,165277.61476111383,10161.423660282047,-1020.3468327528433,488.86693002798546,-492.5309151379065,32.590275979155216,-15.244374854447116,5.738968090815956,-23.524608991780912,154.40006212034777,3.6261279087908056,278997.9431708861,0.36645517594472155,3088.66,-365096.78597645106,173287.48736529905,231.93480330618326
6,209.0,0.963,0.272,4.34,8.5,-349566.8366318844,165758.89992453376,9671.77131779121,-988.0266406998093,473.7484394162744,-486.76240532891177,32.04499658256659,-14.990208643854798,5.795316491509034,-23.95241329575168,154.38276939490063,3.5233260375367714,279174.7699185716,0.38839765378776414,3088.66,-365096.78597645106,173287.48736529905,231.93480330618326
6,210.0,0.963,0.272,4.34,8.5,-350538.93478552904,166225.1970938414,9187.913678336296,-956.2653001883044,458.89048373466113,-480.9445129210234,31.47351956919643,-14.72374771785021,5.837303166818848,-24.391157253078497,154.36468513946406,3.4223227394510536,278977.56496636017,0.41137079012053673,3088.66,-365096.78597645106,173287.48736529905,231.93480330618326
6,211.0,0.963,0.272,4.34,8.5,-351479.56260757655,166676.77200771263,8709.893094011044,-925.0879264025102,444.3048515706805,-475.0909733563435,30.87747472653285,-14.445753895083413,5.86708815640848,-24.84119426286733,154.3457746015662,3.323206642901321,278418.33508827625,0.4354008122943181,3088.66,-365096.78597645106,173287.48736529905,231.93480330618326
6,212.0,0.963,0.272,4.34,8.5,-352389.3144563237,167113.90187375617,8237.738337781731,-894.5172063624881,430.00219717289633,-469.21511354986586,30.26044205401378,-14.157899738608533,5.882454968504123,-25.302874625675983,154.32600174023645,3.2260585928438257,277511.4268291255,0.46051360588378554,3088.66,-365096.78597645106,173287.48736529905,231.93480330618326
6,213.0,0.963,0.272,4.34,8.5,-353268.80733174254,167536.87453072236,7771.465199974237,-864.5733813277809,415.9920315565913,-463.3298545880421,29.62420747127462,-13.861020649075597,5.885752334188916,-25.776546140095775,154.3053292208095,3.130951620917186,276273.31957887294,0.48673472316338084,3088.66,-365096.78597645106,173287.48736529905,231.93480330618326
6,214.0,0.963,0.272,4.34,8.5,-354118.67721974506,167945.98674139407,7311.076880674298,-835.2741183688624,402.28266219431083,-457.4475315773236,28.971710776179126,-13.556490968310735,5.876744810459419,-26.262549045732793,154.28371829184147,3.0379503618919466,274722.2975769903,0.5140894132336606,3088.66,-365096.78597645106,173287.48736529905,231.93480330618326
6,215.0,0.963,0.272,4.34,8.5,-354939.57642494875,168341.54294555506,6856.564490970978,-806.6344689316329,388.881173346545,-451.57995103410815,28.30545121676522,-13.245479813495333,5.85630729529881,-26.761220613526973,154.26112868145125,2.94711102660414,272878.1829510738,0.5426026585285493,3088.66,-365096.78597645106,173287.48736529905,231.93480330618326
6,216.0,0.963,0.272,4.34,8.5,-355732.1710091567,168723.854061809,6407.907686920241,-778.6669011482304,375.79344076767757,-445.7382106265907,27.628029371225033,-12.929203853099681,5.82508036713355,-27.27288646152307,154.23751852416135,2.858481284564507,270762.0278784902,0.5722992139299536,3088.66,-365096.78597645106,173287.48736529905,231.93480330618326
6,217.0,0.963,0.272,4.34,8.5,-356497.1382220643,169093.23628549487,5965.075379275816,-751.3813272779764,363.0241442879243,-439.93269866229554,26.941979944640764,-12.608849245513639,5.783787031726211,-27.797860680919584,154.21284424800777,2.772100358279547,268395.8279799992,0.6032036492739369,3088.66,-365096.78597645106,173287.48736529905,231.93480330618326
6,218.0,0.963,0.272,4.34,8.5,-357235.16397300333,169450.00990549673,5528.02651772119,-724.7851664160439,350.5767966700789,-434.17282302389077,26.24941406737943,-12.285404627581697,5.733885735280791,-28.336430455528554,154.1870604737932,2.687998845442729,265802.1720158591,0.6353403929115525,3088.66,-365096.78597645106,173287.48736529905,231.93480330618326
6,219.0,0.963,0.272,4.34,8.5,-357946.94037518714,169794.49815480583,5096.710796648017,-698.8834087735818,338.453774278585,-428.46795597603574,25.55357220576868,-11.9603859291973,5.674402282230659,-28.888907430125645,154.16011981428395,2.6062002350990787,263004.225997459,0.6687337856224107,3088.66,-365096.78597645106,173287.48736529905,231.93480330618326
6,220.0,0.963,0.272,4.34,8.5,-358633.16336565436,170127.02609642298,4671.069194560727,-673.6787513785729,326.65637901322845,-422.82586100051185,24.855675714294147,-11.634366597011518,5.608213896334097,-29.455539045521803,154.13197285120427,2.5267191293930393,260025.07912271848,0.7034081533208241,3088.66,-365096.78597645106,173287.48736529905,231.93480330618326
6,221.0,0.963,0.272,4.34,8.5,-359294.53047582397,170447.91957878775,4251.035365844864,-649.171687700847,315.18488077987655,-417.253614182702,24.158525424163667,-11.308657606824614,5.534762467738298,-30.036556097637312,154.10256790885646,2.449562765027606,256887.71410673246,0.7393878130045277,3088.66,-365096.78597645106,173287.48736529905,231.93480330618326
6,222.0,0.963,0.272,4.34,8.5,-359931.73868545564,170757.50423096222,3836.535932063072,-625.3606445343935,304.03858188953296,-411.75815109627035,23.464051634189957,-10.984163414860527,5.455028790988235,-30.632203881121956,154.07185085050844,2.374732245700149,253614.99130465285,0.7766971649888396,3088.66,-365096.78597645106,173287.48736529905,231.93480330618326
6,223.0,0.963,0.272,4.34,8.5,-360545.4824132737,171056.10452123193,3427.4912566111825,-602.2421056363831,293.21587369067504,-406.3450299364306,22.7738957129582,-10.661653722133895,5.370189342930353,-31.242667227213836,154.03976494237597,2.302221101892656,250229.07152105425,0.8153607497799794,3088.66,-365096.78597645106,173287.48736529905,231.93480330618326
6,224.0,0.963,0.272,4.34,8.5,-361136.4516721651,171344.04289227366,3023.8165130852058,-579.8107940506901,282.7143222507493,-401.01908674764263,22.089877874123772,-10.341981556800452,5.28078730020671,-31.868102889691258,154.00625066326467,2.232016748149229,246751.4469763969,0.8554032726550191,3088.66,-365096.78597645106,173287.48736529905,231.93480330618326
6,225.0,0.963,0.272,4.34,8.5,-361705.3303693972,171621.63896435473,2625.4223831301847,-558.059802143621,272.5307291467832,-395.7844845263523,21.4135322407963,-10.02586637694204,5.1875993762730435,-32.50863976062187,153.97124545243366,2.1641009342677133,243202.8012162511,0.8968496547142489,3088.66,-365096.78597645106,173287.48736529905,231.93480330618326
6,226.0,0.963,0.272,4.34,8.5,-362252.7947546565,171889.20880759702,2232.215754893126,-536.9807477273711,262.66120435383107,-390.64464905664175,20.74625954841993,-9.713965264797713,5.091336063469115,-33.16437053259298,153.93468347773327,2.0984500885679025,239602.86565254233,0.93972507914346,3088.66,-365096.78597645106,173287.48736529905,231.93480330618326
6,227.0,0.963,0.272,4.34,8.5,-362779.5120228026,172147.064286518,1844.100444829112,-516.563929686452,253.10123900621718,-385.602300638625,20.089300965237932,-9.406860700018358,4.9926873469715325,-33.83534885019266,153.8964953778704,2.0350357974285282,235970.3265315317,0.9840550281126077,3088.66,-365096.78597645106,173287.48736529905,231.93480330618326
6,228.0,0.963,0.272,4.34,8.5,-363286.13906869804,172395.51247567544,1460.977890047939,-496.7984793871197,243.84577618640247,-380.65947604281536,19.443727235068067,-9.105055484520257,4.892338838758993,-34.52158569814568,153.85660798134234,1.9738252530458522,232322.74787091557,1.0298653138633334,3088.66,-365096.78597645106,173287.48736529905,231.93480330618326
6,229.0,0.963,0.272,4.34,8.5,-363773.3213657645,172634.8551333233,1082.7477056671773,-477.67251525016235,234.88928348638004,-375.81773520312214,18.81039452344706,-8.80895216507619,4.7910563757446445,-35.22305846515115,153.81494399129795,1.9147820167506098,228676.59510365367,1.0771821164179245,3088.66,-365096.78597645106,173287.48736529905,231.93480330618326
6,230.0,0.963,0.272,4.34,8.5,-364241.69153614284,172865.38802996295,709.3087178484928,-459.17329133120626,226.22582157980926,-371.0775665423517,18.19033532156962,-8.519035170518338,4.689032095222018,-35.93966274098652,153.77142176507513,1.8578654086270094,225046.9405142262,1.1260319494839612,3088.66,-365096.78597645106,173287.48736529905,231.93480330618326
6,231.0,0.963,0.272,4.34,8.5,-364691.8619763158,173087.39749336906,340.56099803516275,-441.2875719250227,217.84922111164803,-366.4395973269174,17.58405731879382,-8.235544100347857,4.587094207456555,-36.67127908199458,153.72595545601618,1.8030335368175263,221448.03618418137,1.1764414593581984,3088.66,-365096.78597645106,173287.48736529905,231.93480330618326
6,231.93,0.963,0.272,4.34,8.5,-365096.78597645106,173287.48736529905,1.028100379663055e-06,-425.1094185900661,210.27194467384285,-362.1958762895615,17.030284769325167,-7.97658948360068,4.4922217282652195,-37.368640831990845,153.68161192009637,1.7536184742276395,218122.3737647578,1.2249999998504248,3088.66,-365096.78597645106,173287.48736529905,231.93480330618326
7,1.0,1.023,0.305,-8.59,-4.89,1.8659925894599045,-4.176485468115266,9.076174683200863,3.751545863674711,-8.398359076558009,18.18305414891282,5.045267558071562,-11.488507957956585,16.676438244636277,63.1667170490715,-65.92969097965906,0.05988008487059421,254.054368110131,1.2236802465849559,15368.76,76463.5720379578,-90973.88075694926,129.4629055158141
7,2.0,1.023,0.305,-8.59,-4.89,8.280090990719309,-18.62194630647332,35.49046507097442,9.117897818461328,-20.490245832499365,34.695149614863446,5.551321655812094,-12.068419437038866,16.662305153087722,57.12089310271804,-66.01154652633659,0.12140083917802023,1040.9810149129034,1.2198474676253057,15193.4,76463.5720379578,-90973.88075694926,129.4629055158141
7,3.0,1.023,0.305,-8.59,-4.89,20.323161192144152,-45.121784553145815,78.55332814075224,15.166256367856965,-32.48400349421082,51.454348300601005,6.748524394396251,-11.924138746399542,16.7961650410261,55.13372132909648,-64.97288937273213,0.18428400576074436,2386.456834655605,1.2136246618842048,15018.04,76463.5720379578,-90973.88075694926,129.4629055158141
7,4.0,1.023,0.305,-8.59,-4.89,39.231801661284535,-83.57127868048293,138.358321039858,23.079156128548224,-44.44199923998086,68.06994580156193,9.312216437547999,-12.098150169598316,16.269927246883896,53.6590272385556,-62.55671534534838,0.24832781082528194,4302.732419227371,1.2050351532758494,14842.68,76463.5720379578,-90973.88075694926,129.4629055158141
7,5.0,1.023,0.305,-8.59,-4.89,67.54040120008747,-134.19915590500958,214.32585430016977,34.132415068085336,-56.99911721628635,83.5691117414083,12.843979649675369,-13.215301421859483,14.497469106386857,51.51534041255092,-59.085831150238114,0.3137234601124883,6805.644951134222,1.1942118965252049,14667.32,76463.5720379578,-90973.88075694926,129.4629055158141
7,6.0,1.023,0.305,-8.59,-4.89,108.6207336322055,-198.14154690477707,304.7089134588849,48.475382119347636,-71.26217999114442,96.75081970876806,15.486645221694976,-15.456577216634633,11.863970996768735,48.30497049879846,-55.77489764735449,0.38075791529327685,9917.70796751553,1.1814613883723493,14491.96,76463.5720379578,-90973.88075694926,129.4629055158141
7,7.0,1.023,0.305,-8.59,-4.89,164.93990461627575,-277.5502630819601,407.07256168220243,64.13548335905196,-87.94344560082165,107.75832456233599,15.345191013931823,-17.743599445568854,10.58344195154916,44.712342746747005,-53.897439644918656,0.4500857510088413,13690.65282432529,1.1671850784141962,14316.59,76463.5720379578,-90973.88075694926,129.4629055158141
7,8.0,1.023,0.305,-8.59,-4.89,236.48251884981494,-374.53249309630826,520.237406881673,78.70452047996166,-106.0866061199409,118.7535296709023,13.971643881754241,-18.14994047280818,11.599886792439149,41.955832026361854,-53.42867485124575,0.5219702942417831,18167.212011978925,1.1516030505166588,14141.23,76463.5720379578,-90973.88075694926,129.4629055158141
7,9.0,1.023,0.305,-8.59,-4.89,322.2830382571772,-489.57143842292913,644.8818901017825,93.17227428389187,-123.89399599735451,130.48744409123202,15.57204385531775,-17.644011058576606,11.270303405047931,40.08909517859372,-53.05565569376969,0.5954368645961975,23293.734436002516,1.1346809906095985,13965.87,76463.5720379578,-90973.88075694926,129.4629055158141
7,10.0,1.023,0.305,-8.59,-4.89,423.68638615719357,-622.4675304948208,780.5530100036547,109.94830185720349,-142.17525940464347,140.3986212970857,17.347455571993056,-19.23599252466847,8.70125572386909,37.99586441274538,-52.28416624093523,0.6701916906616263,29038.086201810118,1.1165444308609915,13790.51,76463.5720379578,-90973.88075694926,129.4629055158141
7,11.0,1.023,0.305,-8.59,-4.89,542.0922331651001,-774.5135813465082,925.2993809385189,126.61178480084327,-162.0357851521932,149.2578540378863,16.05466249448549,-19.9335615184607,9.511428508698772,35.97347493622654,-51.99658475024222,0.7466781150158369,35429.97909128633,1.0975142016467168,13615.15,76463.5720379578,-90973.88075694926,129.4629055158141
7,12.0,1.023,0.305,-8.59,-4.89,676.9571310627435,-946.3951881180271,1079.3006305610515,143.48916301722386,-181.701327347815,158.49505414126025,18.026883372060407,-19.87046621578863,8.12634668573713,34.39419745475576,-51.701922387866155,0.8245080912355304,42418.04781422347,1.077623195731839,13439.79,76463.5720379578,-90973.88075694926,129.4629055158141
7,13.0,1.023,0.305,-8.59,-4.89,829.4714122722918,-1138.3204530183523,1241.5788527198583,161.37019983970194,-202.36928249119913,166.03779252878337,17.269909867818843,-21.053428943286647,7.893714207835385,32.67977669052537,-51.4309801444554,0.9036429661347243,49978.64107093261,1.0570530800231512,13264.43,76463.5720379578,-90973.88075694926,129.4629055158141
7,14.0,1.023,0.305,-8.59,-4.89,999.6104079060804,-1351.1100282319837,1411.6130332373305,179.20124748610425,-223.1765813550864,173.82433258595017,18.72769892311241,-20.98138072918792,6.80003580215168,31.270895181943704,-51.23702588392287,0.9840340806487824,58081.897943485514,1.0359209522914619,13089.06,76463.5720379578,-90973.88075694926,129.4629055158141
7,15.0,1.023,0.305,-8.59,-4.89,1188.097374097343,-1585.0054477700369,1588.6905755456653,197.61426590976168,-244.73214614145746,180.41375853495848,18.115188411068303,-21.626433246762858,7.006772659105764,29.836481172116358,-51.08010909126009,1.0655935673582608,66691.46107380913,1.014362415528854,12913.7,76463.5720379578,-90973.88075694926,129.4629055158141
7,16.0,1.023,0.305,-8.59,-4.89,1395.0314829778597,-1840.525934304445,1772.3962520359491,216.44524794668905,-266.4178156806832,186.68185042658928,19.01415769190083,-22.174457612618053,5.549895570502038,28.539589347066237,-50.90863194273934,1.1482197636856644,75763.79976857686,0.992470963043134,12738.34,76463.5720379578,-90973.88075694926,129.4629055158141
7,17.0,1.023,0.305,-8.59,-4.89,1620.8856762650184,-2118.059552854616,1961.9869465934798,235.3402655306445,-288.61365775505527,192.50954443377233,19.38916659626139,-22.154066447925572,5.433455177844537,27.33628839780164,-50.80563833532634,1.2319039064771098,85268.0819651613,0.9703734973370571,12562.98,76463.5720379578,-90973.88075694926,129.4629055158141
7,18.0,1.023,0.305,-8.59,-4.89,1865.942905938351,-2417.8984300890793,2157.0168824031925,254.7023444790618,-311.1668056125941,197.5420697034777,19.22056461009971,-22.67869112536425,5.186056916681324,26.16282005283539,-50.698316849331775,1.3165409924010425,95157.31260404103,0.9481553365681656,12387.62,76463.5720379578,-90973.88075694926,129.4629055158141
7,19.0,1.023,0.305,-8.59,-4.89,2130.419626088692,-2740.4066921151025,2356.979400017739,274.34882316645934,-333.93002012924177,202.17337450308125,19.697545404055433,-23.078358524347777,4.210217370465708,25.07032387852237,-50.59430279564751,1.4020789161538947,105391.22765091044,0.9259033248998166,12212.26,76463.5720379578,-90973.88075694926,129.4629055158141
7,20.0,1.023,0.305,-8.59,-4.89,2414.609767134508,-3085.885365825854,2561.3015838394617,294.1232891733646,-357.02276809973523,206.39531138930718,20.10636582562705,-23.16695641416054,3.7615395273787184,24.045937487854886,-50.51754478676901,1.488481186916105,115933.12140048464,0.903705502570672,12036.9,76463.5720379578,-90973.88075694926,129.4629055158141
7,21.0,1.023,0.305,-8.59,-4.89,2718.7560558428872,-3454.5838543010486,2769.510672694626,314.1504655266197,-380.4138122211553,210.0288667096507,20.123658590872452,-23.41956182838085,3.576788283271815,23.059950214839272,-50.44968147995628,1.575687348322188,126742.34135919924,0.881632775970818,11861.53,76463.5720379578,-90973.88075694926,129.4629055158141
7,22.0,1.023,0.305,-8.59,-4.89,3043.047883491765,-3846.7592402492455,2981.156547135629,334.43804796082884,-404.0099919598567,213.16708554320846,20.240211052838532,-23.76553968898696,3.0366375618509815,22.118783294199854,-50.38216216953048,1.6636460570380773,137780.27109484051,0.8597481744255232,11686.17,76463.5720379578,-90973.88075694926,129.4629055158141
7,23.0,1.023,0.305,-8.59,-4.89,3387.680535748699,-4262.652954717843,3195.762303737566,354.89320879443727,-427.81280123596963,215.91114533961814,20.541899099201668,-23.971898624401277,2.4023656511325275,21.227754498206686,-50.322509205611716,1.7523190811711855,149012.40099670913,0.8381121368470175,11510.81,76463.5720379578,-90973.88075694926,129.4629055158141
7,24.0,1.023,0.305,-8.59,-4.89,3752.846543105312,-4702.4746486394615,3412.867272265269,375.49033539987823,-451.84017509912604,218.23155403339814,20.775092638563116,-24.09538417312135,1.9956171706817276,20.37801571329521,-50.27258228812675,1.8416681509659583,160406.05148518394,0.8167781112499376,11335.45,76463.5720379578,-90973.88075694926,129.4629055158141
7,25.0,1.023,0.305,-8.59,-4.89,4138.714520442241,-5166.415853473751,3632.0435259863425,396.25410358969424,-476.06731726865604,220.09231326048473,20.872536314176866,-24.265998553009606,1.6979931623381848,19.56170223246269,-50.227732863993076,1.9316533643686697,171929.93895941315,0.7957913547853624,11160.09,76463.5720379578,-90973.88075694926,129.4629055158141
7,26.0,1.023,0.305,-8.59,-4.89,4545.433425892403,-5654.65919811646,3852.8768227323267,417.1845269024158,-500.46092699024246,221.51952334044353,20.952165839761648,-24.47494396752543,1.319064074209915,18.77771806918288,-50.18539290923435,2.022238713753241,183555.59106731706,0.7751912723922426,10984.73,76463.5720379578,-90973.88075694926,129.4629055158141
7,27.0,1.023,0.305,-8.59,-4.89,4973.14318629144,-6167.3751299246105,4074.957133991052,438.255973589135,-525.0068831296987,222.55370450761617,21.086508475532305,-24.65588275731376,0.8587536453790877,18.026182632206424,-50.146142606281146,2.1133926294060155,195257.84507067563,0.755012622845957,10809.37,76463.5720379578,-90973.88075694926,129.4629055158141
7,28.0,1.023,0.305,-8.59,-4.89,5421.976718899231,-6704.719198208002,4297.883278748865,459.44596517438896,-549.7020406827821,223.21153805101326,21.247962121305225,-24.788474233166838,0.4155528045523115,17.305132285058093,-50.11081560772879,2.205086034788475,207014.5655572974,0.7352853674878879,10634.0,76463.5720379578,-90973.88075694926,129.4629055158141
7,29.0,1.023,0.305,-8.59,-4.89,5892.057368799692,-7266.8336630733675,4521.267917751546,480.7458432078281,-574.5398423776738,223.49254951212274,21.387091123358154,-24.897813899715516,0.038764385004394254,16.611507813714432,-50.079113730543355,2.297291208743122,218806.38419320842,0.7160345620284235,10458.64,76463.5720379578,-90973.88075694926,129.4629055158141
7,30.0,1.023,0.305,-8.59,-4.89,6383.497891318254,-7853.850268423289,4744.737041776385,502.1529341172496,-599.5082037889183,223.3984041370317,21.488946702075836,-25.008458169530957,-0.29158027070251774,15.942812238475497,-50.050185546455204,2.389981862486986,230616.72635232285,0.69728077329535,10283.28,76463.5720379578,-90973.88075694926,129.4629055158141
7,31.0,1.023,0.305,-8.59,-4.89,6896.401729470216,-8465.891528402866,4967.927393756499,523.6631573670342,-624.5942392769894,222.9379489363293,21.564870141460077,-25.127059855231064,-0.6132985432728942,15.29736428575687,-50.023351180484525,2.4831333909891633,242431.90604734846,0.6790406499050419,10107.92,76463.5720379578,-90973.88075694926,129.4629055158141
7,32.0,1.023,0.305,-8.59,-4.89,7430.864125679288,-9103.071143089372,5190.485421550461,545.268749761061,-649.7871118774866,222.12608133173975,21.637781577277963,-25.242797336253446,-0.9499123173634461,14.67407478953871,-49.99831195575228,2.576722792868966,254241.10780954958,0.6613273311607668,9932.56,76463.5720379578,-90973.88075694926,129.4629055158141
7,33.0,1.023,0.305,-8.59,-4.89,7986.97370266128,-9765.494109757014,5412.065892552745,566.9605876721355,-675.0790746489016,220.97542991784155,21.714334112094924,-25.34761474035206,-1.2955017302506708,14.07180517917777,-49.975007612435085,2.6707282850778347,266036.3037311752,0.6441508596859903,9757.2,76463.5720379578,-90973.88075694926,129.4629055158141
7,34.0,1.023,0.305,-8.59,-4.89,8564.81243681676,-10453.257087680588,5632.33270313058,588.7304645740913,-700.4632991670442,219.49600050062816,21.793212772105882,-25.43873756035056,-1.6382891544887606,13.489362894870451,-49.953376950258594,2.7651289228207245,277812.0885722222,0.6275184036436134,9581.84,76463.5720379578,-90973.88075694926,129.4629055158141
7,35.0,1.023,0.305,-8.59,-4.89,9164.45587182186,-11166.448899279443,5850.958665406397,610.5714467316433,-725.9330644089807,217.6957099515224,21.86939718098046,-25.517835516351433,-1.9687945906685889,12.925550227934202,-49.93331044505371,2.859904275384079,289565.53752699884,0.6114345517892974,9406.47,76463.5720379578,-90973.88075694926,129.4629055158141
7,36.0,1.023,0.305,-8.59,-4.89,9785.973266771436,-11905.151013846948,6067.625051975798,632.4775708085836,-751.481337730658,215.58179576097584,21.939383406003667,-25.587546055328982,-2.284265606856389,12.379253205826437,-49.914656616156485,2.9550341613169566,301296.07452347747,0.5959016105617883,9231.11,76463.5720379578,-90973.88075694926,129.4629055158141
7,37.0,1.023,0.305,-8.59,-4.89,10429.427750189223,-12669.43768237126,6282.021515332165,654.4433131929745,-777.1010287690987,213.16092013959798,22.00000472110885,-25.65108288428038,-2.584665745770471,11.849438469213167,-49.897261400098984,3.0504983840827453,313005.3227176561,0.5809198570234699,9055.75,76463.5720379578,-90973.88075694926,129.4629055158141
7,38.0,1.023,0.305,-8.59,-4.89,11094.876440309132,-13459.37622248051,6493.845406375447,676.4634128036324,-802.7847582471944,210.4399177052497,22.0511488413806,-25.71009873010678,-2.875144126941819,11.335185432812064,-49.88096810809353,3.1462763976920933,324696.95970674354,0.5664878177950831,8880.39,76463.5720379578,-90973.88075694926,129.4629055158141
7,39.0,1.023,0.305,-8.59,-4.89,11782.37050513588,-14275.027069150607,6702.801256715091,698.5321515510851,-828.5252447698728,207.42625661683647,22.095267175182748,-25.763552797513753,-3.16030033056239,10.835696343746392,-49.8656603237081,3.2423470444425804,336376.5843364223,0.5526025166069424,8705.03,76463.5720379578,-90973.88075694926,129.4629055158141
7,40.0,1.023,0.305,-8.59,-4.89,12491.955250776407,-15116.443646650054,6908.600177174309,720.6432937695824,-854.3154873607378,204.1270309067095,22.132788325246842,-25.81047160073431,-3.439365774346639,10.350228873182848,-49.851264369623216,3.3386882242135103,348051.57724906335,0.5392597089147706,8529.67,76463.5720379578,-90973.88075694926,129.4629055158141
7,41.0,1.023,0.305,-8.59,-4.89,13223.669842826448,-15983.672134866212,7110.960186955645,742.7906863826136,-880.1481072506463,200.54884015755414,22.164376543451457,-25.850064501306992,-3.7139432744114242,9.878084330100707,-49.83769919534924,3.435276541275392,359730.92357466277,0.5264540399738423,8354.31,76463.5720379578,-90973.88075694926,129.4629055158141
7,42.0,1.023,0.305,-8.59,-4.89,13977.547163231136,-16876.75127158771,7309.6054521985525,764.9677735806259,-906.0155499599263,196.69793581497436,22.190005516750546,-25.881591553803112,-3.983679374544077,9.418610299141735,-49.82490174818694,3.5320869717958363,371425.08830837405,0.5141792602528432,8178.94,76463.5720379578,-90973.88075694926,129.4629055158141
7,43.0,1.023,0.305,-8.59,-4.89,14753.613483229345,-17795.711977445175,7504.2660576731,787.1676795757606,-931.9098366024635,192.58010994988712,22.20900924563202,-25.90458026995683,-4.24812547665025,8.971190577870921,-49.812814026849374,3.6290924507904343,383145.86094941467,0.5024283904721774,8003.58,76463.5720379578,-90973.88075694926,129.4629055158141
7,44.0,1.023,0.305,-8.59,-4.89,15551.888034806023,-18740.57688619964,7694.677796170753,809.3831206675864,-957.8224323871158,188.20085583339662,22.220737339213034,-25.918512457009264,-4.507281242626174,8.535248634334904,-49.80138163992312,3.726263530564162,394906.2209207114,0.4911938726611052,7828.22,76463.5720379578,-90973.88075694926,129.4629055158141
7,45.0,1.023,0.305,-8.59,-4.89,16372.382518365737,-19711.359766897174,7880.581665347541,831.6062715744488,-983.7441443658647,183.56539601069747,22.22439860028465,-25.922858794058286,-4.76124968715197,8.110244551223692,-49.790554972037235,3.823567939052655,406720.2029580758,0.48046772580301905,7652.86,76463.5720379578,-90973.88075694926,129.4629055158141
7,46.0,1.023,0.305,-8.59,-4.89,17215.10027430031,-20708.064554142507,8061.717988567752,853.828515727924,-1009.6647266270016,178.67872215858827,22.218809087631744,-25.91711470548509,-5.010593152999724,7.695674355396314,-49.78028581032516,3.9209692685369486,418602.85338296276,0.47024198821619956,7477.5,76463.5720379578,-90973.88075694926,129.4629055158141
7,47.0,1.023,0.305,-8.59,-4.89,18080.03533769123,-21730.68430801154,8237.838022095106,876.0404458280954,-1035.5733775706512,173.54598208656333,22.204231697702205,-25.899521040679403,-5.254758500610615,7.291078609335763,-49.770540722895355,4.018428239331441,430569.89504621335,0.46050815389912253,7302.14,76463.5720379578,-90973.88075694926,129.4629055158141
7,48.0,1.023,0.305,-8.59,-4.89,18967.172590731996,-22779.201267172204,8408.703463838994,898.2322578293987,-1061.4584287591551,168.1712949286738,22.178787001242167,-25.869777604796404,-5.494340320418957,6.895988516719012,-49.761278589551644,4.115902310810384,442637.5865605123,0.4512573304825716,7126.78,76463.5720379578,-90973.88075694926,129.4629055158141
7,49.0,1.023,0.305,-8.59,-4.89,19876.488142400318,-23853.587426984974,8574.08766544365,920.3934888079909,-1087.307610843812,162.55896155209052,22.141761857909113,-25.82634894730504,-5.729623418882291,6.509974339350802,-49.75246649524679,4.21334628391416,454822.71114837076,0.4424802918139955,6951.41,76463.5720379578,-90973.88075694926,129.4629055158141
7,50.0,1.023,0.305,-8.59,-4.89,20807.944563007408,-24953.798897004206,8733.745042631868,942.5115127300503,-1113.1061374152002,156.71334494324708,22.091984371331794,-25.768015912739017,-5.9607525250361455,6.132646199774802,-49.744075241078086,4.31070513063123,467142.64194991026,0.4341691659419844,6776.05,76463.5720379578,-90973.88075694926,129.4629055158141
7,51.0,1.023,0.305,-8.59,-4.89,21761.491591095153,-26079.776759090546,8887.440204390192,964.5727523175752,-1138.838108286407,150.63866685284106,22.02808179489099,-25.693141530097847,-6.187833278697784,5.763631552331102,-49.73607818498063,4.407919325229378,479614.9638392898,0.4263159164222063,6600.69,76463.5720379578,-90973.88075694926,129.4629055158141
7,52.0,1.023,0.305,-8.59,-4.89,22737.065345015275,-27231.44614768007,9034.947657458388,986.5624951371434,-1164.4862974341308,144.3389104182432,21.948691697345343,-25.600184178541383,-6.41077279793051,5.402569794522886,-49.728451081086014,4.504924010036002,492257.2422117268,0.4189124546820978,6425.33,76463.5720379578,-90973.88075694926,129.4629055158141
7,53.0,1.023,0.305,-8.59,-4.89,23734.586314770375,-28408.71390547636,9176.044500417624,1008.4644225831572,-1190.0316069400942,137.8179830219883,21.852060706193768,-25.48721884951986,-6.6293817177708245,5.049118108884035,-49.721172046634635,4.601646948537289,505086.94487234345,0.4119510841937192,6249.97,76463.5720379578,-90973.88075694926,129.4629055158141
7,54.0,1.023,0.305,-8.59,-4.89,24753.95778125757,-29611.466802627856,9310.511648244326,1030.2604569708633,-1215.453029555922,131.0801505597472,21.736809139431763,-25.351954774828542,-6.845366400210218,4.70296366878336,-49.71422461613808,4.6980082600242525,518121.28611174645,0.40542449117555457,6074.61,76463.5720379578,-90973.88075694926,129.4629055158141
7,55.0,1.023,0.305,-8.59,-4.89,25795.06419751947,-30839.569524552368,9438.133790076452,1051.9309699207367,-1240.7273562849434,124.12865941228833,21.600682224031495,-25.192537580860265,-7.0569479296844015,4.363770782215906,-49.7075849067051,4.793919820648915,531377.0618847882,0.3993257982189,5899.25,76463.5720379578,-90973.88075694926,129.4629055158141
7,56.0,1.023,0.305,-8.59,-4.89,26857.769215003762,-32092.86240180165,9558.699418564016,1073.4539731840105,-1265.8290269901554,116.96778070672028,21.44154522327181,-25.00630279273165,-7.264237192891861,4.031252981066273,-49.70124031139434,4.8892839079884745,544870.30408652,0.39364861148525004,5723.88,76463.5720379578,-90973.88075694926,129.4629055158141
7,57.0,1.023,0.305,-8.59,-4.89,27941.913483106575,-33371.15894079909,9672.001166175096,1094.8053972350592,-1290.7299173645122,109.60156381578132,21.257162320316134,-24.790399308463012,-7.467820151446658,3.7051239826845106,-49.69517651335773,4.983992929898208,558616.1407607164,0.3883870514891226,5548.52,76463.5720379578,-90973.88075694926,129.4629055158141
7,58.0,1.023,0.305,-8.59,-4.89,29047.312356150174,-34674.243126866975,9777.835802219293,1115.9586958247398,-1315.3991179107973,102.03431471092911,21.044753356304724,-24.54246987973357,-7.666100427675453,3.385112134766085,-49.68938289672184,5.0779282876807255,572628.4689167066,0.3835357986203745,5373.16,76463.5720379578,-90973.88075694926,129.4629055158141
7,59.0,1.023,0.305,-8.59,-4.89,30173.75337209997,-36001.86649350721,9876.004398111878,1136.8847806204217,-1339.8025089181642,94.27013723281264,20.802176434632738,-24.25836136566921,-7.861421451954536,3.0709423708219243,-49.683844842159736,5.170959215487048,586919.5879991619,0.37909012946903103,5197.8,76463.5720379578,-90973.88075694926,129.4629055158141
7,60.0,1.023,0.305,-8.59,-4.89,31320.99361048034,-37353.74485414778,9966.31224369016,1157.5517577711184,-1363.9028227306555,86.31358307349305,20.526111094848535,-23.935558189069948,-8.05151446191742,2.762354806395662,-49.67855178614173,5.262942537784457,601500.0321806176,0.375045963614773,5022.44,76463.5720379578,-90973.88075694926,129.4629055158141
7,61.0,1.023,0.305,-8.59,-4.89,32488.756618169613,-38729.554938475725,10048.569527203816,1177.9243790895944,-1387.6590315723038,78.1698789151101,20.213026190236228,-23.569604289110195,-8.235874796848359,2.4591090614096394,-49.673497544800135,5.353720263040178,616377.8263925852,0.3713998758052393,4847.08,76463.5720379578,-90973.88075694926,129.4629055158141
7,62.0,1.023,0.305,-8.59,-4.89,33676.72918413909,-40128.9305916115,10122.591471672706,1197.9644133544361,-1411.0264153494802,69.84376086428917,19.860173816683524,-23.157095125922087,-8.41561959191618,2.1609431177607417,-49.66867252007369,5.443120275237894,631558.4450590105,0.3681491333395873,4671.72,76463.5720379578,-90973.88075694926,129.4629055158141
7,63.0,1.023,0.305,-8.59,-4.89,34884.5579384814,-41551.45876907957,10188.198672906832,1217.6296475957724,-1433.955778522576,61.34133891107281,19.462983922157434,-22.692877621233198,-8.589100086782485,1.8676301786828542,-49.664071715869845,5.530952919058838,647043.7698305699,0.36529172487597245,4496.35,76463.5720379578,-90973.88075694926,129.4629055158141
7,64.0,1.023,0.305,-8.59,-4.89,36111.84545403041,-42996.675099447246,10245.218127956625,1236.8742035426321,-1456.3937247035312,52.669427132502186,19.018047022031507,-22.17337254786932,-8.754457304724893,1.5789518673529388,-49.65969245263546,5.6170120810541455,662831.9752057412,0.362826360399978,4320.99,76463.5720379578,-90973.88075694926,129.4629055158141
7,65.0,1.023,0.305,-8.59,-4.89,37358.1463933622,-44464.05927946365,10293.48324345356,1255.6480432236951,-1478.2815806611466,43.83366208481177,18.520790352831142,-21.59203065093271,-8.915883429495683,1.2946396170621541,-49.655524747732805,5.701071692749597,678916.3650044354,0.3607525170232976,4145.63,76463.5720379578,-90973.88075694926,129.4629055158141
7,66.0,1.023,0.305,-8.59,-4.89,38622.96319082433,-45953.02992710459,10332.834030324859,1273.896776787602,-1499.5559804248808,34.841981105716876,17.967217407090654,-20.945255801241217,-9.068381724200039,1.014475381131285,-49.651567114849506,5.782886970996967,695285.2389098401,0.3590704772562603,3970.27,76463.5720379578,-90973.88075694926,129.4629055158141
7,67.0,1.023,0.305,-8.59,-4.89,39905.74143090687,-47462.939402311786,10363.11865512064,1291.560858046731,-1520.1475520649647,25.70303575371142,17.351786192135556,-20.227058018810823,-9.208706736558044,0.7382394474206486,-49.64781915333264,5.862189757938276,711920.1709217808,0.35778131074617453,3794.91,76463.5720379578,-90973.88075694926,129.4629055158141
7,68.0,1.023,0.305,-8.59,-4.89,41205.86473706689,-48993.068051514754,10384.195272212462,1308.5761375485072,-1539.9817452280724,16.427491033182964,16.684374684351905,-19.44768852128544,-9.341540276386654,0.4657425782946546,-49.64428473216282,5.938691449050208,728795.9784530683,0.35688684642127616,3619.55,76463.5720379578,-90973.88075694926,129.4629055158141
7,69.0,1.023,0.305,-8.59,-4.89,42522.65007462876,-50542.61834087438,10395.931098315574,1324.8729868674022,-1558.9768986249262,7.02353732880331,16.13472639894288,-18.805324058017582,-9.464855800623694,0.19669481273626244,-49.64095540475058,6.012076863142341,745878.6423647192,0.3563897627577623,3444.19,76463.5720379578,-90973.88075694926,129.4629055158141
7,70.0,1.023,0.305,-8.59,-4.89,43855.35783832312,-52110.72662731092,10398.190245751652,1340.3746971223381,-1577.04381568431,-2.4961370637101084,12.87930861170178,-15.009750921186532,-9.569498536066925,-0.06910075138722518,-49.637837345422746,6.082000443486315,763124.6702033815,0.35629415361092504,3268.82,76463.5720379578,-90973.88075694926,129.4629055158141
7,71.0,1.023,0.305,-8.59,-4.89,45159.767565806294,-53645.85453067631,10391.070184221328,1269.6935791427434,-1494.6671843072336,-11.667553614103063,-67.00250108213935,78.09011408512484,-8.945909326660752,-0.34086632977915804,-49.65268233400208,5.763137027409457,685784.6107315065,0.35659556800402326,3268.82,76463.5720379578,-90973.88075694926,129.4629055158141
7,72.0,1.023,0.305,-8.59,-4.89,46397.07080288806,-55102.771140171935,10374.998216646938,1205.9888570211542,-1420.419789501514,-20.4098985360834,-60.57854943177863,70.6046525440999,-8.548781758727289,-0.6275613058334136,-49.66751340769144,5.47588166561336,620307.3501245845,0.35727688221950377,3268.82,76463.5720379578,-90973.88075694926,129.4629055158141
7,73.0,1.023,0.305,-8.59,-4.89,47573.71343026069,-56488.9874635097,10350.372755529801,1148.2319878883272,-1353.1030325752517,-28.782624313257813,-55.07748703737597,64.19468074253957,-8.204873119691104,-0.9291936598943505,-49.68234085521303,5.215595134826492,564386.6288041933,0.35832331763138203,3268.82,76463.5720379578,-90973.88075694926,129.4629055158141
7,74.0,1.023,0.305,-8.59,-4.89,48695.219636617345,-57810.94042925171,10317.539087500752,1095.586736425527,-1291.7424223851729,-36.83371068443171,-50.32957557372413,58.66236993056545,-7.903962230857356,-1.2457798115585696,-49.697175110700115,4.978506594591318,516250.7213843693,0.3597233220923844,3268.82,76463.5720379578,-90973.88075694926,129.4629055158141
7,75.0,1.023,0.305,-8.59,-4.89,49766.35963985114,-59074.18834275947,10276.799371178564,1047.3663093218424,-1235.5376224828706,-44.60231035104322,-46.20242591179018,53.85344805179725,-7.638287422588441,-1.577347143030147,-49.71202677749116,4.761520018063022,474520.56355170766,0.36146804146568834,3268.82,76463.5720379578,-90973.88075694926,129.4629055158141
7,76.0,1.023,0.305,-8.59,-4.89,50791.24886709975,-60283.52646679,10228.41853208611,1003.0077999886927,-1183.8326651586374,-52.1203087964428,-42.592117413852165,49.646812118623295,-7.40191792481318,-1.9239093310366633,-49.726904264424476,4.562098709158894,438115.47688386403,0.36355099472108304,3268.82,76463.5720379578,-90973.88075694926,129.4629055158141
7,77.0,1.023,0.305,-8.59,-4.89,51773.50705523338,-61443.17242590782,10172.633554488493,962.0370750048289,-1136.0750324011483,-59.41431949345731,-39.415388446721884,45.94543635739005,-7.189562248005373,-2.2854968939849183,-49.741817103843225,4.378106819806772,406171.3398948576,0.3659676236356382,3268.82,76463.5720379578,-90973.88075694926,129.4629055158141
7,78.0,1.023,0.305,-8.59,-4.89,52716.31981970351,-62556.83795607434,10109.657199880352,924.0547001818088,-1091.7992504794138,-66.50641175129842,-36.6051267276314,42.67110678474874,-6.996410662211562,-2.6621405644691407,-49.75677469336964,4.207745737245267,377993.0355204354,0.3687150953546604,3268.82,76463.5720379578,-90973.88075694926,129.4629055158141
7,79.0,1.023,0.305,-8.59,-4.89,53622.500259416345,-63627.80068609084,10039.681890758491,888.7226571984859,-1050.6114506452823,-73.41514091827959,-34.10695535839388,39.76043190652558,-6.822360036223212,-3.05387453216998,-49.7717869823197,4.049494195468622,353017.0105872274,0.371792109746058,3268.82,76463.5720379578,-90973.88075694926,129.4629055158141
7,80.0,1.023,0.305,-8.59,-4.89,54494.551083459126,-64658.976567682876,9962.88277263528,855.7518697853837,-1012.1747499814542,-80.1562584217937,-31.876048129974187,37.16123133127558,-6.661772485773911,-3.4607417947882904,-49.786862898445975,3.902051781405373,330781.5998348355,0.37519875117402923,3268.82,76463.5720379578,-90973.88075694926,129.4629055158141
7,81.0,1.023,0.305,-8.59,-4.89,55334.70627801012,-65652.96839622989,9879.420773460053,824.8940799059177,-976.1998581069529,-86.7428597270289,-29.87550818151629,34.83046979700475,-6.5131849183024695,-3.88277639080796,-49.80201203565753,3.764302345249955,310906.04258688964,0.3789363466346667,3268.82,76463.5720379578,-90973.88075694926,129.4629055158141
7,82.0,1.023,0.305,-8.59,-4.89,56144.97170944526,-66612.11314277019,9789.444840590373,795.934348041396,-942.4363106389783,-93.18608446776123,-28.074559574178036,32.73228191900372,-6.374692815247121,-4.320016777440412,-49.81724430669679,3.6352801132670924,293073.6605263849,0.38300736467820445,3268.82,76463.5720379578,-90973.88075694926,129.4629055158141
7,83.0,1.023,0.305,-8.59,-4.89,56927.14734710701,-67538.50785097001,9693.093329663117,768.6867485573977,-910.6674523368146,-99.49540978825505,-26.44748998022568,30.836718541813568,-6.245175404321303,-4.77249766755946,-49.83256928324151,3.514150219341559,277020.16186779324,0.3874153565563348,3268.82,76463.5720379578,-90973.88075694926,129.4629055158141
7,84.0,1.023,0.305,-8.59,-4.89,57682.86224887176,-68434.05040582974,9590.496000151885,742.9885629469883,-880.7036729554311,-105.67889463395915,-24.972569226159738,29.118442800249277,-6.122930272555867,-5.240254222545009,-49.84799698334744,3.4001824947500143,262522.8119557646,0.3921648731903989,3268.82,76463.5720379578,-90973.88075694926,129.4629055158141
7,85.0,1.023,0.305,-8.59,-4.89,58413.59353308715,-69300.46164445704,9481.77523436221,718.6970005491579,-852.3785867902269,-111.74334440710234,-23.631377971504875,27.555992304346372,-6.006922461550908,-5.723317463747554,-49.863537777737655,3.2927366349875293,249393.0140000063,0.3972614194272276,3268.82,76463.5720379578,-90973.88075694926,129.4629055158141
7,86.0,1.023,0.305,-8.59,-4.89,59120.68352734914,-70139.30533988321,9367.047061176496,695.6864132794835,-825.5457835774766,-117.6945872991641,-22.408229021889525,26.1310923766495,-5.89638929777421,-6.221716834987206,-49.879202185629,3.1912496258698693,237470.35488357602,0.4027114195739188,3268.82,76463.5720379578,-90973.88075694926,129.4629055158141
7,87.0,1.023,0.305,-8.59,-4.89,59805.35652114255,-70952.00772430372,9246.422176286542,673.8456553071987,-800.0757547525928,-123.5375260107694,-21.289650691117057,24.82803141735261,-5.790146610114819,-6.735475719979646,-49.89500111450979,3.095223794261444,226617.6121258267,0.4085221848104822,3268.82,76463.5720379578,-90973.88075694926,129.4629055158141
7,88.0,1.023,0.305,-8.59,-4.89,60468.73207858649,-71739.87300290076,9120.006742817557,653.0760734304178,-775.8535504043981,-129.2762970843402,-20.264092362124202,23.63336597873045,-5.688009649899998,-7.264612113113918,-49.91094583672691,3.0042177270906367,216716.87440540714,0.41470189227743764,3268.82,76463.5720379578,-90973.88075694926,129.4629055158141
7,89.0,1.023,0.305,-8.59,-4.89,61111.83659990104,-72504.096828392,8987.903141423978,633.2898030591257,-752.7767919102125,-134.91441277417124,-19.32149092488376,22.535345259196106,-5.588627299136356,-7.809139941810304,-49.927047959937475,2.917838576067398,207666.38537430757,0.42125956770801376,3268.82,76463.5720379578,-90973.88075694926,129.4629055158141
7,90.0,1.023,0.305,-8.59,-4.89,61735.61340655344,-73245.77805276534,8850.210550540382,614.4082857737596,-730.7539501409849,-140.45467593092104,-18.45321271422256,21.523937373523637,-5.4923972966345955,-8.369058988320976,-49.94331971908934,2.8357352979684824,199377.93485013035,0.428205077287583,3268.82,76463.5720379578,-90973.88075694926,129.4629055158141
7,91.0,1.023,0.305,-8.59,-4.89,62340.93120759716,-73965.92859628166,8707.025568111876,596.3611626185683,-709.703045712517,-145.89955025920207,-17.651598932176764,20.590185845929472,-5.397841101437088,-8.944369700801,-49.9597735464356,2.7575937335136094,191774.83083398655,0.4355491182004008,3268.82,76463.5720379578,-90973.88075694926,129.4629055158141
7,92.0,1.023,0.305,-8.59,-4.89,62928.591145197825,-74665.48165559249,8558.44257658062,579.0852294317256,-689.5504420948337,-151.2509136444087,-16.910068581350608,19.726440967722084,-5.305199525471495,-9.53505430919035,-49.976422508440855,2.683131772386707,184790.14028647277,0.4433032228004836,3268.82,76463.5720379578,-90973.88075694926,129.4629055158141
7,93.0,1.023,0.305,-8.59,-4.89,63499.33638016315,-75345.30287579958,8404.554317725262,562.5232918523322,-670.229505091697,-156.51029427594824,-16.22275773558011,18.92586213419854,-5.2138256390875775,-10.14109082498482,-49.993280395422346,2.6120942460646353,178365.09353755688,0.45147975257188777,3268.82,76463.5720379578,-90973.88075694926,129.4629055158141
7,94.0,1.023,0.305,-8.59,-4.89,64053.85513115271,-76006.19389337854,8245.452189313326,546.623696643151,-651.6800588658479,-161.67883940989347,-15.584527649107182,18.182461151435803,-5.123449338470722,-10.762443842767405,-50.010361594516745,2.5442507516253583,172448.06251695618,0.4600919067301759,3268.82,76463.5720379578,-90973.88075694926,129.4629055158141
7,95.0,1.023,0.305,-8.59,-4.89,64592.78595275725,-76648.89848728765,8081.22658462473,531.3396899677091,-633.8476374697699,-166.75737888773594,-14.99082909277141,17.49093624309262,-5.033755002475662,-11.399064663642662,-50.027681096362386,2.4793927439440058,166993.56147002414,0.4691537291076082,3268.82,76463.5720379578,-90973.88075694926,129.4629055158141
7,96.0,1.023,0.305,-8.59,-4.89,65116.722828048834,-77274.108514015,7911.967217190735,516.6288019622729,-616.6827678849592,-171.74644858748056,-14.437626044379176,16.846583257759345,-4.944462106591406,-12.050890602688135,-50.045254618223915,2.4173307371095865,161961.36885263526,0.47868011597771043,3268.82,76463.5720379578,-90973.88075694926,129.4629055158141
7,97.0,1.023,0.305,-8.59,-4.89,65626.21923067351,-77882.46864190875,7737.7633984884405,502.4523699097691,-600.1404143414339,-176.6463216603146,-13.921326757485366,16.24521597286731,-4.8553202745306,-12.717844128210448,-50.06309865750831,2.357892132856769,157315.82105736886,0.48868682646162626,3268.82,76463.5720379578,-90973.88075694926,129.4629055158141
7,98.0,1.023,0.305,-8.59,-4.89,66121.79170109036,-78474.58051936452,7558.704289128994,488.7751250114437,-584.1794967891077,-181.45703103889926,-13.438724722591113,15.683097022182922,-4.766098645708749,-13.39983166317689,-50.08123054950449,2.3009193326976973,153025.2140416588,0.49919049434709495,3268.82,76463.5720379578,-90973.88075694926,129.4629055158141
7,99.0,1.023,0.305,-8.59,-4.89,66603.92341426882,-79051.00693281203,7374.879124120344,475.5648011361371,-568.7624349542147,-186.1783940523793,-12.986947768849479,15.156878694496601,-4.676586093215966,-14.096743640598469,-50.099668575273256,2.246267956309998,149061.2764742284,0.5102086411949952,3268.82,76463.5720379578,-90973.88075694926,129.4629055158141
7,100.0,1.023,0.305,-8.59,-4.89,67073.06680215802,-79612.27486351224,7186.377414771435,462.7918409221606,-553.854805859045,-190.81002906455976,-12.563415966585197,14.66355375639259,-4.586583369505143,-14.808453043637913,-50.118432006583284,2.1938054903370814,145398.74717278953,0.5217596904963353,3268.82,76463.5720379578,-90973.88075694926,129.4629055158141
7,101.0,1.023,0.305,-8.59,-4.89,67529.64429117978,-80158.87634903932,6993.289167277109,450.4292860204553,-539.4252159829808,-195.35136187521525,-12.165822699403769,14.20043369276335,-4.495951666730485,-15.53480843552759,-50.137540904865396,2.1434107357540877,142015.09621281445,0.5338629802544098,3268.82,76463.5720379578,-90973.88075694926,129.4629055158141
7,102.0,1.023,0.305,-8.59,-4.89,67974.0539069987,-80691.27501331603,6795.7050372327,438.4522454635035,-525.4446816606056,-199.80166061598072,-11.792068400811019,13.76507096473774,-4.4044951815500015,-16.27564278103906,-50.15701663817468,2.0949714405650193,138890.03849985084,0.546538778738731,3268.82,76463.5720379578,-90973.88075694926,129.4629055158141
7,103.0,1.023,0.305,-8.59,-4.89,68406.66966391185,-81209.90652203101,6593.716489313603,426.837831509929,-511.8865543554229,-204.1600365606731,-11.4402620104032,13.355261210926269,-4.312080404720936,-17.03076763407338,-50.1768817422,2.0483839586925976,136005.34215529126,0.5598082991392758,3268.82,76463.5720379578,-90973.88075694926,129.4629055158141
7,104.0,1.023,0.305,-8.59,-4.89,68827.84345845913,-81715.18079008308,6387.415950159386,415.56497354758466,-498.726303802541,-208.42545967135018,-11.108685902092917,12.969002096333513,-4.218566732039257,-17.79997233923417,-50.197159995469775,2.003552387912842,133344.58951336375,0.5736937135623287,3268.82,76463.5720379578,-90973.88075694926,129.4629055158141
7,105.0,1.023,0.305,-8.59,-4.89,69237.90700629071,-82207.4842392485,6176.8969424205225,404.61423274499066,-485.9413020123996,-212.59676970118412,-10.795779550652798,12.60447439538428,-4.12383271389277,-18.583023889761765,-50.21787654118875,1.9603877133796554,130892.9572617343,0.5882181669375575,3268.82,76463.5720379578,-90973.88075694926,129.4629055158141
7,106.0,1.023,0.305,-8.59,-4.89,69637.17333410494,-82687.18153752937,5962.25420925913,393.967661808351,-473.51065983699374,-216.67268754884492,-10.500120186850857,12.260019405358333,-4.027764468666036,-19.379666069947895,-50.23905796953063,1.9188071514325848,128637.03832430209,0.6034057900304791,3268.82,76463.5720379578,-90973.88075694926,129.4629055158141
7,107.0,1.023,0.305,-8.59,-4.89,70025.93799443898,-83154.61701585799,5743.583847889007,383.60869127674346,-461.4150944628641,-220.65182663532426,-10.220406293794818,11.934119683727978,-3.930247448626239,-20.189618165736967,-50.26073237920307,1.8787336109533583,126564.69190268462,0.6192817099362721,3268.82,76463.5720379578,-90973.88075694926,129.4629055158141
7,108.0,1.023,0.305,-8.59,-4.89,70404.48079666078,-83610.11668530187,5520.983375834157,373.5219819511904,-449.63675741099246,-224.5327065427381,-9.95545987594875,11.62540199954907,-3.831238293192322,-21.012576158598463,-50.282929548302384,1.8400950179835034,124664.88662529556,0.6358720632901477,3268.82,76463.5720379578,-90973.88075694926,129.4629055158141
7,109.0,1.023,0.305,-8.59,-4.89,70773.06705557005,-84053.98969261166,5294.551813639457,363.69330395265746,-438.15909368374736,-228.31373400968783,-9.70414553392089,11.33254189667688,-3.730488906996716,-21.848211044618164,-50.30568110623631,1.8028237270253977,122927.56318299314,0.6532040062082339,3268.82,76463.5720379578,-90973.88075694926,129.4629055158141
7,110.0,1.023,0.305,-8.59,-4.89,71131.94816840174,-84486.52899427491,5064.3898625317315,354.1094923100407,-426.9667900667718,-231.99320069429965,-9.465491746683043,11.054407100220365,-3.628070911887576,-22.69616520298209,-50.32902055326748,1.7668562712665465,121343.54849734633,0.6713057140785407,3268.82,76463.5720379578,-90973.88075694926,129.4629055158141
7,111.0,1.023,0.305,-8.59,-4.89,71481.36282787623,-84908.01277034609,4830.599917918862,344.75838090734396,-416.04569756428765,-235.56944694024145,-9.23862245952706,10.789976919493016,-3.524092128627927,-23.55606464462588,-50.352983296756605,1.7321332122179964,119904.492868789,0.6902063905088229,3268.82,76463.5720379578,-90973.88075694926,129.4629055158141
7,112.0,1.023,0.305,-8.59,-4.89,71821.53801186444,-85318.70557807409,4593.286066440558,335.62867569118936,-405.38268419734874,-239.04071419235626,-9.022577188486332,10.53812991386683,-3.4181182027293078,-24.427508363884183,-50.377606958307275,1.6985984037680735,118602.73206074614,0.7099362749922278,3268.82,76463.5720379578,-90973.88075694926,129.4629055158141
7,113.0,1.023,0.305,-8.59,-4.89,72152.68982308418,-85718.85933131476,4352.554230666589,326.7099048960902,-394.9655770399233,-242.40510572378713,-8.816620363075977,10.298009018426495,-3.3103193898085714,-25.31006303330632,-50.40293148941026,1.6661986809795053,117431.20844835507,0.7305266349483932,3268.82,76463.5720379578,-90973.88075694926,129.4629055158141
7,114.0,1.023,0.305,-8.59,-4.89,72475.02427869097,-86108.7142213037,4108.51222293502,317.99236175845954,-384.7830951298404,-245.66074189645116,-8.620000234531332,10.068737535411586,-3.200610959389682,-26.20327620670303,-50.428999303513805,1.634883760472839,116383.42663068444,0.7520097604239788,3268.82,76463.5720379578,-90973.88075694926,129.4629055158141
7,115.0,1.023,0.305,-8.59,-4.89,72788.73805317687,-86488.49958287102,3861.2697556272706,309.4670573057071,-374.8247944765075,-248.80570447986642,-8.432031659447647,9.849516636519363,-3.0889717931536915,-27.106670524427695,-50.45585542612006,1.6046059403699753,115453.38482834844,0.7744189580454182,3268.82,76463.5720379578,-90973.88075694926,129.4629055158141
7,116.0,1.023,0.305,-8.59,-4.89,73094.01916643501,-86858.43469675885,3610.93847179646,301.1256641552748,-365.0810025513713,-251.83805117023692,-8.252072690365175,9.639597707349601,-2.9753817872379704,-28.019745202001758,-50.483547698630666,1.575319849027923,114635.51475984303,0.7977885384191674,3268.82,76463.5720379578,-90973.88075694926,129.4629055158141
7,117.0,1.023,0.305,-8.59,-4.89,73391.04762531466,-87218.72953771675,3357.631963275788,292.96047581011777,-355.5427708105035,-254.75582821816982,-8.079524483184322,9.4382824999713,-2.8598356061262997,-28.941976773149616,-50.512126959458804,1.5469822600455216,113924.63281986439,0.8221537992456317,3268.82,76463.5720379578,-90973.88075694926,129.4629055158141
7,118.0,1.023,0.305,-8.59,-4.89,73679.9960230674,-87569.58547347473,3101.465777296454,284.9643652097903,-346.2018263347878,-257.55708070724666,-7.913825775581431,9.24491659210633,-2.7423379638625356,-29.872820070839897,-50.54164725318411,1.5195519060844784,113315.89266070016,0.8475510036882506,3268.82,76463.5720379578,-90973.88075694926,129.4629055158141
7,119.0,1.023,0.305,-8.59,-4.89,73961.0301008418,-87911.19591942943,2842.557411582935,277.13074916752646,-337.05053032571897,-260.2398644416232,-7.754449915914242,9.058885970414547,-2.622905261169659,-30.811709302395332,-50.57216604589379,1.4929893234587452,112804.74347777058,0.8740173536269594,3268.82,76463.5720379578,-90973.88075694926,129.4629055158141
7,120.0,1.023,0.305,-8.59,-4.89,74234.30927455483,-88243.74695291859,2581.0262978897213,269.45355498574236,-328.08183913423846,-262.8022576079696,-7.600901965615021,8.879613643202989,-2.501566242656824,-31.758059281365124,-50.603744458920524,1.467256710121104,112386.89128884501,0.901590957430236,3268.82,76463.5720379578,-90973.88075694926,129.4629055158141
7,121.0,1.023,0.305,-8.59,-4.89,74499.98713017623,-88567.41789061029,2316.993773214365,261.9271905959181,-319.2892693742457,-265.24237382847343,-7.4527128035298515,8.706552740870256,-2.3783543645710554,-32.71126682340216,-50.63644751387852,1.4423178046872185,112058.26419801886,0.9303107919697342,3268.82,76463.5720379578,-90973.88075694926,129.4629055158141
7,122.0,1.023,0.305,-8.59,-4.89,74758.21188981943,-88882.38183180285,2050.5830386999696,254.54651508679459,-310.6668635581019,-267.5583722420773,-7.309448640752558,8.539197721222328,-2.253337416699954,-33.67071212606457,-50.67034441076695,1.4181377677929787,111814.97866603184,0.9602166585478333,3268.82,76463.5720379578,-90973.88075694926,129.4629055158141
7,123.0,1.023,0.305,-8.59,-4.89,75009.12685056997,-89188.80616988038,1781.9191059320958,247.3068154256971,-302.2091627917628,-269.7484755022504,-7.170692177863019,8.377062326056667,-2.126575871009278,-34.63576061774691,-50.705508792178264,1.3946831046347512,111653.3127433173,0.9913491324664082,3268.82,76463.5720379578,-90973.88075694926,129.4629055158141
7,124.0,1.023,0.305,-8.59,-4.89,75252.87079966266,-89486.85307608028,1511.1287281490752,240.20378100474937,-293.9111770674274,-271.8109801016558,-7.036052512162866,8.219691149652355,-1.9981521468991923,-35.605764488750026,-50.742019056977334,1.3719215727556784,111569.6776395825,1.0237495062686148,3268.82,76463.5720379578,-90973.88075694926,129.4629055158141
7,125.0,1.023,0.305,-8.59,-4.89,75489.57840566026,-89776.67995522056,1238.3403190034317,233.23348134109995,-285.7683591724647,-273.74427091489474,-6.905159581011345,8.066653178321408,-1.8681610142150913,-36.58006454832426,-50.77995868353821,1.349822113657921,111560.59351529484,1.0574597261592684,3268.82,76463.5720379578,-90973.88075694926,129.4629055158141
7,126.0,1.023,0.305,-8.59,-4.89,75719.3805880606,-90058.439876183,963.683856988826,226.39234519097104,-277.77658023770704,-275.5468355698023,-6.777663577326935,7.917541110976871,-1.7367114098549816,-37.55799209850718,-50.819416574436545,1.3283547948012937,111622.66751371523,1.0925223216648317,3268.82,76463.5720379578,-90973.88075694926,129.4629055158141
7,127.0,1.023,0.305,-8.59,-4.89,75942.40486662941,-90332.2819786555,687.2907754204559,219.6771405014489,-269.9321062611714,-277.2172786302224,-6.653232609166338,7.7719686280445375,-1.6039241303723697,-38.5388708533577,-50.860487427066516,1.3074907596816234,111752.5737080534,1.1289803284755284,3268.82,76463.5720379578,-90973.88075694926,129.4629055158141
7,128.0,1.023,0.305,-8.59,-4.89,76158.77569496928,-90598.35186136859,409.2938323669114,213.08496231670313,-262.23158381529663,-278.7543561839192,-6.531582897443758,7.6296058687831225,-1.4699887317596174,-39.52202005221088,-50.903272072523045,1.2872022489809638,111947.04605698085,1.166877205249296,3268.82,76463.5720379578,-90973.88075694926,129.4629055158141
7,129.0,1.023,0.305,-8.59,-4.89,76368.61479586795,-90856.79197235506,129.8269745742804,206.61319157616148,-254.67199215183257,-280.1569284910227,-6.412345823117893,7.490023302985677,-1.3349199982219349,-40.50675306756664,-50.94787807985271,1.2674623739580198,112202.82920284182,1.2062567426365223,3268.82,76463.5720379578,-90973.88075694926,129.4629055158141
7,129.46,1.023,0.305,-8.59,-4.89,76463.5720379578,-90973.88075694926,1.8469520712758707e-07,203.65749504537075,-251.21958780395423,-280.76038541045546,-6.357997039934359,7.426387008596645,-1.272250957439322,-40.9629368032937,-50.969174642635664,1.2585032805672745,112341.10599026323,1.2249999999731294,3268.82,76463.5720379578,-90973.88075694926,129.4629055158141
8,1.0,1.021,0.27,6.05,-10.51,-0.4043564614502147,-2.2858020947437505,9.524065362043881,-0.8076529093025283,-4.561746871474056,19.105305097160695,-0.3368841561037339,-1.3333871325432014,20.06802401993962,76.36986847108136,-100.04011856352227,0.05776948347482809,236.44804045847872,1.2236151562762232,15342.56,-915872.1722883104,-707037.1169384284,610.589843516204
8,2.0,1.021,0.27,6.05,-10.51,-1.7992002664058702,-10.30830202394161,38.03331066821208,-2.0073766969444877,-11.456587763673024,37.96927199551681,-1.3132984902146754,-6.761306574104284,19.056946769345956,72.96860649513287,-99.93824939791664,0.11669354064397695,961.5279401732502,1.2194791285013127,15167.5,-915872.1722883104,-707037.1169384284,610.589843516204
8,3.0,1.021,0.27,6.05,-10.51,-4.554358433499745,-25.031583704879203,85.60686818303748,-3.6221367915998437,-17.845288939836603,57.25719702135666,-2.033767781884093,-5.893042627115847,19.530142332591705,72.35806918042175,-101.47370420632126,0.1765587702616049,2188.7344430216353,1.212608418939626,14992.44,-915872.1722883104,-707037.1169384284,610.589843516204
8,4.0,1.021,0.27,6.05,-10.51,-9.409228428348476,-45.595507542901956,152.70793218243665,-6.337045347090346,-23.035885240427277,77.01828002261911,-3.5275698458758384,-4.426269183005189,19.96530418681861,72.76572552196244,-105.38128493360598,0.23696402933311203,3911.2748318831905,1.202983245954597,14817.39,-915872.1722883104,-707037.1169384284,610.589843516204
8,5.0,1.021,0.27,6.05,-10.51,-17.84282113338759,-70.59447139922366,239.75126754581743,-10.87747611620345,-26.736971617692564,97.09719054701118,-5.595426168023382,-3.100497449786461,20.138321372144745,73.44389492793078,-112.13810252669776,0.2976692294916781,6108.46046066172,1.190611239300009,14642.33,-915872.1722883104,-707037.1169384284,610.589843516204
8,6.0,1.021,0.27,6.05,-10.51,-31.845140950039358,-98.81544081506887,346.9119361134846,-17.41902057279075,-29.71852112818212,117.21296298886756,-7.3223044058498195,-3.1964997236110335,20.07713800010314,73.62267567085576,-120.37599578518976,0.3590065490989413,8772.86389411202,1.175554441566093,14467.27,-915872.1722883104,-707037.1169384284,610.589843516204
8,7.0,1.021,0.27,6.05,-10.51,-53.03830201472012,-130.40179502733807,474.1544024002409,-25.004486515422016,-33.789242174723285,137.26825513258513,-7.548199720352049,-5.168057694079207,20.05639145029626,72.97410816066743,-126.50193122372822,0.42186344580255225,11932.114494128626,1.1579231002963708,14292.21,-915872.1722883104,-707037.1169384284,610.589843516204
8,8.0,1.021,0.27,6.05,-10.51,-81.67321910098627,-167.14280779176391,621.4690933063658,-32.10720443561962,-39.995140918198274,157.3901653274935,-6.651886867202046,-6.927219697594322,20.23400805252062,71.95092496478607,-128.75671738760016,0.4864412041245158,15589.636827406091,1.137840494734771,14117.15,-915872.1722883104,-707037.1169384284,610.589843516204
8,9.0,1.021,0.27,6.05,-10.51,-117.08547880827494,-210.57016099960902,789.039537338913,-38.79331741570452,-46.71762952502823,177.81566299451632,-7.112341267266876,-6.1298251634567915,20.6071157058047,71.14484837732307,-129.70551300086026,0.5521556237957372,19690.42935384888,1.1154196314297307,13942.09,-915872.1722883104,-707037.1169384284,610.589843516204
8,10.0,1.021,0.27,6.05,-10.51,-159.73527836949242,-260.1359497022659,977.1775778885858,-46.80045881273265,-52.297620038493555,198.4573339512281,-8.792587567884125,-5.503976870422274,20.60045602172127,70.52482936475764,-131.82494682031208,0.6185745524589902,24166.420562573134,1.0907728697853798,13767.03,-915872.1722883104,-707037.1169384284,610.589843516204
8,11.0,1.021,0.27,6.05,-10.51,-210.96823917601958,-315.474196057163,1185.9179618753715,-55.59547242339831,-58.71958477456628,219.02213175423674,-8.440964717212756,-7.405280071414843,20.602240856374543,69.73581615814855,-133.43455522141377,0.6860792917162895,29000.81807693823,1.0640639370788154,13591.98,-915872.1722883104,-707037.1169384284,610.589843516204
8,12.0,1.021,0.27,6.05,-10.51,-270.71136090719193,-377.94882919823203,1415.299957501529,-63.94147686306055,-66.12268555149677,239.80390318183072,-8.758084638714699,-6.864465757970245,20.94438427761099,69.01455925277455,-134.03922544238722,0.7547449452055822,34153.15099711518,1.0354674456392714,13416.92,-915872.1722883104,-707037.1169384284,610.589843516204
8,13.0,1.021,0.27,6.05,-10.51,-339.29718901187516,-447.40327219069286,1665.571420801524,-73.40493139832674,-72.8674695893147,260.7189352260846,-9.719692077775386,-7.323719613969278,20.857306029968402,68.36106869588755,-135.2105260767789,0.8242311364320233,39538.45128935783,1.0051426898267222,13241.86,-915872.1722883104,-707037.1169384284,610.589843516204
8,14.0,1.021,0.27,6.05,-10.51,-417.4382236040102,-524.1791542302979,1936.7482162226886,-82.81385425778655,-80.76155228807909,281.6865620917941,-9.461973243188792,-7.770453762445738,21.137791165126487,67.67453042532486,-135.71882487813815,0.8948355328851495,45125.399289077235,0.9732865302729041,13066.8,-915872.1722883104,-707037.1169384284,610.589843516204
8,15.0,1.021,0.27,6.05,-10.51,-505.21579298061334,-608.6893939037641,2229.015811063778,-92.91669068992955,-88.28416864554511,302.83791687814863,-10.389063200522715,-7.938707737109238,21.110771380246156,67.06043950227829,-136.4644861946362,0.9663357355040032,50829.50144224408,0.9400822809183884,12891.74,-915872.1722883104,-707037.1169384284,610.589843516204
8,16.0,1.021,0.27,6.05,-10.51,-603.2375363836932,-701.1321845052203,2542.441892323529,-103.11587605073913,-96.62449278986573,324.06473578174536,-10.414471297908225,-8.124125423170826,21.37194966964569,66.43981013900707,-136.8614064166508,1.0388927077808252,56602.418413941334,0.9057319525679399,12716.68,-915872.1722883104,-707037.1169384284,610.589843516204
8,17.0,1.021,0.27,6.05,-10.51,-711.7372030477758,-801.8047477376274,2877.189942424209,-113.9484809916925,-104.86175045518117,345.42529072328966,-10.80507411377981,-8.806673783464054,21.378944831823397,65.85311310563849,-137.37800731408302,1.1123960564738913,62365.80477691607,0.8704297922014603,12541.63,-915872.1722883104,-707037.1169384284,610.589843516204
8,18.0,1.021,0.27,6.05,-10.51,-831.1127563960266,-911.0584444276946,3233.3542680278456,-124.92720350386777,-113.56194881044712,366.93821164493573,-11.423996536166273,-8.536644258629469,21.567889470926893,65.2927883294788,-137.72837922698855,1.186935981851058,68063.09141350063,0.8343786386833938,12366.57,-915872.1722883104,-707037.1169384284,610.589843516204
8,19.0,1.021,0.27,6.05,-10.51,-961.7633394105626,-1029.054975318598,3611.0823103402404,-136.35226749369593,-122.5608735812361,388.5460954266474,-11.441311906305986,-9.172892952846075,21.725293491685555,64.73931944209633,-138.04906345094093,1.2625010739485099,73627.11587140623,0.7977749099439349,12191.51,-915872.1722883104,-707037.1169384284,610.589843516204
8,20.0,1.021,0.27,6.05,-10.51,-1103.9737396190383,-1156.1517619188567,4010.5138645177785,-148.16866084224924,-131.67698480310267,410.32632329728193,-11.972919884125991,-9.423167518289,21.81141093610986,64.21533012983879,-138.37261583399984,1.3391060411087816,78995.43004072458,0.760813353548442,12016.45,-915872.1722883104,-707037.1169384284,610.589843516204
8,21.0,1.021,0.27,6.05,-10.51,-1258.1375645629896,-1292.5991125216517,4431.786294302182,-160.23120289737093,-141.2023309000108,432.2575833049463,-12.369896399682476,-9.454086890088163,22.02230052293297,63.70692704415338,-138.6121701445193,1.4168080136252204,84113.4144073656,0.7236846331944132,11841.39,-915872.1722883104,-707037.1169384284,610.589843516204
8,22.0,1.021,0.27,6.05,-10.51,-1424.6038615311481,-1438.6281874205536,4875.069427167114,-172.71541595193526,-150.95981609502445,454.33628763983404,-12.543810825869194,-9.964927961505678,22.187926441978373,63.21129473019635,-138.8453111814803,1.4956234205136725,88924.96523183788,0.6865707336950018,11666.33,-915872.1722883104,-707037.1169384284,610.589843516204
8,23.0,1.021,0.27,6.05,-10.51,-1603.6925706119653,-1594.5530303294863,5340.532281601429,-185.55072532745564,-160.92275296593186,476.61199823801485,-13.019554727799814,-10.176854917474662,22.34134693001622,62.736643857304074,-139.06585089230236,1.5755966260692984,93381.57697260317,0.6496466704050899,11491.27,-915872.1722883104,-707037.1169384284,610.589843516204
8,24.0,1.021,0.27,6.05,-10.51,-1795.7788547339967,-1760.6253701741955,5828.356009894401,-198.6854053945633,-171.2349963393377,499.0773185339443,-13.385504789819246,-10.325698752434267,22.576365397309544,62.27561868291506,-139.24392702136828,1.6567865805007629,97441.24769703153,0.61307809221937,11316.22,-915872.1722883104,-707037.1169384284,610.589843516204
8,25.0,1.021,0.27,6.05,-10.51,-2001.2135037538856,-1937.0994719646098,6338.748525219529,-212.217556796018,-181.79473291767883,521.7432825301764,-13.64144602334318,-10.744186292941588,22.79071567917041,61.827152005997476,-139.41521184228822,1.7392385553899676,101065.40370914046,0.5770192528145862,11141.16,-915872.1722883104,-707037.1169384284,610.589843516204
8,26.0,1.021,0.27,6.05,-10.51,-2220.337999171088,-2124.2746373702635,6871.927612576697,-226.11031350730906,-192.59439035735787,544.649330577888,-14.079438760318013,-10.98794263355609,23.008657417819766,61.39485134878987,-139.57657904050535,1.8230148635872172,104223.06141634425,0.5416135290442599,10966.1,-915872.1722883104,-707037.1169384284,610.589843516204
8,27.0,1.021,0.27,6.05,-10.51,-2453.529165287889,-2322.4196500663647,7428.129018765708,-240.33671500309575,-203.7227389396895,567.8019973477676,-14.458703765554352,-11.193708579341768,23.289837413465833,60.97490289895189,-139.71353908215082,1.9081882162233668,106890.11876448894,0.5069921533914177,10791.04,-915872.1722883104,-707037.1169384284,610.589843516204
8,28.0,1.021,0.27,6.05,-10.51,-2701.155772957094,-2531.806827789723,8007.61621718193,-254.96286923445385,-215.12262336282654,591.2186572639133,-14.77079382983598,-11.576098608496077,23.568635324038805,60.56634505295041,-139.84430197508476,1.9948271467231335,109047.66175320682,0.47327320363113434,10615.98,-915872.1722883104,-707037.1169384284,610.589843516204
8,29.0,1.021,0.27,6.05,-10.51,-2963.584866911536,-2752.742070421917,8610.670301934832,-269.97208116624205,-226.79161070910902,614.9369737733276,-15.208414541865377,-11.84793110942081,23.860743103032615,60.17111725062642,-139.96786654263994,2.0830119159692986,110683.89924370895,0.4405620041356648,10440.92,-915872.1722883104,-707037.1169384284,610.589843516204
8,30.0,1.021,0.27,6.05,-10.51,-3241.21320956202,-2985.515930613563,9237.595418740368,-285.3517603031613,-238.79462403395686,638.9721803477734,-15.608733643716711,-12.104788301719648,24.208237461776672,59.78687400708809,-140.07595793360863,2.1728316114910604,111793.60601609011,0.4089506666394327,10265.86,-915872.1722883104,-707037.1169384284,610.589843516204
8,31.0,1.021,0.27,6.05,-10.51,-3534.43760311239,-3230.4259873769042,9888.72620696688,-301.15492942619505,-251.09391670870076,663.3481139347371,-15.976080745333793,-12.485692715125372,24.562626806522722,59.41298783740604,-140.17966990633116,2.2643749127847843,112376.85440181645,0.37851779328454255,10090.81,-915872.1722883104,-707037.1169384284,610.589843516204
8,32.0,1.021,0.27,6.05,-10.51,-3843.6607363788657,-3487.799089442407,10564.420653646186,-317.3715332431154,-263.69911004898034,688.1032450094629,-16.440441078731656,-12.77896081858538,24.942199667338862,59.05056565366113,-140.27733092185704,2.3577404409495006,112439.93858892938,0.34932905714291923,9915.75,-915872.1722883104,-707037.1169384284,610.589843516204
8,33.0,1.021,0.27,6.05,-10.51,-4169.314309189666,-3757.952984722522,11265.065738177238,-334.00820965331616,-276.66188271968707,713.2642145178514,-16.8832195887192,-13.108796853094878,25.40672265421386,58.69781166224499,-140.36475412091494,2.4530558111004632,111996.63080373092,0.3214372448786946,9740.69,-915872.1722883104,-707037.1169384284,610.589843516204
8,34.0,1.021,0.27,6.05,-10.51,-4511.851483214677,-4041.235207818027,11991.119855041745,-351.1448651163272,-289.97732790670455,738.9330044976562,-17.365537521639045,-13.539941103354458,25.945282260063685,58.354694487146766,-140.44992172288616,2.5506694961513925,111083.4581129087,0.2948812181027954,9565.63,-915872.1722883104,-707037.1169384284,610.589843516204
8,35.0,1.021,0.27,6.05,-10.51,-4871.768512983275,-4338.039244054008,12743.124405426897,-368.7829618463482,-303.6878480728181,765.1733050920978,-17.921302671446607,-13.899381289249957,26.532923439652212,58.021656888956244,-140.5289999122652,2.65078707272743,109724.37657742244,0.2696867014986517,9390.57,-915872.1722883104,-707037.1169384284,610.589843516204
8,36.0,1.021,0.27,6.05,-10.51,-5249.595752079226,-4648.757169051069,13521.666662292027,-386.9558112693201,-317.8223202653513,792.0166954197563,-18.439648297653182,-14.341364219059875,27.167381208283537,57.69725541314561,-140.60236661524758,2.7535583231522427,107940.79861999974,0.24586865473430067,9215.51,-915872.1722883104,-707037.1169384284,610.589843516204
8,37.0,1.021,0.27,6.05,-10.51,-5645.872796682809,-4973.815303633821,14327.37670108493,-405.69659884710813,-332.3673374773548,819.5131965528797,-19.02660533982363,-14.782696867589294,27.830548238562564,57.38219205298197,-140.67391782725238,2.8591371306685187,105757.06446250979,0.22343207237835355,9040.45,-915872.1722883104,-707037.1169384284,610.589843516204
8,38.0,1.021,0.27,6.05,-10.51,-6061.1762378420035,-5313.6532341362545,15160.924889486614,-425.0084013327365,-347.3800813353818,847.7028548482522,-19.621812381195234,-15.223601754857324,28.554746314569453,57.07575149750134,-140.7391966713608,2.9676860296948213,103200.50153400662,0.2023727348781802,8865.4,-915872.1722883104,-707037.1169384284,610.589843516204
8,39.0,1.021,0.27,6.05,-10.51,-6496.101508328137,-5668.725061815127,16023.028412871674,-444.94426161796457,-362.84916575599505,876.6294640577624,-20.237650507685984,-15.731096625255487,29.30957925397363,56.77766593062125,-140.8029788780043,3.079369407555915,100300.50484573498,0.18267774191955027,8690.34,-915872.1722883104,-707037.1169384284,610.589843516204
8,40.0,1.021,0.27,6.05,-10.51,-6951.272115207916,-6039.519582515063,16914.447914762135,-465.50768602463154,-378.8164765103053,906.3435030286022,-20.905554317097142,-16.203701399077566,30.121784758519695,56.48811490437777,-140.8623165105146,3.1943605045100623,97088.75671319154,0.1643263398666182,8515.28,-915872.1722883104,-707037.1169384284,610.589843516204
8,41.0,1.021,0.27,6.05,-10.51,-7427.344609135847,-6426.529279881569,17835.991853117142,-486.7469480507636,-395.2956659044755,936.8858773911835,-21.570771891363965,-16.7566381735345,30.97562439226852,56.206282523101095,-140.91934798565265,3.312836178920907,93598.47373364761,0.14729057028108627,8340.22,-915872.1722883104,-707037.1169384284,610.589843516204
8,42.0,1.021,0.27,6.05,-10.51,-7924.996554963371,-6830.288987006623,18788.515980538086,-508.67886562808974,-412.3097153594034,968.3127365941394,-22.30287401001555,-17.279996576847765,31.882155373452413,55.9326449963246,-140.97350018494393,3.434980557050315,89864.31114224446,0.13153604537732386,8165.16,-915872.1722883104,-707037.1169384284,610.589843516204
8,43.0,1.021,0.27,6.05,-10.51,-8444.948150316764,-7251.338540590801,19772.926299861858,-531.3446981406865,-429.88949312926025,1000.6667046918793,-23.031343593724326,-17.877768086491262,32.83848568755149,55.66632584538121,-141.0250795910434,3.560983828497966,85921.89915716452,0.11702265912748214,7990.1,-915872.1722883104,-707037.1169384284,610.589843516204
8,44.0,1.021,0.27,6.05,-10.51,-8987.94015770831,-7690.261818317294,20790.180454388836,-554.7706285714204,-448.0514065220931,1034.007356060251,-23.82868742040257,-18.455749301365707,33.84806586152462,55.407796819384195,-141.0744917411694,3.691043171157244,81807.52371285437,0.10370533404656346,7815.05,-915872.1722883104,-707037.1169384284,610.589843516204
8,45.0,1.021,0.27,6.05,-10.51,-9554.759981467265,-8147.650396726181,21841.288565223716,-578.9982630908663,-466.8311577496783,1068.380888505801,-24.629663021595615,-19.10461532937081,34.91110910288467,55.15626309802263,-141.12167556482146,3.8253632593149134,77557.7754455048,0.09153476621052607,7639.99,-915872.1722883104,-707037.1169384284,610.589843516204
8,46.0,1.021,0.27,6.05,-10.51,-10146.215468733526,-8624.139382555379,22927.311546508652,-604.0554735542879,-486.25096609239716,1103.849755043274,-25.495312406907793,-19.740772683613713,36.03335174816173,54.91210645521118,-141.16672298784556,3.964156140583593,73209.1887296666,0.08045817683586082,7464.93,-915872.1722883104,-707037.1169384284,610.589843516204
8,47.0,1.021,0.27,6.05,-10.51,-10763.16566260366,-9120.376320153402,24049.371261409302,-629.9917170002436,-506.3404662580677,1140.465330133305,-26.37817408361995,-20.445695685455828,37.20990202246118,54.67468035111731,-141.2102690925898,4.1076431465649454,68797.85199365384,0.07041992567007221,7289.87,-915872.1722883104,-707037.1169384284,610.589843516204
8,48.0,1.021,0.27,6.05,-10.51,-11406.501149174705,-9637.057985505993,25208.648969724152,-656.8324680333218,-527.1370865966411,1178.2931836746845,-27.3165704131832,-21.14810730279815,38.45456566327372,54.44420059584982,-141.25141672776223,4.256056478555398,64359.09684912886,0.06136224968919297,7114.81,-915872.1722883104,-707037.1169384284,610.589843516204
8,49.0,1.021,0.27,6.05,-10.51,-12077.157483808222,-10174.894952907882,26406.387441725616,-684.6371395968182,-548.6590757364467,1217.3926671452346,-28.29407074175928,-21.907739833005948,39.755407449322774,54.220270779666606,-141.2917792643044,4.409637908302468,59927.061328461015,0.05322592530755235,6939.75,-915872.1722883104,-707037.1169384284,610.589843516204
8,50.0,1.021,0.27,6.05,-10.51,-12776.112420468693,-10734.642709136946,27643.890233634495,-713.4331441731895,-570.9607233941531,1257.8304620656147,-29.309538705873578,-22.694451721799332,41.131822430318444,54.002781135711906,-141.3297036248052,4.568642748130147,55534.44896161534,0.04595091527055878,6764.69,-915872.1722883104,-707037.1169384284,610.589843516204
8,51.0,1.021,0.27,6.05,-10.51,-13504.381982324332,-11317.085952455856,28922.528615087314,-743.2799278103926,-594.0566543355307,1299.67820164268,-30.390526050717433,-23.50868323022013,42.57403429334042,53.79173842061019,-141.36686595786318,4.733338338104345,51212.07625247962,0.03947693105922,6589.64,-915872.1722883104,-707037.1169384284,610.589843516204
8,52.0,1.021,0.27,6.05,-10.51,-14263.04191848276,-11923.042266587392,30243.744682394714,-774.2234856948475,-618.0007873030902,1343.0045900015632,-31.503591174079126,-24.385016726239602,44.09313084808851,53.58670211129393,-141.40242737893146,4.904009450174889,46988.652249466664,0.03374399431412193,6414.58,-915872.1722883104,-707037.1169384284,610.589843516204
8,53.0,1.021,0.27,6.05,-10.51,-15053.211074284567,-12553.3837904396,31609.06019432585,-806.3109116590623,-642.8308565506145,1387.8927919084076,-32.68448804002833,-25.279268137113107,45.69639886370812,53.38782648097392,-141.43641844464614,5.080959079320657,42890.41916792745,0.02869293626376196,6239.52,-915872.1722883104,-707037.1169384284,610.589843516204
8,54.0,1.021,0.27,6.05,-10.51,-15876.074045611418,-13209.013430836243,33020.08457320052,-839.6124764888251,-668.5800152470825,1434.4238436295175,-33.925093242186584,-26.231304425220934,47.37965393869276,53.194815939971086,-141.46983210018507,5.264511776812926,38940.900457931886,0.024265870981073807,6064.46,-915872.1722883104,-707037.1169384284,610.589843516204
8,55.0,1.021,0.27,6.05,-10.51,-16732.86135240302,-13890.875767732081,34478.4906671713,-874.1772315100571,-695.3128874516191,1482.6851680451502,-35.21592524135483,-27.239581538638134,49.1602638783234,53.007462234681206,-141.50156883102878,5.455012624308753,35160.763716522546,0.020406704568523774,5889.4,-915872.1722883104,-707037.1169384284,610.589843516204
8,56.0,1.021,0.27,6.05,-10.51,-17624.874834888185,-14599.981903897751,35986.06922981293,-910.0733639928457,-723.068708523423,1532.7781642555187,-36.59038858650833,-28.279971081301685,51.04189111172482,52.82586136758532,-141.5322632503518,5.652838017178057,31567.529264519362,0.017061358454544078,5714.34,-915872.1722883104,-707037.1169384284,610.589843516204
8,57.0,1.021,0.27,6.05,-10.51,-18553.493330248886,-15337.381446078527,37544.71037014315,-947.3821582106588,-751.8985934308641,1584.8042782276761,-38.03645721442116,-29.392193365445888,53.02742854029539,52.649698094854415,-141.56240197289765,5.858395711886677,28175.51703658954,0.014178183253609375,5539.28,-915872.1722883104,-707037.1169384284,610.589843516204
8,58.0,1.021,0.27,6.05,-10.51,-19520.15271894532,-16104.178465343353,39156.38804496882,-986.1702878309932,-781.877298643542,1638.8758946241987,-39.553229683016625,-30.573152537336476,55.13586460334697,52.47881875670117,-141.5911388193689,6.072125035648522,24995.81550180419,0.011708250243747642,5364.23,-915872.1722883104,-707037.1169384284,610.589843516204
8,59.0,1.021,0.27,6.05,-10.51,-20526.3787439243,-16901.555783162214,40823.21920235799,-1026.523947635782,-813.0618980879059,1695.1219940300628,-41.17021921728951,-31.805211922526933,57.37636968095791,52.31327815975282,-141.61889197274772,6.294511680210023,22036.196690912853,0.00960547066673761,5189.17,-915872.1722883104,-707037.1169384284,610.589843516204
8,60.0,1.021,0.27,6.05,-10.51,-21573.785910228384,-17730.74711151924,42547.44156307661,-1068.5465732659436,-845.5166587107764,1753.677603583627,-42.88897908169786,-33.11887442626259,59.756709087995986,52.1528604356761,-141.6462308463599,6.5260876411014594,19301.223246120906,0.00782681606765933,5014.11,-915872.1722883104,-707037.1169384284,610.589843516204
8,61.0,1.021,0.27,6.05,-10.51,-22664.085239054413,-18593.06243641934,44331.42786760569,-1112.3352199004837,-879.3339842137297,1814.6911086786913,-44.70495763150581,-34.52974204779569,62.297225641931455,51.997348487248,-141.67258361402202,6.767438551313011,16792.35437818962,0.0063324102938621465,4839.05,-915872.1722883104,-707037.1169384284,610.589843516204
8,62.0,1.021,0.27,6.05,-10.51,-23799.101286513764,-19489.914891756456,46177.72854209638,-1157.999732740653,-914.60371736052,1878.3350162449242,-46.64591140327629,-36.02220024357935,65.01985172183376,51.8467648123855,-141.69784765181782,7.019221242872023,14508.102730991894,0.00508556086958481,4663.99,-915872.1722883104,-707037.1169384284,610.589843516204
8,63.0,1.021,0.27,6.05,-10.51,-24980.77612086652,-20422.797686599482,48089.06601736237,-1205.6775200586137,-951.4113394536038,1944.7980689729866,-48.73270561031554,-37.61158072689994,67.93853495109661,51.7010309249407,-141.72270072116282,7.282164347325992,12444.257649706944,0.00405279036180122,4488.93,-915872.1722883104,-707037.1169384284,610.589843516204
8,64.0,1.021,0.27,6.05,-10.51,-26211.221423532657,-21393.32357443103,50068.39691533892,-1255.5166760627922,-989.8743388394397,2014.2905895466342,-50.965950572987,-39.33315027177195,71.07852596476964,51.55989940600386,-141.7470506314611,7.557097757682141,10594.156357661082,0.003203777856431056,4313.88,-915872.1722883104,-707037.1169384284,610.589843516204
8,65.0,1.021,0.27,6.05,-10.51,-27492.62986593799,-22403.181799175683,52118.805320610736,-1307.6673464120543,-1030.1263495776655,2087.046115145766,-53.36390133389043,-41.19079270474849,74.47447503944258,51.42329141341366,-141.770419776425,7.84492617419967,8949.034340815862,0.002511334426570164,4138.82,-915872.1722883104,-707037.1169384284,610.589843516204
8,66.0,1.021,0.27,6.05,-10.51,-28827.434806261772,-23454.253196563568,54243.73414088516,-1362.3171781948581,-1072.3032522331935,2163.341752375873,-55.96722770823876,-43.184511065555824,78.16023345538308,51.29122359207337,-141.7931087331231,8.146710901378743,7498.2779534805295,0.0019512055506652687,3963.76,-915872.1722883104,-707037.1169384284,610.589843516204
8,67.0,1.021,0.27,6.05,-10.51,-30218.21730367398,-24548.516247865326,56446.83720411518,-1419.682881828516,-1116.555705665992,2243.480127340925,-58.80046876883776,-45.35109271170635,82.16989401321837,51.1635553607284,-141.815569884536,8.46363052846264,6229.836485079786,0.0015019979935696937,3788.7,-915872.1722883104,-707037.1169384284,610.589843516204
8,68.0,1.021,0.27,6.05,-10.51,-31667.797962953166,-25688.13150403311,58732.10955559141,-1480.0014777330805,-1163.0788142077593,2327.8090443636584,-61.88090570999954,-47.73285727030858,86.55623746829792,51.04008716743295,-141.83749559125644,8.797047281008163,5130.565473507465,0.001144978889263655,3613.64,-915872.1722883104,-707037.1169384284,610.589843516204
8,69.0,1.021,0.27,6.05,-10.51,-33179.293970632636,-26875.50555963222,61103.98929699711,-1543.5427275215907,-1212.0954831338952,2416.74013537333,-65.25555944672114,-50.33728670993529,91.38331961556467,50.92080478959127,-141.8585691218746,9.148548672348705,4186.554983262625,0.0008638900875351205,3438.58,-915872.1722883104,-707037.1169384284,610.589843516204
8,70.0,1.021,0.27,6.05,-10.51,-34756.10609342625,-28113.25986563166,63567.33632205204,-1610.6364743998674,-1263.8361507985783,2510.746216576196,-34.93165818628515,-26.790071276135254,43.836676246499366,50.80570176157585,-141.87938988898645,9.51995792764239,3383.4960947004065,0.0006447653925231484,3263.52,-915872.1722883104,-707037.1169384284,610.589843516204
8,71.0,1.021,0.27,6.05,-10.51,-36366.822279502805,-29377.01591518712,66073.01250111632,-1610.8047857819317,-1263.6830739229422,2500.6218337365212,-0.20136615932111449,0.12661420893842934,-10.066738961185516,50.69175068000548,-141.8856678631871,9.496989631196762,2500.503606018238,0.0004788082832534913,3263.52,-915872.1722883104,-707037.1169384284,610.589843516204
8,72.0,1.021,0.27,6.05,-10.51,-37977.732317508,-30640.639496720058,68568.60999818178,-1611.0223640697134,-1263.5698212164168,2490.5859816656543,-0.23753869470286174,0.0971195411390204,-9.999702460283286,50.5773767371545,-141.8919195604186,9.474378297041259,1850.2771433606542,0.0003559929837638841,3263.52,-915872.1722883104,-707037.1169384284,610.589843516204
8,73.0,1.021,0.27,6.05,-10.51,-39588.87902114783,-31904.16522438196,71054.2062596042,-1611.2763127374662,-1263.4858545153236,2480.6161679682414,-0.26879400301493844,0.07207504631955411,-9.942470918512214,50.46256310116898,-141.8981537696218,9.452041946712795,1370.8257640920583,0.0002649946311324551,3263.52,-915872.1722883104,-707037.1169384284,610.589843516204
8,74.0,1.021,0.27,6.05,-10.51,-41200.293797626065,-33167.618341910274,73529.85901178767,-1611.557039972288,-1263.4234843035442,2470.696775231665,-0.2913560109152395,0.053614163910437954,-9.898147304012955,50.34730728259641,-141.90437380592286,9.429922358256587,1016.8472618490101,0.00019749021701579063,3263.52,-915872.1722883104,-707037.1169384284,610.589843516204
8,75.0,1.021,0.27,6.05,-10.51,-42811.99942507574,-34431.01747393986,75995.61287648274,-1611.8568542280184,-1263.3770360358649,2460.816719427228,-0.3073873391656328,0.03994919589013886,-9.863336139059376,50.231618201495344,-141.91057156248104,9.40797670516388,755.1809781154429,0.00014735493082478055,3263.52,-915872.1722883104,-707037.1169384284,610.589843516204
8,76.0,1.021,0.27,6.05,-10.51,-44424.01201929614,-35694.37633118614,78451.5027374813,-1612.1703216851301,-1263.342427710747,2450.967709992275,-0.3189084604738299,0.029780584753808306,-9.835775499741652,50.11549694828331,-141.91674294306955,9.38617365041856,561.5179000792899,0.00011007597308568063,3263.52,-915872.1722883104,-707037.1169384284,610.589843516204
8,77.0,1.021,0.27,6.05,-10.51,-46036.343250347534,-36957.70518889061,80897.55625747505,-1612.4936242454985,-1263.3166310093598,2441.1428806994945,-0.32720704750987,0.02220920665507127,-9.816042513709691,49.99893310036876,-141.92288860798746,9.364488693575106,418.0129953038755,8.232424219371473e-05,3263.52,-915872.1722883104,-707037.1169384284,610.589843516204
8,78.0,1.021,0.27,6.05,-10.51,-47649.00157067122,-38221.01174403184,83333.7931657888,-1612.8239379087713,-1263.297370214559,2431.332652306642,-0.33308873660484895,0.01657775845233245,-9.805262145743757,49.88186626056611,-141.92900985055115,9.34289361325373,311.5487333358922,6.164094386582746e-05,3263.52,-915872.1722883104,-707037.1169384284,610.589843516204
8,79.0,1.021,0.27,6.05,-10.51,-49261.99281057563,-39484.301589270115,85760.22468534413,-1613.159174375967,-1263.2829847920589,2421.531539043796,-0.3371218370089373,0.012391600260818971,-9.797160783703646,49.764268621243204,-141.9351071479164,9.321371271786955,232.47169662400145,4.6207935993901234e-05,3263.52,-915872.1722883104,-707037.1169384284,610.589843516204
8,80.0,1.021,0.27,6.05,-10.51,-50875.32102606776,-40747.578928337345,88176.85869869942,-1613.4977186938027,-1263.2722293378947,2411.7374976335163,-0.3397554281273652,0.009277040813446755,-9.79114109349077,49.64614295121192,-141.9411800289967,9.299913473709498,173.6684478785781,3.467921071652368e-05,3263.52,-915872.1722883104,-707037.1169384284,610.589843516204
8,81.0,1.021,0.27,6.05,-10.51,-52488.98889570143,-42010.84691214998,90583.7013821892,-1613.8383533143008,-1263.2641765979072,2401.9487162187484,-0.341344477168169,0.006955875084048732,-9.786668144914087,49.52748734064873,-141.94722789180776,9.278513507303588,129.89055620478197,2.6057147139046984e-05,3263.52,-915872.1722883104,-707037.1169384284,610.589843516204
8,82.0,1.021,0.27,6.05,-10.51,-54102.998079864185,-43274.10791667657,92980.75735131867,-1614.1801629339946,-1263.2581305379288,2392.163794249891,-0.34215971733854356,0.005222892343417702,-9.78334439534021,49.40829914176025,-141.95325027005265,9.257166307802395,97.26113847817325,1.960150033146299e-05,3263.52,-915872.1722883104,-707037.1169384284,610.589843516204
8,83.0,1.021,0.27,6.05,-10.51,-55717.34939462525,-44537.3636758032,95368.02993240661,-1614.5224812242486,-1263.2535841375784,2382.381738998401,-0.3424036045610684,0.003926793665448921,-9.780876605991695,49.28857596079905,-141.9592468388727,9.235868320306952,72.91313084662575,1.476237997834202e-05,3263.52,-915872.1722883104,-707037.1169384284,610.589843516204
8,84.0,1.021,0.27,6.05,-10.51,-57332.04306314891,-45800.61547028786,97745.52156161985,-1614.8648250827366,-1263.2501658992392,2372.6018231869234,-0.3422252245100168,0.002955937675178871,-9.779046932884153,49.168315227268025,-141.96521745536984,9.214617019749252,54.723821542129926,1.1130839898806976e-05,3263.52,-915872.1722883104,-707037.1169384284,610.589843516204
8,85.0,1.021,0.27,6.05,-10.51,-58947.07892398429,-47063.864283542374,100113.23409464012,-1615.2068288369267,-1263.2475929483649,2362.8234904176065,-0.34173369100792,0.0022277268521800233,-9.77769289874773,49.047514238724254,-141.97116205472676,9.193410545664237,41.11981001580837,8.402410354260619e-06,3263.52,-915872.1722883104,-707037.1169384284,610.589843516204
8,86.0,1.021,0.27,6.05,-10.51,-60562.45650068965,-48327.1108551552,102471.16890786748,-1615.548219243488,-1263.2456534086402,2353.0463260676584,-0.34100919777605265,0.0016808438412542843,-9.776693425600394,48.92617027345866,-141.9770806056143,9.172247578829895,30.9335386076116,6.350152622038157e-06,3263.52,-915872.1722883104,-707037.1169384284,610.589843516204
8,87.0,1.021,0.27,6.05,-10.51,-62178.175076302534,-49590.355737835074,104819.32701200873,-1615.8887934028571,-1263.2441891779242,2343.2700216655458,-0.3401108796597582,0.001269662119584228,-9.7759583009883,48.8042805812578,-141.98297310752258,9.151127208225759,23.29763294545609,4.8047269418386636e-06,3263.52,-915872.1722883104,-707037.1169384284,610.589843516204
8,88.0,1.021,0.27,6.05,-10.51,-63794.23375554029,-50853.599345164585,107157.70914689825,-1616.2284004604774,-1263.2430823702387,2333.494348059984,-0.33908250723175565,0.0009601646322999009,-9.775420326726811,48.68184239827859,-141.9888395730515,9.13004882762112,17.56699977858387,3.6396321529821013e-06,3263.52,-915872.1722883104,-707037.1169384284,610.589843516204
8,89.0,1.021,0.27,6.05,-10.51,-65410.63151451333,-52116.841990162524,109486.31585735062,-1616.5669265955348,-1263.2422439605211,2323.719133042978,-0.33795660690777074,0.0007269487018910203,-9.77502946056494,48.55885295392247,-141.99468001867967,9.10901204964733,13.261325537688123,2.7602631053906926e-06,3263.52,-915872.1722883104,-707037.1169384284,610.589843516204
8,90.0,1.021,0.27,6.05,-10.51,-67027.36722267506,-53380.08390241381,111805.14752717676,-1616.9042886638363,-1263.2416089210717,2313.9442516205063,-0.3367574303719087,0.0005510198168632873,-9.774748433137791,48.43530947660221,-142.00049446180404,9.088016668772491,10.022585885037007,2.095789470548104e-06,3263.52,-915872.1722883104,-707037.1169384284,610.589843516204
8,91.0,1.021,0.27,6.05,-10.51,-68644.43968298458,-54643.325259516714,114114.20444067931,-1617.2404228978296,-1263.2411274243302,2304.1696085363687,-0.3355031123867151,0.00041815846603635503,-9.77454947974977,48.31120918866734,-142.00628291952702,9.067062594933455,7.5836124232251505,1.593121867916265e-06,3263.52,-915872.1722883104,-707037.1169384284,610.589843516204
8,92.0,1.021,0.27,6.05,-10.51,-70261.84764314171,-55906.56619591468,116413.48679988699,-1617.5752810137258,-1263.240761780889,2294.3951321633012,-0.33420724164240767,0.0003177088937307272,-9.774411902028351,48.18654930704218,-142.0120454087786,9.046149830441095,5.744813848458981,1.2124239445903774e-06,3263.52,-915872.1722883104,-707037.1169384284,610.589843516204
8,93.0,1.021,0.27,6.05,-10.51,-71879.58980778181,-57169.80681245458,118702.99474314171,-1617.908826873136,-1263.2404838218574,2284.620769331295,-0.33288001828224856,0.00024167782084923316,-9.774320256761829,48.06132704388087,-142.01778194627533,9.025278450336513,4.356916998386831,9.23770659971058e-07,3263.52,-915872.1722883104,-707037.1169384284,610.589843516204
8,94.0,1.021,0.27,6.05,-10.51,-73497.66485000291,-58433.04718542107,120982.72836259683,-1618.2410332611307,-1263.2402723686364,2274.8464803384263,-0.33152911044291367,0.00018406311051892373,-9.774263010933048,47.93553960593669,-142.02349254863006,9.004448583437304,3.3081570638609423,7.046573286555481e-07,3263.52,-915872.1722883104,-707037.1169384284,610.589843516204
8,95.0,1.021,0.27,6.05,-10.51,-75116.07141982764,-59696.287373155734,123252.68771688179,-1618.5718794177915,-1263.2401112911095,2265.07223515646,-0.3301602901890621,0.00014035320472583336,-9.77423154280209,47.80918419415402,-142.02917723252543,8.98366039787865,2.514759646945477,5.381408095795147e-07,3263.52,-915872.1722883104,-707037.1169384284,610.589843516204
8,96.0,1.021,0.27,6.05,-10.51,-76734.80814910513,-60959.52741989003,125512.87283844875,-1618.9013496201294,-1263.2399883929083,2255.2980112564965,-0.3287779074759181,0.00010715343960001692,-9.774219400120767,47.682258003995884,-142.03483601477677,8.962914092824393,1.9138610191732561,4.1145090959560515e-07,3263.52,-915872.1722883104,-707037.1169384284,610.589843516204
8,97.0,1.021,0.27,6.05,-10.51,-78353.87365566188,-62222.76735898623,127763.2837397449,-1619.2294320300102,-1263.2398945079037,2245.523791856552,-0.3273852442046556,8.190685534098685e-05,-9.774221748956528,47.55475822574656,-142.04046891234498,8.942209891769068,1.4582362525501604,3.1495192669583465e-07,3263.52,-915872.1722883104,-707037.1169384284,610.589843516204
8,98.0,1.021,0.27,6.05,-10.51,-79973.26654697527,-63486.00721579994,130003.92041862443,-1619.5561176743165,-1263.2398227002748,2235.7495643803277,-0.32598477913660706,6.268541497434287e-05,-9.774234963793207,47.42668204463334,-142.04607594236495,8.921548036632759,1.1123693014132698,2.4136520122853315e-07,3263.52,-915872.1722883104,-707037.1169384284,610.589843516204
8,99.0,1.021,0.27,6.05,-10.51,-81592.98542272192,-64749.24700966229,132234.78286207464,-1619.8813997305017,-1263.2397677055742,2225.9753193862302,-0.32457838642875186,4.803372962667857e-05,-9.77425632243312,47.29802664108612,-142.05165712213346,8.900928783648617,0.8495202625292688,1.8518644171047404e-07,3263.52,-915872.1722883104,-707037.1169384284,610.589843516204
8,100.0,1.021,0.27,6.05,-10.51,-83213.0288767223,-66012.4867553893,134455.87104903106,-1620.2052729741513,-1263.2397254994523,2216.201049746302,-0.3231674846071323,3.685197940747448e-05,-9.774283778671808,47.16878919101321,-142.0572124690832,8.880352400202064,0.6495344148328873,1.4224855503446822e-07,3263.52,-915872.1722883104,-707037.1169384284,610.589843516204
8,101.0,1.021,0.27,6.05,-10.51,-84833.39549786334,-67275.72646399976,136667.18495174678,-1620.5277335299022,-1263.2396931028507,2206.426750273114,-0.3217531485170511,2.830811385765125e-05,-9.774315792768794,47.038966866269554,-142.06274200076845,8.859819163404447,0.4972036462552024,1.0939329079074006e-07,3263.52,-915872.1722883104,-707037.1169384284,610.589843516204
8,102.0,1.021,0.27,6.05,-10.51,-86454.08387190319,-68538.96614411057,138868.72453834317,-1620.848778390442,-1263.239668207971,2196.652417016836,-0.3203361934402823,2.1771951233052483e-05,-9.77435120480964,46.90855683480154,-142.06824573482263,8.839329357370637,0.3810396715912169,8.422434830262011e-08,3263.52,-915872.1722883104,-707037.1169384284,610.589843516204
8,103.0,1.021,0.27,6.05,-10.51,-88075.09258197891,-69802.20580232891,141060.48977353697,-1621.1684052491016,-1263.239649048177,2186.878047020883,-0.31891723845994513,1.6765658068626328e-05,-9.77438914007385,46.77755626102981,-142.07372368893576,8.81888327227887,0.2923545605660091,6.492153532928682e-08,3263.52,-915872.1722883104,-707037.1169384284,610.589843516204
8,104.0,1.021,0.27,6.05,-10.51,-89696.42020916016,-71065.44544368012,143242.48061942754,-1621.4866123547927,-1263.2396342854292,2177.103638111664,-0.3174967542001282,1.2926503399787813e-05,-9.774428938211562,46.64596230621281,-142.0791758808321,8.798481203560833,0.22457084889119994,5.0100730358534104e-08,3263.52,-915872.1722883104,-707037.1169384284,610.589843516204
8,105.0,1.021,0.27,6.05,-10.51,-91318.06533299541,-72328.68507202846,145414.69703626254,-1621.8033983653154,-1263.23962289661,2167.3291886872453,-0.3160750988242034,9.978815256760006e-06,-9.774470100177261,46.51377212876191,-142.08460232824788,8.778123451085442,0.17270334828585326,3.870824547193207e-08,3263.52,-915872.1722883104,-707037.1169384284,610.589843516204
8,106.0,1.021,0.27,6.05,-10.51,-92940.02653185371,-73591.9246903405,147577.1389829139,-1622.1187622517548,-1263.2396140995743,2157.554697580728,-0.3146525452162198,7.712843131045864e-06,-9.774512248431634,46.38098288458244,-142.09000304891322,8.75781031863286,0.13296950275679362,2.9941053179424644e-08,3263.52,-915872.1722883104,-707037.1169384284,610.589843516204
8,107.0,1.021,0.27,6.05,-10.51,-94562.30238319669,-74855.1643008939,149729.80641725427,-1622.432703225131,-1263.2396072964902,2147.7801639560857,-0.31322930152289225,5.968808722802333e-06,-9.774555097059743,46.247591727416314,-142.09537806053677,8.737542113494635,0.10249608661924961,2.3186479745984524e-08,3263.52,-915872.1722883104,-707037.1169384284,610.589843516204
8,108.0,1.021,0.27,6.05,-10.51,-96184.891463795,-76118.40390544364,151872.69929645464,-1622.7452206783576,-1263.2396020290605,2138.0055872262496,-0.3118055266934569,4.62485841961917e-06,-9.774598429310279,46.11359580918497,-142.10072738079302,8.717319146160394,0.07909818495784422,1.7976565576920933e-08,3263.52,-915872.1722883104,-707037.1169384284,610.589843516204
8,109.0,1.021,0.27,6.05,-10.51,-97807.79234988787,-77381.64350534449,154005.81757720184,-1623.0563141427003,-1263.239597944981,2128.230966992101,-0.3103813422482098,3.587952991427183e-06,-9.77464208069533,45.978992280338026,-142.10605102731148,8.697141730086049,0.06111246335752636,1.3953488295131585e-08,3263.52,-915872.1722883104,-707037.1169384284,610.589843516204
8,110.0,1.021,0.27,6.05,-10.51,-99431.0036172963,-78644.88310163749,156129.16121585178,-1623.3659832575963,-1263.2395947747257,2118.456303000515,-0.30895684120092254,2.786970769287962e-06,-9.774685926261032,45.84377829021087,-142.1113490176685,8.677010181536666,0.04727125620218777,1.0843338785121518e-08,3263.52,-915872.1722883104,-707037.1169384284,610.589843516204
8,111.0,1.021,0.27,6.05,-10.51,-101054.52384152573,-79908.12269512858,158242.73016856748,-1623.6742277435972,-1263.2395923107495,2108.6815951068975,-0.3075320948292993,2.1674807474661952e-06,-9.774729870988775,45.70795098738204,-142.11662136938008,8.656924819446715,0.03660737798562822,8.436210916405001e-09,3263.52,-915872.1722883104,-707037.1169384284,610.589843516204
8,112.0,1.021,0.27,6.05,-10.51,-102678.35159783428,-81171.36228644068,160346.52439141014,-1623.9810473838963,-1263.2395903933127,2098.906843249849,-0.306107157819197,1.6877767765908832e-06,-9.774773842550387,45.571507520039944,-142.12186809989632,8.636885965327965,0.028382083602201336,6.571068603377677e-09,3263.52,-915872.1722883104,-707037.1169384284,610.589843516204
8,113.0,1.021,0.27,6.05,-10.51,-104302.48546128822,-82434.601876056,162440.54384041266,-1624.2864420098285,-1263.2395888993701,2089.132047431408,-0.3046820721770174,1.3158652211782855e-06,-9.774817785834108,45.43444503635587,-142.12708922659672,8.616893943199196,0.0220304893348284,5.124231546473098e-09,3263.52,-915872.1722883104,-707037.1169384284,610.589843516204
8,114.0,1.021,0.27,6.05,-10.51,-105926.9240068048,-83697.84146434859,164524.78847163531,-1624.5904114895886,-1263.2395877339297,2079.357207701773,-0.30325687020853054,1.0271743067922656e-06,-9.774861658804275,45.296760684863344,-142.13228476678668,8.596949079533527,0.017120178011653404,4.000604920451983e-09,3263.52,-915872.1722883104,-707037.1169384284,610.589843516204
8,115.0,1.021,0.27,6.05,-10.51,-107551.66580918395,-84961.08105160868,166599.2582412078,-1624.8929557198433,-1263.2395868236415,2069.582324148045,-0.30183157678951456,8.028102088551505e-07,-9.774905429366758,45.15845161484566,-142.1374547376947,8.577051703221473,0.013319769799192225,3.1269919305557983e-09,3263.52,-915872.1722883104,-707037.1169384284,610.589843516204
8,116.0,1.021,0.27,6.05,-10.51,-109176.70944313392,-86224.32063806184,168663.9531053615,-1625.194074619142,-1263.239586111765,2059.8073968854383,-0.3004062110983622,6.282279765264497e-07,-9.774949072993266,45.01951497673064,-142.1425991564698,8.557202145543677,0.010375033808547781,2.446989102743287e-09,3263.52,-915872.1722883104,-707037.1169384284,610.589843516204
8,117.0,1.021,0.27,6.05,-10.51,-110802.05348329023,-87487.56022388356,170718.87302045443,-1625.4937681229333,-1263.2395855543657,2050.03242605069,-0.2989807879397249,4.922173634448039e-07,-9.774992570919164,44.879947922493805,-142.14771804018,8.537400740152176,0.008090711749821063,1.917085539648636e-09,3263.52,-915872.1722883104,-707037.1169384284,610.589843516204
8,118.0,1.021,0.27,6.05,-10.51,-112427.69650423064,-88750.7998092106,172764.0179429897,-1625.7920361797178,-1263.239585117385,2040.257411797006,-0.2975553187567778,3.861281538454126e-07,-9.775035908774885,44.73974760606954,-142.1528114058107,8.51764782305767,0.006316672961800617,1.5036789877095919e-09,3263.52,-915872.1722883104,-707037.1169384284,610.589843516204
8,119.0,1.021,0.27,6.05,-10.51,-114053.63708048673,-90014.03939414959,174799.38782963052,-1626.0888787480872,-1263.2395847743853,2030.4823542902063,-0.29612981240627473,3.032777048818583e-07,-9.775079075545623,44.59891118377113,-142.1578792702636,8.497943732621343,0.004937357350233011,1.1807907880506658e-09,3263.52,-915872.1722883104,-707037.1169384284,610.589843516204
8,120.0,1.021,0.27,6.05,-10.51,-115679.87378655275,-91277.27897878378,176824.9826372108,-1626.384295794452,-1263.2395845048231,2020.707253705789,-0.29470427575261743,2.384973497191358e-07,-9.775122062779799,44.4574358147193,-142.16292165035597,8.478288809550188,0.003863716791437526,9.283141486811543e-10,3263.52,-915872.1722883104,-707037.1169384284,610.589843516204
8,121.0,1.021,0.27,6.05,-10.51,-117306.40519689239,-92540.51856317837,178840.8023227438,-1626.6782872912847,-1263.2395842927147,2010.932110226678,-0.2932787141237025,1.8778472787631392e-07,-9.775164863986177,44.31531866127985,-142.16793856281967,8.45868339689487,0.003027057116570784,7.306698265621554e-10,3263.52,-915872.1722883104,-707037.1169384284,610.589843516204
8,122.0,1.021,0.27,6.05,-10.51,-118933.22988594446,-93803.7581473842,180846.8468434287,-1626.9708532157679,-1263.2395841256089,2001.1569240415063,-0.29185313166116295,1.480369685144998e-07,-9.775207474174275,44.172556889510545,-142.1729300243009,8.439127840049485,0.0023743273952028772,5.757733630196214e-10,3263.52,-915872.1722883104,-707037.1169384284,610.589843516204
8,123.0,1.021,0.27,6.05,-10.51,-120560.34642812672,-95066.9977314413,182843.11615665568,-1627.2619935487476,-1263.2395839937963,1991.3816953432956,-0.29042753158967133,1.1684573455585419e-07,-9.775249889503609,44.02914766961715,-142.17789605135985,8.419622486752738,0.001864512507627413,4.5424082071710527e-10,3263.52,-915872.1722883104,-707037.1169384284,610.589843516204
8,124.0,1.021,0.27,6.05,-10.51,-122187.75339783932,-96330.237315381,184829.61022000972,-1627.551708273924,-1263.2395838896955,1981.6064243284482,-0.2890019164243488,9.233957072389625e-08,-9.775292107015801,43.88508817641908,-142.18283666047003,8.400167687090093,0.001465867652011978,3.587772917640551e-10,3263.52,-915872.1722883104,-707037.1169384284,610.589843516204
8,125.0,1.021,0.27,6.05,-10.51,-123815.44936946724,-97593.47689922793,186806.3289912734,-1627.8399973772266,-1263.239583807379,1971.831111195971,-0.2875762881305883,7.306253000677977e-08,-9.775334124429719,43.74037558982465,-142.18775186801855,8.380763793496623,0.0011537960217899287,2.8370561654793653e-10,3263.52,-915872.1722883104,-707037.1169384284,610.589843516204
8,126.0,1.021,0.27,6.05,-10.51,-125443.43291738235,-98856.71648300147,188773.2724284295,-1628.126860846327,-1263.2395837422089,1962.0557561468806,-0.2861506482474383,5.788059100456099e-08,-9.775375939984713,43.59500709531623,-142.19264169030563,8.36141116076035,0.0009092183314409632,2.246027767864014e-10,3263.52,-915872.1722883104,-707037.1169384284,610.589843516204
8,127.0,1.021,0.27,6.05,-10.51,-127071.70261594483,-100119.95606671687,190730.44048966252,-1628.4122986702646,-1263.2395836905505,1952.2803593837461,-0.28472499798286444,4.5909457382599106e-08,-9.775417552320503,43.44897988444511,-142.19750614354462,8.342110146025838,0.0007173188675175572,1.7801906349841665e-10,3263.52,-915872.1722883104,-707037.1169384284,610.589843516204
8,128.0,1.021,0.27,6.05,-10.51,-128700.25703950453,-101383.19565038614,192677.83313336025,-1628.6963108391517,-1263.2395836495518,1942.5049211103335,-0.28329933828749293,3.6458757118476094e-08,-9.775458960385103,43.30229115533661,-142.20234524386197,8.32286110879795,0.0005665800850792545,1.4126094534615578e-10,3263.52,-915872.1722883104,-707037.1169384284,610.589843516204
8,129.0,1.021,0.27,6.05,-10.51,-130329.0947624018,-102646.43523401879,194615.4503181147,-1628.9788973439458,-1263.2395836169728,1932.729441531338,-0.2818736699116583,2.8988887924709706e-08,-9.77550016336413,43.154938113205375,-142.20715900729724,8.30366441094564,0.0004480385600421055,1.122230097905921e-10,3263.52,-915872.1722883104,-707037.1169384284,610.589843516204
8,130.0,1.021,0.27,6.05,-10.51,-131958.2143589683,-103909.67481762232,196543.29200272314,-1629.2600581762779,-1263.2395835910536,1922.9539208521755,-0.2804479934496375,2.307761032524054e-08,-9.7755411606265,43.00691797088083,-142.2119474498029,8.2845204167057,0.0003547109320354561,8.925774810433939e-11,3263.52,-915872.1722883104,-707037.1169384284,610.589843516204
8,131.0,1.021,0.27,6.05,-10.51,-133587.61440352743,-105172.91440120264,198461.35814619216,-1629.5397933283148,-1263.2395835704133,1913.1783592788274,-0.2790223093739904,1.839412502210601e-08,-9.77558195168267,42.85822794934326,-142.21671058724468,8.265429492686412,0.0002811505288623876,7.107455531766763e-11,3263.52,-915872.1722883104,-707037.1169384284,610.589843516204
8,132.0,1.021,0.27,6.05,-10.51,-135217.29347039523,-106436.15398476449,200369.64870772898,-1629.818102792633,-1263.239583553956,1903.402757017692,-0.2775966180622193,1.4678986941034307e-08,-9.775622536152488,42.70886527827027,-142.22144843540121,8.246392007870881,0.00022310455904009732,5.6661307313184015e-11,3263.52,-915872.1722883104,-707037.1169384284,610.589843516204
8,133.0,1.021,0.27,6.05,-10.51,-136847.2501338806,-107699.3935683116,202268.1636467469,-1630.0949865621483,-1263.2395835408142,1893.6271142755036,-0.2761709198175221,1.1728468575220135e-08,-9.77566291374045,42.55882719659401,-142.22616100996456,8.227408333620343,0.00017724877931364432,4.522340368468811e-11,3263.52,-915872.1722883104,-707037.1169384284,610.589843516204
8,134.0,1.021,0.27,6.05,-10.51,-138477.4829682852,-108962.63315184695,204156.9029228683,-1630.370444630055,-1263.239583530308,1883.8514312592642,-0.27474521488493364,9.382402701526248e-09,-9.77570308421658,42.408110953069084,-142.23084832653979,8.208478843677158,0.00014098190942622024,3.6136336304879e-11,3263.52,-915872.1722883104,-707037.1169384284,610.589843516204
8,135.0,1.021,0.27,6.05,-10.51,-140107.99054790422,-110225.87273537288,206035.8664959228,-1630.6444769897687,-1263.2395835218983,1874.0757081761794,-0.2733195034639157,7.514740920005456e-09,-9.775743047401711,42.2567138068514,-142.2355104006454,8.189603914167467,0.00011226617114779651,2.890874331747613e-11,3263.52,-915872.1722883104,-707037.1169384284,610.589843516204
8,136.0,1.021,0.27,6.05,-10.51,-141738.77144702614,-111489.11231889128,207905.05432594713,-1630.9170836348853,-1263.2395835151588,1864.2999452336135,-0.2718937857181852,6.026162757647625e-09,-9.775782803156073,42.10463302808789,-142.2401472477132,8.17078392360358,8.950347203803958e-05,2.3153600144888642e-11,3263.52,-915872.1722883104,-707037.1169384284,610.589843516204
8,137.0,1.021,0.27,6.05,-10.51,-143369.8242399333,-112752.3519024036,209764.46637318563,-1631.1882645591509,-1263.239583509751,1854.5241426390544,-0.2704680617833916,4.838311725708391e-09,-9.77582235137051,41.95186589851738,-142.2447588830885,8.152019252885996,7.14391642128724e-05,1.856573165963042e-11,3263.52,-915872.1722883104,-707037.1169384284,610.589843516204
8,138.0,1.021,0.27,6.05,-10.51,-145001.14750090174,-114015.59148591109,211614.10259809007,-1631.4580197564344,-1263.2395835054062,1844.7483006000866,-0.2690423317731021,3.8893140958081946e-09,-9.775861691959644,41.79840971208261,-142.24934532203017,8.1333102853051,5.70871576220954e-05,1.490424000961242e-11,3263.52,-915872.1722883104,-707037.1169384284,610.589843516204
8,139.0,1.021,0.27,6.05,-10.51,-146632.73980420147,-115278.83106941468,213453.9629613199,-1631.7263492207105,-1263.239583501912,1834.97241932437,-0.2676165957835328,3.1302367091083148e-09,-9.775900824856611,41.64426177555337,-142.25390657971056,8.114657406542474,4.5671587869636295e-05,1.1978759082570666e-11,3263.52,-915872.1722883104,-707037.1169384284,610.589843516204
8,140.0,1.021,0.27,6.05,-10.51,-148264.59972409642,-116542.07065291512,215284.0474237422,-1631.9932529460416,-1263.239583499098,1825.1964990196248,-0.2661908538971939,2.5223561221042772e-09,-9.775939750008947,41.48941940916125,-142.258442671216,8.096061004671814,3.658133092014696e-05,9.638690954250088e-12,3263.52,-915872.1722883104,-707037.1169384284,610.589843516204
8,141.0,1.021,0.27,6.05,-10.51,-149896.72583484484,-117805.31023641303,217104.3559464317,-1632.2587309265678,-1263.239583496829,1815.420539893617,-0.26476510618580973,2.0349798824528894e-09,-9.775978467375422,41.33387994724549,-142.26295361154635,8.07752147015945,2.933449782431645e-05,7.76476852120255e-12,3263.52,-915872.1722883104,-707037.1169384284,610.589843516204
8,142.0,1.021,0.27,6.05,-10.51,-151529.11671069905,-119068.54981990892,218914.8884906712,-1632.5227831564969,-1263.2395834949975,1805.6445421541491,-0.2633393527125758,1.6437565648194877e-09,-9.776016976923575,41.17764073891054,-142.26743941561557,8.059039195864449,2.3550690436244063e-05,6.2624346269209834e-12,3263.52,-915872.1722883104,-707037.1169384284,610.589843516204
8,143.0,1.021,0.27,6.05,-10.51,-153161.77092590544,-120331.78940340316,220715.6450179511,-1632.7854096300948,-1263.239583493517,1795.8685060090531,-0.2619135935339462,1.3293482464178824e-09,-9.776055278627776,41.02069914869515,-142.2719000982515,8.040614577038273,1.8929298775238875e-05,5.0566411402393605e-12,3263.52,-915872.1722883104,-707037.1169384284,610.589843516204
8,144.0,1.021,0.27,6.05,-10.51,-154794.68705470487,-121595.02898689607,222506.62548996968,-1633.0466103416832,-1263.2395834923195,1786.0924316661828,-0.26048782870104253,1.07637182662935e-09,-9.77609337246775,40.863052557253084,-142.2763356741961,8.022248011324002,1.5232506477519213e-05,4.087759160375798e-12,3263.52,-915872.1722883104,-707037.1169384284,610.589843516204
8,145.0,1.021,0.27,6.05,-10.51,-156427.8636713326,-122858.26857038788,224287.8298686331,-1633.3063852856308,-1263.239583491349,1776.316319333412,-0.2590620582607527,8.725880557268276e-10,-9.776131258427398,40.7046983620456,-142.28074615810553,8.003939898755101,1.2271968949280423e-05,3.3083595898073933e-12,3263.52,-915872.1722883104,-707037.1169384284,610.589843516204
8,146.0,1.021,0.27,6.05,-10.51,-158061.2993500181,-124121.50815387882,226059.25811605543,-1633.5647344563527,-1263.2395834905617,1766.5401692186267,-0.2576362822566266,7.08236180830609e-10,-9.776168936493908,40.54563397804563,-142.28513156455017,7.985690641753697,9.898359508132596e-06,2.6806761890165953e-12,3263.52,-915872.1722883104,-707037.1169384284,610.589843516204
8,147.0,1.021,0.27,6.05,-10.51,-159694.99266498536,-125384.74773736906,227820.9101945586,-1633.8216578483057,-1263.2395834899226,1756.7639815297257,-0.2562105007295332,5.755302753493153e-10,-9.77620640665702,40.38585683845391,-142.28949190801478,7.967500645128388,7.993157442249982e-06,2.1746043390636688e-12,3263.52,-915872.1722883104,-707037.1169384284,610.589843516204
8,148.0,1.021,0.27,6.05,-10.51,-161328.94219045294,-126647.98732085872,229572.78606667242,-1634.0771554559863,-1263.2395834894028,1746.9877564746168,-0.2547847137182357,4.682540657943438e-10,-9.776243668908501,40.22536439542703,-142.29382720289857,7.949370316071551,6.462190402668846e-06,1.7661207371842852e-12,3263.52,-915872.1722883104,-707037.1169384284,610.589843516204
8,149.0,1.021,0.27,6.05,-10.51,-162963.14650063377,-127911.22690434792,231314.88569513464,-1634.331227273929,-1263.2395834889796,1737.2114942612152,-0.25335892125981796,3.814290997990215e-10,-9.7762807232417,40.064154120817236,-142.29813746351536,7.931300064156137,5.230551009039088e-06,1.4360341821125322e-12,3263.52,-915872.1722883104,-707037.1169384284,610.589843516204
8,150.0,1.021,0.27,6.05,-10.51,-164597.60416973536,-129174.46648783672,233047.20904289102,-1634.5838732967045,-1263.2395834886345,1727.4351950974415,-0.25193312339000606,3.110748713020907e-10,-9.7763175696512,39.902223506924514,-142.3024227040935,7.913290301331941,4.238591025755213e-06,1.168997050168873e-12,3263.52,-915872.1722883104,-707037.1169384284,610.589843516204
8,151.0,1.021,0.27,6.05,-10.51,-166232.31377195992,-130437.7060713252,234769.75607309514,-1634.8350935189187,-1263.239583488353,1717.658859191222,-0.250507320143467,2.5400511854806767e-10,-9.77635420813257,39.73957006726053,-142.30668293877613,7.895341441921356,3.4387613737900107e-06,9.527222432185347e-13,3263.52,-915872.1722883104,-707037.1169384284,610.589843516204
8,152.0,1.021,0.27,6.05,-10.51,-167867.27388150422,-131700.94565481346,236482.52674910837,-1635.0848879352122,-1263.2395834881231,1707.8824867504868,-0.2490815115540144,2.0765116464744125e-10,-9.77639063868214,39.57619133732471,-142.3109181816213,7.877453902614548,2.7931167647975233e-06,7.773622524601046e-13,3263.52,-915872.1722883104,-707037.1169384284,610.589843516204
8,153.0,1.021,0.27,6.05,-10.51,-169502.48307255964,-132964.1852383015,238185.52103450027,-1635.3332565402588,-1263.2395834879353,1698.1060779831694,-0.2476556976547729,1.6996043369062435e-10,-9.776426861296875,39.41208487539245,-142.31512844660182,7.859628102464102,2.271343106664204e-06,6.350162618209101e-13,3263.52,-915872.1722883104,-707037.1169384284,610.589843516204
8,154.0,1.021,0.27,6.05,-10.51,-171137.93991931228,-134227.42482178935,239878.73889304823,-1635.580199328765,-1263.239583487781,1688.329633097206,-0.2462298784783253,1.3927783307812955e-10,-9.776462875974183,39.24724826331545,-142.31931374760558,7.841864462879076,1.8491965290978455e-06,5.19338481209862e-13,3263.52,-915872.1722883104,-707037.1169384284,610.589843516204
8,155.0,1.021,0.27,6.05,-10.51,-172773.64299594297,-135490.6644052771,241562.18028873752,-1635.8257162954694,-1263.2395834876545,1678.553152300535,-0.24480405405681369,1.1426624866717081e-10,-9.776498682711878,39.08167910733416,-142.32347409843558,7.824163407618473,1.5072668447455226e-06,4.25226595506244e-13,3263.52,-915872.1722883104,-707037.1169384284,610.589843516204
8,156.0,1.021,0.27,6.05,-10.51,-174409.59087662725,-136753.90398876468,243235.8451857614,-1636.069807435143,-1263.2395834875508,1668.7766358010963,-0.24337822442202278,9.386204929204595e-11,-9.776534281508066,38.91537503890252,-142.32760951281003,7.806525362784124,1.229996990959668e-06,3.485736839810018e-13,3263.52,-915872.1722883104,-707037.1169384284,610.589843516204
8,157.0,1.021,0.27,6.05,-10.51,-176045.78213553556,-138017.1435722522,244899.73354852112,-1636.3124727425884,-1263.2395834874656,1659.000083806833,-0.2419523896054716,7.719127054040138e-11,-9.776569672361099,38.748333715524744,-142.33172000436238,7.788950756812953,1.0049046487990975e-06,2.8607047459712975e-13,3263.52,-915872.1722883104,-707037.1169384284,610.589843516204
8,158.0,1.021,0.27,6.05,-10.51,-177682.21534683296,-139280.38315573963,246553.84534162577,-1636.5537122126398,-1263.2395834873953,1649.223496525689,-0.24052654963843637,6.355916193955358e-11,-9.776604855269497,38.580552821604364,-142.3358055866414,7.771440020468614,8.219637086017455e-07,2.3504755689059524e-13,3263.52,-915872.1722883104,-707037.1169384284,610.589843516204
8,159.0,1.021,0.27,6.05,-10.51,-179318.88908467966,-140543.622739227,248198.18052989256,-1636.793525840161,-1263.2395834873373,1639.446874165609,-0.2391007045520174,5.2397702497613774e-11,-9.776639830231957,38.41203006930549,-142.33986627311143,7.753993586832491,6.731122441175717e-07,1.9334934852868003e-13,3263.52,-915872.1722883104,-707037.1169384284,610.589843516204
8,160.0,1.021,0.27,6.05,-10.51,-180955.8019232305,-141806.8623227143,249832.7390783464,-1637.0319136200494,-1263.2395834872898,1629.6702169345403,-0.23767485437718108,4.324340695108199e-11,-9.776674597247293,38.24276319942605,-142.34390207715228,7.736611891294073,5.51860712910866e-07,1.5923332111861587e-13,3263.52,-915872.1722883104,-707037.1169384284,610.589843516204
8,161.0,1.021,0.27,6.05,-10.51,-182592.9524366352,-143070.10190620157,251457.52095222034,-1637.2688755472316,-1263.2395834872502,1619.8935250404304,-0.23624899914474629,3.573397504481025e-11,-9.776709156314388,38.07274998228346,-142.3479130120594,7.71929537154061,4.5297964224797085e-07,1.3128933957077193e-13,3263.52,-915872.1722883104,-707037.1169384284,610.589843516204
8,162.0,1.021,0.27,6.05,-10.51,-184230.3391990387,-144333.34148968878,253072.5261169553,-1637.5044116166653,-1263.2395834872177,1610.1167986912278,-0.23482313888546355,2.9565574647175324e-11,-9.776743507432236,37.901988218612075,-142.3518990910439,7.702044467546158,3.722504162772703e-07,1.0837503386522174e-13,3263.52,-915872.1722883104,-707037.1169384284,610.589843516204
8,163.0,1.021,0.27,6.05,-10.51,-185867.96078458062,-145596.581073176,254677.75453820016,-1637.7385218233385,-1263.2395834871907,1600.3400380948822,-0.23339727362999724,2.4486810162130416e-11,-9.776777650599882,37.73047574047306,-142.35586032723285,7.6848596215598795,3.0626620875568797e-07,8.956396313926255e-14,3263.52,-915872.1722883104,-707037.1169384284,610.589843516204
8,164.0,1.021,0.27,6.05,-10.51,-187505.81576739578,-146859.82065666319,256273.20618181172,-1637.9712061622713,-1263.2395834871684,1590.5632434593447,-0.23197140340894323,2.03055990988779e-11,-9.776811585816413,37.55821041217595,-142.35979673366907,7.667741278093686,2.5227280629638745e-07,7.410399717625791e-14,3263.52,-915872.1722883104,-707037.1169384284,610.589843516204
8,165.0,1.021,0.27,6.05,-10.51,-189143.9027216139,-148123.06024015034,257858.8810138548,-1638.202464628513,-1263.2395834871497,1580.7864149925665,-0.23054552825285293,1.6859946724802832e-11,-9.776845313080958,37.38519013121253,-142.36370832331144,7.650689883909112,2.0804119668569437e-07,6.138386694190195e-14,3263.52,-915872.1722883104,-707037.1169384284,610.589843516204
8,166.0,1.021,0.27,6.05,-10.51,-190782.22022135986,-149386.2998236375,259434.7790006021,-1638.432297217144,-1263.2395834871343,1571.0095529025002,-0.22911964819224073,1.4011806368607842e-11,-9.776878832392697,37.21141282920237,-142.36759510903482,7.63370588800351,1.7176547769414126e-07,5.090625307216482e-14,3263.52,-915872.1722883104,-707037.1169384284,610.589843516204
8,167.0,1.021,0.27,6.05,-10.51,-192420.76684075367,-150649.53940712463,261000.90010853438,-1638.6607039232745,-1263.2395834871218,1561.2326573970988,-0.2276937632575742,1.1662924123809628e-11,-9.776912143750817,37.036876472850345,-142.37145710363026,7.616789741595464,1.4198096983997028e-07,4.2266112183767154e-14,3263.52,-915872.1722883104,-707037.1169384284,610.589843516204
8,168.0,1.021,0.27,6.05,-10.51,-194059.54115391037,-151912.77899061173,262557.2443043403,-1638.887684742046,-1263.2395834871108,1551.4557286843167,-0.2262678734793077,9.717111567785624e-12,-9.776945247154533,36.861579064915915,-142.3752943198051,7.599941898109468,1.1749846685876706e-07,3.513320365661532e-14,3263.52,-915872.1722883104,-707037.1169384284,610.589843516204
8,169.0,1.021,0.27,6.05,-10.51,-195698.54173494014,-153176.01857409882,264103.8115549162,-1639.11323966863,-1263.2395834871022,1541.6787669721082,-0.22484197888786886,8.107641272120185e-12,-9.776978142603095,36.685518645194065,-142.3791067701829,7.583162813159817,9.735138909516964e-08,2.923798838144247e-14,3263.52,-915872.1722883104,-707037.1169384284,610.589843516204
8,170.0,1.021,0.27,6.05,-10.51,-197337.76715794837,-154439.25815758592,265640.60182736686,-1639.3373686982288,-1263.2395834870947,1531.901772468429,-0.22341607951366968,6.767373717358626e-12,-9.777010830095747,36.508693291507825,-142.3828944673036,7.566452944533728,8.075326390590772e-08,2.4360237107582687e-14,3263.52,-915872.1722883104,-707037.1169384284,610.589843516204
8,171.0,1.021,0.27,6.05,-10.51,-198977.21599703576,-155702.49774107302,267167.61508900474,-1639.560071826075,-1263.239583487088,1522.1247453812355,-0.22199017538710078,5.658292123816882e-12,-9.777043309631756,36.3311011207123,-142.38665742362377,7.549812752173644,6.706347978696898e-08,2.0319818325954177e-14,3263.52,-915872.1722883104,-707037.1169384284,610.589843516204
8,172.0,1.021,0.27,6.05,-10.51,-200616.8868262981,-156965.73732456012,268684.8513073494,-1639.7813490474307,-1263.2395834870829,1512.3476859184846,-0.22056426653854463,4.740813159980043e-12,-9.777075581210402,36.15274028971005,-142.39039565151631,7.533242698158747,5.575967589462503e-08,1.6969241077048998e-14,3263.52,-915872.1722883104,-707037.1169384284,610.589843516204
8,173.0,1.021,0.27,6.05,-10.51,-202256.77821982678,-158228.97690804722,270192.31045012316,-1640.001200357589,-1263.2395834870783,1502.5705942881339,-0.2191383529983824,3.971593371553152e-12,-9.777107644830977,35.97360899647772,-142.39410916327094,7.516743246685622,4.6415458424846106e-08,1.4187612212350966e-14,3263.52,-915872.1722883104,-707037.1169384284,610.589843516204
8,174.0,1.021,0.27,6.05,-10.51,-203896.8887517081,-159492.21649153432,271689.9924852702,-1640.2196257518735,-1263.2395834870747,1492.7934706981418,-0.21771243479697536,3.331205722263252e-12,-9.77713950049278,35.79370548110369,-142.39779797109404,7.500314864048109,3.868239768323412e-08,1.1875734834192466e-14,3263.52,-915872.1722883104,-707037.1169384284,610.589843516204
8,175.0,1.021,0.27,6.05,-10.51,-205537.21699602372,-160755.45607502142,273177.8973809351,-1640.4366252256389,-1263.2395834870717,1483.0163153564679,-0.21628651196468526,2.7956841706254913e-12,-9.777171148195118,35.61302802683677,-142.40146208710877,7.483958018616268,3.227546860897528e-08,9.952128357482666e-15,3263.52,-915872.1722883104,-707037.1169384284,610.589843516204
8,176.0,1.021,0.27,6.05,-10.51,-207177.76152685093,-162018.6956585085,274656.02510546887,-1640.6521987742694,-1263.239583487069,1473.2391284710716,-0.2148605845318551,2.355119055751153e-12,-9.777202587937296,35.43157496114561,-142.40510152335526,7.467673180814511,2.696126405587229e-08,8.349793621596965e-15,3263.52,-915872.1722883104,-707037.1169384284,610.589843516204
8,177.0,1.021,0.27,6.05,-10.51,-208818.5209182623,-163281.93524199555,276124.37562743196,-1640.8663463931791,-1263.239583487067,1463.4619102499132,-0.21343465252884988,1.9839458412960496e-12,-9.777233819718647,35.24934465678873,-142.40871629179043,7.451460823098827,2.2548443014583433e-08,7.013580910778901e-15,3263.52,-915872.1722883104,-707037.1169384284,610.589843516204
8,178.0,1.021,0.27,6.05,-10.51,-210459.4937443259,-164545.1748254826,277582.94891559274,-1641.0790680778136,-1263.2395834870651,1453.6846609009547,-0.21200871598601176,1.672234721800196e-12,-9.777264843538495,35.066335532895025,-142.41230640428842,7.435321419933127,1.8879982086909834e-08,5.898046345361517e-15,3263.52,-915872.1722883104,-707037.1169384284,610.589843516204
8,179.0,1.021,0.27,6.05,-10.51,-212100.67857910504,-165808.41440896963,279031.74493892735,-1641.290363823648,-1263.2395834870638,1443.9073806321574,-0.21058277493368077,1.411779295116775e-12,-9.77729565939617,34.882546056054366,-142.41587187264034,7.419255447764681,1.582688336556436e-08,4.965704258976603e-15,3263.52,-915872.1722883104,-707037.1169384284,610.589843516204
8,180.0,1.021,0.27,6.05,-10.51,-213742.0739966587,-167071.65399245668,280470.7636666199,-1641.5002336261882,-1263.2395834870624,1434.1300696514834,-0.2091568294022026,1.1940374762139265e-12,-9.777326267291013,34.6979747414184,-142.4194127085546,7.403263384998631,1.328305976581337e-08,4.185600972263107e-15,3263.52,-915872.1722883104,-707037.1169384284,610.589843516204
8,181.0,1.021,0.27,6.05,-10.51,-215383.67857104144,-168334.89357594372,281900.0050680624,-1641.7086774809693,-1263.2395834870615,1424.352728166896,-0.20773087942191631,1.0087741262978007e-12,-9.777356667222378,34.512620153810985,-142.42292892365677,7.387345711971564,1.1161173237612298e-08,3.532149682306397e-15,3263.52,-915872.1722883104,-707037.1169384284,610.589843516204
8,182.0,1.021,0.27,6.05,-10.51,-217025.4908763033,-169598.13315943076,283319.46911285503,-1641.9156953835588,-1263.2395834870606,1414.5753563863598,-0.20630492502315867,8.528610747267959e-13,-9.777386859189606,34.326480908848254,-142.4264205294899,7.371502910924165,9.389244889311562e-09,2.9841777033521066e-15,3263.52,-915872.1722883104,-707037.1169384284,610.589843516204
8,183.0,1.021,0.27,6.05,-10.51,-218667.50948648973,-170861.3727429178,284729.15577080584,-1642.1212873295528,-1263.2395834870597,1404.7979545178384,-0.20487896623626384,7.23212224306642e-13,-9.77741684319205,34.139555674068006,-142.42988753751428,7.355735465972864,7.907891047354085e-09,2.5241465720955258e-15,3263.52,-915872.1722883104,-707037.1169384284,610.589843516204
8,184.0,1.021,0.27,6.05,-10.51,-220309.73297564205,-172124.61232640484,286129.0650119307,-1642.3254533145785,-1263.239583487059,1395.0205227692975,-0.20345300309157022,6.146137755207202e-13,-9.777446619229078,33.95184317006808,-142.4333299591079,7.340043863080562,6.668067387635829e-09,2.137513012355456e-15,3263.52,-915872.1722883104,-707037.1169384284,610.589843516204
8,185.0,1.021,0.27,6.05,-10.51,-221952.1599177971,-173387.85190989188,287519.19680645375,-1642.5281933342935,-1263.2395834870586,1385.2430613487024,-0.20202703561941204,5.234061244275067e-13,-9.777476187300046,33.76334217165361,-142.43674780556617,7.324428590026325,5.62922587866641e-09,1.81220479274617e-15,3263.52,-915872.1722883104,-707037.1169384284,610.589843516204
8,186.0,1.021,0.27,6.05,-10.51,-223594.78888698743,-174651.09149337892,288899.55112480675,-1642.7295073843852,-1263.239583487058,1375.4655704640197,-0.20060106385012097,4.468154889891421e-13,-9.77750554740433,33.57405150899262,-142.44014108810217,7.308890136374116,4.757807470629228e-09,1.5381903899296287e-15,3263.52,-915872.1722883104,-707037.1169384284,610.589843516204
8,187.0,1.021,0.27,6.05,-10.51,-225237.61845724122,-175914.33107686596,290270.1279376297,-1642.9293954605716,-1263.2395834870576,1365.6880503232162,-0.19917508781404078,3.7745232041117925e-13,-9.777534699541306,33.38397006877991,-142.44350981784675,7.2934289934404966,4.0260081225593826e-09,1.3071253156853326e-15,3263.52,-915872.1722883104,-707037.1169384284,610.589843516204
8,188.0,1.021,0.27,6.05,-10.51,-226880.64720258254,-177177.570660353,291630.92721577047,-1643.1278575586007,-1263.2395834870572,1355.9105011342597,-0.19774910754149047,3.2391949750112494e-13,-9.777563643710346,33.193096795408806,-142.44685400584845,7.278045654261307,3.4107675806689635e-09,1.1120611599589703e-15,3263.52,-915872.1722883104,-707037.1169384284,610.589843516204
8,189.0,1.021,0.27,6.05,-10.51,-228523.87369703097,-178440.81024384004,292981.9489302848,-1643.3248936742525,-1263.2395834870567,1346.1329231051186,-0.1963231230628095,2.7708368878919065e-13,-9.777592379910836,33.00143069215032,-142.45017366307383,7.262740613557329,2.8929398626994464e-09,9.47205989919652e-16,3263.52,-915872.1722883104,-707037.1169384284,610.589843516204
8,190.0,1.021,0.27,6.05,-10.51,-230167.29651460215,-179704.04982732708,294323.1930524366,-1643.5205038033346,-1263.2395834870563,1336.3553164437615,-0.19489713440833353,2.365840388417015e-13,-9.77762090814217,32.80897082233967,-142.45346880040722,7.2475143676988685,2.4566121128324256e-09,8.077268438643142e-16,3263.52,-915872.1722883104,-707037.1169384284,610.589843516204
8,191.0,1.021,0.27,6.05,-10.51,-231810.91422930738,-180967.28941081412,295654.65955369757,-1643.714687941687,-1263.2395834870563,1326.5776813581576,-0.19347114160839063,2.0190548082378934e-13,-9.777649228403735,32.61571631056942,-142.45673942865105,7.232367414669319,2.0885447269151623e-09,6.895867625924391e-16,3263.52,-915872.1722883104,-707037.1169384284,610.589843516204
8,192.0,1.021,0.27,6.05,-10.51,-233454.72541515387,-182230.52899430116,296976.34840574756,-1643.9074460851798,-1263.2395834870563,1316.8000180562774,-0.19204514469331094,1.7669224390813893e-13,-9.777677340694927,32.42166634388926,-142.45998555852574,7.21730025402763,1.7777106953526746e-09,5.894101852928149e-16,3263.52,-915872.1722883104,-707037.1169384284,610.589843516204
8,193.0,1.021,0.27,6.05,-10.51,-235098.72864614474,-183493.7685777882,298288.2595804741,-1644.098778229712,-1263.2395834870563,1307.022326746091,-0.19061914369343685,1.4715830399079345e-13,-9.777705245015156,32.22682017301171,-142.46320720067,7.202313386869697,1.514916201094382e-09,5.043716629637082e-16,3263.52,-915872.1722883104,-707037.1169384284,610.589843516204
8,194.0,1.021,0.27,6.05,-10.51,-236742.92249627892,-184757.00816127524,299590.39304997295,-1644.288684371215,-1263.2395834870563,1297.2446076355704,-0.18919313863908824,1.2636430622826227e-13,-9.777732941363821,32.03117711352344,-142.46640436564064,7.187407315788677,1.292487827494741e-09,4.3210375903590373e-16,3263.52,-915872.1722883104,-707037.1169384284,610.589843516204
8,195.0,1.021,0.27,6.05,-10.51,-238387.30553955142,-186020.24774476228,300882.74878654775,-1644.4771645056487,-1263.2395834870563,1287.4668609326875,-0.18776712956060224,1.0800061318249568e-13,-9.777760429740331,31.834736547101915,-142.46957706391274,7.172582544834187,1.104014424004372e-09,3.706207538049598e-16,3263.52,-915872.1722883104,-707037.1169384284,610.589843516204
8,196.0,1.021,0.27,6.05,-10.51,-240031.87634995318,-187283.48732824932,302165.3267627102,-1644.6642186290046,-1263.2395834870563,1277.689086845414,-0.18634111648830895,9.417240139695861e-14,-9.777787710144105,31.637497922736713,-142.47272530587983,7.157839579470388,9.441338661658959e-10,3.182553784967421e-16,3263.52,-915872.1722883104,-707037.1169384284,610.589843516204
8,197.0,1.021,0.27,6.05,-10.51,-241676.6335014711,-188546.72691173636,303438.1269511798,-1644.849846737304,-1263.2395834870563,1267.9112855817234,-0.18491509945254234,8.14342183828638e-14,-9.777814782574566,31.439460757955207,-142.47584910185375,7.143178926532968,8.083567264999124e-10,2.736063021479591e-16,3263.52,-915872.1722883104,-707037.1169384284,610.589843516204
8,198.0,1.021,0.27,6.05,-10.51,-243321.5755680881,-189809.9664952234,304701.1493248841,-1645.0340488265988,-1263.2395834870563,1258.1334573495894,-0.18348907848363233,7.117574244877785e-14,-9.777841647031131,31.24062464005211,-142.47894846206492,7.12860109418497,6.92920322154995e-10,2.354945008998485e-16,3263.52,-915872.1722883104,-707037.1169384284,610.589843516204
8,199.0,1.021,0.27,6.05,-10.51,-244966.70112378328,-191073.20607871044,305954.3938569588,-1645.2168248929702,-1263.2395834870563,1248.3556023569859,-0.18206305361191358,6.0822200578529e-14,-9.77786830351323,31.040989227322285,-142.48202339666227,7.114106591871494,5.94667786257113e-10,2.029269717171142e-16,3263.52,-915872.1722883104,-707037.1169384284,610.589843516204
8,200.0,1.021,0.27,6.05,-10.51,-246612.0087425318,-192336.44566219748,307197.8605207474,-1645.3981749325312,-1263.2395834870563,1238.5777208118877,-0.1806370248677104,5.386113252022865e-14,-9.7778947520203,30.840554250296492,-142.48507391571334,7.099695930273253,5.109477732790577e-10,1.7506652468430264e-16,3263.52,-915872.1722883104,-707037.1169384284,610.589843516204
8,201.0,1.021,0.27,6.05,-10.51,-248257.49699830482,-193599.68524568452,308431.5492898011,-1645.578098941425,-1263.2395834870563,1228.7998129222708,-0.17921099228136764,4.553826467579643e-14,-9.777920992551778,30.639319512979412,-142.4881000292044,7.08536962125896,4.395311953167847e-10,1.5120661103396903e-16,3263.52,-915872.1722883104,-707037.1169384284,610.589843516204
8,202.0,1.021,0.27,6.05,-10.51,-249903.1644650698,-194862.92482917156,309655.46013787965,-1645.7565969158236,-1263.2395834870563,1219.0218788961097,-0.17778495588320478,4.0235129409506784e-14,-9.777947025107101,30.437284894089448,-142.49110174704043,7.071128177836557,3.7854202896508204e-10,1.3075032696784809e-16,3263.52,-915872.1722883104,-707037.1169384284,610.589843516204
8,203.0,1.021,0.27,6.05,-10.51,-251549.00971679034,-196126.1644126586,310869.5930389504,-1645.9336688519309,-1263.2395834870563,1209.243918941382,-0.17635891570356554,3.241982915908876e-14,-9.777972849685723,30.23445034829984,-142.49407907904524,7.0569721141032735,3.263997582967052e-10,1.1319288349167263e-16,3263.52,-915872.1722883104,-707037.1169384284,610.589843516204
8,204.0,1.021,0.27,6.05,-10.51,-253195.03132742632,-197389.40399614564,312073.94796718896,-1646.1093147459803,-1263.2395834870563,1199.465933266064,-0.17493287177277045,2.7865074348598375e-14,-9.777998466287086,30.030815907480275,-142.49703203496156,7.042901945194504,2.81771449963281e-10,9.810695587342332e-17,3263.52,-915872.1722883104,-707037.1169384284,610.589843516204
8,205.0,1.021,0.27,6.05,-10.51,-254841.22787093374,-198652.64357963268,313268.5248969784,-1646.2835345942362,-1263.2395834870563,1189.6879220781334,-0.17350682412115434,2.6668551711775703e-14,-9.778023874910652,29.826381681938663,-142.49996062445098,7.028918187231501,2.4353180925441117e-10,8.513042782004221e-17,3263.52,-915872.1722883104,-707037.1169384284,610.589843516204
8,206.0,1.021,0.27,6.05,-10.51,-256487.59792126494,-199915.88316311972,314453.3238029103,-1646.4563283929924,-1263.2395834870563,1179.9098855855686,-0.17208077277905334,2.1712318259267712e-14,-9.778049075555872,29.621147861662422,-142.50286485709415,7.015021357267872,2.1072985536467863e-10,7.395612901408804e-17,3263.52,-915872.1722883104,-707037.1169384284,610.589843516204
8,207.0,1.021,0.27,6.05,-10.51,-258134.14005236866,-201179.12274660676,315628.3446597839,-1646.6276961385743,-1263.2395834870563,1170.1318239963482,-0.170654717776799,1.8336629432724798e-14,-9.77807406822222,29.415114717558428,-142.50574474239082,7.00121197323489,1.8256109174258757e-10,6.432323349377096e-17,3263.52,-915872.1722883104,-707037.1169384284,610.589843516204
8,208.0,1.021,0.27,6.05,-10.51,-259780.85283818984,-202442.3623300938,316793.58744260675,-1646.7976378273363,-1263.2395834870563,1160.353737518451,-0.16922865914472063,1.5045893113907047e-14,-9.77809885290916,29.208282602691355,-142.50860028975987,6.987490553885581,1.583442426791584e-10,5.601004313726837e-17,3263.52,-915872.1722883104,-707037.1169384284,610.589843516204
8,209.0,1.021,0.27,6.05,-10.51,-261427.73485266988,-203705.60191358085,317949.0521265939,-1646.9661534556635,-1263.2395834870563,1150.5756263598566,-0.16780259691315688,1.2507643898121787e-14,-9.778123429616166,29.00065195351936,-142.51143150853923,6.9738576187376395,1.375017879304775e-10,4.8827927382473795e-17,3263.52,-915872.1722883104,-707037.1169384284,610.589843516204
8,210.0,1.021,0.27,6.05,-10.51,-263074.7846697465,-204968.8414970679,319094.73868716886,-1647.1332430199727,-1263.2395834870563,1140.7974907285452,-0.1663765311124277,1.1615775549215013e-14,-9.778147798342706,28.792223291126774,-142.5142384079863,6.9603136880151,1.195436594271035e-10,4.2616229040383814e-17,3263.52,-915872.1722883104,-707037.1169384284,610.589843516204
8,211.0,1.021,0.27,6.05,-10.51,-264722.0008633539,-206232.08108055493,320230.6470999628,-1647.2989065167092,-1263.2395834870563,1131.019330832498,-0.16495046177287662,1.0283824261188115e-14,-9.778171959088274,28.5829972224529,-142.51702099727768,6.946859282588818,1.0405357311792713e-10,3.723797808823389e-17,3263.52,-915872.1722883104,-707037.1169384284,610.589843516204
8,212.0,1.021,0.27,6.05,-10.51,-266369.3820074228,-207495.32066404197,321356.777340815,-1647.463143942349,-1263.2395834870563,1121.241146879696,-0.1635243889248361,6.095386807101177e-15,-9.778195911852357,28.37297444151627,-142.51977928550937,6.933494923915717,9.067755890144975e-11,3.25762818401067e-17,3263.52,-915872.1722883104,-707037.1169384284,610.589843516204
8,213.0,1.021,0.27,6.05,-10.51,-268016.92667588044,-208758.560247529,322473.1293857726,-1647.6259552933989,-1263.2395834870563,1111.4629390781208,-0.16209831259863114,6.526493970726567e-15,-9.778219656634436,28.162155730633614,-142.52251328169675,6.920221133976848,7.911432582532085e-11,2.8531281858178e-17,3263.52,-915872.1722883104,-707037.1169384284,610.589843516204
8,214.0,1.021,0.27,6.05,-10.51,-269664.6334426503,-210021.79983101605,323579.703211091,-1647.7873405663968,-1263.2395834870563,1101.6847076357546,-0.1606722328245955,1.1207435370924928e-14,-9.778243193434006,27.95054196163293,-142.5252229947748,6.907038435214196,6.910716107520544e-11,2.5017586183018167e-17,3263.52,-915872.1722883104,-707037.1169384284,610.589843516204
8,215.0,1.021,0.27,6.05,-10.51,-271312.5008816527,-211285.0394145031,324676.4987932332,-1647.9472997579091,-1263.2395834870563,1091.9064527605806,-0.15924614963307043,7.100273394406143e-15,-9.778266522250577,27.738134097059675,-142.52790843359796,6.8939473504662905,6.043711201078086e-11,2.196210058039633e-17,3263.52,-915872.1722883104,-707037.1169384284,610.589843516204
8,216.0,1.021,0.27,6.05,-10.51,-272960.5275668045,-212548.27899799013,325763.51610887056,-1648.1058328645338,-1263.2395834870563,1082.1281746605816,-0.1578200630543832,5.3165144663684316e-15,-9.778289643083648,27.524933191375496,-142.5305696069403,6.880948402902591,5.291724251119653e-11,1.930219506244932e-17,3263.52,-915872.1722883104,-707037.1169384284,610.589843516204
8,217.0,1.021,0.27,6.05,-10.51,-274608.7120720191,-213811.51858147717,326840.7551348821,-1648.2629398828988,-1263.2395834870563,1072.349873543741,-0.1563939731188659,8.112999490713087e-15,-9.778312555932718,27.31094039214861,-142.53320652349564,6.868042115956654,4.638778969929863e-11,1.6984152385269828e-17,3263.52,-915872.1722883104,-707037.1169384284,610.589843516204
8,218.0,1.021,0.27,6.05,-10.51,-276257.05297120643,-215074.7581649642,327908.2158483551,-1648.4186208096628,-1263.2395834870563,1062.5715496180442,-0.15496787985684907,4.461353936157663e-15,-9.778335260797311,27.09615694123514,-142.53581919187738,6.855229013258083,4.07120759828312e-11,1.4961853917260464e-17,3263.52,-915872.1722883104,-707037.1169384284,610.589843516204
8,219.0,1.021,0.27,6.05,-10.51,-277905.5488382734,-216337.99774845125,328965.89822658466,-1648.572875641514,-1263.2395834870563,1052.793203091475,-0.15354178329867277,6.622724619643254e-15,-9.778357757676941,26.880584175950382,-142.53840762061884,6.842509618563273,3.577305531658662e-11,1.3195665513379838e-17,3263.52,-915872.1722883104,-707037.1169384284,610.589843516204
8,220.0,1.021,0.27,6.05,-10.51,-279554.1982471234,-217601.2373319383,330013.8022470738,-1648.7257043751715,-1263.2395834870563,1043.014834172019,-0.15211568347466548,4.855511357225716e-15,-9.77838004657113,26.664223530229407,-142.54097181817306,6.829884455684936,3.147039250274094e-11,1.1651492067396895e-17,3263.52,-915872.1722883104,-707037.1169384284,610.589843516204
8,221.0,1.021,0.27,6.05,-10.51,-281202.9997716565,-218864.47691542533,331051.92788753373,-1648.877107007385,-1263.2395834870563,1033.2364430676614,-0.15068958041516262,2.9939934590690508e-15,-9.778402127479403,26.447076535776027,-142.5435117929131,6.817354048420425,2.7717990907714903e-11,1.0299974452132253e-17,3263.52,-915872.1722883104,-707037.1169384284,610.589843516204
8,222.0,1.021,0.27,6.05,-10.51,-282851.9519857699,-220127.71649891237,332080.27512588346,-1649.0270835349336,-1263.2395834870563,1023.4580299863887,-0.1492634741504933,2.0612878997000802e-15,-9.778424000401284,26.2291448231993,-142.54602755313184,6.804918920478852,2.444189775951281e-11,9.115806765473146e-18,3263.52,-915872.1722883104,-707037.1169384284,610.589843516204
8,223.0,1.021,0.27,6.05,-10.51,-284501.05346335715,-221390.9560823994,333098.84394025017,-1649.1756339546278,-1263.2395834870563,1013.6795951361877,-0.1478373647109953,1.570459799369984e-15,-9.77844566533632,26.01043012313658,-142.54851910704224,6.79257959540703,2.1578527675095348e-11,8.077155317584471e-18,3263.52,-915872.1722883104,-707037.1169384284,610.589843516204
8,224.0,1.021,0.27,6.05,-10.51,-286150.30277830886,-222654.19566588645,334107.6343089688,-1649.3227582633078,-1263.2395834870563,1003.901138725045,-0.1464112521269979,2.73620418429727e-15,-9.778467122284043,25.790934267362502,-142.5509864627773,6.7803365965141955,1.9073154645298265e-11,7.165163738018458e-18,3263.52,-915872.1722883104,-707037.1169384284,610.589843516204
8,225.0,1.021,0.27,6.05,-10.51,-287799.69850451243,-223917.4352493735,335106.6462105826,-1649.4684564578438,-1263.2395834870563,994.1226609609487,-0.144985136428837,9.786022380581634e-16,-9.778488371243999,25.570659189882736,-142.55342962839006,6.76819044679557,1.6878630699084274e-11,6.3635310462911325e-18,3263.52,-915872.1722883104,-707037.1169384284,610.589843516204
8,226.0,1.021,0.27,6.05,-10.51,-289449.23921585217,-225180.67483286053,336095.87962384237,-1649.6127285351374,-1263.2395834870563,984.3441620518864,-0.1435590176468458,3.2616162330769033e-15,-9.778509412215733,25.349606928011614,-142.55584861185383,6.75614166885476,1.4954296147357786e-11,5.6581515955366326e-18,3263.52,-915872.1722883104,-707037.1169384284,610.589843516204
8,227.0,1.021,0.27,6.05,-10.51,-291098.92348620924,-226443.91441634757,337075.33452770725,-1649.7555744921196,-1263.2395834870563,974.5656422058469,-0.14213289581135907,3.5001944172169466e-16,-9.7785302451988,25.127779623433,-142.55824342106206,6.744190784824963,1.3265051890720752e-11,5.036807532114665e-18,3263.52,-915872.1722883104,-707037.1169384284,610.589843516204
8,228.0,1.021,0.27,6.05,-10.51,-292748.74988946196,-227707.1539998346,338045.01090134436,-1649.8969943257523,-1263.2395834870563,964.7871016308186,-0.14070677095270567,2.6569747002500794e-15,-9.778550870192753,24.905179523243028,-142.56061406382852,6.732338316289048,1.178056894888194e-11,4.4889058694138025e-18,3263.52,-915872.1722883104,-707037.1169384284,610.589843516204
8,229.0,1.021,0.27,6.05,-10.51,-294398.71699948533,-228970.39358332165,339004.90872412856,-1650.0369880330275,-1263.2395834870563,955.0085405347912,-0.13928064310122246,2.5229437403490813e-15,-9.778571287197158,24.68180898097419,-142.5629605478872,6.72058478419848,1.0474614283967036e-11,4.005253497181688e-18,3263.52,-915872.1722883104,-707037.1169384284,610.589843516204
8,230.0,1.021,0.27,6.05,-10.51,-296048.82339015155,-230233.6331668087,339955.02797564294,-1650.1755556109672,-1263.2395834870563,945.2299591257545,-0.13785451228724604,2.8874729090431005e-15,-9.77859149621158,24.457670457599466,-142.56528288089257,6.708930708791126,9.324475271829573e-12,3.577864476492714e-18,3263.52,-915872.1722883104,-707037.1169384284,610.589843516204
8,231.0,1.021,0.27,6.05,-10.51,-297699.06763532985,-231496.87275029573,340895.3686356783,-1650.3126970566248,-1263.2395834870563,935.4513576116983,-0.13642837854110673,2.560604440397021e-15,-9.778611497235588,24.232766522515796,-142.56758107041944,6.697376609507932,8.310467929323514e-12,3.1997948365581838e-18,3263.52,-915872.1722883104,-707037.1169384284,610.589843516204
8,232.0,1.021,0.27,6.05,-10.51,-299349.4483088864,-232760.11233378277,341825.93068423396,-1650.4484123670825,-1263.2395834870563,925.6727362006135,-0.13500224189313914,1.5569419560164108e-15,-9.778631290268757,24.007099854505764,-142.56985512396312,6.685923004908515,7.41551631833676e-12,2.8650008193465945e-18,3263.52,-915872.1722883104,-707037.1169384284,610.589843516204
8,233.0,1.021,0.27,6.05,-10.51,-300999.96398468467,-234023.3519172698,342746.7141015166,-1650.582701539454,-1263.2395834870563,915.8940951004912,-0.13357610237367648,2.4803768560437565e-15,-9.778650875310666,23.78067324267662,-142.5721050489394,6.674570412585655,6.624792491549995e-12,2.568217133409529e-18,3263.52,-915872.1722883104,-707037.1169384284,610.589843516204
8,234.0,1.021,0.27,6.05,-10.51,-302650.613236585,-235286.59150075685,343657.71886794124,-1650.7155645708826,-1263.2395834870563,906.1154345193227,-0.1321499600130548,-4.333822694833777e-16,-9.778670252360897,23.553489587375523,-142.5743308526846,6.6633193490787255,5.925407980562864e-12,2.304852297756804e-18,3263.52,-915872.1722883104,-707037.1169384284,610.589843516204
8,235.0,1.021,0.27,6.05,-10.51,-304301.3946384451,-236549.8310842439,344558.9449641309,-1650.8470014585432,-1263.2395834870563,896.3367546651001,-0.13072381484160459,1.35445717660619e-15,-9.778689421419042,23.325551901080203,-142.57653254245582,6.652170329786065,5.306149204389697e-12,2.0708985954456378e-18,3263.52,-915872.1722883104,-707037.1169384284,610.589843516204
8,236.0,1.021,0.27,6.05,-10.51,-305952.3067641199,-237813.07066773094,345450.39237091644,-1650.9770121996394,-1263.2395834870563,886.5580557458154,-0.12929766688966152,-2.997285939804324e-16,-9.778708382484687,23.09686330926387,-142.57871012543063,6.6411238688763214,4.7572503371560976e-12,1.862854527567185e-18,3263.52,-915872.1722883104,-707037.1169384284,610.589843516204
8,237.0,1.021,0.27,6.05,-10.51,-307603.3481874613,-239076.31025121798,346332.06106933684,-1651.1055967914058,-1263.2395834870563,876.7793379694616,-0.12787151618756498,-1.8486972719088682e-15,-9.778727135557437,22.867427051233427,-142.5808636087074,6.630180479198783,4.27019815303527e-12,1.677657972281519e-18,3263.52,-915872.1722883104,-707037.1169384284,610.589843516204
8,238.0,1.021,0.27,6.05,-10.51,-309254.5174823187,-240339.54983470502,347203.95104063896,-1651.2327552311078,-1263.2395834870563,867.0006015440316,-0.12644536276563767,-6.250366233389967e-16,-9.77874568063688,22.637246480940092,-142.5829929993052,6.619340672192702,3.837564193168765e-12,1.5126285194629843e-18,3263.52,-915872.1722883104,-707037.1169384284,610.589843516204
8,239.0,1.021,0.27,6.05,-10.51,-310905.8132225386,-241602.78941819206,348066.0622662778,-1651.3584875160404,-1263.2395834870563,857.221846677519,-0.12501920665422675,-3.5362146752982847e-15,-9.778764017722642,22.4063250677612,-142.58509830416392,6.608604957795665,3.4528602978835555e-12,1.3654176769225044e-18,3263.52,-915872.1722883104,-707037.1169384284,610.589843516204
8,240.0,1.021,0.27,6.05,-10.51,-312557.23398196494,-242866.0290016791,348918.3947279163,-1651.48279364353,-1263.2395834870563,847.4430735779177,-0.12359304788364969,-3.2831470688000985e-16,-9.778782146814306,22.174666397252427,-142.5871795301443,6.597973844350997,3.1104141383099256e-12,1.2339658354015461e-18,3263.52,-915872.1722883104,-707037.1169384284,610.589843516204
8,241.0,1.021,0.27,6.05,-10.51,-314208.778334439,-244129.26858516614,349760.94840742537,-1651.6056736109315,-1263.2395834870563,837.664282453222,-0.12216688648426194,-1.8155369392512547e-15,-9.77880006791151,21.94227417186922,-142.589236684028,6.58744783851426,2.8052618815855088e-12,1.1164650419052278e-18,3263.52,-915872.1722883104,-707037.1169384284,610.589843516204
8,242.0,1.021,0.27,6.05,-10.51,-315860.4448537993,-245392.50816865318,350593.7232868838,-1651.7271274156324,-1263.2395834870563,827.8854735114264,-0.12074072248638047,4.154630932951429e-16,-9.778817781013865,21.70915221165656,-142.59126977251753,6.5770274451588255,2.533055547486993e-12,1.0113267689282914e-18,3263.52,-915872.1722883104,-707037.1169384284,610.589843516204
8,243.0,1.021,0.27,6.05,-10.51,-317512.23211388185,-246655.74775214022,351416.71934857854,-1651.8471550550482,-1263.2395834870563,818.1066469605261,-0.11931455592035013,-1.391138956876677e-16,-9.778835286120987,21.475304454906016,-142.59327880223645,6.566713167280597,2.2899829735517768e-12,9.171539844893327e-19,3263.52,-915872.1722883104,-707037.1169384284,610.589843516204
8,244.0,1.021,0.27,6.05,-10.51,-319164.13868852006,-247918.98733562726,352229.9365750045,-1651.9657565266268,-1263.2395834870563,808.3278030085164,-0.11788838681650322,-9.867297684848848e-16,-9.778852583232517,21.240734958779047,-142.59526377972924,6.556505505901875,2.0726986105967316e-12,8.327169277920448e-19,3263.52,-915872.1722883104,-707037.1169384284,610.589843516204
8,245.0,1.021,0.27,6.05,-10.51,-320816.1631515449,-249182.2269191143,353033.3749488645,-1652.0829318278452,-1263.2395834870563,798.548941863393,-0.11646221520517065,-1.6927300973373544e-15,-9.778869672348076,21.005447899895632,-142.5972247114616,6.5464049599743905,1.8782636294595344e-12,7.569320804445732e-19,3263.52,-915872.1722883104,-707037.1169384284,610.589843516204
8,246.0,1.021,0.27,6.05,-10.51,-322468.3040767848,-250445.46650260134,353827.03445306956,-1652.1986809562115,-1263.2395834870563,788.7700637331523,-0.11503604111669075,-4.722242014553911e-16,-9.7788865534673,20.769447574887145,-142.59916160382016,6.536412026281589,1.704094039888592e-12,6.888438957409507e-19,3263.52,-915872.1722883104,-707037.1169384284,610.589843516204
8,247.0,1.021,0.27,6.05,-10.51,-324120.56003806565,-251708.70608608838,354610.91507073847,-1652.313003909263,-1263.2395834870563,778.9911688257906,-0.11360986458139398,-8.458777309187913e-16,-9.778903226589842,20.532738400912592,-142.6010744631128,6.5265271993401,1.5479157097651798e-12,6.276089104395261e-19,3263.52,-915872.1722883104,-707037.1169384284,610.589843516204
8,248.0,1.021,0.27,6.05,-10.51,-325772.9296092107,-252971.94566957542,355385.01678519807,-1652.4259006845687,-1263.2395834870563,769.2122573493049,-0.11218368562962178,-2.6364418239862944e-15,-9.77891969171534,20.29532491613712,-142.6029632955686,6.516750971300531,1.407725332293272e-12,5.724819163673505e-19,3263.52,-915872.1722883104,-707037.1169384284,610.589843516204
8,249.0,1.021,0.27,6.05,-10.51,-327425.4113640413,-254235.18525306246,356149.3395799834,-1652.5373712797266,-1263.2395834870563,759.4333295116924,-0.11075750429170587,-8.20111657965945e-16,-9.778935948843436,20.057211780171937,-142.6048281073378,6.507083831847541,1.2817565246803411e-12,5.228039143921277e-19,3263.52,-915872.1722883104,-707037.1169384284,610.589843516204
8,250.0,1.021,0.27,6.05,-10.51,-329078.003876376,-255498.4248365495,356903.8834388371,-1652.6474156923666,-1263.2395834870563,749.6543855209505,-0.10933132059797637,-2.964068579137112e-15,-9.778951997973797,19.818403774474564,-142.6066689044919,6.497526268099259,1.1684503577367345e-12,4.779916119822338e-19,3263.52,-915872.1722883104,-707037.1169384284,610.589843516204
8,251.0,1.021,0.27,6.05,-10.51,-330730.7057200311,-256761.66442003654,357648.6483457102,-1652.7560339201475,-1263.2395834870563,739.8754255850773,-0.10790513457877303,-1.638057695865261e-15,-9.778967839106077,19.578905802708658,-142.60848569302377,6.48807876450608,1.0664297147617204e-12,4.375282586911659e-19,3263.52,-915872.1722883104,-707037.1169384284,610.589843516204
8,252.0,1.021,0.27,6.05,-10.51,-332383.5154688206,-258024.90400352358,358383.63428476156,-1652.8632259607589,-1263.2395834870563,730.0964499120711,-0.1064789462644337,-1.860539525915748e-15,-9.77898347223994,19.338722891062183,-142.61027847884762,6.478741802748869,9.744769626167094e-13,4.00955642279867e-19,3263.52,-915872.1722883104,-707037.1169384284,610.589843516204
8,253.0,1.021,0.27,6.05,-10.51,-334036.4316965561,-259288.14358701062,359108.84124035796,-1652.9689918119213,-1263.2395834870563,720.3174587099303,-0.10505275568528558,-1.8914715108380536e-15,-9.778998897375045,19.09786018852335,-142.61204726779897,6.46951586163662,8.915144901654734e-13,3.6786709252534276e-19,3263.52,-915872.1722883104,-707037.1169384284,610.589843516204
8,254.0,1.021,0.27,6.05,-10.51,-335689.4529770472,-260551.38317049766,359824.2691970744,-1653.0733314713848,-1263.2395834870563,710.5384521866541,-0.10362656287166822,-2.578495186677716e-15,-9.779014114511074,18.8563229671131,-142.61379206563487,6.460401417003601,8.165877311173768e-13,3.3790136065061017e-19,3263.52,-915872.1722883104,-707037.1169384284,610.589843516204
8,255.0,1.021,0.27,6.05,-10.51,-337342.57788410096,-261814.6227539847,360529.9181396936,-1653.1762449369296,-1263.2395834870563,700.7594305502414,-0.10220036785391783,-1.718743332493233e-15,-9.779029123647703,18.614116622073485,-142.61551287803368,6.451398941606015,7.488503412883803e-13,3.107372602520425e-19,3263.52,-915872.1722883104,-707037.1169384284,610.589843516204
8,256.0,1.021,0.27,6.05,-10.51,-338995.8049915224,-263077.86233747174,361225.78805320646,-1653.2777322063678,-1263.2395834870563,690.980394008692,-0.10077417066236687,-1.6633690200994671e-15,-9.77904392478461,18.37124667201089,-142.61720971059546,6.442508905018254,6.87551245706197e-13,2.8608897102295354e-19,3263.52,-915872.1722883104,-707037.1169384284,610.589843516204
8,257.0,1.021,0.27,6.05,-10.51,-340649.1328731143,-264341.1019209588,361911.8789228118,-1653.37779327754,-1263.2395834870563,681.2013427700056,-0.09934797132735179,8.698906534107669e-16,-9.779058517921477,18.127718758993442,-142.61888256884163,6.4337317735287245,6.320233099458691e-13,2.637019198420376e-19,3263.52,-915872.1722883104,-707037.1169384284,610.589843516204
8,258.0,1.021,0.27,6.05,-10.51,-342302.56010267726,-265604.3415044458,362588.1907339167,-1653.4764281483178,-1263.2395834870563,671.4222770421825,-0.09792176987921017,-1.7645552438642443e-15,-9.779072903057996,17.883538648601526,-142.62053145821523,6.425068010035365,5.816734235310553e-13,2.433491652204561e-19,3263.52,-915872.1722883104,-707037.1169384284,610.589843516204
8,259.0,1.021,0.27,6.05,-10.51,-343956.08525401005,-266867.58108793286,363254.72347213584,-1653.573636816604,-1263.2395834870563,661.6431970332231,-0.09649556634827158,-2.206371328397539e-15,-9.779087080193865,17.63871222993085,-142.62215638408097,6.416518073940826,5.35973811979868e-13,2.2482822094726333e-19,3263.52,-915872.1722883104,-707037.1169384284,610.589843516204
8,260.0,1.021,0.27,6.05,-10.51,-345609.706900909,-268130.8206714199,363911.4771232921,-1653.6694192803304,-1263.2395834870563,651.8641029511284,-0.0950693607648757,-1.5820901907060049e-15,-9.779101049328778,17.393245515547076,-142.62375735172512,6.408082421047412,4.944544187924924e-13,2.079582632638043e-19,3263.52,-915872.1722883104,-707037.1169384284,610.589843516204
8,261.0,1.021,0.27,6.05,-10.51,-347263.42361716856,-269394.06025490694,364558.45167341636,-1653.76377553746,-1263.2395834870563,642.0849950038995,-0.09364315315935759,-1.7377422124174344e-15,-9.77911481046244,17.1471446413914,-142.62533436635564,6.399761503451794,4.566962199530467e-13,1.9257767322646752e-19,3263.52,-915872.1722883104,-707037.1169384284,610.589843516204
8,262.0,1.021,0.27,6.05,-10.51,-348917.2339765811,-270657.299838394,365195.64710874757,-1653.8567055859853,-1263.2395834870563,632.3058733995375,-0.09221694356204992,-1.505655741381552e-15,-9.779128363594554,16.900415866636177,-142.6268874331022,6.391555769439568,4.2232535184369963e-13,1.785418722474e-19,3263.52,-915872.1722883104,-707037.1169384284,610.589843516204
8,263.0,1.021,0.27,6.05,-10.51,-350571.1365529369,-271920.539421881,365823.06341573235,-1653.9482094239302,-1263.2395834870563,622.5267383460443,-0.09079073200328694,1.5261237094276977e-15,-9.779141708724834,16.653065573490146,-142.62841655701624,6.383465663379681,3.9100794926733805e-13,1.6572141427518677e-19,3263.52,-915872.1722883104,-707037.1169384284,610.589843516204
8,264.0,1.021,0.27,6.05,-10.51,-352225.1299200247,-273183.77900536807,366440.70058102586,-1654.0382870493484,-1263.2395834870563,612.7475900514219,-0.08936451851341216,1.494828442455427e-16,-9.779154845853006,16.405100266952264,-142.62992174307098,6.375491625618793,3.6244560390479405e-13,1.5400030281168094e-19,3263.52,-915872.1722883104,-707037.1169384284,610.589843516204
8,265.0,1.021,0.27,6.05,-10.51,-353879.21265163086,-274447.0185888551,367048.55859149084,-1654.1269384603236,-1263.2395834870563,602.9684287236724,-0.08793830312275493,1.6290493886833511e-15,-9.779167774978772,16.156526574513762,-142.6314029961614,6.367634092375604,3.3637136530165123e-13,1.4327450506029661e-19,3263.52,-915872.1722883104,-707037.1169384284,610.589843516204
8,266.0,1.021,0.27,6.05,-10.51,-355533.38332153996,-275710.25817234215,367646.6374341981,-1654.2141636549702,-1263.2395834870563,593.1892545707985,-0.08651208586165277,1.861019553676702e-15,-9.779180496101871,15.907351245807613,-142.6328603211043,6.359893495635235,3.12546216649152e-13,1.3345063905268444e-19,3263.52,-915872.1722883104,-707037.1169384284,610.589843516204
8,267.0,1.021,0.27,6.05,-10.51,-357187.6405035347,-276973.4977558292,368234.9370964267,-1654.2999626314333,-1263.2395834870563,583.410067800803,-0.08508586676043861,4.537425021733241e-16,-9.77919300922203,15.657581152204989,-142.63429372263846,6.352270263043653,2.9075596641884333e-13,1.2444481268066782e-19,3263.52,-915872.1722883104,-707037.1169384284,610.589843516204
8,268.0,1.021,0.27,6.05,-10.51,-358841.9827713961,-278236.7373393162,368813.4575656633,-1654.3843353878876,-1263.2395834870563,573.6308686216887,-0.08365964584945514,-4.636055951259433e-16,-9.779205314338983,15.407223286358036,-142.63570320542448,6.344764817802253,2.708085045227154e-13,1.1618159623315106e-19,3263.52,-915872.1722883104,-707037.1169384284,610.589843516204
8,269.0,1.021,0.27,6.05,-10.51,-360496.4086989032,-279499.97692280327,369382.1988296029,-1654.467281922539,-1263.2395834870563,563.8516572414593,-0.08223342315902926,-1.5078638445590493e-15,-9.779217411452462,15.156284761688529,-142.63708877404488,6.337377578562607,2.525313782638527e-13,1.0859311235896827e-19,3263.52,-915872.1722883104,-707037.1169384284,610.589843516204
8,270.0,1.021,0.27,6.05,-10.51,-362150.91685983335,-280763.2165062903,369941.1608761485,-1654.5488022336228,-1263.2395834870563,554.0724338681184,-0.08080719871950111,1.167252936338839e-16,-9.779229300562216,14.904772811821857,-142.63845043300424,6.330108959321457,2.3576964905832875e-13,1.0161822939429676e-19,3263.52,-915872.1722883104,-707037.1169384284,610.589843516204
8,271.0,1.021,0.27,6.05,-10.51,-363805.5058279621,-282026.45608977735,370490.3436934109,-1654.6288963194052,-1263.2395834870563,544.2931987096697,-0.07938097256120318,-1.125771678252479e-15,-9.779240981667987,14.65269478996599,-142.63978818672894,6.32295936931599,2.2038399586751045e-13,9.520184574819951e-20,3263.52,-915872.1722883104,-707037.1169384284,610.589843516204
8,272.0,1.021,0.27,6.05,-10.51,-365460.17417706316,-283289.6956732644,371029.74726970884,-1654.7075641781826,-1263.2395834870563,534.5139519741172,-0.07795474471447501,1.7345451837675634e-16,-9.779252454769534,14.40005816823497,-142.64110203956764,6.315929212919465,2.0624903558483485e-13,8.929425456747472e-20,3263.52,-915872.1722883104,-707037.1169384284,610.589843516204
8,273.0,1.021,0.27,6.05,-10.51,-367114.9204809088,-284552.9352567514,371559.37159356935,-1654.7848058082816,-1263.2395834870563,524.7346938694653,-0.0765285152096535,-3.173641978295709e-15,-9.779263719866606,14.14687053691657,-142.6423919957908,6.309018889537228,1.9325183436178082e-13,8.385057923285258e-20,3263.52,-915872.1722883104,-707037.1169384284,610.589843516204
8,274.0,1.021,0.27,6.05,-10.51,-368769.74331326963,-285816.17484023847,372079.21665372734,-1654.8606212080592,-1263.2395834870563,514.9554246037188,-0.07510228407707038,-6.369232361850258e-16,-9.779274776958964,13.893139603683792,-142.64365805959113,6.302228793503192,1.812905871102749e-13,7.883027139874318e-20,3263.52,-915872.1722883104,-707037.1169384284,610.589843516204
8,275.0,1.021,0.27,6.05,-10.51,-370424.64124791435,-287079.4144237255,372589.28243912576,-1654.9350103759032,-1263.2395834870563,505.1761443848824,-0.07367605134706558,-1.3692750552502235e-15,-9.779285626046379,13.638873192750005,-142.64490023508333,6.295559313976822,1.702734452492399e-13,7.419666430095427e-20,3263.52,-915872.1722883104,-707037.1169384284,610.589843516204
8,276.0,1.021,0.27,6.05,-10.51,-372079.6128586103,-288342.65400721255,373089.56893891544,-1655.007973310231,-1263.2395834870563,495.3968534209611,-0.07224981704997077,-1.799126939898637e-15,-9.779296267128617,13.384079243967394,-142.64611852630432,6.289010834840685,1.6011747522804955e-13,6.991657494058516e-20,3263.52,-915872.1722883104,-707037.1169384284,610.589843516204
8,277.0,1.021,0.27,6.05,-10.51,-373734.6567191231,-289605.8935906996,373580.0761424553,-1655.079510009491,-1263.2395834870563,485.6175519199603,-0.07082358121611941,1.3964762234696844e-15,-9.779306700205444,13.128765811868593,-142.64731293721314,6.2825837345986235,1.5074773250803394e-13,6.595994952450119e-20,3263.52,-915872.1722883104,-707037.1169384284,610.589843516204
8,278.0,1.021,0.27,6.05,-10.51,-375389.77140321705,-290869.13317418663,374060.8040393123,-1655.1496204721611,-1263.2395834870563,475.83824008988546,-0.06939734387586427,-2.3969106010442783e-15,-9.779316925276651,12.872941064651368,-142.64848347169098,6.276278386274612,1.4209643755705656e-13,6.229954721801992e-20,3263.52,-915872.1722883104,-707037.1169384284,610.589843516204
8,279.0,1.021,0.27,6.05,-10.51,-377044.95548465475,-292132.3727576737,374531.75261926145,-1655.2183046967507,-1263.2395834870563,466.05891813874234,-0.06797110505951419,2.025936546827829e-15,-9.779326942342012,12.616613283106185,-142.64963013354128,6.270095157312358,1.3410224204783339e-13,5.891065785629545e-20,3263.52,-915872.1722883104,-707037.1169384284,610.589843516204
8,280.0,1.021,0.27,6.05,-10.51,-378700.20753719745,-293395.6123411607,374992.9218722855,-1655.285562681798,-1263.2395834870563,456.2795862745368,-0.0665448647974316,-4.192778233939679e-16,-9.77933675140132,12.359790859486754,-142.6507529264897,6.26403440947568,1.2670957487944128e-13,5.577084977829263e-20,3263.52,-915872.1722883104,-707037.1169384284,610.589843516204
8,281.0,1.021,0.27,6.05,-10.51,-380355.5261346047,-294658.85192464775,375444.31178857543,-1655.3513944258734,-1263.2395834870563,446.5002447052751,-0.06511862311993781,-9.858988874457247e-16,-9.77934635245436,12.102482296323384,-142.6518518541842,6.258096498749762,1.1986805889051408e-13,5.285974440067555e-20,3263.52,-915872.1722883104,-707037.1169384284,610.589843516204
8,282.0,1.021,0.27,6.05,-10.51,-382010.90985063504,-295922.0915081348,375885.92235853034,-1655.4157999275762,-1263.2395834870563,436.7208936389636,-0.06369238005737152,-2.1902113468215547e-15,-9.779355745500931,11.844696205179368,-142.6529269201949,6.252281775243295,1.1353199022536422e-13,5.015881454659923e-20,3263.52,-915872.1722883104,-707037.1169384284,610.589843516204
8,283.0,1.021,0.27,6.05,-10.51,-383666.3572590453,-297185.33109162183,376317.7535727571,-1655.4787791855367,-1263.2395834870563,426.94153328360875,-0.06226613564007057,3.2292746676961357e-16,-9.779364930540831,11.58644130535036,-142.65397812801436,6.246590583091621,1.076598732708851e-13,4.765120389335434e-20,3263.52,-915872.1722883104,-707037.1169384284,610.589843516204
8,284.0,1.021,0.27,6.05,-10.51,-385321.8669335911,-298448.5706751089,376739.80542207055,-1655.540332198415,-1263.2395834870563,417.1621638472175,-0.060839889898370005,1.3039007323297185e-15,-9.779373907573868,11.327726422507018,-142.6550054810574,6.241023260360869,1.0221400492029932e-13,4.532156520932988e-20,3263.52,-915872.1722883104,-707037.1169384284,610.589843516204
8,285.0,1.021,0.27,6.05,-10.51,-386977.4374480266,-299711.8102585959,377152.0778974939,-1655.600458964902,-1263.2395834870563,407.3827855377968,-0.05941364286261008,-3.664163124898948e-15,-9.779382676599852,11.068560487281005,-142.6560089826612,6.235580138953208,9.71601026547241e-14,4.3155915320134446e-20,3263.52,-915872.1722883104,-707037.1169384284,610.589843516204
8,286.0,1.021,0.27,6.05,-10.51,-388633.06737610494,-300975.04984208295,377554.57099025784,-1655.659159483719,-1263.2395834870563,397.60339856335355,-0.0579873945631163,1.6880356253667956e-15,-9.779391237618587,10.80895253379472,-142.65698863608532,6.230261544513218,9.246697157839854e-14,4.114150498065784e-20,3263.52,-915872.1722883104,-707037.1169384284,610.589843516204
8,287.0,1.021,0.27,6.05,-10.51,-390288.7552915777,-302238.28942557,377947.2846918016,-1655.7164337536167,-1263.2395834870563,387.8240031318953,-0.05656114503023381,2.2994720368123258e-15,-9.779399590629898,10.548911698134974,-142.65794444451166,6.225067796335495,8.810620610957686e-14,3.926670203835678e-20,3263.52,-915872.1722883104,-707037.1169384284,610.589843516204
8,288.0,1.021,0.27,6.05,-10.51,-391944.49976819544,-303501.52900905703,378330.218993772,-1655.7722817733782,-1263.2395834870563,378.0445994514296,-0.05513489429430187,1.2301759663628777e-15,-9.779407735633615,10.28844721677104,-142.65887641104464,6.219999207273476,8.405192252675466e-14,3.752088645676694e-20,3263.52,-915872.1722883104,-707037.1169384284,610.589843516204
8,289.0,1.021,0.27,6.05,-10.51,-393600.2993797073,-304764.7685925441,378703.37388802407,-1655.8267035418146,-1263.2395834870563,368.265187729964,-0.05370864238564866,-1.7919098838451916e-15,-9.77941567262955,10.027568424917433,-142.65978453871102,6.215056083649628,8.028051900734714e-14,3.589435593009438e-20,3263.52,-915872.1722883104,-707037.1169384284,610.589843516204
8,290.0,1.021,0.27,6.05,-10.51,-395256.15269986156,-306028.0081760311,379066.7493666209,-1655.879699057769,-1263.2395834870563,358.48576817550645,-0.05228238933461667,2.304466363197428e-16,-9.779423401617546,9.76628475484198,-142.66066883046005,6.210238725166959,7.677046018106688e-14,3.4378240962575614e-20,3263.52,-915872.1722883104,-707037.1169384284,610.589843516204
8,291.0,1.021,0.27,6.05,-10.51,-396912.058302405,-307291.24775951816,379420.3454218335,-1655.931268320113,-1263.2395834870563,348.70634099606485,-0.05085613517153527,-1.1985599648590762e-15,-9.77943092259743,9.504605734119567,-142.6615292891634,6.205547424822012,7.350208355929716e-14,3.29644284123167e-20,3263.52,-915872.1722883104,-707037.1169384284,610.589843516204
8,292.0,1.021,0.27,6.05,-10.51,-398568.0147610835,-308554.4873430052,379764.16204614076,-1655.9814113277512,-1263.2395834870563,338.9269063996476,-0.049429879926747106,-1.9403213308202786e-15,-9.77943823556905,9.242540983832296,-142.66236591761538,6.2009824688193165,7.045742550062221e-14,3.164549261066865e-20,3263.52,-915872.1722883104,-707037.1169384284,610.589843516204
8,293.0,1.021,0.27,6.05,-10.51,-400224.0206496419,-309817.72692649224,380098.19923222973,-1656.0301280796166,-1263.2395834870563,329.1474645942629,-0.04800362363058645,4.2085714880498234e-16,-9.779445340532241,8.980100216716563,-142.6631787185326,6.196544136487378,6.762006463623636e-14,3.0414633266606955e-20,3263.52,-915872.1722883104,-707037.1169384284,610.589843516204
8,294.0,1.021,0.27,6.05,-10.51,-401880.0745418238,-311080.9665099793,380422.4569729956,-1656.0774185746723,-1263.2395834870563,319.36801578791926,-0.04657736631338767,1.5401099252478817e-15,-9.779452237486858,8.717293235257792,-142.66396769455434,6.1922327001962945,6.497498091159103e-14,2.926561945264534e-20,3263.52,-915872.1722883104,-707037.1169384284,610.589843516204
8,295.0,1.021,0.27,6.05,-10.51,-403536.175011372,-312344.2060934663,380736.9352615413,-1656.123282811913,-1263.2395834870563,309.5885601886254,-0.04515110800549358,-1.9124363377259375e-15,-9.779458926432756,8.454129929733549,-142.6647328482424,6.1880484252770005,6.25084286060683e-14,2.8192739045861735e-20,3263.52,-915872.1722883104,-707037.1169384284,610.589843516204
8,296.0,1.021,0.27,6.05,-10.51,-405192.32063202804,-313607.44567695336,381041.6340911779,-1656.1677207903633,-1263.2395834870563,299.80909800439,-0.04372484873723366,4.745890613185509e-16,-9.779465407369786,8.190620276205836,-142.66547418208114,6.183991569942231,6.020782187407892e-14,2.7190753065881766e-20,3263.52,-915872.1722883104,-707037.1169384284,610.589843516204
8,297.0,1.021,0.27,6.05,-10.51,-406848.5099775328,-314870.6852604404,381336.5534554244,-1656.2107325090776,-1263.2395834870563,290.0296294432221,-0.042298588538946386,1.68853735134215e-15,-9.779471680297817,7.926774334463425,-142.66619169847746,6.1800623852092365,5.806163151162536e-14,2.6254854412183523e-20,3263.52,-915872.1722883104,-707037.1169384284,610.589843516204
8,298.0,1.021,0.27,6.05,-10.51,-408504.74162162596,-316133.92484392744,381621.69334800803,-1656.2523179671414,-1263.2395834870563,280.25015471313077,-0.04087232744097343,-1.0511207464944328e-15,-9.779477745216711,7.662602245915043,-142.66688539976084,6.176261114824324,5.605929179452414e-14,2.538063055675501e-20,3263.52,-915872.1722883104,-707037.1169384284,610.589843516204
8,299.0,1.021,0.27,6.05,-10.51,-410161.01413804654,-317397.1644274145,381897.0537628636,-1656.29247716367,-1263.2395834870563,270.47067402212514,-0.03944606547364295,-8.338206221134131e-17,-9.779483602126342,7.3981142314345,-142.6675552881835,6.172587995189244,5.419111636046686e-14,2.456402979580657e-20,3263.52,-915872.1722883104,-707037.1169384284,610.589843516204
8,300.0,1.021,0.27,6.05,-10.51,-411817.32610053255,-318660.4040109015,382162.63469413464,-1656.331210097809,-1263.2395834870563,260.69118757821457,-0.03801980266729583,1.9439686984040257e-15,-9.779489251026584,7.133320589158617,-142.6682013659201,6.169043255289508,5.244822221872588e-14,2.3801330706564718e-20,3263.52,-915872.1722883104,-707037.1169384284,610.589843516204
8,301.0,1.021,0.27,6.05,-10.51,-413473.6760828211,-319923.64359438856,382418.4361361718,-1656.3685167687352,-1263.2395834870563,250.9116955894085,-0.03659353905227081,7.048833207744162e-16,-9.779494691917321,6.868231692239086,-142.6688236350681,6.165627116624663,5.082246107041252e-14,2.3089114492835318e-20,3263.52,-915872.1722883104,-707037.1169384284,610.589843516204
8,302.0,1.021,0.27,6.05,-10.51,-415130.0626586486,-321186.8831778756,382664.45808353444,-1656.4043971756541,-1263.2395834870563,241.13219826371648,-0.035167274658899864,3.7580462297572377e-16,-9.779499924798428,6.602857986549346,-142.6694220976475,6.162339793140566,4.930635721009567e-14,2.242423993649296e-20,3263.52,-915872.1722883104,-707037.1169384284,610.589843516204
8,303.0,1.021,0.27,6.05,-10.51,-416786.4844017508,-322450.12276136264,382900.7005309896,-1656.4388513178035,-1263.2395834870563,231.3526958091482,-0.033741009517526246,-3.140060439161406e-15,-9.779504949669805,6.337209988347608,-142.66999675560098,6.1591814911637455,4.7893051357812645e-14,2.1803820701909643e-20,3263.52,-915872.1722883104,-707037.1169384284,610.589843516204
8,304.0,1.021,0.27,6.05,-10.51,-418442.9398858624,-323713.3623448497,383127.1634735125,-1656.47187919445,-1263.2395834870563,221.57318843371345,-0.032314743658479424,-3.718686833044596e-15,-9.779509766531335,6.071298281897233,-142.67054761079396,6.156152409337844,4.657624983995749e-14,2.1225204766892792e-20,3263.52,-915872.1722883104,-707037.1169384284,610.589843516204
8,305.0,1.021,0.27,6.05,-10.51,-420099.4276847176,-324976.6019283367,383343.8469062861,-1656.5034808048913,-1263.2395834870563,211.79367634542217,-0.030888477112098005,-3.196862180727054e-15,-9.779514375382918,5.805133517045731,-142.67107466501446,6.153252738562214,4.535017859942854e-14,2.0685955777425462e-20,3263.52,-915872.1722883104,-707037.1169384284,610.589843516204
8,306.0,1.021,0.27,6.05,-10.51,-421755.9463720498,-326239.84151182376,383550.7508247017,-1656.533656148455,-1263.2395834870563,202.0141597522843,-0.029462209908715703,-5.035438258171035e-16,-9.779518776224455,5.538726406763622,-142.6715779199733,6.150482661932721,4.4209541570525597e-14,2.0183836144664466e-20,3263.52,-915872.1722883104,-707037.1169384284,610.589843516204
8,307.0,1.021,0.27,6.05,-10.51,-423412.4945215919,-327503.0810953108,383747.8752243584,-1656.5624052245,-1263.2395834870563,192.23463886230994,-0.028035942078675734,8.803782116582802e-16,-9.77952296905586,5.2720877246445506,-142.6720573773039,6.147842354684766,4.314948300325151e-14,1.9716791721574056e-20,3263.52,-915872.1722883104,-707037.1169384284,610.589843516204
8,308.0,1.021,0.27,6.05,-10.51,-425069.0707070762,-328766.32067879784,383935.2201010633,-1656.5897280324136,-1263.2395834870563,182.45511388350928,-0.026609673652315105,-3.3804878115602e-16,-9.779526953877038,5.005228302367987,-142.6725130385625,6.145331984138594,4.21655533655207e-14,1.9282937913480948e-20,3263.52,-915872.1722883104,-707037.1169384284,610.589843516204
8,309.0,1.021,0.27,6.05,-10.51,-426725.673502234,-330029.5602622849,384112.7854508318,-1656.6156245716156,-1263.2395834870563,172.6755850238926,-0.025183404659963333,1.1808420671703844e-15,-9.779530730687906,4.738159027125962,-142.67294490522798,6.142951709646921,4.125367849100669e-14,1.888054709199883e-20,3263.52,-915872.1722883104,-707037.1169384284,610.589843516204
8,310.0,1.021,0.27,6.05,-10.51,-428382.30148079636,-331292.7998457719,384280.57126988686,-1656.640094841555,-1263.2395834870563,162.8960524914703,-0.023757135131962422,5.63662494374768e-16,-9.779534299488384,4.470890839015296,-142.6733529787021,6.140701682544901,4.041013167542296e-14,1.8508037195348667e-20,3263.52,-915872.1722883104,-707037.1169384284,610.589843516204
8,311.0,1.021,0.27,6.05,-10.51,-430038.95321649377,-332556.03942925896,384438.5775546598,-1656.663138841711,-1263.2395834870563,153.11651649425266,-0.02233086509864808,-4.649288505961805e-16,-9.779537660278391,4.203434728396815,-142.6737372603092,6.138582046102493,3.9631508455437033e-14,1.8163961410288265e-20,3263.52,-915872.1722883104,-707037.1169384284,610.589843516204
8,312.0,1.021,0.27,6.05,-10.51,-431695.6272830564,-333819.279012746,384586.80430178985,-1656.6847565715939,-1263.2395834870563,143.33697724025038,-0.02090459459035878,-3.8251732884320494e-16,-9.779540813057864,3.9358017332231006,-142.67409775129647,6.1365929354792605,3.89147038326207e-14,1.784699884183445e-20,3263.52,-915872.1722883104,-707037.1169384284,610.589843516204
8,313.0,1.021,0.27,6.05,-10.51,-433352.32225421345,-335082.51859623304,384725.25150812406,-1656.7049480307435,-1263.2395834870563,133.55743493747386,-0.019478323637426985,-2.2658620497457234e-15,-9.77954375782673,3.6680029363363498,-142.67443445283394,6.134734477681602,3.825689173013187e-14,1.7555946086816987e-20,3263.52,-915872.1722883104,-707037.1169384284,610.589843516204
8,314.0,1.021,0.27,6.05,-10.51,-435009.03670369415,-336345.7581797201,384853.9191707178,-1656.7237132187304,-1263.2395834870563,123.77788979393381,-0.01805205227018998,1.778128144067044e-15,-9.779546494584919,3.4000494627379534,-142.67474736601423,6.133006791522504,3.765550649261951e-14,1.7289709636206773e-20,3263.52,-915872.1722883104,-707037.1169384284,610.589843516204
8,315.0,1.021,0.27,6.05,-10.51,-436665.769205227,-337608.9977632071,384972.8072868343,-1656.7410521351558,-1263.2395834870563,113.99834201764092,-0.016625780518985812,1.5494601295724868e-15,-9.779549023332391,3.1319524768314477,-142.67503649185292,6.131409987583782,3.7108226260385955e-14,1.7047299039201422e-20,3263.52,-915872.1722883104,-707037.1169384284,610.589843516204
8,316.0,1.021,0.27,6.05,-10.51,-438322.51833254047,-338872.23734669416,385081.91585394484,-1656.7569647796504,-1263.2395834870563,104.21879181660596,-0.015199508414155368,9.366280902979795e-16,-9.779551344069079,2.8637231796404943,-142.6753018312883,6.129944168180892,3.6612958067398287e-14,1.6827820769328808e-20,3263.52,-915872.1722883104,-707037.1169384284,610.589843516204
8,317.0,1.021,0.27,6.05,-10.51,-439979.2826593623,-340135.4769301812,385181.2448697286,-1656.7714511518761,-1263.2395834870563,94.4392393988397,-0.013773235986032998,-1.2057839927921467e-15,-9.779553456794943,2.5953728060036156,-142.6755433851814,6.128609427330292,3.616782452957144e-14,1.6630472739445683e-20,3263.52,-915872.1722883104,-707037.1169384284,610.589843516204
8,318.0,1.021,0.27,6.05,-10.51,-441636.06075942004,-341398.71651366825,385270.7943320729,-1656.784511251525,-1263.2395834870563,84.65968497235305,-0.012346963264951763,-1.2633799177433398e-15,-9.77955536150993,2.326912621747408,-142.67576115431626,6.1274058507194225,3.577115200501975e-14,1.64545394185238e-20,3263.52,-915872.1722883104,-707037.1169384284,610.589843516204
8,319.0,1.021,0.27,6.05,-10.51,-443292.851206441,-342661.9560971553,385350.564239073,-1656.7961450783184,-1263.2395834870563,74.88012874515684,-0.010920690281246346,3.0583952187866604e-15,-9.779557058213994,2.058353920839985,-142.6759551393994,6.126333515679284,3.542146012191783e-14,1.6299387508620858e-20,3263.52,-915872.1722883104,-707037.1169384284,610.589843516204
8,320.0,1.021,0.27,6.05,-10.51,-444949.6525741523,-343925.1956806423,385420.55458903225,-1656.80635263201,-1263.2395834870563,65.10057092526203,-0.009494417065265465,1.906676097297252e-15,-9.779558546907113,1.7897080225264488,-142.67612534106044,6.125392491159672,3.5117452582361497e-14,1.6164462145476526e-20,3263.52,-915872.1722883104,-707037.1169384284,610.589843516204
8,321.0,1.021,0.27,6.05,-10.51,-446606.4634362806,-345188.43526412937,385480.76538046193,-1656.815133912382,-1263.2395834870563,55.3210117206796,-0.008068143647334498,1.3414450185395219e-15,-9.779559827589251,1.5209862684481728,-142.67627175985172,6.124582837707056,3.485800916233916e-14,1.6049283590818825e-20,3263.52,-915872.1722883104,-707037.1169384284,610.589843516204
8,322.0,1.021,0.27,6.05,-10.51,-448263.28236655256,-346451.6748476164,385531.1966120814,-1656.8224889192475,-1263.2395834870563,45.54145133942054,-0.006641870057796217,5.12703340193326e-16,-9.779560900260376,1.2522000197477303,-142.67639439624827,6.12390460744514,3.4642178838773407e-14,1.5953444388776094e-20,3263.52,-915872.1722883104,-707037.1169384284,610.589843516204
8,323.0,1.021,0.27,6.05,-10.51,-449920.1079386946,-347714.91443110345,385571.84828281787,-1656.8284176524503,-1263.2395834870563,35.76188998949586,-0.0052155963269854425,-2.409463606684319e-15,-9.77956176492047,0.9833606541613062,-142.67649325064818,6.123357844058114,3.446917398464191e-14,1.587660696278774e-20,3263.52,-915872.1722883104,-707037.1169384284,610.589843516204
8,324.0,1.021,0.27,6.05,-10.51,-451576.9387264329,-348978.1540145905,385602.7203918068,-1656.8329201118645,-1263.2395834870563,25.982327878916617,-0.0037893224852356393,2.6502428294897124e-15,-9.77956242156951,0.7144795631004461,-142.67656832337218,6.122942582776589,3.4338365582618503e-14,1.5818501633167664e-20,3263.52,-915872.1722883104,-707037.1169384284,610.589843516204
8,325.0,1.021,0.27,6.05,-10.51,-453233.7733034937,-350241.3935980775,385623.81293839146,-1656.835996297394,-1263.2395834870563,16.202765215693866,-0.002363048562889574,7.241431619730671e-16,-9.779562870207485,0.44556814872500283,-142.67661961466388,6.122658850366274,3.424927941654509e-14,1.5778925039015946e-20,3263.52,-915872.1722883104,-707037.1169384284,610.589843516204
8,326.0,1.021,0.27,6.05,-10.51,-454890.610243603,-351504.63318156457,385635.12592212326,-1656.8376462089734,-1263.2395834870563,6.423202207838674,-0.0009367745902844264,3.5717647820496857e-16,-9.779563110834387,0.1766378210091696,-142.67664712468974,6.1225066651193405,3.4201593208473255e-14,1.57577389515451e-20,3263.52,-915872.1722883104,-707037.1169384284,610.589843516204
8,327.0,1.021,0.27,6.05,-10.51,-456547.4481204869,-352767.87276505155,385636.6593427616,-1656.8378698465679,-1263.2395834870563,-3.3563609366378824,0.0004894994022357624,-1.0491159049781644e-14,-9.779563143450224,-0.09230000519752408,-142.676650853539,6.122486036848541,3.4195134677096425e-14,1.5754869469123097e-20,3263.52,-915872.1722883104,-707037.1169384284,610.589843516204
8,328.0,1.021,0.27,6.05,-10.51,-458204.2855078714,-354031.11234853865,385628.4132002738,-1656.8366672101724,-1263.2395834870563,-13.13592400972472,0.0019157733843682067,-1.8571885966409667e-15,-9.779562968054952,-0.3612339131123563,-142.6766308012238,6.122596966884042,3.422988050120903e-14,1.577030658746854e-20,3263.52,-915872.1722883104,-707037.1169384284,610.589843516204
8,329.0,1.021,0.27,6.05,-10.51,-459861.12097948266,-355294.3519320257,385610.38749483525,-1656.8340382998126,-1263.2395834870563,-22.915486803410765,0.0033420473257434104,-1.7502043292112731e-15,-9.779562584648614,-0.6301524869628038,-142.67658696767907,6.122839448072992,3.430595617946599e-14,1.580410414149603e-20,3263.52,-915872.1722883104,-707037.1169384284,610.589843516204
8,330.0,1.021,0.27,6.05,-10.51,-461517.95310904644,-356557.59151551273,385582.5822268294,-1656.8299831155443,-1263.2395834870563,-32.69504910968492,0.004768321196028116,-3.9279644926653985e-15,-9.779561993231212,-0.8990443149292808,-142.67651935276254,6.123213464781834,3.442363678526405e-14,1.585638011833889e-20,3263.52,-915872.1722883104,-707037.1169384284,610.589843516204
8,331.0,1.021,0.27,6.05,-10.51,-463174.78047028906,-357820.83109899977,385544.9973968477,-1656.824501657454,-1263.2395834870563,-42.47461072053616,0.006194594964892301,-2.1707429805140286e-15,-9.779561193802751,-1.1678979920853325,-142.6764279562548,6.123718992901336,3.458334862309852e-14,1.5927317344098922e-20,3263.52,-915872.1722883104,-707037.1169384284,610.589843516204
8,332.0,1.021,0.27,6.05,-10.51,-464831.6016369368,-359084.0706824868,385497.63300568954,-1656.8175939256585,-1263.2395834870563,-52.254171427953416,0.00762086860200333,7.616365947824859e-16,-9.779560186363247,-1.4367021233333832,-142.67631277785927,6.12435599985436,3.4785671800345956e-14,1.60171645499202e-20,3263.52,-915872.1722883104,-707037.1169384284,610.589843516204
8,333.0,1.021,0.27,6.05,-10.51,-466488.41518271586,-360347.31026597385,385440.48905436223,-1656.8092599203044,-1263.2395834870563,-62.033731023925675,0.009047142077015725,8.175805500598947e-16,-9.779558970912726,-1.7054453263341642,-142.67617381720223,6.125124444606347,3.5031343736180056e-14,1.6126237826094194e-20,3263.52,-915872.1722883104,-707037.1169384284,610.589843516204
8,334.0,1.021,0.27,6.05,-10.51,-468145.2196813529,-361610.5498494609,385373.56554408144,-1656.7994996415684,-1263.2395834870563,-71.81328930044188,0.010473415359589526,-4.512833306916498e-15,-9.779557547451223,-1.9741162344279175,-142.67601107383265,6.126024277678527,3.532126363731018e-14,1.6254922476100324e-20,3263.52,-915872.1722883104,-707037.1169384284,610.589843516204
8,335.0,1.021,0.27,6.05,-10.51,-469802.0137065746,-362873.78943294793,385296.8624762705,-1656.7883130896594,-1263.2395834870563,-81.59284604949111,0.011899688419405679,1.641211867121378e-15,-9.779555915978744,-2.2427034995455415,-142.6758245472225,6.127055441163816,3.5656497978550773e-14,1.6403675285815243e-20,3263.52,-915872.1722883104,-707037.1169384284,610.589843516204
8,336.0,1.021,0.27,6.05,-10.51,-471458.7958321079,-364137.029016435,385210.37985256093,-1656.7757002648143,-1263.2395834870563,-91.37240106306241,0.013325961226104658,-2.093248252710185e-15,-9.779554076495351,-2.5111957951077764,-142.67561423676642,6.128217868745422,3.6038287034940735e-14,1.6573027226602795e-20,3263.52,-915872.1722883104,-707037.1169384284,610.589843516204
8,337.0,1.021,0.27,6.05,-10.51,-473115.56463168,-365400.268599922,385114.11767479224,-1656.7616611673018,-1263.2395834870563,-101.15195413314486,0.01475223374936454,-1.357769259800012e-15,-9.779552029001067,-2.77958181891062,-142.67538014178194,6.129511485718122,3.6468052521383377e-14,1.676358661468848e-20,3263.52,-915872.1722883104,-707037.1169384284,610.589843516204
8,338.0,1.021,0.27,6.05,-10.51,-474772.31867901835,-366663.50818340905,385008.07594501175,-1656.7461957974201,-1263.2395834870563,-110.9315050517276,0.016178505958845717,-1.3451484738022414e-15,-9.779549773495933,-3.047850295995136,-142.67512226150933,6.130936209012203,3.6947406405618093e-14,1.6976042753138983e-20,3263.52,-915872.1722883104,-707037.1169384284,610.589843516204
8,339.0,1.021,0.27,6.05,-10.51,-476429.0565478508,-367926.7477668961,384892.2546654752,-1656.7293041554985,-1263.2395834870563,-120.7110536107998,0.01760477782420656,-2.5902595725777388e-15,-9.779547309980007,-3.3159899814998277,-142.67484059511176,6.132491947220054,3.7478160970920395e-14,1.7211170086974928e-20,3263.52,-915872.1722883104,-707037.1169384284,610.589843516204
8,340.0,1.021,0.27,6.05,-10.51,-478085.77681190544,-369189.98735038313,384766.653838646,-1656.7109862418963,-1263.2395834870563,-130.4905996023507,0.019031049315120258,-1.8510936244833884e-15,-9.779544638453338,-3.5839896634938264,-142.67453514167514,6.13417860062537,3.8062340216366e-14,1.7469832906482406e-20,3263.52,-915872.1722883104,-707037.1169384284,610.589843516204
8,341.0,1.021,0.27,6.05,-10.51,-479742.4780449108,-370453.2269338702,384631.2734671957,-1656.691242057003,-1263.2395834870563,-140.27014281836958,0.02045732040123996,-3.0692766182085023e-15,-9.779541758915977,-3.8518381657890868,-142.67420590020816,6.135996061234971,3.870219269489042e-14,1.775299063869368e-20,3263.52,-915872.1722883104,-707037.1169384284,610.589843516204
8,342.0,1.021,0.27,6.05,-10.51,-481399.1588205958,-371716.4665173572,384486.11355400376,-1656.670071601239,-1263.2395834870563,-150.0496830508458,0.02188359105223527,-1.149400995805567e-15,-9.779538671367995,-4.119524350729879,-142.6738528696423,6.137944212813204,3.9400205902945763e-14,1.806170377236939e-20,3263.52,-915872.1722883104,-707037.1169384284,610.589843516204
8,343.0,1.021,0.27,6.05,-10.51,-483055.81771268975,-372979.70610084425,384331.1741021578,-1656.6474748750538,-1263.2395834870563,-159.82922009176875,0.023309861237765746,-1.966037174627909e-15,-9.77953537580945,-4.387037121957861,-142.67347604883184,6.140022930918875,4.015912235038234e-14,1.8397140467657205e-20,3263.52,-915872.1722883104,-707037.1169384284,610.589843516204
8,344.0,1.021,0.27,6.05,-10.51,-484712.45329492254,-374242.9456843313,384166.45511495345,-1656.6234518789286,-1263.2395834870563,-169.60875373312786,0.024736130927497685,6.66321705786801e-16,-9.779531872240419,-4.654365427151011,-142.67307543655383,6.142232082944751,4.09819574555091e-14,1.8760583908023162e-20,3263.52,-915872.1722883104,-707037.1169384284,610.589843516204
8,345.0,1.021,0.27,6.05,-10.51,-486369.0641410245,-375506.18526781833,383991.9565958941,-1656.598002613374,-1263.2395834870563,-179.38828376691276,0.026162400091089475,-3.597492056929652e-15,-9.779528160660972,-4.921498260734829,-142.67265103150805,6.144571528159514,4.187201942827668e-14,1.915344045911344e-20,3263.52,-915872.1722883104,-707037.1169384284,610.589843516204
8,346.0,1.021,0.27,6.05,-10.51,-488025.6488247263,-376769.4248513054,383807.6785486915,-1656.5711270789322,-1263.2395834870563,-189.16780998511302,0.027588668698212724,-2.8922189577594454e-16,-9.77952424107118,-5.188424666564121,-142.67220283231705,6.147041117752219,4.283293132442187e-14,1.9577248706994723e-20,3263.52,-915872.1722883104,-707037.1169384284,610.589843516204
8,347.0,1.021,0.27,6.05,-10.51,-489682.2059197595,-378032.6644347924,383613.6209772651,-1656.5428252761735,-1263.2395834870563,-198.94733217971836,0.029014936718521674,8.111120383206948e-16,-9.779520113471143,-5.455133740573825,-142.67173083752616,6.1496406948791575,4.386865547547022e-14,2.0033689456843162e-20,3263.52,-915872.1722883104,-707037.1169384284,610.589843516204
8,348.0,1.021,0.27,6.05,-10.51,-491338.7339998561,-379295.90401827946,383409.78388574254,-1656.5130972057007,-1263.2395834870563,-208.72685014271858,0.030441204121685942,7.206370802653007e-16,-9.779515777860937,-5.721614633397288,-142.67123504560337,6.152370094713156,4.4983520523973825e-14,2.0524596782697652e-20,3263.52,-915872.1722883104,-707037.1169384284,610.589843516204
8,349.0,1.021,0.27,6.05,-10.51,-492995.2316387486,-380559.1436017665,383196.16727845947,-1656.481942868146,-1263.2395834870563,-218.5063636661035,0.0318674708773583,-4.508580641778374e-15,-9.779511234240665,-5.987856552950525,-142.67071545493948,6.155229144495201,4.618225132060379e-14,2.105197022949552e-20,3263.52,-915872.1722883104,-707037.1169384284,610.589843516204
8,350.0,1.021,0.27,6.05,-10.51,-494651.6974101702,-381822.38318525354,382972.77115995955,-1656.4493622641721,-1263.2395834870563,-228.28587254186323,0.033293736955218485,-3.93839694167862e-15,-9.77950648261041,-6.2538487669809415,-142.6701720638479,6.15821766358842,4.747000197008794e-14,2.1617988280403106e-20,3263.52,-915872.1722883104,-707037.1169384284,610.589843516204
8,351.0,1.021,0.27,6.05,-10.51,-496308.12988785503,-383085.6227687406,382739.59553499427,-1656.4153553944716,-1263.2395834870563,-238.06537656198773,0.03472000232491973,-2.874774131644888e-15,-9.779501522970284,-6.51958060557911,-142.66960487056488,6.161335463534341,4.885239234684389e-14,2.222502321557477e-20,3263.52,-915872.1722883104,-707037.1169384284,610.589843516204
8,352.0,1.021,0.27,6.05,-10.51,-497964.52764553763,-384348.8623522276,382496.64040852344,-1656.3799222597684,-1263.2395834870563,-247.8448755184672,0.03614626695613082,-8.242967456036472e-16,-9.779496355320376,-6.78504146365219,-142.66901387324927,6.164582348111403,5.0335548439021336e-14,2.2875657503116405e-20,3263.52,-915872.1722883104,-707037.1169384284,610.589843516204
8,353.0,1.021,0.27,6.05,-10.51,-499620.88925695315,-385612.10193571466,382243.9057857145,-1656.3430628608157,-1263.2395834870563,-257.6243692032919,0.037572530818505534,-2.871241424330092e-15,-9.779490979660821,-7.050220803357677,-142.6683990699826,6.16795811339567,5.1926146922018984e-14,2.3572701879374248e-20,3263.52,-915872.1722883104,-707037.1169384284,610.589843516204
8,354.0,1.021,0.27,6.05,-10.51,-501277.21329583804,-386875.3415192017,381981.3916719433,-1656.304777198398,-1263.2395834870563,-267.4038574084523,0.03899879388171707,-2.80480017498016e-15,-9.779485395991715,-7.315108156496129,-142.6677604587691,6.171462547823714,5.363146440995023e-14,2.4319215293924884e-20,3263.52,-915872.1722883104,-707037.1169384284,610.589843516204
8,355.0,1.021,0.27,6.05,-10.51,-502933.49833592906,-388138.58110268874,381709.09807279345,-1656.2650652733287,-1263.2395834870563,-277.1833399259389,0.04042505611542274,-3.840906478838969e-15,-9.779479604313183,-7.579693126861642,-142.66709803753562,6.175095432257608,5.54594318867201e-14,2.5118526915084353e-20,3263.52,-915872.1722883104,-707037.1169384284,610.589843516204
8,356.0,1.021,0.27,6.05,-10.51,-504589.7429509641,-389401.8206861758,381427.0249940567,-1656.2239270864536,-1263.2395834870563,-286.9628165477423,0.041851317489291995,-1.3815724622496223e-15,-9.779473604625347,-7.843965392548855,-142.6664118041317,6.17885654005201,5.741869487802177e-14,2.597426041462591e-20,3263.52,-915872.1722883104,-707037.1169384284,610.589843516204
8,357.0,1.021,0.27,6.05,-10.51,-506245.9457146817,-390665.0602696628,381135.1724417326,-1656.1813626386472,-1263.2395834870563,-296.7422870658532,0.04327757797298299,-1.3167009220948492e-15,-9.779467396928332,-8.107914708215322,-142.6657017563295,6.182745637123252,5.951867999257513e-14,2.6890360776041544e-20,3263.52,-915872.1722883104,-707037.1169384284,610.589843516204
8,358.0,1.021,0.27,6.05,-10.51,-507902.10520082136,-391928.29985314986,380833.54042202886,-1656.1373719308144,-1263.2395834870563,-306.5217512722626,0.04470383753616152,-3.5794699594128326e-16,-9.779460981222275,-8.371530907298139,-142.66496789182372,6.186762482020425,6.176966853626364e-14,2.7871123899450355e-20,3263.52,-915872.1722883104,-707037.1169384284,610.589843516204
8,359.0,1.021,0.27,6.05,-10.51,-509558.2199831236,-393191.5394366369,380522.1289413613,-1656.0919549638916,-1263.2395834870563,-316.3012089589614,0.0461300961484883,-2.9355893887022774e-15,-9.779454357507312,-8.634803904183727,-142.66421020823174,6.190906825998391,6.418287798756574e-14,2.892122930854724e-20,3263.52,-915872.1722883104,-707037.1169384284,610.589843516204
8,360.0,1.021,0.27,6.05,-10.51,-511214.2886353297,-394454.77902012394,380200.93800635356,-1656.0451117388445,-1263.2395834870563,-326.0806599179409,0.047556353779632535,-1.594109189018135e-15,-9.779447525783583,-8.897723696329829,-142.6634287030935,6.1951784130926635,6.67705522181206e-14,3.004577630127925e-20,3263.52,-915872.1722883104,-707037.1169384284,610.589843516204
8,361.0,1.021,0.27,6.05,-10.51,-512870.3097311823,-395718.018603611,379869.96762383735,-1655.9968422566697,-1263.2395834870563,-335.8601039411924,0.04898261039924894,-3.4333671457996014e-15,-9.779440486051234,-9.16028036633869,-142.66262337387147,6.1995769801961265,6.954606144978413e-14,3.125032392673086e-20,3263.52,-915872.1722883104,-707037.1169384284,610.589843516204
8,362.0,1.021,0.27,6.05,-10.51,-514526.28184442443,-396981.258187098,379529.21780085244,-1655.9471465183933,-1263.2395834870563,-345.63954082070717,0.05040886597700989,-9.371314430430933e-16,-9.779433238310407,-9.422464083980504,-142.66179421795073,6.204102257137536,7.252401306082126e-14,3.254093521662374e-20,3263.52,-915872.1722883104,-707037.1169384284,610.589843516204
8,363.0,1.021,0.27,6.05,-10.51,-516182.2035488007,-398244.49777058506,379178.6885446465,-1655.8960245250728,-1263.2395834870563,-355.4189703484771,0.051835120482576644,-1.9819818369757143e-15,-9.779425782561265,-9.684265108166361,-142.66094123263883,6.208753966761725,7.572037449074344e-14,3.392422615154396e-20,3263.52,-915872.1722883104,-707037.1169384284,610.589843516204
8,364.0,1.021,0.27,6.05,-10.51,-517838.0734180566,-399507.7373540721,378818.3798626753,-1655.8434762777956,-1263.2395834870563,-365.19839231649377,0.05326137388561227,2.318746564712467e-16,-9.779418118803962,-9.945673788869739,-142.66006441516592,6.2135318250115,7.915260964788783e-14,3.5407419900285216e-20,3263.52,-915872.1722883104,-707037.1169384284,610.589843516204
8,365.0,1.021,0.27,6.05,-10.51,-519493.8900259387,-400770.97693755914,378448.2917626027,-1655.7895017776796,-1263.2395834870563,-374.977806516749,0.054687626155778796,1.9484881322749196e-15,-9.779410247038664,-10.206680568995939,-142.65916376268456,6.218435541011139,8.283983039856504e-14,3.6998406936423595e-20,3263.52,-915872.1722883104,-707037.1169384284,610.589843516204
8,366.0,1.021,0.27,6.05,-10.51,-521149.6519461947,-402034.2165210462,378068.42425230047,-1655.7341010258717,-1263.2395834870563,-384.75721274123515,0.05611387726273789,6.347778453286084e-16,-9.779402167265541,-10.467275986198658,-142.65823927226978,6.223464817151461,8.68029649142388e-14,3.870581171041699e-20,3263.52,-915872.1722883104,-707037.1169384284,610.589843516204
8,367.0,1.021,0.27,6.05,-10.51,-522805.35775257356,-403297.4561045332,377678.77733984817,-1655.6772740235517,-1263.2395834870563,-394.5366107819442,0.05754012717615231,-1.4504418580412712e-15,-9.779393879484761,-10.727450674643084,-142.65729094091918,6.228619349176389,9.106494487692715e-14,4.05390666393077e-20,3263.52,-915872.1722883104,-707037.1169384284,610.589843516204
8,368.0,1.021,0.27,6.05,-10.51,-524461.0060188253,-404560.69568802026,377279.3510335338,-1655.6190207719276,-1263.2395834870563,-404.31600043086877,0.05896637586569759,-1.247384223650152e-15,-9.7793853836965,-10.987195366714944,-142.65631876555267,6.233898826270972,9.565091379641527e-14,4.2508494270790094e-20,3263.52,-915872.1722883104,-707037.1169384284,610.589843516204
8,369.0,1.021,0.27,6.05,-10.51,-526116.5953187014,-405823.9352715073,376870.1453418531,-1655.5593412722383,-1263.2395834870563,-414.09538148000144,0.06039262330102559,-2.9203779485948458e-15,-9.779376679900937,-11.246500894674918,-142.6553227430127,6.239302931150792,1.0058845898019227e-13,4.462539858552734e-20,3263.52,-915872.1722883104,-707037.1169384284,610.589843516204
8,370.0,1.021,0.27,6.05,-10.51,-527772.1242259543,-407087.17485499434,376451.16027350974,-1655.4982355257537,-1263.2395834870563,-423.87475372133497,0.061818869451809096,1.7831538108771414e-15,-9.779367768098258,-11.50535819225797,-142.65430287006401,6.244831340152719,1.0590787002287008e-13,4.690216652280366e-20,3263.52,-915872.1722883104,-707037.1169384284,610.589843516204
8,371.0,1.021,0.27,6.05,-10.51,-529427.5913143377,-408350.4144384814,376022.3958374157,-1655.4357035337732,-1263.2395834870563,-433.6541169468623,0.06324511428769951,-4.051661971021608e-15,-9.779358648288662,-11.76375829621717,-142.6532591433938,6.250483723326923,1.1164242705186194e-13,4.935238095192519e-20,3263.52,-915872.1722883104,-707037.1169384284,610.589843516204
8,372.0,1.021,0.27,6.05,-10.51,-531082.9951576069,-409613.6540219684,375583.8520426907,-1655.3717452976266,-1263.2395834870563,-443.4334709485767,0.06467135777837546,2.909323539724803e-15,-9.77934932047232,-12.021692347811568,-142.65219155961157,6.2562597445301265,1.1782872238640147e-13,5.1990946467407985e-20,3263.52,-915872.1722883104,-707037.1169384284,610.589843516204
8,373.0,1.021,0.27,6.05,-10.51,-532738.3343295186,-410876.89360545547,375135.5288986625,-1655.3063608186746,-1263.2395834870563,-453.2128155184715,0.06609759989348638,1.1427126385050464e-15,-9.779339784649462,-12.279151594237868,-142.65110011524916,6.262159061520011,1.245070197448611e-13,5.483422956252834e-20,3263.52,-915872.1722883104,-707037.1169384284,610.589843516204
8,374.0,1.021,0.27,6.05,-10.51,-534393.6074038305,-412140.1331889425,374677.426414867,-1655.2395500983082,-1263.2395834870563,-462.99215044854014,0.06752384060270433,-5.642533685743103e-16,-9.779330040820263,-12.536127390005582,-142.64998480676078,6.268181326050731,1.3172165567900654e-13,5.790021493618462e-20,3263.52,-915872.1722883104,-707037.1169384284,610.589843516204
8,375.0,1.021,0.27,6.05,-10.51,-536048.812954302,-413403.37277242955,374209.54460104805,-1655.1713131379481,-1263.2395834870563,-472.77147553077657,0.06895007987569382,-3.4462537928590456e-16,-9.779320088984944,-12.79261119825544,-142.64884563052289,6.274326183969465,1.3952148853289216e-13,6.120867991564802e-20,3263.52,-915872.1722883104,-707037.1169384284,610.589843516204
8,376.0,1.021,0.27,6.05,-10.51,-537703.9495546935,-414666.6123559166,373731.88346715743,-1655.1016499390457,-1263.2395834870563,-482.55079055717465,0.07037631768211625,1.2958904924582474e-16,-9.779309929143714,-13.04859459202094,-142.64768258283416,6.2805932753139695,1.4796040092939632e-13,6.478138923649293e-20,3263.52,-915872.1722883104,-707037.1169384284,610.589843516204
8,377.0,1.021,0.27,6.05,-10.51,-539359.0157787678,-415929.8519394036,373244.44302335504,-1655.0305605030826,-1263.2395834870563,-492.33009531972874,0.07180255399163284,2.0714544946722415e-15,-9.779299561296794,-13.304069255432815,-142.64649565991556,6.286982234411054,1.570978625916719e-13,6.864231271532147e-20,3263.52,-915872.1722883104,-707037.1169384284,610.589843516204
8,378.0,1.021,0.27,6.05,-10.51,-541014.0102002878,-417193.09152289067,372747.22328000865,-1654.9580448315714,-1263.2395834870563,-502.10938961043314,0.07322878877391278,-5.80180105567266e-16,-9.7792889854444,-13.559026984866465,-142.64528485791033,6.293492689975927,1.6699956122455282e-13,7.2817868685948e-20,3263.52,-915872.1722883104,-707037.1169384284,610.589843516204
8,379.0,1.021,0.27,6.05,-10.51,-542668.9313930194,-418456.3311063777,372240.2242476942,-1654.884102926054,-1263.2395834870563,-511.88867322128243,0.07465502199861712,-2.0302437292944114e-15,-9.779278201586752,-13.813459690032252,-142.64405017288377,6.300124265212363,1.7773811022889985e-13,7.733719645135131e-20,3263.52,-915872.1722883104,-707037.1169384284,610.589843516204
8,380.0,1.021,0.27,6.05,-10.51,-544323.7779307291,-419719.57068986475,371723.4459371953,-1654.8087347881033,-1263.2395834870563,-521.6679459442717,0.07608125363541324,5.202417315502364e-16,-9.779267209724084,-14.06735939500872,-142.64279160082344,6.306876577913617,1.8939384321958907e-13,8.223246143884298e-20,3263.52,-915872.1722883104,-707037.1169384284,610.589843516204
8,381.0,1.021,0.27,6.05,-10.51,-545978.5483871852,-420982.8102733518,371196.8883595041,-1654.7319404193224,-1263.2395834870563,-531.4472075713957,0.07750748365395964,-1.8884541160208256e-15,-9.779256009856633,-14.320718239218813,-142.64150913763902,6.31374924056405,2.02055706687469e-13,8.753919724226025e-20,3263.52,-915872.1722883104,-707037.1169384284,610.589843516204
8,382.0,1.021,0.27,6.05,-10.51,-547633.2413361579,-422246.0498568388,370660.5515258205,-1654.6537198213448,-1263.2395834870563,-541.2264578946499,0.07893371202392815,4.2220409513481933e-16,-9.779244601984631,-14.573528478349225,-142.6402027791623,6.320741860441377,2.1582226371330354e-13,9.329668930174708e-20,3263.52,-915872.1722883104,-707037.1169384284,610.589843516204
8,383.0,1.021,0.27,6.05,-10.51,-549287.8553514187,-423509.28944032587,370114.4354475522,-1654.574072995834,-1263.2395834870563,-551.00569670603,0.08035993871497532,-4.115839964462773e-16,-9.779232986108322,-14.825782485213022,-142.63887252114714,6.327854039719514,2.3080282343716714e-13,9.954840561915397e-20,3263.52,-915872.1722883104,-707037.1169384284,610.589843516204
8,384.0,1.021,0.27,6.05,-10.51,-550942.3890067411,-424772.5290238129,369558.5401363151,-1654.4929999444846,-1263.2395834870563,-560.7849237975317,0.08178616369677076,-1.150660108907604e-15,-9.77922116222796,-15.077472750555778,-142.63751835926948,6.3350853755719605,2.4711871304481463e-13,1.0634248064740555e-19,3263.52,-915872.1722883104,-707037.1169384284,610.589843516204
8,385.0,1.021,0.27,6.05,-10.51,-552596.8408758997,-426035.76860729995,368992.8656039331,-1654.4105006690206,-1263.2395834870563,-570.5641389611512,0.08321238693897016,-3.765488619313457e-15,-9.779209130343792,-15.328591883805508,-142.6361402891272,6.342435460275622,2.6490471139343773e-13,1.1373225933930268e-19,3263.52,-915872.1722883104,-707037.1169384284,610.589843516204
8,386.0,1.021,0.27,6.05,-10.51,-554251.2095326715,-427299.008190787,368417.4118624381,-1654.3265751711965,-1263.2395834870563,-580.3433419888847,0.0846386084112531,4.524607894139715e-16,-9.779196890456067,-15.579132613766637,-142.63473830624037,6.349903881315083,2.8431066610930113e-13,1.2177690931115612e-19,3263.52,-915872.1722883104,-707037.1169384284,610.589843516204
8,387.0,1.021,0.27,6.05,-10.51,-555905.4935508352,-428562.24777427403,367832.1789240699,-1654.2412234527978,-1263.2395834870563,-590.1225326727289,0.0860648280832692,-1.2583621453826206e-15,-9.779184442565057,-15.829087789258395,-142.63331240605083,6.357490221487226,3.055033191033942e-13,1.3054211018818374e-19,3263.52,-915872.1722883104,-707037.1169384284,610.589843516204
8,388.0,1.021,0.27,6.05,-10.51,-557559.691504171,-429825.48735776107,367237.16680127656,-1654.15444551564,-1263.2395834870563,-599.9017108046805,0.08749104592468988,-2.8387056455974276e-16,-9.77917178667102,-16.07845037969806,-142.6318625839225,6.3651940590061455,3.2866836903101934e-13,1.4010083047324828e-19,3263.52,-915872.1722883104,-707037.1169384284,610.589843516204
8,389.0,1.021,0.27,6.05,-10.51,-559213.8019664609,-431088.7269412481,366632.3755067138,-1654.066241361569,-1263.2395834870563,-609.6808761767368,0.08891726190517943,-9.390467826768923e-16,-9.779158922774226,-16.327213475629357,-142.63038883514116,6.373014967608342,3.5401280334029357e-13,1.505342037433823e-19,3263.52,-915872.1722883104,-707037.1169384284,610.589843516204
8,390.0,1.021,0.27,6.05,-10.51,-560867.8235114892,-432351.96652473515,366017.8050532458,-1653.9766109924599,-1263.2395834870563,-619.4600285808948,0.09034347599439786,-1.1140484054130284e-15,-9.779145850874947,-16.57537028919663,-142.62889115491444,6.380952516658082,3.817675372976112e-13,1.6193251765864487e-19,3263.52,-915872.1722883104,-707037.1169384284,610.589843516204
8,391.0,1.021,0.27,6.05,-10.51,-562521.7547130414,-433615.2061082222,365393.4554539441,-1653.8855544102203,-1263.2395834870563,-629.2391678091525,0.09176968816201504,1.231900172436866e-16,-9.779132570973463,-16.822914154565154,-142.62736953837188,6.38900627125294,4.121904028441953e-13,1.7439633119897775e-19,3263.52,-915872.1722883104,-707037.1169384284,610.589843516204
8,392.0,1.021,0.27,6.05,-10.51,-564175.5941449058,-434878.44569170923,364759.32672208874,-1653.7930716167866,-1263.2395834870563,-639.0182936535078,0.09319589837769104,-2.3796968056425037e-16,-9.77911908307006,-17.06983852828824,-142.6258239805648,6.397175792329397,4.4556953644172906e-13,1.880377377659526e-19,3263.52,-915872.1722883104,-707037.1169384284,610.589843516204
8,393.0,1.021,0.27,6.05,-10.51,-565829.3403808719,-436141.6852751963,364115.4188711677,-1653.6991626141257,-1263.2395834870563,-648.7974059059588,0.09462210661109478,-3.2617239937151587e-15,-9.77910538716502,-17.316136989621594,-142.62425447646632,6.40546063676851,4.82227222341335e-13,2.0298179434335727e-19,3263.52,-915872.1722883104,-707037.1169384284,610.589843516204
8,394.0,1.021,0.27,6.05,-10.51,-567482.9919947316,-437404.9248586833,363461.7319148767,-1653.603827404235,-1263.2395834870563,-658.576504358504,0.09604831283188685,-3.540302935070892e-16,-9.779091483258632,-17.561803240785643,-142.62266102097126,6.413860357501567,5.22524256114857e-13,2.1936813985627223e-19,3263.52,-915872.1722883104,-707037.1169384284,610.589843516204
8,395.0,1.021,0.27,6.05,-10.51,-569136.5475602786,-438668.16444217035,362798.26586711995,-1653.5070659891428,-1263.2395834870563,-668.3555888031424,0.09747451700973715,2.532029576395034e-15,-9.779077371351201,-17.806831107176365,-142.62104360889626,6.422374503615684,5.668649030034643e-13,2.3735282926443247e-19,3263.52,-915872.1722883104,-707037.1169384284,610.589843516204
8,396.0,1.021,0.27,6.05,-10.51,-570790.0056513086,-439931.4040256574,362125.02074200916,-1653.408878370907,-1263.2395834870563,-678.1346590318728,0.09890071911430039,-1.9050368951391973e-15,-9.779063051443023,-18.051214537525418,-142.61940223497956,6.4310026204592905,6.157025368797991e-13,2.571104138443004e-19,3263.52,-915872.1722883104,-707037.1169384284,610.589843516204
8,397.0,1.021,0.27,6.05,-10.51,-572443.3648416199,-441194.64360914443,361441.9965538642,-1653.3092645516156,-1263.2395834870563,-687.9137148366949,0.10032691911525303,-1.1748106583083145e-15,-9.779048523534394,-18.294947604010115,-142.6177368938811,6.439744249747475,6.69546058635089e-13,2.7883630263889385e-19,3263.52,-915872.1722883104,-707037.1169384284,610.589843516204
8,398.0,1.021,0.27,6.05,-10.51,-574096.6237050121,-442457.8831926315,360749.19331721315,-1653.2082245333877,-1263.2395834870563,-697.6927560096083,0.1017531169822487,-1.0688800893564438e-15,-9.779033787625638,-18.538024502314094,-142.6160475801824,6.448598929667119,7.289672078850346e-13,3.027494452833548e-19,3263.52,-915872.1722883104,-707037.1169384284,610.589843516204
8,399.0,1.021,0.27,6.05,-10.51,-575749.7808152877,-443721.1227761185,360046.61104679166,-1653.1057583183724,-1263.2395834870563,-707.471782342613,0.1031793126849659,1.3382408635191184e-15,-9.779018843717054,-18.780439551639386,-142.61433428838657,6.457566194981789,7.946088993789918e-13,3.290953824613515e-19,3263.52,-915872.1722883104,-707037.1169384284,610.589843516204
8,400.0,1.021,0.27,6.05,-10.51,-577402.8347462508,-444984.36235960555,359334.2497575439,-1653.001865908749,-1263.2395834870563,-717.2507936277093,0.1046055061930563,7.33678892516992e-17,-9.77900369180897,-19.022187194670657,-142.6125970129183,6.466645577136347,8.671947357974673e-13,3.5814971724648436e-19,3263.52,-915872.1722883104,-707037.1169384284,610.589843516204
8,401.0,1.021,0.27,6.05,-10.51,-579055.7840717077,-446247.6019430926,358612.1094646216,-1652.8965473067278,-1263.2395834870563,-727.0297896568978,0.10603169747618811,-2.03342670880677e-16,-9.778988331901708,-19.263261997492453,-142.61083574812372,6.4758366043612074,9.47539872203888e-13,3.902220686902705e-19,3263.52,-915872.1722883104,-707037.1169384284,610.589843516204
8,402.0,1.021,0.27,6.05,-10.51,-580708.6273654675,-447510.84152657964,357880.19018338475,-1652.7898025145485,-1263.2395834870563,-736.8087702221798,0.10745788650403422,-7.353578065689395e-16,-9.778972763995586,-19.503658649460228,-142.60905048827053,6.485138801776232,1.0365634348287403e-12,4.2566057841635582e-19,3263.52,-915872.1722883104,-707037.1169384284,610.589843516204
8,403.0,1.021,0.27,6.05,-10.51,-582361.3632013409,-448774.0811100667,357138.4919294012,-1652.6816315344818,-1263.2395834870563,-746.5877351155563,0.10888407324624652,-1.3310800050322868e-15,-9.778956988090943,-19.74337196302605,-142.60724122754775,6.494551691494198,1.1353027287584405e-12,4.648570518845423e-19,3263.52,-915872.1722883104,-707037.1169384284,610.589843516204
8,404.0,1.021,0.27,6.05,-10.51,-584013.9901531412,-450037.3206935537,356387.0147184469,-1652.572034368828,-1263.2395834870563,-756.3666841290291,0.11031025767250177,-2.3059852318415665e-15,-9.778941004188116,-19.98239687351983,-142.60540796006586,6.50407479272381,1.2449295062372423e-12,5.082528286479659e-19,3263.52,-915872.1722883104,-707037.1169384284,610.589843516204
8,405.0,1.021,0.27,6.05,-10.51,-585666.506794684,-451300.56027704076,355625.7585665058,-1652.4610110199187,-1263.2395834870563,-766.1456170545999,0.11173643975246039,-2.4157803656483994e-16,-9.778924812287435,-20.220728438886944,-142.6035506798567,6.5137076218722045,1.366768610568645e-12,5.563454906383366e-19,3263.52,-915872.1722883104,-707037.1169384284,610.589843516204
8,406.0,1.021,0.27,6.05,-10.51,-587318.9116997874,-452563.7998605278,354854.7234897697,-1652.3485614901151,-1263.2395834870563,-775.9245336842714,0.11316261945578467,-2.7195001852774275e-15,-9.778908412389256,-20.458361839383166,-142.6016693808735,6.52344969264693,1.502319361076956e-12,6.096965346224531e-19,3263.52,-915872.1722883104,-707037.1169384284,610.589843516204
8,407.0,1.021,0.27,6.05,-10.51,-588971.2034422716,-453827.03944401484,354073.90950463864,-1652.2346857818095,-1263.2395834870563,-785.7034338100461,0.11458879675214588,-1.902968224482968e-16,-9.778891804493915,-20.69529237722786,-142.59976405699052,6.533300516157325,1.6532801035069944e-12,6.689401548856223e-19,3263.52,-915872.1722883104,-707037.1169384284,610.589843516204
8,408.0,1.021,0.27,6.05,-10.51,-590623.380595959,-455090.2790275019,353283.3166277203,-1652.1193838974234,-1263.2395834870563,-795.4823172239271,0.11601497161120751,2.534414961748541e-15,-9.778874988601775,-20.93151547621624,-142.59783470200355,6.543259601015314,1.821576419069114e-12,7.347933053923164e-19,3263.52,-915872.1722883104,-707037.1169384284,610.589843516204
8,409.0,1.021,0.27,6.05,-10.51,-592275.4417346751,-456353.5186109889,352482.94487583067,-1652.0026558394097,-1263.2395834870563,-805.2611837179176,0.11744114400262845,-7.808330976711354e-16,-9.778857964713202,-21.167026681291862,-142.59588130962942,6.553326453435526,2.009393565809599e-12,8.080672377135236e-19,3263.52,-915872.1722883104,-707037.1169384284,610.589843516204
8,410.0,1.021,0.27,6.05,-10.51,-593927.3854322474,-457616.75819447596,351672.7942659937,-1651.884501610251,-1263.2395834870563,-815.0400330840215,0.11886731389607846,-3.0870606151495874e-15,-9.778840732828538,-21.401821658080056,-142.59390387350615,6.563500577334749,2.2192138201553376e-12,8.89680742558351e-19,3263.52,-915872.1722883104,-707037.1169384284,610.589843516204
8,411.0,1.021,0.27,6.05,-10.51,-595579.210262506,-458879.997777963,350852.86481544125,-1651.7649212124602,-1263.2395834870563,-824.8188651142427,0.12029348126123184,2.561794438574218e-16,-9.778823292948156,-21.635896192383424,-142.5919023871929,6.573781474430663,2.4538594967636315e-12,9.806753595843155e-19,3263.52,-915872.1722883104,-707037.1169384284,610.589843516204
8,412.0,1.021,0.27,6.05,-10.51,-597230.9147992836,-460143.23736145004,350023.15654161316,-1651.643914648581,-1263.2395834870563,-834.597679600586,0.1217196460677362,-6.947633608353038e-16,-9.778805645072435,-21.869246189640364,-142.58987684416985,6.584168644339821,2.716542554072504e-12,1.0822328632100191e-18,3263.52,-915872.1722883104,-707037.1169384284,610.589843516204
8,413.0,1.021,0.27,6.05,-10.51,-598882.4976164151,-461406.4769449371,349183.66946215736,-1651.5214819211878,-1263.2395834870563,-844.376476335056,0.12314580828527383,2.0550581991176846e-15,-9.778787789201743,-22.10186767434755,-142.58782723783827,6.5946615846748475,3.010921844585848e-12,1.1956953825036398e-18,3263.52,-915872.1722883104,-707037.1169384284,610.589843516204
8,414.0,1.021,0.27,6.05,-10.51,-600533.9572877388,-462669.7165284241,348334.4035949297,-1651.3976230328838,-1263.2395834870563,-854.1552551096581,0.12457196788349911,-2.5967801410843322e-17,-9.778769725336462,-22.333756789447367,-142.58575356152036,6.605259791140845,3.3411692469640605e-12,1.3225885721576894e-18,3263.52,-915872.1722883104,-707037.1169384284,610.589843516204
8,415.0,1.021,0.27,6.05,-10.51,-602185.2923870948,-463932.95611191116,347475.3589579941,-1651.2723379863037,-1263.2395834870563,-863.9340157163975,0.12599812483208267,2.2658744968199276e-15,-9.778751453476978,-22.56490979568136,-142.58365580845938,6.615962757630935,3.712046126196025e-12,1.4646483206065173e-18,3263.52,-915872.1722883104,-707037.1169384284,610.589843516204
8,416.0,1.021,0.27,6.05,-10.51,-603836.5014883264,-465196.1956953982,346606.5355696222,-1651.1456267841131,-1263.2395834870563,-873.7127579472807,0.12742427910068568,-1.9645212967464532e-15,-9.778732973623683,-22.795323070910616,-142.58153397181934,6.6267699763209675,4.128991814165727e-12,1.6238515622985904e-18,3263.52,-915872.1722883104,-707037.1169384284,610.589843516204
8,417.0,1.021,0.27,6.05,-10.51,-605487.5831652788,-466459.43527888524,345727.93344829406,-1651.017489429006,-1263.2395834870563,-883.4914815943138,0.12885043065897978,-4.008948572820842e-16,-9.778714285776957,-23.024993109404157,-142.57938804468517,6.637680937763299,4.598226092528085e-12,1.8024518561346103e-18,3263.52,-915872.1722883104,-707037.1169384284,610.589843516204
8,418.0,1.021,0.27,6.05,-10.51,-607138.535991801,-467722.6748623723,344839.55261269753,-1650.8879259237087,-1263.2395834870563,-893.2701864495036,0.1302765794766294,-2.995419054817885e-16,-9.778695389937209,-23.253916521096258,-142.57721802006267,6.648695130979686,5.126868000976673e-12,2.0030205036540053e-18,3263.52,-915872.1722883104,-707037.1169384284,610.589843516204
8,419.0,1.021,0.27,6.05,-10.51,-608789.3585417436,-468985.9144458593,343941.39308172837,-1650.7569362709764,-1263.2395834870563,-903.0488723048572,0.13170272552329793,-6.519854337928734e-16,-9.778676286104837,-23.482090030813808,-142.5750238908783,6.659812043553219,5.723073696241766e-12,2.228494111695596e-18,3263.52,-915872.1722883104,-707037.1169384284,610.589843516204
8,420.0,1.021,0.27,6.05,-10.51,-610440.0493889613,-470249.15402934636,343033.4548744904,-1650.624520473596,-1263.2395834870563,-912.8275389523826,0.1331288687686543,3.063137859972837e-15,-9.778656974280246,-23.709510477474637,-142.57280564997933,6.671031161719302,6.396196561850945e-12,2.4822296585385436e-18,3263.52,-915872.1722883104,-707037.1169384284,610.589843516204
8,421.0,1.021,0.27,6.05,-10.51,-612090.6071073102,-471512.3936128334,342115.7380102955,-1650.490678534383,-1263.2395834870563,-922.6061861840873,0.13455500918235674,-2.539509917627828e-15,-9.778637454463855,-23.936174813257825,-142.57056329013363,6.68235197045563,7.156973329334999e-12,2.7680683041795532e-18,3263.52,-915872.1722883104,-707037.1169384284,610.589843516204
8,422.0,1.021,0.27,6.05,-10.51,-613741.0302706502,-472775.63319632044,341188.24250866345,-1650.3554104561852,-1263.2395834870563,-932.3848137919799,0.13598114673408565,1.6519158316888757e-15,-9.77861772665606,-24.16208010274706,-142.56829680402976,6.693773953571179,8.01774063430697e-12,3.090409399459065e-18,3263.52,-915872.1722883104,-707037.1169384284,610.589843516204
8,423.0,1.021,0.27,6.05,-10.51,-615391.3174528439,-474038.8727798075,340250.96838932217,-1650.2187162418793,-1263.2395834870563,-942.1634215680691,0.13740728139349637,2.7188853689057035e-15,-9.778597790857301,-24.38722352204797,-142.56600618427683,6.705296593794141,8.99268721494454e-12,3.4542964012065373e-18,3263.52,-915872.1722883104,-707037.1169384284,610.589843516204
8,424.0,1.021,0.27,6.05,-10.51,-617041.4672277563,-475302.1123632945,339303.9156722073,-1650.0805958943724,-1263.2395834870563,-951.9420093043642,0.138833413130255,3.6369843270628525e-15,-9.778577647067992,-24.611602357880457,-142.56369142340444,6.716919372858848,1.0098147888897603e-11,3.8655166985775224e-18,3263.52,-915872.1722883104,-707037.1169384284,610.589843516204
8,425.0,1.021,0.27,6.05,-10.51,-618691.4781692559,-476565.35194678156,338347.0843774627,-1649.941049416603,-1263.2395834870563,-961.720576792875,0.14025954191402976,1.3320609922669157e-15,-9.778557295288572,-24.83521400664703,-142.56135251386272,6.728641771591594,1.1352946545052539e-11,4.33071770781483e-18,3263.52,-915872.1722883104,-707037.1169384284,610.589843516204
8,426.0,1.021,0.27,6.05,-10.51,-620341.3488512138,-477828.5915302686,337380.4745254401,-1649.8000768115387,-1263.2395834870563,-971.4991238256115,0.14168566771448893,2.0284796561273046e-15,-9.778536735519454,-25.05805597347811,-142.55898944802223,6.74046326999541,1.2778796691894629e-11,4.857542008949747e-18,3263.52,-915872.1722883104,-707037.1169384284,610.589843516204
8,427.0,1.021,0.27,6.05,-10.51,-621991.0778475042,-479091.83111375564,336404.0861366993,-1649.6576780821786,-1263.2395834870563,-981.2776501945842,0.1431117905012993,3.2620500664394288e-15,-9.778515967761091,-25.28012587125534,-142.5566022181739,6.752383347333711,1.4400769653906062e-11,5.454784790598913e-18,3263.52,-915872.1722883104,-707037.1169384284,610.589843516204
8,428.0,1.021,0.27,6.05,-10.51,-623640.6637320044,-480355.0706972427,335417.91923200816,-1649.5138532315511,-1263.2395834870563,-991.0561556918042,0.14453791024412282,3.059848199585436e-15,-9.778494992013922,-25.50142141961374,-142.55419081652897,6.764401482212854,1.6247842348892013e-11,6.13257745251782e-18,3263.52,-915872.1722883104,-707037.1169384284,610.589843516204
8,429.0,1.021,0.27,6.05,-10.51,-625290.1050785945,-481618.3102807297,334421.9738323423,-1649.3686022627153,-1263.2395834870563,-1000.8346401092826,0.14596402691262697,3.385933433925854e-15,-9.778473808278397,-25.72194044392386,-142.551755235219,6.776517152663569,1.8353538769186715e-11,6.902601907298635e-18,3263.52,-915872.1722883104,-707037.1169384284,610.589843516204
8,430.0,1.021,0.27,6.05,-10.51,-626939.4004611581,-482881.54986421677,333416.2499588855,-1649.2219251787606,-1263.2395834870563,-1010.6131032390316,0.14739014047647833,2.7987015038985597e-16,-9.778452416554954,-25.941680874254725,-142.54929546629572,6.788729836221235,2.0756681896628856e-11,7.77834094332464e-18,3263.52,-915872.1722883104,-707037.1169384284,610.589843516204
8,431.0,1.021,0.27,6.05,-10.51,-628588.5484535814,-484144.7894477038,332400.7476330294,-1649.0738219828072,-1263.2395834870563,-1020.3915448730634,0.1488162509053517,4.230878292577279e-15,-9.778430816844057,-26.160640744318602,-142.54681150173116,6.801039010005032,2.3502275887108395e-11,8.7753709857209e-18,3263.52,-915872.1722883104,-707037.1169384284,610.589843516204
8,432.0,1.021,0.27,6.05,-10.51,-630237.5476297542,-485408.02903119085,331375.4668763739,-1648.924292678005,-1263.2395834870563,-1030.1699648033905,0.1502423581689005,1.3345783900243864e-15,-9.778409009146165,-26.37881819039851,-142.5443033334173,6.81344415079591,2.6642542064133754e-11,9.9117047504311e-18,3263.52,-915872.1722883104,-707037.1169384284,610.589843516204
8,433.0,1.021,0.27,6.05,-10.51,-631886.3965635689,-486671.2686146779,330340.40771072655,-1648.7733372675348,-1263.2395834870563,-1039.9483628220266,0.15166846223680275,5.400769390779191e-15,-9.778386993461737,-26.59621145025938,-142.54177095316632,6.82594473511341,3.0238136681202745e-11,1.1208192664554833e-17,3263.52,-915872.1722883104,-707037.1169384284,610.589843516204
8,434.0,1.021,0.27,6.05,-10.51,-633535.0938289218,-487934.5081981649,329295.57015810313,-1648.620955754607,-1263.2395834870563,-1049.7267387209852,0.15309456307871888,5.527687295027112e-15,-9.778364769791247,-26.812818862043816,-142.53921435271036,6.8385402392912855,3.435958369313407e-11,1.2688993566760222e-17,3263.52,-915872.1722883104,-707037.1169384284,610.589843516204
8,435.0,1.021,0.27,6.05,-10.51,-635183.6379997118,-489197.74778165197,328240.9542407271,-1648.4671481424627,-1263.2395834870563,-1059.5050922922806,0.15452066066431505,2.8472349607411753e-15,-9.778342338135165,-27.02863886315334,-142.53663352370157,6.851230139551955,3.90889620898955e-11,1.438212715673384e-17,3263.52,-915872.1722883104,-707037.1169384284,610.589843516204
8,436.0,1.021,0.27,6.05,-10.51,-636832.0276498413,-490460.987365139,327176.5599810304,-1648.3119144343739,-1263.2395834870563,-1069.283423327927,0.15594675496326174,3.5405635900995935e-15,-9.778319698493966,-27.243669989115975,-142.534028457712,6.864013912079752,4.4521894901625446e-11,1.632012299454726e-17,3263.52,-915872.1722883104,-707037.1169384284,610.589843516204
8,437.0,1.021,0.27,6.05,-10.51,-638480.2613532161,-491724.22694862605,326102.38740165246,-1648.155254633642,-1263.2395834870563,-1079.0617316199405,0.15737284594522524,4.331067512680738e-15,-9.778296850868136,-27.45791087244114,-142.53139914623344,6.87689103309298,5.0769896032869153e-11,1.8540783634581113e-17,3263.52,-915872.1722883104,-707037.1169384284,610.589843516204
8,438.0,1.021,0.27,6.05,-10.51,-640128.3376837454,-492987.4665321131,325018.43652544107,-1647.9971687435993,-1263.2395834870563,-1088.8400169603356,0.15879893357987257,5.964842666436112e-15,-9.778273795258157,-27.671360241462583,-142.52874558067768,6.889860978914763,5.7963141932663424e-11,2.10880828047077e-17,3263.52,-915872.1722883104,-707037.1169384284,610.589843516204
8,439.0,1.021,0.27,6.05,-10.51,-641776.2552153415,-494250.70611560013,323924.7073754517,-1647.837656767608,-1263.2395834870563,-1098.618279141129,0.16022501783686968,8.09388445994398e-15,-9.778250531664522,-27.88401691917038,-142.52606775237606,6.90292322604268,6.625374812454845e-11,2.401322351899176e-17,3263.52,-915872.1722883104,-707037.1169384284,610.589843516204
8,440.0,1.021,0.27,6.05,-10.51,-643424.0125219198,-495513.94569908717,322821.1999749481,-1647.6767187090613,-1263.2395834870563,-1108.396517954337,0.1616510986858845,9.126366461719487e-15,-9.778227060087724,-28.095879822032632,-142.52336565257977,6.916077251217207,7.581964625435123e-11,2.7375885773000464e-17,3263.52,-915872.1722883104,-707037.1169384284,610.589843516204
8,441.0,1.021,0.27,6.05,-10.51,-645071.6081773997,-496777.1852825742,321707.91434740165,-1647.5143545713822,-1263.2395834870563,-1118.1747331919767,0.16307717609658673,1.1034609803514384e-14,-9.77820338052826,-28.30694795880789,-142.5206392724595,6.9293225314889115,8.686917610662616e-11,3.1245699174291864e-17,3263.52,-915872.1722883104,-707037.1169384284,610.589843516204
8,442.0,1.021,0.27,6.05,-10.51,-646719.0407557039,-498040.42486606125,320584.8505164919,-1647.3505643580243,-1263.2395834870563,-1127.952924646066,0.16450325003863853,1.2385426370201315e-14,-9.778179492986638,-28.517220429348935,-142.51788860310558,6.942658544284468,9.964652965162681e-11,3.5703982699443096e-17,3263.52,-915872.1722883104,-707037.1169384284,610.589843516204
8,443.0,1.021,0.27,6.05,-10.51,-648366.3088307583,-499303.6644495483,319452.0085061066,-1647.185348072471,-1263.2395834870563,-1137.731092108623,0.16592932048171055,1.3322971236615227e-14,-9.778155397463369,-28.726696423398806,-142.51511363552783,6.956084767471422,1.1443821141403949e-10,4.084580197644977e-17,3263.52,-915872.1722883104,-707037.1169384284,610.589843516204
8,444.0,1.021,0.27,6.05,-10.51,-650013.4109764927,-500566.90403303533,318309.3883403412,-1647.018705718237,-1263.2395834870563,-1147.5092353716657,0.16735538739547295,1.771586223121884e-14,-9.778131093958951,-28.935375219379853,-142.51231436065555,6.969600679421758,1.3158071227547027e-10,4.6782404350191425e-17,3263.52,-915872.1722883104,-707037.1169384284,610.589843516204
8,445.0,1.021,0.27,6.05,-10.51,-651660.3457668399,-501830.1436165224,317156.99004349916,-1646.8506372988666,-1263.2395834870563,-1157.2873542272137,0.16878145074959133,2.1939726218200584e-14,-9.778106582473916,-29.143256183176533,-142.50949076933736,6.9832057590742345,1.51469633418934e-10,5.364410384178904e-17,3263.52,-915872.1722883104,-707037.1169384284,610.589843516204
8,446.0,1.021,0.27,6.05,-10.51,-653307.1117757366,-503093.3832000094,315994.8136400919,-1646.6811428179346,-1263.2395834870563,-1167.065448467287,0.17020751051372973,2.3121829159462968e-14,-9.778081863008774,-29.350338766912717,-142.50664285234132,6.996899485995515,1.745705449378091e-10,6.158370237635914e-17,3263.52,-915872.1722883104,-707037.1169384284,610.589843516204
8,447.0,1.021,0.27,6.05,-10.51,-654953.707577123,-504356.62278349645,314822.85915483895,-1646.5102222790458,-1263.2395834870563,-1176.8435178839052,0.1716335666575589,2.866288326387991e-14,-9.778056935564056,-29.55662250772422,-142.5037706003547,7.010681340440065,2.0143192142200727e-10,7.078055083351349e-17,3263.52,-915872.1722883104,-707037.1169384284,610.589843516204
8,448.0,1.021,0.27,6.05,-10.51,-656600.1317449431,-505619.8623669835,313641.12661266775,-1646.3378756858363,-1263.2395834870563,-1186.6215622690888,0.17305961915074844,3.4027560731478865e-14,-9.778031800140289,-29.762107026527286,-142.500874003984,7.024550803408857,2.327005667460867e-10,8.144537418593828e-17,3263.52,-915872.1722883104,-707037.1169384284,610.589843516204
8,449.0,1.021,0.27,6.05,-10.51,-658246.3828531444,-506883.10195047053,312449.61603871395,-1646.1641030419714,-1263.2395834870563,-1196.3995814148595,0.1744856679629589,3.428837180958609e-14,-9.778006456738014,-29.966792026783786,-142.49795305375483,7.0385073567068455,2.691400249376776e-10,9.382600998184245e-17,3263.52,-915872.1722883104,-707037.1169384284,610.589843516204
8,450.0,1.021,0.27,6.05,-10.51,-659892.459475678,-508146.3415339576,311248.32745832065,-1645.9889043511478,-1263.2395834870563,-1206.1775751132386,0.1759117130638678,3.7084319633594535e-14,-9.777980905357765,-30.17067729326359,-142.495007740112,7.052550482999246,3.116525766027121e-10,1.0821423960865427e-16,3263.52,-915872.1722883104,-707037.1169384284,610.589843516204
8,451.0,1.021,0.27,6.05,-10.51,-661538.3601864988,-509409.5811174446,310037.2608970393,-1645.8122796170908,-1263.2395834870563,-1215.955543156249,0.17733775442314406,4.7789020493613976e-14,-9.77795514600007,-30.3737626908051,-142.49203805341918,7.06667966586661,3.61305544844775e-10,1.2495392825950613e-16,3263.52,-915872.1722883104,-707037.1169384284,610.589843516204
8,452.0,1.021,0.27,6.05,-10.51,-663184.0835595656,-510672.82070093165,308816.41638062923,-1645.6342288435585,-1263.2395834870563,-1225.733485335913,0.1787637920104477,5.613882999817388e-14,-9.7779291786655,-30.576048163074216,-142.48904398395916,7.080894389858695,4.193627857378166e-10,1.4445073366717602e-16,3263.52,-915872.1722883104,-707037.1169384284,610.589843516204
8,453.0,1.021,0.27,6.05,-10.51,-664829.6281688407,-511936.0602844187,307585.79393505794,-1645.4547520343376,-1263.2395834870563,-1235.5114014442545,0.18018982579545273,6.150494144374109e-14,-9.77790300335459,-30.777533731322848,-142.4860255219336,7.095194140547148,4.873224220749096e-10,1.6718369712869115e-16,3263.52,-915872.1722883104,-707037.1169384284,610.589843516204
8,454.0,1.021,0.27,6.05,-10.51,-666474.9925882902,-513199.29986790573,306345.39358650055,-1645.273849193245,-1263.2395834870563,-1245.289291273297,0.1816158557478256,7.503406735277625e-14,-9.7778766200679,-30.97821949314698,-142.48298265746288,7.109578404576998,5.669621025353873e-10,1.937190951429918e-16,3263.52,-915872.1722883104,-707037.1169384284,610.589843516204
8,455.0,1.021,0.27,6.05,-10.51,-668120.1753918844,-514462.5394513928,305095.21536134044,-1645.0915203241293,-1263.2395834870563,-1255.0671546150652,0.1830418818372334,8.341511950897678e-14,-9.777850028805991,-31.178105621245432,-142.47991538058636,7.124046669716967,6.603933404461717e-10,2.2472700860157553e-16,3263.52,-915872.1722883104,-707037.1169384284,610.589843516204
8,456.0,1.021,0.27,6.05,-10.51,-669765.1751535973,-515725.7790348798,303835.2592861689,-1644.9077654308685,-1263.2395834870563,-1264.844991261584,0.18446790403334923,9.82461652318442e-14,-9.777823229569425,-31.377192362179574,-142.4768236812619,7.138598424908617,7.70126817846941e-10,2.610011619424645e-16,3263.52,-915872.1722883104,-707037.1169384284,610.589843516204
8,457.0,1.021,0.27,6.05,-10.51,-671409.9904474061,-516989.01861836686,302565.52538778505,-1644.7225845173707,-1263.2395834870563,-1274.6228010048794,0.18589392230583948,1.1488520479685653e-13,-9.777796222358765,-31.575480035134728,-142.4737075493661,7.1532331603143025,8.991509449934083e-10,3.034827007204833e-16,3263.52,-915872.1722883104,-707037.1169384284,610.589843516204
8,458.0,1.021,0.27,6.05,-10.51,-673054.6198472931,-518252.2582018539,301286.01369319623,-1644.5359775875745,-1263.2395834870563,-1284.4005836369772,0.1873199366243778,1.3697159029062926e-13,-9.777769007174584,-31.772969030683562,-142.47056697469415,7.167950367364005,1.0510264592350935e-09,3.5328871722490256e-16,3263.52,-915872.1722883104,-707037.1169384284,610.589843516204
8,459.0,1.021,0.27,6.05,-10.51,-674699.0619272437,-519515.49778534094,299996.7242296175,-1644.3479446454498,-1263.2395834870563,-1294.1783389499042,0.1887459469586246,1.5721412740865927e-13,-9.777741584017459,-31.969659809552393,-142.4674019469597,7.1827495388009766,1.2300004507003044e-09,4.1174650569238635e-16,3263.52,-915872.1722883104,-707037.1169384284,610.589843516204
8,460.0,1.021,0.27,6.05,-10.51,-676343.3152612478,-520778.737368828,298697.65702447214,-1644.1584856949958,-1263.2395834870563,-1303.956066735688,0.19017195327825673,1.8261789366202338e-13,-9.77771395288797,-32.165552901390484,-142.46421245579495,7.197630168726264,1.4411439404700115e-09,4.804347382053717e-16,3263.52,-915872.1722883104,-707037.1169384284,610.589843516204
8,461.0,1.021,0.27,6.05,-10.51,-677987.3784232992,-522041.976952315,297388.81210539123,-1643.9676007402418,-1263.2395834870563,-1313.7337667863562,0.1915979555529402,2.1227530482193164e-13,-9.7776861137867,-32.36064890354317,-142.46099849075026,7.212591752642091,1.690518040861838e-09,5.612330080057352e-16,3263.52,-915872.1722883104,-707037.1169384284,610.589843516204
8,462.0,1.021,0.27,6.05,-10.51,-679631.2499873951,-523305.21653580206,296070.18950021383,-1643.7752897852486,-1263.2395834870563,-1323.5114388939376,0.19302395375233633,2.408525721169201e-13,-9.777658066714237,-32.554948479829065,-142.45776004129453,7.227633787494115,1.9853748353021644e-09,6.563814991213899e-16,3263.52,-915872.1722883104,-707037.1169384284,610.589843516204
8,463.0,1.021,0.27,6.05,-10.51,-681274.9285275376,-524568.4561192892,294741.789236987,-1643.5815528341059,-1263.2395834870556,-1333.2890828504612,0.19444994784613984,2.862131065876287e-13,-9.777629811671147,-32.74845235932197,-142.45449709681478,7.242755771712578,2.3344004743208966e-09,7.685529227549629e-16,3263.52,-915872.1722883104,-707037.1169384284,610.589843516204
8,464.0,1.021,0.27,6.05,-10.51,-682918.4126177327,-525831.6957027762,293403.6113439659,-1643.3863898909347,-1263.2395834870551,-1343.0666984479567,0.1958759378040009,3.3229534210835536e-13,-9.777601348658047,-32.94116133513777,-142.45120964661615,7.257957205252345,2.748009652991705e-09,9.00939327675794e-16,3263.52,-915872.1722883104,-707037.1169384284,610.589843516204
8,465.0,1.021,0.27,6.05,-10.51,-684561.7008319901,-527094.9352862634,292055.6558496135,-1643.1898009598863,-1263.2395834870547,-1352.844285478454,0.19730192359559895,3.911937912951481e-13,-9.777572677675515,-33.13307626322693,-142.44789767992197,7.273237589631842,3.23870268618549e-09,1.0573569634662294e-15,3263.52,-915872.1722883104,-707037.1169384284,610.589843516204
8,466.0,1.021,0.27,6.05,-10.51,-686204.7917443246,-528358.1748697505,290697.9227826006,-1642.9917860451424,-1263.2395834870542,-1362.6218437339844,0.19872790519059483,4.539769647959217e-13,-9.777543798724167,-33.32419806117284,-142.44456118587357,7.288596427970932,3.821498921258132e-09,1.2423730760941907e-15,3263.52,-915872.1722883104,-707037.1169384284,610.589843516204
8,467.0,1.021,0.27,6.05,-10.51,-687847.6839287541,-529621.4144532377,289330.4121718065,-1642.7923451509143,-1263.2395834870538,-1372.3993730065795,0.20015388255867256,5.321038723847975e-13,-9.777514711804576,-33.51452770699656,-142.4412001535302,7.304033225027687,4.514463334914862e-09,1.4614593748397167e-15,3263.52,-915872.1722883104,-707037.1169384284,610.589843516204
8,468.0,1.021,0.27,6.05,-10.51,-689490.3759593013,-530884.6540367248,287953.12404631777,-1642.591478281444,-1263.2395834870533,-1382.176873088271,0.20157985566950504,6.313119468803575e-13,-9.777485416917346,-33.70406623796816,-142.43781457186904,7.319547487234127,5.339346990726822e-09,1.7211779651406277e-15,3263.52,-915872.1722883104,-707037.1169384284,610.589843516204
8,469.0,1.021,0.27,6.05,-10.51,-691132.8664099931,-532147.893620212,286566.0584354295,-1642.3891854410044,-1263.2395834870529,-1391.9543437710918,0.2030058244927534,7.414043860643989e-13,-9.777455914063086,-33.892814749425234,-142.4344044297851,7.335138722730898,6.322366758665583e-09,2.0294068393463066e-15,3263.52,-915872.1722883104,-707037.1169384284,610.589843516204
8,470.0,1.021,0.27,6.05,-10.51,-692775.1538548609,-533411.1332036991,285169.21536864457,-1642.185466633898,-1263.239583487052,-1401.731784847075,0.2044317889980944,8.668372403213464e-13,-9.77742620324239,-34.08077439359877,-142.43096971609106,7.350806441400899,7.495155532871963e-09,2.3956136136185744e-15,3263.52,-915872.1722883104,-707037.1169384284,610.589843516204
8,471.0,1.021,0.27,6.05,-10.51,-694417.23686794,-534674.3727871863,283762.59487567365,-1641.980321864458,-1263.239583487051,-1411.5091961082546,0.2058577491552109,1.0204862840811342e-12,-9.777396284455847,-34.26794637844676,-142.4275104195173,7.3665501549019154,8.895921396305273e-09,2.831188164974196e-15,3263.52,-915872.1722883104,-707037.1169384284,610.589843516204
8,472.0,1.021,0.27,6.05,-10.51,-696059.1140232706,-535937.6123706735,282346.19698643556,-1641.7737511370472,-1263.23958348705,-1421.2865773466651,0.20728370493377088,1.2028239738573128e-12,-9.777366157704053,-34.454331966496014,-142.42402652871178,7.3823693766981915,1.0570863104715075e-08,3.3498472455585185e-15,3263.52,-915872.1722883104,-707037.1169384284,610.589843516204
8,473.0,1.021,0.27,6.05,-10.51,-697700.7838948964,-537200.8519541606,280920.0217310572,-1641.56575445606,-1263.2395834870485,-1431.0639283543412,0.20870965630345123,1.4146147934142645e-12,-9.777335822987597,-34.639932473692184,-142.42051803224,7.398263622091051,1.2575900314181053e-08,3.968127140905992e-15,3263.52,-915872.1722883104,-707037.1169384284,610.589843516204
8,474.0,1.021,0.27,6.05,-10.51,-699342.2450568662,-538464.0915376478,279484.0691398732,-1641.35633182592,-1263.2395834870472,-1440.841248923319,0.21013560323393488,1.6712418207802089e-12,-9.777305280307056,-34.82474926825865,-142.41698491858492,7.414232408248486,1.4978790676884503e-08,4.705984131169732e-15,3263.52,-915872.1722883104,-707037.1169384284,610.589843516204
8,475.0,1.021,0.27,6.05,-10.51,-700983.4960832333,-539727.3311211349,278038.33924342616,-1641.1454832510817,-1263.2395834870454,-1450.6185388456345,0.2115615456948937,1.9718691290922714e-12,-9.777274529663007,-35.008783769564225,-142.41342717614683,7.4302752542338,1.7861722929871547e-08,5.587527078525146e-15,3263.52,-915872.1722883104,-707037.1169384284,610.589843516204
8,476.0,1.021,0.27,6.05,-10.51,-702624.5355480551,-540990.5707046221,276582.8320724668,-1640.93320873603,-1263.239583487043,-1460.3957979133243,0.21298748365602013,2.3324256410966474e-12,-9.777243571056001,-35.1920374470002,-142.40984479324325,7.446391681033264,2.132449621639362e-08,6.641912111504441e-15,3263.52,-915872.1722883104,-707037.1169384284,610.589843516204
8,477.0,1.021,0.27,6.05,-10.51,-704265.3620253934,-542253.8102881094,275117.5476579539,-1640.7195082852797,-1263.2395834870404,-1470.1730259184255,0.21441341708698672,2.759433040907618e-12,-9.777212404486589,-35.37451181886676,-142.4062377581091,7.4625812115828385,2.5488422130160124e-08,7.904436371697814e-15,3263.52,-915872.1722883104,-707037.1169384284,610.589843516204
8,478.0,1.021,0.27,6.05,-10.51,-705905.9740893153,-543517.0498715963,273642.48603105795,-1640.504381903377,-1263.2395834870374,-1479.9502226529767,0.21583934595748935,3.2724011100008696e-12,-9.777181029955283,-35.55620845126928,-142.40260605889625,7.47884337079395,3.050111864030694e-08,9.417876459698978e-15,3263.52,-915872.1722883104,-707037.1169384284,610.589843516204
8,479.0,1.021,0.27,6.05,-10.51,-707546.3703138914,-544780.2894550832,272157.64722315164,-1640.2878295948965,-1263.2395834870338,-1489.727387909016,0.21726527023720943,3.8755077141801636e-12,-9.777149447462591,-35.737128957024375,-142.39894968367378,7.495177685578336,3.654240574695793e-08,1.123412797765676e-14,3263.52,-915872.1722883104,-707037.1169384284,610.589843516204
8,480.0,1.021,0.27,6.05,-10.51,-709186.5492731979,-546043.5290385701,270663.0312658152,-1640.0698513644445,-1263.2395834870297,-1499.5045214785819,0.21869118989585418,4.605375468542086e-12,-9.77711765700896,-35.917274994576275,-142.39526862042757,7.511583684871998,4.3831563453963074e-08,1.3416215931331704e-14,3263.52,-915872.1722883104,-707037.1169384284,610.589843516204
8,481.0,1.021,0.27,6.05,-10.51,-710826.5095413147,-547306.768622057,269158.6381908389,-1639.850447216657,-1263.2395834870247,-1509.2816231537136,0.2201171049031109,5.471953078162243e-12,-9.77708565859482,-36.096648266923474,-142.39156285706062,7.528060899658233,5.2636275968083234e-08,1.6040762371942555e-14,3263.52,-915872.1722883104,-707037.1169384284,610.589843516204
8,482.0,1.021,0.27,6.05,-10.51,-712466.2496923272,-548570.008205544,267644.4680302216,-1639.6296171562005,-1263.2395834870185,-1519.0586927264512,0.22154301522868786,6.510265928992997e-12,-9.777053452220533,-36.27525052055597,-142.38783238139257,7.544608862989803,6.328366514100143e-08,1.9201018338258466e-14,3263.52,-915872.1722883104,-707037.1169384284,610.589843516204
8,483.0,1.021,0.27,6.05,-10.51,-714105.7683003249,-549833.2477890309,266120.5208161692,-1639.4073611877716,-1263.2395834870115,-1528.8357299888346,0.22296892084229944,7.752395309538031e-12,-9.777021037886408,-36.45308354440317,-142.38407718115994,7.56122711001021,7.617391509299303e-08,2.3010592920554612e-14,3263.52,-915872.1722883104,-707037.1169384284,610.589843516204
8,484.0,1.021,0.27,6.05,-10.51,-715745.0639394021,-551096.4873725178,264586.79658109625,-1639.183679316098,-1263.239583487003,-1538.612734732904,0.22439482171367262,9.241192274933738e-12,-9.776988415592642,-36.63014916879281,-142.38029724401582,7.577915177974141,9.179711377889257e-08,2.7608044389581578e-14,3263.52,-915872.1722883104,-707037.1169384284,610.589843516204
8,485.0,1.021,0.27,6.05,-10.51,-717384.1351836581,-552359.7269560047,263043.295357625,-1638.9585715459368,-1263.239583486993,-1548.3897067507,0.22582071781252935,1.1027289692039549e-11,-9.776955585339373,-36.806449264420785,-142.37649255752993,7.594672606267035,1.1075409239678135e-07,3.3162538424762784e-14,3263.52,-915872.1722883104,-707037.1169384284,610.589843516204
8,486.0,1.021,0.27,6.05,-10.51,-719022.9806071967,-553622.9665394917,261490.0171785859,-1638.7320378820755,-1263.2395834869808,-1558.1666458342631,0.22724660910861727,1.3172772642361709e-11,-9.77692254712658,-36.98198574133228,-142.37266310918852,7.611498936423855,1.3378223810843196e-07,3.988082856214541e-14,3263.52,-915872.1722883104,-707037.1169384284,610.589843516204
8,487.0,1.021,0.27,6.05,-10.51,-720661.5987841263,-554886.2061229786,259926.96207701694,-1638.5040783293323,-1263.2395834869665,-1567.9435517756333,0.22867249557169378,1.574726013220762e-11,-9.776889300954098,-37.156760547914125,-142.36880888639416,7.62839371214702,1.6178749979785072e-07,4.801587661697847e-14,3263.52,-915872.1722883104,-707037.1169384284,610.589843516204
8,488.0,1.021,0.27,6.05,-10.51,-722299.9882885611,-556149.4457064655,258354.13008616437,-1638.2746928925549,-1263.2395834869494,-1577.7204243668514,0.23009837717154807,1.8853009812116167e-11,-9.776855846821539,-37.33077566989871,-142.36492987646585,7.645356479323535,1.958841135298504e-07,5.787750923789887e-14,3263.52,-915872.1722883104,-707037.1169384284,610.589843516204
8,489.0,1.021,0.27,6.05,-10.51,-723938.1476946189,-557412.6852899524,256771.52123948233,-1638.043881576622,-1263.2395834869287,-1587.4972633999564,0.23152425387797443,2.2588491601740712e-11,-9.776822184728314,-37.50403312937931,-142.36102606663886,7.6623867860413455,2.3744396044679038e-07,6.9845604984633e-14,3263.52,-915872.1722883104,-707037.1169384284,610.589843516204
8,490.0,1.021,0.27,6.05,-10.51,-725576.0755764233,-558675.9248734394,255179.1355706329,-1637.8116443864417,-1263.239583486904,-1597.2740686669872,0.23295012566080384,2.7095062990062354e-11,-9.776788314673492,-37.67653498383722,-142.35709744406455,7.679484182604903,2.8815795594088886e-07,8.438642952578275e-14,3263.52,-915872.1722883104,-707037.1169384284,610.589843516204
8,491.0,1.021,0.27,6.05,-10.51,-727213.7705081025,-559939.1644569263,253576.9731134861,-1637.577981326953,-1263.2395834868742,-1607.0508399599823,0.23437599248989086,3.2522562316279396e-11,-9.77675423665579,-37.84828332518052,-142.3531439958104,7.696648221549979,3.5011248157761803e-07,1.0207289122553587e-13,3263.52,-915872.1722883104,-707037.1169384284,610.589843516204
8,492.0,1.021,0.27,6.05,-10.51,-728851.2310637895,-561202.4040404132,251965.03390211993,-1637.3428924031252,-1263.2395834868387,-1616.827577070977,0.23580185433515646,3.9088532120869974e-11,-9.776719950673424,-38.01928027879464,-142.34916570885994,7.713878457657715,4.2588464412284255e-07,1.2360968375500156e-13,3263.52,-915872.1722883104,-707037.1169384284,610.589843516204
8,493.0,1.021,0.27,6.05,-10.51,-730488.4558176226,-562465.6436239,250343.31797082047,-1637.1063776199555,-1263.2395834867957,-1626.604279792006,0.23722771116654442,4.7019453346735124e-11,-9.776685456724051,-38.18952800260506,-142.34516257011254,7.7311744479679465,5.186611220154369e-07,1.4986452685160704e-13,3263.52,-915872.1722883104,-707037.1169384284,610.589843516204
8,494.0,1.021,0.27,6.05,-10.51,-732125.4433437451,-563728.8832073867,248711.82535408164,-1636.8684369824748,-1263.239583486744,-1636.3809479151014,0.23865356295407364,5.662033900366575e-11,-9.77665075480458,-38.35902868615164,-142.3411345663835,7.748535751791823,6.32386593322949e-07,1.8190702418479925e-13,3263.52,-915872.1722883104,-707037.1169384284,610.589843516204
8,495.0,1.021,0.27,6.05,-10.51,-733762.1922163052,-564992.1227908734,247070.5560866053,-1636.6290704957405,-1263.2395834866818,-1646.1575812322903,0.24007940966783467,6.824161222422916e-11,-9.776615844911015,-38.52778454967518,-142.33708168440373,7.765961930723675,7.719493002082584e-07,2.2105704526199163e-13,3263.52,-915872.1722883104,-707037.1169384284,610.589843516204
8,496.0,1.021,0.27,6.05,-10.51,-735398.7010094557,-566255.3623743601,245419.5102033014,-1636.3882781648422,-1263.2395834866068,-1655.934179535597,0.24150525127801262,8.233809599304478e-11,-9.776580727038208,-38.69579784321603,-142.3330039108199,7.783452548652237,9.434132820056634e-07,2.689450277699952e-13,3263.52,-915872.1722883104,-707037.1169384284,610.589843516204
8,497.0,1.021,0.27,6.05,-10.51,-737034.9682973555,-567518.6019578465,243758.6877392878,-1636.1460599948975,-1263.2395834865163,-1665.7107426170378,0.24293108775490033,9.943896005550107e-11,-9.776545401179614,-38.8630708457247,-142.32890123219426,7.801007171771147,1.1543093155418725e-06,3.275872148482636e-13,3263.52,-915872.1722883104,-707037.1169384284,610.589843516204
8,498.0,1.021,0.27,6.05,-10.51,-738670.9926541679,-568781.841541333,242088.08872989035,-1635.902415991055,-1263.239583486407,-1675.4872702686241,0.24435691906893126,1.2021336397814056e-10,-9.776509867326887,-39.02960586418475,-142.32477363500448,7.81862536858881,1.4139997822874004e-06,3.9947962310990883e-13,3263.52,-915872.1722883104,-707037.1169384284,610.589843516204
8,499.0,1.021,0.27,6.05,-10.51,-740306.7726540618,-570045.0811248195,240407.71321064286,-1635.6573461584921,-1263.2395834862743,-1685.2637622823565,0.2457827451907006,1.4546244702447656e-10,-9.776474125469477,-39.19540523274764,-142.32062110564365,7.83630670993758,1.7341367227557711e-06,4.877155258400125e-13,3263.52,-915872.1722883104,-707037.1169384284,610.589843516204
8,500.0,1.021,0.27,6.05,-10.51,-741942.3068712108,-571308.3207083057,238717.5612172873,-1635.4108505024155,-1263.2395834861143,-1695.0402184502232,0.24720856609101968,1.761900994904529e-10,-9.776438175594025,-39.36047131187991,-142.31644363042022,7.854050768982314,2.1292374768315736e-06,5.961324879424255e-13,3263.52,-915872.1722883104,-707037.1169384284,610.589843516204
8,501.0,1.021,0.27,6.05,-10.51,-743577.593879794,-572571.5602917917,237017.63278577343,-1635.1629290280619,-1263.2395834859203,-1704.8166385641987,0.24863438174093175,2.1360314888111212e-10,-9.776402017683719,-39.52480648752248,-142.31224119555776,7.871857121228301,2.6174088489574636e-06,7.294965766932216e-13,3263.52,-915872.1722883104,-707037.1169384284,610.589843516204
8,502.0,1.021,0.27,6.05,-10.51,-745212.6322539962,-573834.7998752776,235307.92795225923,-1634.9135817406955,-1263.239583485685,-1714.5930224162373,0.25006019211182073,2.5921625980258905e-10,-9.776365651717313,-39.68841317026207,-142.30801378719505,7.88972534452855,3.221259070176115e-06,8.937333869968992e-13,3263.52,-915872.1722883104,-707037.1169384284,610.589843516204
8,503.0,1.021,0.27,6.05,-10.51,-746847.4205680067,-575098.0394587631,233588.44675311062,-1634.6628086456094,-1263.2395834853985,-1724.3693697982706,0.2514859971754175,3.14865880037002e-10,-9.776329077668107,-39.851293794514916,-142.3037613913859,7.907655019090501,3.969047456952622e-06,1.096218079103424e-12,3263.52,-915872.1722883104,-707037.1169384284,610.589843516204
8,504.0,1.021,0.27,6.05,-10.51,-748481.9573960203,-576361.2790422484,231859.18922490173,-1634.4106097481251,-1263.2395834850508,-1734.145680502199,0.2529117969039355,3.8281886716729663e-10,-9.776292295502454,-40.01345081772237,-142.299483994099,7.925645727482127,4.896135235024652e-06,1.3461398810901973e-12,3263.52,-915872.1722883104,-707037.1169384284,610.589843516204
8,505.0,1.021,0.27,6.05,-10.51,-750116.2413122375,-577624.5186257332,230120.15540441463,-1634.156985053591,-1263.2395834846277,-1743.9219543198863,0.2543375912701637,4.658817604975006e-10,-9.776255305178,-40.174886719559034,-142.29518158121797,7.9436970546374575,6.046818336080019e-06,1.654960650742687e-12,3263.52,-915872.1722883104,-707037.1169384284,610.589843516204
8,506.0,1.021,0.27,6.05,-10.51,-751750.270890864,-578887.7582092175,228371.34532863973,-1633.9019345673823,-1263.2395834841122,-1753.6981910431477,0.2557633802475754,5.674871637412509e-10,-9.776218106641439,-40.335604001152554,-142.2908541385412,7.961808587861539,7.4766451562198995e-06,2.036992369327782e-12,3263.52,-915872.1722883104,-707037.1169384284,610.589843516204
8,507.0,1.021,0.27,6.05,-10.51,-753384.0447061106,-580150.9977927012,226612.75903477558,-1633.645458294902,-1263.2395834834845,-1763.4743904637387,0.2571891638105293,6.918912533411336e-10,-9.776180699825591,-40.49560518431579,-142.2865016517817,7.979979916834828,9.255350668270782e-06,2.5101251711347328e-12,3263.52,-915872.1722883104,-707037.1169384284,610.589843516204
8,508.0,1.021,0.27,6.05,-10.51,-755017.5613321938,-581414.2373761843,224844.3965602289,-1633.3875562415765,-1263.239583482719,-1773.250552373339,0.25861494193443807,8.44339676475615e-10,-9.776143084645842,-40.65489281079082,-142.28212410656712,7.998210633617046,1.14705746868458e-05,3.0967461064293694e-12,3263.52,-915872.1722883104,-707037.1169384284,610.589843516204
8,509.0,1.021,0.27,6.05,-10.51,-756650.8193433353,-582677.4769596666,223066.25794261502,-1633.1282284128558,-1263.2395834817844,-1783.0266765635338,0.2600407145960266,1.031319958122926e-09,-9.776105260995463,-40.81346944150507,-142.2777214884395,8.01650033265049,1.4232578797892446e-05,3.824899817870741e-12,3263.52,-915872.1722883104,-707037.1169384284,610.589843516204
8,510.0,1.021,0.27,6.05,-10.51,-758283.8173137603,-583940.7165431477,221278.34321975757,-1632.867474814214,-1263.239583480642,-1792.8027628257869,0.26146648177361975,1.2608369644481328e-09,-9.77606722873981,-40.97133765583913,-142.27329378285552,8.034848610762818,1.7680236460988363e-05,4.7297563594420746e-12,3263.52,-915872.1722883104,-707037.1169384284,610.589843516204
8,511.0,1.021,0.27,6.05,-10.51,-759916.553817669,-585203.9561266277,219480.65242968974,-1632.6052954511447,-1263.2395834792446,-1802.5788109514058,0.2628922434475468,1.5428112283855588e-09,-9.776028987708866,-41.128500050906545,-142.26884097518592,8.053255067169317,2.1988647927898573e-05,5.8554693768375615e-12,3263.52,-915872.1722883104,-707037.1169384284,610.589843516204
8,512.0,1.021,0.27,6.05,-10.51,-761549.0274288481,-586467.1957101062,217673.1856106648,-1632.3416903291625,-1263.239583477534,-1812.3548207314464,0.2643179996005532,1.8895130716533718e-09,-9.775990537687742,-41.284959240844444,-142.26436305071587,8.07171930347455,2.737883089070744e-05,7.257530927589712e-12,3263.52,-915872.1722883104,-707037.1169384284,610.589843516204
8,513.0,1.021,0.27,6.05,-10.51,-763181.2367075727,-587730.4352935827,215855.94280151214,-1632.0766594538502,-1263.2395834754373,-1822.1307919547346,0.2657437502181243,2.316158975039983e-09,-9.775951878404637,-41.440717856086124,-142.25985999464552,8.090240923669946,3.413006565639977e-05,9.005758805900474e-12,3263.52,-915872.1722883104,-707037.1169384284,610.589843516204
8,514.0,1.021,0.27,6.05,-10.51,-764813.1801585077,-588993.6748770569,214028.9240427903,-1631.8102028310195,-1263.23958347286,-1831.906724401611,0.2671694952882482,2.8415988356720955e-09,-9.775913009515488,-41.59577854257865,-142.2553317920929,8.108819534122697,4.2595638556353744e-05,1.118809023705806e-11,3263.52,-915872.1722883104,-707037.1169384284,610.589843516204
8,515.0,1.021,0.27,6.05,-10.51,-766444.8564223477,-590256.914460528,212192.12937158433,-1631.5423204659628,-1263.2395834696954,-1841.6826178719982,0.2685952348064086,3.4892254359008216e-09,-9.775873930584154,-41.75014396155515,-142.25077842808088,8.127454743629587,5.3222940223413116e-05,1.3915404673374566e-11,3263.52,-915872.1722883104,-707037.1169384284,610.589843516204
8,516.0,1.021,0.27,6.05,-10.51,-768076.2640890057,-591520.1540439957,210345.55882655582,-1631.2730123641722,-1263.2395834658078,-1851.458472157874,0.2700209687726467,4.2880873615994344e-09,-9.775834641057443,-41.9038167884354,-142.2461998875496,8.14614616336476,6.657915034080411e-05,1.7327661271856266e-11,3263.52,-915872.1722883104,-707037.1169384284,610.589843516204
8,517.0,1.021,0.27,6.05,-10.51,-769707.4017344802,-592783.3936274592,208489.21244694522,-1631.0022785311894,-1263.2395834610281,-1861.2342870485481,0.2714466971936309,5.274241798394658e-09,-9.77579514023298,-42.05679971226162,-142.241596155354,8.164893406889181,8.338409640636283e-05,2.1601717668314247e-11,3263.52,-915872.1722883104,-707037.1169384284,610.589843516204
8,518.0,1.021,0.27,6.05,-10.51,-771338.2679332348,-594046.6332109172,206623.09027224808,-1630.7301189725513,-1263.2395834551464,-1871.0100623323053,0.2728724200845823,6.4925406200551476e-09,-9.77575542721797,-42.209095435087036,-142.2369672162629,8.18369609015281,0.0001045523346730263,2.6961301097400014e-11,3263.52,-915872.1722883104,-707037.1169384284,610.589843516204
8,519.0,1.021,0.27,6.05,-10.51,-772968.8612595681,-595309.8727943688,204747.19234217703,-1630.4565336937744,-1263.239583447903,-1880.7857977963927,0.2742981374712494,7.998742727172923e-09,-9.7757155008765,-42.360706671349526,-142.23231305495887,8.202553831493262,0.00013124709855625512,3.3689737750898655e-11,3263.52,-915872.1722883104,-707037.1169384284,610.589843516204
8,520.0,1.021,0.27,6.05,-10.51,-774599.180287765,-596573.1123778123,202861.51869665872,-1630.1815227003442,-1263.2395834389747,-1890.561493226763,0.2757238493923887,9.862245811543734e-09,-9.775675359761806,-42.51163614725289,-142.22763365603817,8.221466251633522,0.00016494953450148028,4.214622050017033e-11,3263.52,-915872.1722883104,-707037.1169384284,610.589843516204
8,521.0,1.021,0.27,6.05,-10.51,-776229.2235921137,-597836.3519612458,200966.0693758347,-1629.905085997699,-1263.2395834279616,-1900.3371484077238,0.277149555902727,1.2169439930411569e-08,-9.775635002029313,-42.66188660015803,-142.22292900401084,8.240432973679118,0.00020754765143784462,5.278662047570756e-11,3263.52,-915872.1722883104,-707037.1169384284,610.589843516204
8,522.0,1.021,0.27,6.05,-10.51,-777858.9897469081,-599099.591544667,199060.84442006328,-1629.627223591212,-1263.239583414367,-1910.1127631214838,0.27857525707669456,1.5027957727671698e-08,-9.775594425324705,-42.81146077798406,-142.21819908330053,8.259453623114656,0.0002614507179782758,6.619013980038967e-11,3263.52,-915872.1722883104,-707037.1169384284,610.589843516204
8,523.0,1.021,0.27,6.05,-10.51,-779488.4773264466,-600362.831128073,197145.84386992178,-1629.3479354861704,-1263.2395833975713,-1919.8883371475724,0.2800009530129103,1.857192304590959e-08,-9.775553626640006,-42.960361438618534,-142.2134438782447,8.2785278277997,0.0003297365437801442,8.30934809815205e-11,3263.52,-915872.1722883104,-707037.1169384284,610.589843516204
8,524.0,1.021,0.27,6.05,-10.51,-781117.6849050334,-601626.0707114603,195221.06776620992,-1629.0672216877488,-1263.2395833768069,-1929.6638702620924,0.2814266438397427,2.2968583325376475e-08,-9.775512602127922,-43.1085913493367,-142.20866337309462,8.297655217963952,0.00041634129902586817,1.0443469916330157e-10,3263.52,-915872.1722883104,-707037.1169384284,610.589843516204
8,525.0,1.021,0.27,6.05,-10.51,-782746.6110569775,-602889.3102948244,193286.5161499533,-1628.7850822009739,-1263.2395833511168,-1939.4393622367618,0.28285232972203683,2.842653041079105e-08,-9.775471346862476,-43.25615328622883,-142.20385755201565,8.316835426201584,0.0005263044177514813,1.3140954073030516e-10,3263.52,-915872.1722883104,-707037.1169384284,610.589843516204
8,526.0,1.021,0.27,6.05,-10.51,-784375.2543565932,-604152.5498781597,191342.18906240864,-1628.5015170306851,-1263.2395833193093,-1949.214812837681,0.28427801086942067,3.520607052284493e-08,-9.775429854529797,-43.403050033634784,-142.19902639908724,8.336068087464625,0.0006660849055864886,1.65543900270026e-10,3263.52,-915872.1722883104,-707037.1169384284,610.589843516204
8,527.0,1.021,0.27,6.05,-10.51,-786003.6133781997,-605415.7894614593,189388.0865450702,-1628.2165261814869,-1263.2395832799014,-1958.9902218237469,0.28570368754622966,4.363206907535986e-08,-9.775388117028585,-43.54928438358466,-142.19416989830353,8.355352839055252,0.0008439703050731326,2.0878710612793636e-10,3263.52,-915872.1722883104,-707037.1169384284,610.589843516204
8,528.0,1.021,0.27,6.05,-10.51,-787631.686696124,-606679.0290447148,187424.2086396779,-1627.9301096576833,-1263.2395832310442,-1968.7655889446073,0.2871293600837447,5.4110144847203e-08,-9.775346123952826,-43.6948591352443,-142.1892880335735,8.374689320616728,0.0010706060237992974,2.6363214941299863e-10,3263.52,-915872.1722883104,-707037.1169384284,610.589843516204
8,529.0,1.021,0.27,6.05,-10.51,-789259.4728847542,-607942.2686279155,185450.55538822606,-1627.642267463208,-1263.2395831704337,-1978.5409139380338,0.2885550288947523,6.714675487845219e-08,-9.775303861922039,-43.83977709436375,-142.1843807887218,8.39407717412274,0.0013596811788128937,3.3327080301149317e-10,3263.52,-915872.1722883104,-707037.1169384284,610.589843516204
8,530.0,1.021,0.27,6.05,-10.51,-790886.9705192592,-609205.5082110487,183467.12683295566,-1627.352999601531,-1263.2395830951975,-1988.3161965266756,0.28998069449119007,8.337437799172591e-08,-9.775261313712587,-43.984041072728644,-142.17944814748952,8.413516043865037,0.001728818184112186,4.2179396823693727e-10,3263.52,-915872.1722883104,-707037.1169384284,610.589843516204
8,531.0,1.021,0.27,6.05,-10.51,-792514.1781989068,-610468.7477940978,181473.92301567167,-1627.062306075509,-1263.2395830018254,-1998.0914364187884,0.2914063575058373,1.0358285943194994e-07,-9.775218457130268,-44.1276538876802,-142.1744900935329,8.433005576448776,0.0022007278371758794,5.344507112402389e-10,3263.52,-915872.1722883104,-707037.1169384284,610.589843516204
8,532.0,1.021,0.27,6.05,-10.51,-794141.0945831576,-611731.9873770438,179470.94397665173,-1626.7701868872211,-1263.239582886133,-2007.8666333116562,0.2928320187184336,1.2875844711321397e-07,-9.77517526354545,-44.270618361683276,-142.16950661042154,8.45254542079316,0.0028047107432214225,6.779835382842078e-10,3263.52,-915872.1722883104,-707037.1169384284,610.589843516204
8,533.0,1.021,0.27,6.05,-10.51,-795767.7181228625,-612995.2269598607,177458.1897627717,-1626.476642038253,-1263.2395827422379,-2017.641786824483,0.29425767907578865,1.6013222019567853e-07,-9.775131695988321,-44.41293732090526,-142.16449768166513,8.472135227986335,0.0035786110012316972,8.610628095328209e-10,3263.52,-915872.1722883104,-707037.1169384284,610.589843516204
8,534.0,1.021,0.27,6.05,-10.51,-797394.0473980992,-614258.4665425163,175435.6604174368,-1626.1816715288883,-1263.2395825632163,-2027.416896561567,0.29568333973581623,1.9924024153065873e-07,-9.775087706668737,-44.55461359567005,-142.15946329068564,8.491774651406917,0.004571361108179685,1.094850208184067e-09,3263.52,-915872.1722883104,-707037.1169384284,610.589843516204
8,535.0,1.021,0.27,6.05,-10.51,-799020.0809901211,-615521.7061249719,173403.35598443597,-1625.885275358131,-1263.2395823404274,-2037.1919620729125,0.29710900210118346,2.4799782643633166e-07,-9.775043233744858,-44.69565001945623,-142.15440342083195,8.511463346634935,0.005846300524857913,1.3937303813157378e-09,3263.52,-915872.1722883104,-707037.1169384284,610.589843516204
8,536.0,1.021,0.27,6.05,-10.51,-800645.8174733697,-616784.9457071784,171361.27650824556,-1625.5874535234557,-1263.239582063069,-2046.966982836482,0.29853466786017474,3.08790841832653e-07,-9.774998197108836,-44.83604942822443,-142.14931805538563,8.531200971406008,0.007485507733138353,1.7762619599158138e-09,3263.52,-915872.1722883104,-707037.1169384284,610.589843516204
8,537.0,1.021,0.27,6.05,-10.51,-802271.2554219541,-618048.1852890748,169309.4220339166,-1625.288206020498,-1263.2395817176866,-2056.7419582391635,0.29996033902976676,3.845872960593655e-07,-9.77495249288574,-44.975814659744096,-142.144207177566,8.550987185561981,0.009595461354916292,2.2664150579218787e-09,3263.52,-915872.1722883104,-707037.1169384284,610.589843516204
8,538.0,1.021,0.27,6.05,-10.51,-803896.3934101874,-619311.4248705852,167247.79260714332,-1624.9875328427545,-1263.239581287601,-2066.5168875525023,0.301386017997325,4.790728291676936e-07,-9.774905986246496,-45.11494855286491,-142.1390707705376,8.57082165098978,0.012314446004071776,2.895183268091357e-09,3263.52,-915872.1722883104,-707037.1169384284,610.589843516204
8,539.0,1.021,0.27,6.05,-10.51,-805521.2300124059,-620574.6644516147,165176.38827446697,-1624.6854339809918,-1263.2395807518114,-2076.291769886475,0.3028117075512689,5.968124929306724e-07,-9.77485850201285,-45.25345394651139,-142.13390881742396,8.590704031512427,0.015822250968124646,3.70268573190309e-09,3263.52,-915872.1722883104,-707037.1169384284,610.589843516204
8,540.0,1.021,0.27,6.05,-10.51,-807145.7638029167,-621837.904032045,163095.20908339342,-1624.3819094230537,-1263.2395800843394,-2086.0666041543564,0.3042374108960399,7.434419895008962e-07,-9.774809812364822,-45.39133367884846,-142.12872130131873,8.610633992802958,0.020352885185884958,4.740911207611669e-09,3263.52,-915872.1722883104,-707037.1169384284,610.589843516204
8,541.0,1.021,0.27,6.05,-10.51,-808769.993356015,-623101.1436117287,161004.25508263343,-1624.076959153396,-1263.2395792529692,-2095.8413890096144,0.3056631316259339,9.258872472392115e-07,-9.77475962075053,-45.52859058609479,-142.12350820530523,8.630611202237317,0.026211264465479854,6.077304046236315e-09,3263.52,-915872.1722883104,-707037.1169384284,610.589843516204
8,542.0,1.021,0.27,6.05,-10.51,-810393.9172459798,-624364.3831904827,158903.52632241204,-1623.7705831527057,-1263.239578217788,-2105.616122765384,0.3070888736282222,1.1526068666814654e-06,-9.774707540816149,-45.665227501132705,-142.11826951248162,8.65063532870858,0.03379513539324814,7.799455402458992e-09,3263.52,-915872.1722883104,-707037.1169384284,610.589843516204
8,543.0,1.021,0.27,6.05,-10.51,-812017.5340470688,-625627.6227680799,156793.02285485173,-1623.4627813977247,-1263.23957692956,-2115.3908032925056,0.30851464086356206,1.4338426556805708e-06,-9.774653068807776,-45.801247251865824,-142.11300520599383,8.670706042393775,0.04362391020325409,1.002124690504272e-08,3263.52,-915872.1722883104,-707037.1169384284,610.589843516204
8,544.0,1.021,0.27,6.05,-10.51,-813640.8423335145,-626890.8623442373,154672.74473448007,-1623.153553861365,-1263.2395753278195,-2125.1654278847213,0.309940436936562,1.7818454126453745e-06,-9.7745955474244,-45.936652659179714,-142.10771526907914,8.690823014448492,0.05637663184527072,1.2890905118485342e-08,3263.52,-915872.1722883104,-707037.1169384284,610.589843516204
8,545.0,1.021,0.27,6.05,-10.51,-815263.8406795209,-628154.1019186061,152542.69201889087,-1622.8429005134217,-1263.2395733387832,-2134.939993082464,0.31136626431544606,2.2110119842080943e-06,-9.77453411849072,-46.07144653440065,-142.10239968512406,8.710985916610797,0.0729420139266585,1.660157242114112e-08,3263.52,-915872.1722883104,-707037.1169384284,610.589843516204
8,546.0,1.021,0.27,6.05,-10.51,-816886.5276592604,-629417.3414907559,150402.8647696068,-1622.5308213223273,-1263.239570873217,-2144.714494442443,0.31279212297010617,2.737815652510214e-06,-9.77446766104029,-46.205631676093056,-142.0970584377413,8.731194420686844,0.09448446687508136,2.140519539276884e-08,3263.52,-915872.1722883104,-707037.1169384284,610.589843516204
8,547.0,1.021,0.27,6.05,-10.51,-818508.9018468745,-630680.5810601582,148253.26305320775,-1622.2173162587023,-1263.2395678245557,-2154.488926236693,0.3142180080502822,3.380317546629499e-06,-9.774394710422877,-46.339210865990495,-142.09169151087173,8.751448197883377,0.12253131112994481,2.7630791471365756e-08,3263.52,-915872.1722883104,-707037.1169384284,610.589843516204
8,548.0,1.021,0.27,6.05,-10.51,-820130.9618164798,-631943.8206261691,146093.886942781,-1621.9023853018678,-1263.2395640678733,-2164.2632810632917,0.31564390598794556,4.156888990544638e-06,-9.774313352841045,-46.4721868638369,-142.08629888891863,8.77174691794957,0.159088099991899,3.570849994870491e-08,3263.52,-915872.1722883104,-707037.1169384284,610.589843516204
8,549.0,1.021,0.27,6.05,-10.51,-821752.7061421805,-633207.0601880108,143924.73651990655,-1621.5860284518103,-1263.239559460733,-2174.037549315566,0.31706978799295477,5.083491372882031e-06,-9.774221088318427,-46.60456240043886,-142.080880556934,8.792090248017134,0.20679127629374228,4.620128304852869e-08,3263.52,-915872.1722883104,-707037.1169384284,610.589843516204
8,550.0,1.021,0.27,6.05,-10.51,-823374.1333980989,-634470.2997447556,141745.81187712855,-1621.2682457491078,-1263.2395538480039,-2183.8117185258393,0.3184955992970178,6.168421656865168e-06,-9.774114653436515,-46.73634016915327,-142.0754365008547,8.812477851175064,0.2691104666986032,5.984675538587265e-08,3263.52,-915872.1722883104,-707037.1169384284,610.589843516204
8,551.0,1.021,0.27,6.05,-10.51,-824995.2421584319,-635733.5392953196,139557.11312122756,-1620.9490373090605,-1263.2395470738838,-2193.5857724920897,0.3199212413933065,7.402643099614493e-06,-9.773989793589514,-46.86752281457133,-142.06996670782337,8.832909384592451,0.3506168424838684,7.761243722953361e-08,3263.52,-915872.1722883104,-707037.1169384284,610.589843516204
8,552.0,1.021,0.27,6.05,-10.51,-826616.0309975517,-636996.7788384721,137358.64037752713,-1620.6284033789539,-1263.2395390070253,-2203.359690141155,0.3213465427805171,8.742540966913076e-06,-9.773840973218778,-46.99811291773923,-142.06447116661948,8.85338449710403,0.4573395067788584,1.0076881813654772e-07,3263.52,-915872.1722883104,-707037.1169384284,610.589843516204
8,553.0,1.021,0.27,6.05,-10.51,-828236.4984901815,-638260.018372882,135150.39379544414,-1620.3063444330367,-1263.2395295888023,-2213.133444077195,0.32277121091640476,1.007985832689108e-05,-9.773661012265764,-47.128112977116366,-142.05894986822844,8.873902826174632,0.5972392923352534,1.3098607610503824e-07,3263.52,-915872.1722883104,-707037.1169384284,610.589843516204
8,554.0,1.021,0.27,6.05,-10.51,-829856.643211694,-639523.2578972311,132932.37355571063,-1619.9828613297393,-1263.2395189214574,-2222.9069987190865,0.3241947535460785,1.1190150186766765e-05,-9.773440639577581,-47.25752538375075,-142.05340280660403,8.894463994083074,0.7808393291992461,1.7046224915027054e-07,3263.52,-915872.1722883104,-707037.1169384284,610.589843516204
8,555.0,1.021,0.27,6.05,-10.51,-831476.4637386143,-640786.4974104444,130704.57987968902,-1619.6579555703129,-1263.2395074240933,-2232.680307951154,0.32561635055403043,1.1645741438995873e-05,-9.773167961865639,-47.38635238920454,-142.04782997968127,8.915067603243203,1.022065158717662,2.2209327062152784e-07,3263.52,-915872.1722883104,-707037.1169384284,610.589843516204
8,556.0,1.021,0.27,6.05,-10.51,-833095.9586494582,-642049.7369121303,128467.01304131342,-1619.3316297220947,-1263.2394961022878,-2242.4533122061284,0.3270346469211402,1.067101308785298e-05,-9.772827865342908,-47.51459606431311,-142.0422313907213,8.93571323062313,1.33936523531055,2.896987852587733e-07,3263.52,-915872.1722883104,-707037.1169384284,610.589843516204
8,557.0,1.021,0.27,6.05,-10.51,-834715.1265261137,-643312.9764033768,126219.6733822574,-1619.003888105899,-1263.2394870047021,-2252.2259349364763,0.3284474225041066,6.906173508200239e-06,-9.772401405521869,-47.64225824673717,-142.03660705008514,8.956400421389212,1.7572070057124007,3.783223686544488e-07,3263.52,-915872.1722883104,-707037.1169384284,610.589843516204
8,558.0,1.021,0.27,6.05,-10.51,-836333.9659561045,-644576.2158881414,123962.56133091716,-1618.6747379006245,-1263.2394839813821,-2261.998078519869,0.3298510760074823,-1.969128498119846e-06,-9.771865314731311,-47.769340475479524,-142.0309569775488,8.977128682224457,2.308076606354493,4.946310957386509e-07,3263.52,-915872.1722883104,-707037.1169384284,610.589843516204
8,559.0,1.021,0.27,6.05,-10.51,-837952.4755362557,-645839.4553756199,121695.67742568883,-1618.3441908890602,-1263.239493914116,-2271.769619833697,0.3312398445523492,-1.9814928486313933e-05,-9.771191893416397,-47.895843911640995,-142.0252812052687,8.997897475355623,3.0351545885833757,6.474479087950143e-07,3263.52,-915872.1722883104,-707037.1169384284,610.589843516204
8,560.0,1.021,0.27,6.05,-10.51,-839570.6538785498,-647102.6948841767,119419.02234260408,-1618.0122661478756,-1263.2395286537337,-2281.540406110599,0.33260468636530394,-5.287432872365943e-05,-9.770349792245993,-48.02176924788074,-142.01957978145012,9.018706215345526,3.9959000697726124,8.484616871578246e-07,3263.52,-915872.1722883104,-707037.1169384284,610.589843516204
8,561.0,1.021,0.27,6.05,-10.51,-841188.4996192885,-648365.9344476801,117132.59692646441,-1617.678994026464,-1263.2396079404227,-2291.310252379708,0.3339318351663172,-0.00011088791645314171,-9.769306597744153,-48.14711661657396,-142.01385277459124,9.039554272344299,5.2668569009600255,1.1131753561677472e-06,3263.52,-915872.1722883104,-707037.1169384284,610.589843516204
8,562.0,1.021,0.27,6.05,-10.51,-842806.0114329823,-649629.1741253424,114836.40222276204,-1617.3444216343364,-1263.2397635071063,-2301.078943008318,0.33520131709527917,-0.00020828402037316492,-9.768034772748695,-48.27188552305496,-142.00810027770925,9.060440987890674,6.950105453387719,1.4621731998499853e-06,3263.52,-915872.1722883104,-707037.1169384284,610.589843516204
8,563.0,1.021,0.27,6.05,-10.51,-844423.1880523635,-650892.4140161902,112530.439504242,-1617.0086194437079,-1263.2400441357597,-2310.846241837681,0.33638647791554405,-0.0003646959651144508,-9.766523396497893,-48.39607486392109,-142.0023224108901,9.081365712316781,9.181932854641685,1.9228166731716905e-06,3263.52,-915872.1722883104,-707037.1169384284,610.589843516204
8,564.0,1.021,0.27,6.05,-10.51,-846040.0282947626,-652155.6542785151,110214.71028008372,-1616.6716867999771,-1263.2405201211334,-2320.611918340209,0.3374573278908242,-0.0006027537923003986,-9.764799098803097,-48.5196831552789,-141.99651931824707,9.102327875075545,12.144497166343163,2.531516048854492e-06,3263.52,-915872.1722883104,-707037.1169384284,610.589843516204
8,565.0,1.021,0.27,6.05,-10.51,-847656.5310909699,-653418.8951516988,107889.21626647536,-1616.3337497160437,-1263.241282341624,-2330.375800815479,0.33839412309745714,-0.0009383957548987536,-9.76295971596597,-48.64270921207527,-141.99069115097004,9.123327096923447,16.081536548380118,3.3367767280779675e-06,3263.52,-915872.1722883104,-707037.1169384284,610.589843516204
8,566.0,1.021,0.27,6.05,-10.51,-849272.69550194,-654682.1369699307,105553.95928491709,-1615.9949349933831,-1263.2424241831636,-2340.137869998118,0.33922392138967294,-0.0013541668889053785,-9.761221021854935,-48.7651537040175,-141.9848380204278,9.144363336219909,21.31954953191621,4.4032888358988105e-06,3263.52,-915872.1722883104,-707037.1169384284,610.589843516204
8,567.0,1.021,0.27,6.05,-10.51,-850888.5206850475,-655945.3801398043,103208.9410424404,-1615.655287912904,-1263.2439819197848,-2349.8984020896282,0.3401010495333175,-0.0017396610711085897,-9.759964980569201,-48.887022244916714,-141.97895989395613,9.165437012491045,28.296383479690313,5.817423429017706e-06,3263.52,-915872.1722883104,-707037.1169384284,610.589843516204
8,568.0,1.021,0.27,6.05,-10.51,-852504.0057275045,-657208.6250207453,100854.16274882985,-1615.3145774896216,-1263.2457913906749,-2359.6581455536243,0.3414548852052286,-0.0017810052993719034,-9.759749381081495,-49.00833077437904,-141.97305639578846,9.186548941071077,37.59986440046471,7.69462731796065e-06,3263.52,-915872.1722883104,-707037.1169384284,610.589843516204
8,569.0,1.021,0.27,6.05,-10.51,-854119.1491994981,-658471.871597911,98489.62456840405,-1614.9719193476935,-1263.2472075046694,-2369.4184549435568,0.34420087526662607,-0.0008012221045313472,-9.76119317102276,-49.12911351159115,-141.9671264828541,9.207699744478978,50.020048565307924,1.018938351444143e-05,3263.52,-915872.1722883104,-707037.1169384284,610.589843516204
8,570.0,1.021,0.27,6.05,-10.51,-855733.9482250764,-659735.1187945801,96115.32502951079,-1614.625194226722,-1263.2466675707703,-2379.181202238537,0.34990701301074423,0.002369262727114991,-9.764632346557184,-49.249431750649265,-141.9611680301835,9.228888291305418,66.61996325530374,1.350864248231618e-05,3263.52,-915872.1722883104,-707037.1169384284,610.589843516204
8,571.0,1.021,0.27,6.05,-10.51,-857348.3969312449,-660998.3633147818,93731.26073249873,-1614.270443857444,-1263.241231412772,-2388.948233939475,0.36059853247283685,0.009253535814075193,-9.769588492826689,-49.36937771571883,-141.95517752424885,9.25010907848538,88.83145449593604,1.7929953472087485e-05,3263.52,-915872.1722883104,-707037.1169384284,610.589843516204
8,572.0,1.021,0.27,6.05,-10.51,-858962.484505899,-662261.5981824329,91337.4268404414,-1613.9018459216318,-1263.2265496950172,-2398.720387163441,0.3776841749801866,0.020925542003340795,-9.774563771480388,-49.48906342257491,-141.9491502935861,9.271350010587424,118.58516946705139,2.3825966258995715e-05,3263.52,-915872.1722883104,-707037.1169384284,610.589843516204
8,573.0,1.021,0.27,6.05,-10.51,-860576.1939710487,-663524.8118048621,88933.81851377696,-1613.513389124106,-1263.1981127697097,-2408.496841310645,0.39966080645745156,0.03627324785188819,-9.778029676506712,-49.60858443794657,-141.94308184926177,9.292594960141393,158.48711328692087,3.169757492115128e-05,3263.52,-915872.1722883104,-707037.1169384284,610.589843516204
8,574.0,1.021,0.27,6.05,-10.51,-862189.5039577294,-664787.9892907643,86520.43230205732,-1613.1033133928443,-1263.1545948074868,-2418.2758625901547,0.4190096333700527,0.04965174479440553,-9.779679534807244,-49.72795237146949,-141.93697080363546,9.313835966791814,212.0591209570792,4.221879993249027e-05,3263.52,-915872.1722883104,-707037.1169384284,610.589843516204
8,575.0,1.021,0.27,6.05,-10.51,-863802.3963951977,-666051.1182168736,84097.26681354071,-1612.6812140916823,-1263.1031772880558,-2428.0544884712062,0.42078087182618384,0.04990377711464349,-9.775535078908046,-49.84696929038641,-141.93082425232168,9.335089204699345,284.06712993918995,5.629763307635807e-05,3263.52,-915872.1722883104,-707037.1169384284,610.589843516204
8,576.0,1.021,0.27,6.05,-10.51,-865414.8707355494,-667314.1992177234,81664.32804903972,-1612.2723399639685,-1263.0625892228525,-2437.817792628083,0.3917763933561626,0.027504391264212377,-9.743349435689156,-49.965031863137966,-141.92466519253247,9.356380414412952,380.96767533487895,7.515856559848152e-05,3263.52,-915872.1722883104,-707037.1169384284,610.589843516204
8,577.0,1.021,0.27,6.05,-10.51,-867026.9548577822,-668577.2537978806,79221.65086583846,-1611.9037139096913,-1263.0523746946164,-2447.522088750706,0.34569598022515224,-0.006746401242210897,-9.658043256304502,-50.08118346272964,-141.91852968105852,9.377673289029424,511.5089367123507,0.00010045443767666551,3263.52,-915872.1722883104,-707037.1169384284,610.589843516204
8,578.0,1.021,0.27,6.05,-10.51,-868638.6914893097,-669840.3137525256,76769.3159276448,-1611.5738246115745,-1263.0706487834875,-2457.133724224346,0.3206908237801573,-0.024996485963730768,-9.576918192684062,-50.19508397458401,-141.91243360767916,9.398885801005655,687.5504261193615,0.0001344181479763038,3263.52,-915872.1722883104,-707037.1169384284,610.589843516204
8,579.0,1.021,0.27,6.05,-10.51,-870250.1013343004,-671103.394319176,74307.39143909996,-1611.2372343458067,-1263.0842779025763,-2466.7253699489643,0.37512644958348396,0.01423830335722917,-9.636641806917313,-50.3083545151598,-141.90632266258766,9.420074855837125,925.2176664357365,0.00018006997589807815,3263.52,-915872.1722883104,-707037.1169384284,610.589843516204
8,580.0,1.021,0.27,6.05,-10.51,-871861.120727793,-672366.4492973567,71835.8226057777,-1610.765126785601,-1262.9988865761443,-2476.4361026138417,0.5875557387514357,0.17046586380451056,-9.774483653209538,-50.42477458349081,-141.90005075199542,9.44125628324777,1246.4521939821216,0.0002415027888906196,3263.52,-915872.1722883104,-707037.1169384284,610.589843516204
8,581.0,1.021,0.27,6.05,-10.51,-873471.5658305056,-673629.3436021825,69354.49267331317,-1610.1162268326502,-1262.7832973282366,-2486.2211810604244,0.6333095740105977,0.20360914303568242,-9.753387802996738,-50.5445283355526,-141.89358993177896,9.462235404763794,1681.0779840080797,0.00032426976829522515,3263.52,-915872.1722883104,-707037.1169384284,610.589843516204
8,582.0,1.021,0.27,6.05,-10.51,-875081.4143703491,-674892.061195906,66863.44872499863,-1609.6347106584547,-1262.6912782219417,-2495.7925403172185,0.32975363946107417,-0.018295816601116337,-9.32720336938522,-50.658490371369396,-141.88729551727033,9.483157397496763,2269.821110009774,0.00043590495979757094,3263.52,-915872.1722883104,-707037.1169384284,610.589843516204
8,583.0,1.021,0.27,6.05,-10.51,-876690.8912612313,-676154.7663194502,64363.02787946017,-1609.2907773762804,-1262.6979991207534,-2505.0683389676624,0.5142131853542653,0.11855205345893804,-9.436585814430261,-50.76631659143966,-141.88120143113855,9.503758465414043,3067.930331890017,0.0005866253279392385,3263.52,-915872.1722883104,-707037.1169384284,610.589843516204
8,584.0,1.021,0.27,6.05,-10.51,-878299.7962161207,-677417.3100545852,61853.15566397745,-1608.4213467232441,-1262.3171998032203,-2514.7219179010112,1.0170797463956776,0.48977535965400054,-9.685063258495116,-50.88684029248056,-141.87455704245681,9.524044325574907,4151.012291759782,0.000790346075115764,3263.52,-915872.1722883104,-707037.1169384284,610.589843516204
8,585.0,1.021,0.27,6.05,-10.51,-879907.8494121525,-678679.4854798083,59333.74923398623,-1607.8250136478719,-1262.1355372034202,-2523.89280475152,0.2952979471059661,-0.035669827595672006,-8.664366026924023,-50.996861245574586,-141.86824283730996,9.543894474365533,5622.257290918839,0.0010660204996472702,3263.52,-915872.1722883104,-707037.1169384284,610.589843516204
8,586.0,1.021,0.27,6.05,-10.51,-881515.3559344162,-679941.5128828873,56805.37227642741,-1606.9339361953246,-1261.7318551770352,-2533.052526018312,1.5623460078581466,0.8992789638756983,-9.57566260629925,-51.111356840561236,-141.86171756803182,9.563073504998117,7621.9376560961255,0.0014393834396586526,3263.52,-915872.1722883104,-707037.1169384284,610.589843516204
8,587.0,1.021,0.27,6.05,-10.51,-883121.7397105163,-681202.9647139515,54267.79801587927,-1606.0844711993445,-1261.3544744973424,-2541.7564670957386,0.471848184544762,0.10581089878499529,-8.064204461121102,-51.21970655280154,-141.85532699068676,9.581336612635006,10342.080953169896,0.0019456370785705692,3263.52,-915872.1722883104,-707037.1169384284,610.589843516204
8,588.0,1.021,0.27,6.05,-10.51,-884727.1517461195,-682463.9446073859,51721.65302392764,-1604.5436182111655,-1260.4605339187278,-2550.617558794807,1.1317367244004104,0.5948921369257704,-8.193718285672688,-51.34118179880849,-141.84834442042603,9.598410428073027,14043.707354364098,0.0026326264211991067,3263.52,-915872.1722883104,-707037.1169384284,610.589843516204
8,589.0,1.021,0.27,6.05,-10.51,-886331.2273599459,-683724.1756226344,49167.21616322937,-1603.148227194239,-1259.6612769683682,-2558.5588821837205,2.8205810221639194,1.8522983124440473,-8.831514272897659,-51.449820568203855,-141.84178317048685,9.613729887136724,19081.91938325471,0.0035656960722522065,3263.52,-915872.1722883104,-707037.1169384284,610.589843516204
8,590.0,1.021,0.27,6.05,-10.51,-887933.5614168397,-684983.3463594518,46604.967849445544,-1601.367502259073,-1258.563986906738,-2565.8858528633964,3.6767214634884504,2.501895501169033,-8.445319466832395,-51.5581055634662,-141.83510525328253,9.626779877621907,25939.302958460245,0.004833951803324207,3263.52,-915872.1722883104,-707037.1169384284,610.589843516204
8,591.0,1.021,0.27,6.05,-10.51,-889533.7366626587,-686241.1315832438,44035.68426645485,-1598.8239049747328,-1256.8842948968222,-2572.5678498139355,4.518740547615013,3.1440256846445203,-7.682923334992332,-51.67225957678398,-141.82803036906546,9.636628424297994,35266.90194986766,0.0065587817700923055,3263.52,-915872.1722883104,-707037.1169384284,610.589843516204
8,592.0,1.021,0.27,6.05,-10.51,-891131.0991759249,-687497.0252727395,41460.334767935965,-1595.513115097972,-1254.6120047046372,-2578.151037323013,2.841791918198396,1.940634362282175,-4.089180201252833,-51.78761013967933,-141.8206975704448,9.642216068861753,47940.718660431136,0.008905471521214271,3263.52,-915872.1722883104,-707037.1169384284,610.589843516204
8,593.0,1.021,0.27,6.05,-10.51,-892724.8987394478,-688750.4412221545,38880.36512330762,-1591.899811388204,-1252.0751687023653,-2581.4890236868277,4.7399873693053225,3.3927857069836493,-3.0520440676142515,-51.884151235315315,-141.8139273473028,9.641923510089086,65125.37332045492,0.012098428425968647,3263.52,-915872.1722883104,-707037.1169384284,610.589843516204
8,594.0,1.021,0.27,6.05,-10.51,-894313.9177128988,-690000.4364046003,36297.536744255536,-1586.1138799560465,-1247.8872991285964,-2583.537280627881,3.381137825065316,2.4558153066682054,2.4675913420384457,-52.0043798193474,-141.80582857924918,9.633735182810844,88355.12811725716,0.01644176552148997,3263.52,-915872.1722883104,-707037.1169384284,610.589843516204
8,595.0,1.021,0.27,6.05,-10.51,-895896.6922467265,-691245.8702730446,33714.40161821506,-1578.8832750874942,-1242.5615879296588,-2582.3936205761056,5.256865860156422,3.9192928920938566,5.894812483067584,-52.11591482578568,-141.79769251324686,9.614867950582621,119609.12506160206,0.022345175134484193,3263.52,-915872.1722883104,-707037.1169384284,610.589843516204
8,596.0,1.021,0.27,6.05,-10.51,-897471.1641582688,-692485.1424529082,31134.29652472922,-1569.6968688999887,-1235.696563908598,-2576.9956063120267,10.183456281600687,7.664990271522592,8.017376410743902,-52.21666731805138,-141.78947593696068,9.581675586790517,161376.24924554414,0.03035727533199921,3263.52,-915872.1722883104,-707037.1169384284,610.589843516204
8,597.0,1.021,0.27,6.05,-10.51,-899034.5927674437,-693716.1208960346,28561.682734077654,-1556.6773930856446,-1225.8800443582309,-2567.1418684444184,11.60251856964422,8.852322727461157,16.106254393135767,-52.337638576131795,-141.77964524716532,9.529461790940346,216663.6582173593,0.041205522260686474,3263.52,-915872.1722883104,-707037.1169384284,610.589843516204
8,598.0,1.021,0.27,6.05,-10.51,-900583.4247868778,-694936.0380568764,26002.530611325266,-1540.0679735515134,-1213.2459361191127,-2550.0152896818595,15.604352382096925,12.00279086674934,24.484627719582477,-52.44546228555523,-141.76941043791956,9.452173780650728,288875.70340136054,0.05584106829157755,3263.52,-915872.1722883104,-707037.1169384284,610.589843516204
8,599.0,1.021,0.27,6.05,-10.51,-902113.0104597552,-696141.2718729126,23464.62141768282,-1518.0178987089837,-1196.380365061977,-2524.2367165720543,27.710355926352396,21.15819612364775,28.526572114777487,-52.55887725557375,-141.7576463534974,9.34242017322787,381477.5808977232,0.07548424682135782,3263.52,-915872.1722883104,-707037.1169384284,610.589843516204
8,600.0,1.021,0.27,6.05,-10.51,-903617.3739078976,-697327.1672739573,20957.910691746503,-1489.3441287386308,-1174.3521455946154,-2487.228244346233,32.76863351590819,25.203512713347042,43.20865802887887,-52.67258671022122,-141.74411877063523,9.191499272075509,497297.60486727516,0.10165991698821221,3263.52,-915872.1722883104,-707037.1169384284,610.589843516204
8,601.0,1.021,0.27,6.05,-10.51,-905089.1315123191,-698487.9678293859,18494.9162119316,-1452.6059646268363,-1146.031850149525,-2436.3101733540775,42.74576695161888,32.94164029299587,57.37046552836106,-52.78511932408472,-141.72836528162279,8.989885798792951,637368.492576644,0.13620352229508356,3263.52,-915872.1722883104,-707037.1169384284,610.589843516204
8,602.0,1.021,0.27,6.05,-10.51,-906519.3679224475,-699616.7215532211,16090.75244977057,-1406.1521459281926,-1110.1378253798914,-2369.0899939747155,51.09945773450634,39.54496070837751,76.73021520813887,-52.90266998950471,-141.7093922583266,8.728264719970664,799359.6528176847,0.1812143151830385,3263.52,-915872.1722883104,-707037.1169384284,610.589843516204
8,603.0,1.021,0.27,6.05,-10.51,-907897.8522826746,-700705.4463591303,13762.915016817233,-1348.9525422592112,-1065.8569544314319,-2283.3862130747393,62.68305963641619,48.567983656396024,95.5093015004712,-53.022941403650115,-141.68644102830712,8.399198123238458,975954.0934997133,0.2389240325396584,3263.52,-915872.1722883104,-707037.1169384284,610.589843516204
8,604.0,1.021,0.27,6.05,-10.51,-909213.509577236,-701745.4969631115,11530.476126547419,-1280.503717227993,-1012.792348482949,-2178.245408686255,73.92196576404633,57.3438093381994,114.8517364416221,-53.14807054372225,-141.65837275051328,7.999314228119212,1154000.5960544741,0.3114631105609501,3263.52,-915872.1722883104,-707037.1169384284,610.589843516204
8,605.0,1.021,0.27,6.05,-10.51,-910455.6279691067,-702728.5044944551,9412.097507121534,-1202.7433079366774,-952.446721745133,-2056.715230656231,80.30848982244773,62.3489070391324,126.41178593916001,-53.279158906688856,-141.6244642359236,7.540100759179936,1318616.4614578409,0.40056250258574805,3263.52,-915872.1722883104,-707037.1169384284,610.589843516204
8,606.0,1.021,0.27,6.05,-10.51,-911617.5123560295,-703649.2241886174,7419.814386307312,-1120.4353767041018,-888.5276467261082,-1926.713815108755,83.8611074499909,65.14785239445382,133.20818715880014,-53.417618992183606,-141.58488031704817,7.050814580443046,1460839.784793597,0.507493048338058,3263.52,-915872.1722883104,-707037.1169384284,610.589843516204
8,607.0,1.021,0.27,6.05,-10.51,-912695.6386653815,-704504.8790840524,5560.40523769187,-1035.5574451190705,-822.5743335697964,-1791.517999459998,85.48855912615878,66.44476360040676,136.65891556690224,-53.56521540354912,-141.53883043413506,6.543576113680327,1569136.1479926428,0.6329019123975562,3263.52,-915872.1722883104,-707037.1169384284,610.589843516204
8,608.0,1.021,0.27,6.05,-10.51,-913688.4609570925,-705294.23232129,3837.3698854548784,-950.1731657246133,-756.1939596481571,-1654.5537889304217,84.92201744530838,66.03755222096002,136.70367047522933,-53.72329706243392,-141.48552180736183,6.031049354964857,1635642.4492158163,0.7766202413357222,3263.52,-915872.1722883104,-707037.1169384284,610.589843516204
8,609.0,1.021,0.27,6.05,-10.51,-914596.49507165,-706017.654048178,2250.734985933804,-866.3068971445572,-690.965391407586,-1519.2680257765214,82.45014052326322,64.14107276851075,133.4068534877484,-53.89392934963499,-141.4241774544475,5.525862617203599,1657828.8182222035,0.937660487513674,3263.52,-915872.1722883104,-707037.1169384284,610.589843516204
8,610.0,1.021,0.27,6.05,-10.51,-915422.1803222364,-706677.0150008718,797.2449173504402,-785.7432650693279,-628.2815836836838,-1388.7272318424443,78.38180109684218,60.99791209652268,127.32644172402232,-54.078998538541015,-141.35411261076507,5.039215550204544,1638456.1873378942,1.1143331725437187,3263.52,-915872.1722883104,-707037.1169384284,610.589843516204
8,610.59,1.021,0.27,6.05,-10.51,-915872.1722883104,-707037.1169384284,-5.149914075889064e-07,-740.3503401042512,-592.9532452062631,-1314.9666104785226,75.44377796872364,58.721842382171744,122.69814457932917,-54.19576497421242,-141.30844884224152,4.764539167981075,1610170.2354054602,1.2250000000749246,3263.52,-915872.1722883104,-707037.1169384284,610.589843516204
9,1.0,1.017,0.313,-12.66,5.77,-3.7024610148254724,1.097902789039217,9.321542678801581,-7.435019250484898,2.2047870853877076,18.68554309009507,-9.044681521885432,2.689883046580095,18.166725903767603,67.46013971784511,163.4827573152029,0.05945024933458088,250.41281880046895,1.2236445877257436,15287.1,-1111295.6044207597,189216.67668807498,485.37494891414013
9,2.0,1.017,0.313,-12.66,5.77,-16.587469894762332,4.92438717884091,36.749715752682434,-18.310762831510246,5.433385389781962,36.237632885010726,-10.753727545100967,3.1581046644545867,17.782804595788757,62.207481214650485,163.47270328480246,0.12037335723602036,1023.2817465587032,1.2196650473288826,15112.68,-1111295.6044207597,189216.67668807498,485.37494891414013
9,3.0,1.017,0.313,-12.66,5.77,-40.16860977174346,11.877353231220715,81.98316379838165,-28.720877749420687,8.398363722204124,54.341511508035076,-9.96078547511257,2.7059446212647305,18.462943821537195,61.16026496087608,163.7003835039047,0.18229692809820872,2334.3183777344016,1.2131303999525938,14938.26,-1111295.6044207597,189216.67668807498,485.37494891414013
9,4.0,1.017,0.313,-12.66,5.77,-73.67340957032064,21.505965092281244,145.68869001292313,-38.08479920428308,10.724350016196189,73.20172026751344,-8.752996848627532,1.9041928346027175,19.25003040530907,61.608528396039645,164.27323953530816,0.24452044854292335,4168.174515135267,1.2039865180858353,14763.85,-1111295.6044207597,189216.67668807498,485.37494891414013
9,5.0,1.017,0.313,-12.66,5.77,-115.97380880699524,33.03762436450168,228.62474424081316,-46.39909254126537,12.203759131804272,92.76405200141193,-8.080550349171075,1.1070882985118857,19.805242383687634,62.65219411304033,165.2639768527019,0.3068953067533533,6501.570383680694,1.1921856003872948,14589.43,-1111295.6044207597,189216.67668807498,485.37494891414013
9,6.0,1.017,0.313,-12.66,5.77,-166.51397021361922,45.73467257918481,331.3168646528192,-54.87603726061063,13.170470617501364,112.61544531042017,-9.25268336002213,0.996443921196908,19.7711624294135,63.38341370647684,166.50404787518693,0.37015749444572815,9343.597456166017,1.1777337579049847,14415.01,-1111295.6044207597,189216.67668807498,485.37494891414013
9,7.0,1.017,0.313,-12.66,5.77,-226.46572614875365,59.51866344743343,453.7107438434689,-65.52155145620866,14.550220381174784,132.03512838687783,-12.162160970396018,1.893771477957091,18.96432302200939,63.054312722160056,167.47962928004995,0.43524835516751736,12732.16797209032,1.1607379394483162,14240.59,-1111295.6044207597,189216.67668807498,485.37494891414013
9,8.0,1.017,0.313,-12.66,5.77,-298.49204381765037,75.19943092424998,595.0800429251148,-78.85272400771944,16.965477376055308,150.59562253939896,-14.04903698998666,2.788247911793923,18.349999446709287,61.82704222483336,167.8576875088534,0.5020131345412041,16655.84103187582,1.1414121850295882,14066.18,-1111295.6044207597,189216.67668807498,485.37494891414013
9,9.0,1.017,0.313,-12.66,5.77,-384.3064684525123,93.54448388784058,754.9336099312051,-92.61851464617263,19.65010178248456,169.2443553201603,-13.18477176381911,2.3673919487048996,19.10249257195589,60.776118217084665,168.0216475186515,0.5698728709754607,21059.463278530795,1.1199468965302506,13891.76,-1111295.6044207597,189216.67668807498,485.37494891414013
9,10.0,1.017,0.313,-12.66,5.77,-483.4058557388165,114.25501798378569,933.8394588573565,-105.61174532017343,21.698502954594193,188.60793127863977,-13.416120775886752,1.9722236749318147,19.323055729483475,60.245550717493195,168.38983605684504,0.6384076598035632,25873.77168526606,1.0964016000856738,13717.34,-1111295.6044207597,189216.67668807498,485.37494891414013
9,11.0,1.017,0.313,-12.66,5.77,-596.1500564755305,137.0781544349946,1131.9396775163602,-120.29009951292349,24.112935353606208,207.4178363052254,-15.74154718986724,2.887851507409712,18.36436132242199,59.3966171514557,168.6649188103903,0.7081517056255613,31095.559788383718,1.0709072677269216,13542.93,-1111295.6044207597,189216.67668807498,485.37494891414013
9,12.0,1.017,0.313,-12.66,5.77,-724.2971517597031,162.6468016707242,1348.5950480106828,-135.86211911717254,26.954784979072922,226.0253587646686,-15.057336384882502,2.5287385455673506,19.06043809368549,58.49968944785145,168.77834721315907,0.7789881880383109,36671.83685767557,1.043703203632903,13368.51,-1111295.6044207597,189216.67668807498,485.37494891414013
9,13.0,1.017,0.313,-12.66,5.77,-867.7613771507589,190.81883439189593,1584.1633952863374,-151.3256202009492,29.437760909476612,245.01344723151473,-16.47185103493963,2.790263506885818,18.544873620770453,57.82191824921758,168.9915942820933,0.8506558215399282,42523.4327126187,1.0149079542781243,13194.09,-1111295.6044207597,189216.67668807498,485.37494891414013
9,14.0,1.017,0.313,-12.66,5.77,-1027.5127586538613,221.7529572874234,1838.3774042660036,-168.1742619713214,32.43895082486215,263.46417959432773,-16.570777047205212,2.8544259381538453,18.774775384298945,56.97268778184944,169.08236248115605,0.9234273576789114,48619.88747076597,0.9847241137690809,13019.67,-1111295.6044207597,189216.67668807498,485.37494891414013
9,15.0,1.017,0.313,-12.66,5.77,-1203.994289606991,255.56139660828356,2111.269854250308,-184.9929982129938,35.21091125769008,282.244005806689,-17.650173409535707,3.0255930076143542,18.398374937061423,56.28864924549886,169.22342834376556,0.9970588462082829,54875.00344796161,0.9533208157303636,12845.26,-1111295.6044207597,189216.67668807498,485.37494891414013
9,16.0,1.017,0.313,-12.66,5.77,-1397.917163318817,292.343400768859,2402.690608948834,-202.80675343138154,38.325657278634054,300.67833816436837,-17.585804902385703,2.9298678926868913,18.74420139986597,55.53291054620623,169.29865702535645,1.0717046962920052,61242.382718054876,0.9208903223509047,12670.84,-1111295.6044207597,189216.67668807498,485.37494891414013
9,17.0,1.017,0.313,-12.66,5.77,-1609.690975860917,332.15846302737714,2712.677389432592,-220.98510854729673,41.389558072914184,319.1790010928963,-18.778382451518556,3.312805115437538,18.23544832540686,54.8393670018381,169.3916537554336,1.1472628880371627,67645.50126775683,0.8876037462003511,12496.42,-1111295.6044207597,189216.67668807498,485.37494891414013
9,18.0,1.017,0.313,-12.66,5.77,-1840.006339590867,375.1574497771442,3041.068754541997,-239.64562583829115,44.56533924398157,337.65923444529574,-18.924928932298634,3.157471514813029,18.45916504783725,54.17470852277763,169.46541345757961,1.223770500715852,74024.40384655695,0.8536523801093445,12322.0,-1111295.6044207597,189216.67668807498,485.37494891414013
9,19.0,1.017,0.313,-12.66,5.77,-2089.3007434988194,421.3771427213224,3387.874638655903,-259.0121310716962,47.89899978726507,355.955084393501,-19.39463992755246,3.297811152174462,18.439377374144964,53.498859645541444,169.5226841859753,1.30125054413698,80317.26927541755,0.8192061115023155,12147.59,-1111295.6044207597,189216.67668807498,485.37494891414013
9,20.0,1.017,0.313,-12.66,5.77,-2358.1018087922894,470.923619782953,3753.0394295065457,-278.75142279398176,51.238803329239296,374.3101549988682,-20.20112595645153,3.498704628166304,18.174131793171508,52.86758854796299,169.58442243860316,1.379682566550247,86459.08497898786,0.7844375581744446,11973.17,-1111295.6044207597,189216.67668807498,485.37494891414013
9,21.0,1.017,0.313,-12.66,5.77,-2646.9632506177127,523.8972876708182,4136.487528947147,-299.0018874299183,54.68934926298111,392.6229541625246,-20.48463121003015,3.4504707529440943,18.314136991323423,52.25355041805975,169.63481178443084,1.4591061515260062,92394.94702231676,0.7495153669393214,11798.75,-1111295.6044207597,189216.67668807498,485.37494891414013
9,22.0,1.017,0.313,-12.66,5.77,-2956.3453712596533,580.3598608347492,4538.218995269181,-319.8342405969723,58.254615298707044,410.8439594285093,-20.95252870139755,3.5596284674421,18.312565466318762,51.64582759432045,169.67730459692356,1.5395494442505875,98071.05618694462,0.7145944969519863,11624.33,-1111295.6044207597,189216.67668807498,485.37494891414013
9,23.0,1.017,0.313,-12.66,5.77,-3286.7498076051525,640.4032664141755,4958.209223047357,-341.1012224763085,61.86562762754884,429.09906482336146,-21.61338017727976,3.7145593615525296,18.168262092462083,51.065498703029114,169.7199966069494,1.621031516144042,103436.50689997208,0.6798248354924461,11449.92,-1111295.6044207597,189216.67668807498,485.37494891414013
9,24.0,1.017,0.313,-12.66,5.77,-3638.6951841419127,704.1196457549349,5396.429795661279,-362.8517728051604,65.56508641439974,447.3605019229049,-22.026715536048485,3.7359286229503046,18.243047849083016,50.5036405996096,169.757523494953,1.7035970734590724,108448.05237575145,0.6453481712058348,11275.5,-1111295.6044207597,189216.67668807498,485.37494891414013
9,25.0,1.017,0.313,-12.66,5.77,-4012.662646736493,771.5825964360931,5852.896845127135,-385.1476775618882,69.3704264729177,465.59196217856623,-22.46210448370095,3.8071661598964273,18.313715283772865,49.951862436350154,169.78970865142807,1.7872939563098853,113067.00378115496,0.6112938233255115,11101.08,-1111295.6044207597,189216.67668807498,485.37494891414013
9,26.0,1.017,0.313,-12.66,5.77,-4409.14635207044,842.8764674195752,6327.632817041604,-407.92745724758316,73.24480550957661,483.8646406375769,-23.05678641322819,3.9413332638093452,18.267914724041063,49.418516791296724,169.82080752609707,1.8721674444878986,117259.19831499239,0.57778151091607,10926.67,-1111295.6044207597,189216.67668807498,485.37494891414013
9,27.0,1.017,0.313,-12.66,5.77,-4828.663947832999,918.0926562327855,6820.660046017941,-431.1941283165876,77.19846527381229,502.1978371562428,-23.56659629655285,4.011820856429471,18.3219385296482,48.90290857995682,169.84963885661293,1.9582758323241283,120997.2390540359,0.5449213572811653,10752.25,-1111295.6044207597,189216.67668807498,485.37494891414013
9,28.0,1.017,0.313,-12.66,5.77,-5271.724906863113,997.3141832293736,7332.031650361595,-454.9988428697217,81.25200022458912,520.571256206597,-24.03200651874721,4.075059557796672,18.441778515702747,48.39926381175095,169.87505903408433,2.0456853608981738,124259.44607555604,0.5128115947652571,10577.83,-1111295.6044207597,189216.67668807498,485.37494891414013
9,29.0,1.017,0.313,-12.66,5.77,-5738.844603086373,1080.626472281032,7861.822527260057,-479.33557540753134,85.39293909704531,539.0192151530478,-24.591023365106064,4.1856187974440635,18.505664705523827,47.909291568756025,169.89881032196865,2.1344643518284157,127029.18473196897,0.48153936573215,10403.41,-1111295.6044207597,189216.67668807498,485.37494891414013
9,30.0,1.017,0.313,-12.66,5.77,-6230.56142377117,1168.1225422765815,8410.116849028078,-504.19730060976843,89.61723306095962,557.5802302987931,-25.164612103140684,4.2854832190091425,18.590662179267067,47.434625549030365,169.9213674966922,2.2246880537465072,129295.53186246009,0.4511815885705023,10229.0,-1111295.6044207597,189216.67668807498,485.37494891414013
9,31.0,1.017,0.313,-12.66,5.77,-6747.425680956242,1259.8950674738496,8977.021338933204,-529.6182057045097,93.93918286349256,576.257401328855,-25.70211098372744,4.364205852352529,18.74711837118863,46.97256843582953,169.94196766817677,2.3164401921440954,131053.05075734005,0.42180434524429317,10054.58,-1111295.6044207597,189216.67668807498,485.37494891414013
9,32.0,1.017,0.313,-12.66,5.77,-7289.99779316597,1356.037002122973,9562.67027838579,-555.6206892216784,98.36118611627467,595.0681590497676,-26.276386506975285,4.462957337320957,18.907825389791558,46.52223158246644,169.96097370062697,2.4098094646717225,132301.03000007174,0.39346301113729293,9880.16,-1111295.6044207597,189216.67668807498,485.37494891414013
9,33.0,1.017,0.313,-12.66,5.77,-7858.8597304924715,1456.6468584562672,10167.21760701319,-582.2101484874069,102.87891615354356,614.0495014182872,-26.902422272214892,4.576817962702184,19.0616709645629,46.08465625887904,169.9790459453086,2.504889615555226,133043.32858080807,0.3662030985784973,9705.74,-1111295.6044207597,189216.67668807498,485.37494891414013
9,34.0,1.017,0.313,-12.66,5.77,-8454.617479791552,1561.8278107820142,10790.837510907008,-609.4084010474501,107.49880434816413,633.2253178926635,-27.523360472475634,4.675867411820253,19.26851602421493,45.6593179749715,169.99601888060323,2.6017816552662327,133288.2826578134,0.34006064591411855,9531.33,-1111295.6044207597,189216.67668807498,485.37494891414013
9,35.0,1.017,0.313,-12.66,5.77,-9077.90029387503,1671.6850687421265,11433.738055788272,-637.2726249681486,112.23407630646923,652.6308289088281,-28.220306112592606,4.789532284851614,19.58060467713582,45.24468600255845,170.0117093355521,2.7006844492304904,133057.03804580524,0.31506217115187857,9356.91,-1111295.6044207597,189216.67668807498,485.37494891414013
9,36.0,1.017,0.313,-12.66,5.77,-9729.4165553951,1786.3376785744242,12096.212638597694,-665.893840364489,117.09571846542579,672.3741566269858,-29.015432709247907,4.931339821285062,19.924827995205977,44.8412278320847,170.02665007369916,2.8020176985472087,132392.13648306899,0.29122358239476387,9182.49,-1111295.6044207597,189216.67668807498,485.37494891414013
9,37.0,1.017,0.313,-12.66,5.77,-10409.948624674344,1905.91896411797,12778.618294953636,-695.3073099744671,122.08922992590772,692.5025466600116,-29.837780401004775,5.0676034192490835,20.316828954123068,44.449275133825545,170.0409402369626,2.9059573051809324,131311.01436249065,0.26855224986036574,9008.07,-1111295.6044207597,189216.67668807498,485.37494891414013
9,38.0,1.017,0.313,-12.66,5.77,-11120.316145956765,2030.566854042334,13481.349713999873,-725.5667194994835,127.2290110350497,713.0366142614125,-30.67877169518385,5.204657685446036,20.76806527567726,44.06731323419769,170.05423008090222,3.0126652306513204,129830.97620580065,0.2470487549569664,8833.66,-1111295.6044207597,189216.67668807498,485.37494891414013
9,39.0,1.017,0.313,-12.66,5.77,-11861.375740673875,2160.4251124982293,14204.841712701204,-756.7079410739083,132.51591896927846,734.0198187106581,-31.602332171411582,5.369946674230167,21.21345234768425,43.695691153999654,170.06699349658442,3.122308994695354,127970.95135576231,0.2267074206025401,8659.24,-1111295.6044207597,189216.67668807498,485.37494891414013
9,40.0,1.017,0.313,-12.66,5.77,-12634.035851032042,2295.649059573611,14949.558211116773,-788.7669713437418,137.9564065407764,755.4987897427152,-32.544401813596394,5.521829088258163,21.727907148203922,43.334814072943985,170.0792389695446,3.2350638880092015,125751.64974819531,0.20751718388844959,8484.82,-1111295.6044207597,189216.67668807498,485.37494891414013
9,41.0,1.017,0.313,-12.66,5.77,-13439.242558470005,2436.3969857179195,15716.006181010624,-821.8099550853556,143.56717831522178,777.4908117496736,-33.53049160768892,5.6887305649581705,22.284948376361974,42.982894042587624,170.09063768601055,3.351112991190951,123195.13399341279,0.18946173449633072,8310.41,-1111295.6044207597,189216.67668807498,485.37494891414013
9,42.0,1.017,0.313,-12.66,5.77,-14277.992049017232,2582.8373835238613,16504.73356682826,-855.8688130141635,149.34559947470925,800.0557663506237,-34.59888697058114,5.8753539780147275,22.84757419062444,42.64114121970536,170.1017813974424,3.4706460862212962,120324.58315824333,0.17252014101300617,8135.99,-1111295.6044207597,189216.67668807498,485.37494891414013
9,43.0,1.017,0.313,-12.66,5.77,-15151.33715200875,2735.1494109976993,17316.32096494875,-891.0015708382109,155.30720384546697,823.2276368933427,-35.68478590875793,6.051397360123278,23.493393099730454,42.308814271496466,170.11232301426944,3.5938623595226336,117164.4311118269,0.15666753320523313,7961.57,-1111295.6044207597,189216.67668807498,485.37494891414013
9,44.0,1.017,0.313,-12.66,5.77,-16060.37585736946,2893.5168627798553,18151.400372201628,-927.269788734368,161.46167171102545,847.0416620089127,-36.84640551837521,6.252009538340094,24.15925899231313,41.985252611184215,170.12235663062629,3.720969474055391,113739.84464627647,0.1418752088417676,7787.15,-1111295.6044207597,189216.67668807498,485.37494891414013
9,45.0,1.017,0.313,-12.66,5.77,-17006.267868034898,3058.137010115529,19010.64070314855,-964.718828487539,167.81325387588294,871.5563112561833,-38.07007738367556,6.458567445812292,24.86765617527117,41.67114869386089,170.13211393454267,3.852183976788454,110076.79381638134,0.12811141500013587,7612.74,-1111295.6044207597,189216.67668807498,485.37494891414013
9,46.0,1.017,0.313,-12.66,5.77,-17990.231912734733,3229.2155340882523,19894.756325686176,-1003.4203914496879,174.37897595072025,896.8044911174379,-39.34038135129529,6.67108735363449,25.641017460131287,41.36552092214256,170.14133839164242,3.987733528998059,106201.89447637078,0.11534163454182722,7438.32,-1111295.6044207597,189216.67668807498,485.37494891414013
9,47.0,1.017,0.313,-12.66,5.77,-19013.54548158711,3406.9677975832337,20804.512680905143,-1043.4333212795552,181.16466148668889,922.8406020569371,-40.69593533126317,6.903677385595158,26.4400932759755,41.068581865368174,170.15029023267869,4.127856018696459,102142.11294686097,0.10352896064179555,7263.9,-1111295.6044207597,189216.67668807498,485.37494891414013
9,48.0,1.017,0.313,-12.66,5.77,-20077.55773203512,3591.6228808698784,21740.717127052387,-1084.8250569184515,188.18412027318487,949.7143854361997,-42.102932591221375,7.137335463455256,27.31226994064946,40.78013594618304,170.15885891752697,4.272801690838726,97924.82828812324,0.09263464521096954,7089.48,-1111295.6044207597,189216.67668807498,485.37494891414013
9,49.0,1.017,0.313,-12.66,5.77,-21183.68173874404,3783.418294821129,22704.23490886183,-1127.6728936267289,195.44996899412024,977.471426453309,-43.599206336985986,7.3947652857592265,28.218108964584687,40.49966840921624,170.16709369089466,4.422834089867368,93577.49988558485,0.08261829700980027,6915.07,-1111295.6044207597,189216.67668807498,485.37494891414013
9,50.0,1.017,0.313,-12.66,5.77,-22333.40956502475,3982.607760003586,23695.978007723435,-1172.0427151385152,202.97188200784754,1006.1782398481154,-45.1620884885224,7.654540732350827,29.195110612834306,40.2276100923425,170.1750828439324,4.578230603507242,89127.64561762087,0.0734383995471012,6740.65,-1111295.6044207597,189216.67668807498,485.37494891414013
9,51.0,1.017,0.313,-12.66,5.77,-23528.30738223641,4189.454471562422,24716.919632230667,-1218.0286196982804,210.76907817697042,1035.8756481888115,-46.81435988089733,7.9377934869946225,30.22175794137498,39.96297287306043,170.1826891742998,4.739285540084036,84602.61635448836,0.06505252230084722,6566.23,-1111295.6044207597,189216.67668807498,485.37494891414013
9,52.0,1.017,0.313,-12.66,5.77,-24770.026997111916,4404.239130863178,25768.08851052804,-1265.7001037140108,218.8483858476324,1066.6444254598348,-48.553252718093205,8.228191761575415,31.314447061614043,39.70654207391612,170.19015331067055,4.906309818548972,80029.44932846299,0.05741772591324427,6391.81,-1111295.6044207597,189216.67668807498,485.37494891414013
9,53.0,1.017,0.313,-12.66,5.77,-26060.30747293552,4627.254263048282,26850.57763140241,-1315.1661635567411,227.2342190757737,1098.526314714837,-50.38643453691403,8.541755063906109,32.471947003815444,39.457125629351765,170.19722589343982,5.079635218011995,75434.72733519471,0.05049081386954261,6217.4,-1111295.6044207597,189216.67668807498,485.37494891414013
9,54.0,1.017,0.313,-12.66,5.77,-27400.982724905884,4858.811436969952,27965.54493078478,-1366.505669359714,235.93353165249397,1131.6137028409566,-52.31877760400678,8.86399838439032,33.703629153651455,39.21561664872676,170.20419288646775,5.259614770380076,70844.36965677957,0.04422863796319302,6042.98,-1111295.6044207597,189216.67668807498,485.37494891414013
9,55.0,1.017,0.313,-12.66,5.77,-28793.98682919715,5099.235685042748,29114.221340778608,-1419.8429729203706,244.97367619902366,1165.9540540006694,-54.36534327207146,9.21551972646851,35.001818013153574,38.98077947578387,170.21080705621495,5.446627272307237,66283.47902406742,0.03858833854183285,5868.56,-1111295.6044207597,189216.67668807498,485.37494891414013
9,56.0,1.017,0.313,-12.66,5.77,-30241.36933577935,5348.875896580473,30297.911539166987,-1475.2698519499218,254.36422958299923,1201.652914635423,-56.516746309198616,9.572228540931802,36.39837028287782,38.75356186186544,170.2173154307558,5.641079492186653,61776.167713465926,0.0335276119569424,5694.15,-1111295.6044207597,189216.67668807498,485.37494891414013
9,57.0,1.017,0.313,-12.66,5.77,-31745.27688500174,5608.091864165819,31518.000439628915,-1532.9287144252078,264.1341817198138,1238.7665018396328,-58.814657459422016,9.969135470745387,37.85422953870957,38.5327272089908,170.22354126465254,5.84340859545637,57345.34498853229,0.02900492569067349,5519.73,-1111295.6044207597,189216.67668807498,485.37494891414013
9,58.0,1.017,0.313,-12.66,5.77,-33308.00672421885,5877.2756791179245,32775.95718125912,-1592.9308951229482,274.29926191193,1277.4125966289316,-61.220509755474076,10.36618850356814,39.44581169854108,38.319126476867275,170.22960932245732,6.054089781576385,53012.62721347095,0.024979728320748466,5345.31,-1111295.6044207597,189216.67668807498,485.37494891414013
9,59.0,1.017,0.313,-12.66,5.77,-34931.97468425591,6156.8314231325485,34073.361134407285,-1655.4371401443527,284.8870873600992,1317.6680280935072,-63.813524290801986,10.814492877343303,41.08839155552047,38.11180179612194,170.2355125403483,6.273639806255602,48798.00682274686,0.021412581045040336,5170.89,-1111295.6044207597,189216.67668807498,485.37494891414013
9,60.0,1.017,0.313,-12.66,5.77,-36619.76383973352,6447.200227648297,35411.87141449433,-1720.5921509286463,295.92507309935314,1359.6555828653406,-66.5260178772678,11.263548513966732,42.905630541454315,37.911128873079285,170.24116135046924,6.502622933489416,44719.93403538174,0.018265438759432838,4996.48,-1111295.6044207597,189216.67668807498,485.37494891414013
9,61.0,1.017,0.313,-12.66,5.77,-38374.107427789764,6748.83990176295,36793.29276939186,-1788.5719062020055,307.4362720520082,1403.4905333183403,-69.46630725265348,11.768469075679862,44.78164234056371,37.71683779155879,170.24678237959463,6.741659154097305,40794.853438477294,0.015501648729238732,4822.06,-1111295.6044207597,189216.67668807498,485.37494891414013
9,62.0,1.017,0.313,-12.66,5.77,-40197.92017979612,7062.246691614739,38219.51119072556,-1859.5704966289234,319.46372611494695,1449.2943406618604,-72.5592922494329,12.285729512590134,46.859665883223194,37.52851658219366,170.25206279451174,6.991429289562892,37037.43748919623,0.013086246291822198,4647.64,-1111295.6044207597,189216.67668807498,485.37494891414013
9,63.0,1.017,0.313,-12.66,5.77,-42094.317391773315,7387.944663378785,39692.594609659995,-1933.7842597350993,332.0275842161378,1497.2335284718429,-75.91728413817769,12.857166818813612,49.03079123508421,37.34668288037757,170.25740572780788,7.252691108199719,33460.10560215875,0.01098588484043492,4473.22,-1111295.6044207597,189216.67668807498,485.37494891414013
9,64.0,1.017,0.313,-12.66,5.77,-44066.64701423259,7726.501507269356,41214.730860007745,-2011.4681572966203,345.18592528802907,1547.4397868462693,-79.48132354171626,13.456892250588712,51.43009989002869,37.170310411420786,170.2623822326903,7.526289953950557,30073.272996610864,0.00916906186016675,4298.81,-1111295.6044207597,189216.67668807498,485.37494891414013
9,65.0,1.017,0.313,-12.66,5.77,-46118.48688780902,8078.520849436453,42788.30537799004,-2092.859555683368,358.96271567499883,1600.1304570414957,-83.3648594578857,14.116028882429374,53.96439504019909,37.00031336914896,170.26745375270988,7.813169849149082,26885.001597406892,0.007606093033557244,4124.39,-1111295.6044207597,189216.67668807498,485.37494891414013
9,66.0,1.017,0.313,-12.66,5.77,-48253.71154491112,8444.658801833944,44415.87115224114,-2178.280900689856,373.4294765910352,1655.4713278605493,-87.51796657283626,14.814720017042921,56.77857199828014,36.83549814532021,170.27216864429857,8.114398636512455,23901.223586690878,0.006269220615310297,3949.97,-1111295.6044207597,189216.67668807498,485.37494891414013
9,67.0,1.017,0.313,-12.66,5.77,-50476.491649160445,8825.619081320612,46100.22534100464,-2268.0407928386853,388.62085417837324,1713.733287156447,-92.08063979546276,15.591941546463916,59.766482519712376,36.67679039661572,170.27698955071423,8.431183507854149,21125.518378233635,0.005132587807845699,3775.56,-1111295.6044207597,189216.67668807498,485.37494891414013
9,68.0,1.017,0.313,-12.66,5.77,-52791.37615196579,9222.172883870951,47844.38441819637,-2362.5443404544462,404.62267669104045,1775.147814653673,-96.98835204357519,16.411404797838756,63.13019987279704,36.523214396673076,170.28149027387192,8.764906289690057,18559.36053312743,0.004172290620433374,3601.14,-1111295.6044207597,189216.67668807498,485.37494891414013
9,69.0,1.017,0.313,-12.66,5.77,-55203.30213737059,9635.151676887608,49651.680848231044,-2462.2191837884934,421.4927737260755,1840.0376893823193,-102.44247121006599,17.350199787517784,66.71086071999028,36.37513761561417,170.28602932396268,9.117150701630047,16201.98882818294,0.0033663259024933976,3426.72,-1111295.6044207597,189216.67668807498,485.37494891414013
9,70.0,1.017,0.313,-12.66,5.77,-57717.70562984041,10065.478719517805,51525.74615804489,-2567.562783643792,439.3217350770851,1908.7632704935638,-27.699152060174374,4.651045617510327,10.48498325223134,36.23266872067545,170.29045616273982,9.489741362224361,14050.654486392705,0.0026945974817910107,3252.3,-1111295.6044207597,189216.67668807498,485.37494891414013
9,71.0,1.017,0.313,-12.66,5.77,-60284.60111685835,10504.663884536974,53428.90864908355,-2566.286499127943,439.0585055566194,1897.6092229583692,1.1091252251948582,-0.23579071951619346,-11.016180229959936,36.08635246973384,170.29142905021288,9.467311702632431,11155.218824805614,0.0021494672836448,3252.3,-1111295.6044207597,189216.67668807498,485.37494891414013
9,72.0,1.017,0.313,-12.66,5.77,-62850.3832796477,10943.61307571692,55321.04728550376,-2565.325395140785,438.84837000985743,1886.7031606827297,0.8252449925297463,-0.18578918208812434,-10.802985362405805,35.939577230575516,170.2924207884357,9.446132225196811,8870.300257322966,0.0017168659100343612,3252.3,-1111295.6044207597,189216.67668807498,485.37494891414013
9,73.0,1.017,0.313,-12.66,5.77,-65415.33413407993,11382.37478905336,57202.38103341651,-2564.6125863830107,438.6808907057291,1875.994174940771,0.6066584478721987,-0.15008664374648295,-10.624923068264282,35.792366853409824,170.29340926071606,9.425954226965503,7063.887523321883,0.0013730906820666568,3252.3,-1111295.6044207597,189216.67668807498,485.37494891414013
9,74.0,1.017,0.313,-12.66,5.77,-67979.67506339324,11820.98633770539,59073.08601426207,-2564.098792518792,438.5475485708507,1865.4382879486532,0.429646733199958,-0.11837393228938924,-10.489301388455653,35.64464655922028,170.29439614121742,9.40658309406109,5633.366124510189,0.0010995381005671511,3252.3,-1111295.6044207597,189216.67668807498,485.37494891414013
9,75.0,1.017,0.313,-12.66,5.77,-70543.58294763978,12259.478590038618,60933.29999941546,-2563.739755316149,438.4406253168578,1855.0086471461475,0.29253234778032966,-0.09605900652883899,-10.375870474047987,35.49652606238899,170.2953844435139,9.387865765247893,4498.731820864323,0.0008815814838490529,3252.3,-1111295.6044207597,189216.67668807498,485.37494891414013
9,76.0,1.017,0.313,-12.66,5.77,-73107.19634046347,12697.874710183782,62783.13563093147,-2563.505788247493,438.3550154874801,1844.6767702812801,0.18016036761194912,-0.07582972674244295,-10.290411824599818,35.34792867528916,170.29637462141042,9.369681735216586,3597.439693701298,0.0007077012151430906,3252.3,-1111295.6044207597,189216.67668807498,485.37494891414013
9,77.0,1.017,0.313,-12.66,5.77,-75670.62727713447,13136.194462865644,64622.680035011435,-2563.370351636343,438.2868919817531,1834.424385919623,0.09425235254866116,-0.061310055566586946,-10.216567503239961,35.19888540684103,170.29735109711524,9.35193591518265,2880.4820935285547,0.0005688113229226201,3252.3,-1111295.6044207597,189216.67668807498,485.37494891414013
9,78.0,1.017,0.313,-12.66,5.77,-78233.9626874488,13574.452698293844,66452.00642285572,-2563.312107464024,438.23152986430597,1824.2379471786323,0.024389334051620734,-0.049566863334099896,-10.159098296492365,35.04943977657175,170.29833714348229,9.334553126737601,2309.375345368351,0.00045773440719806976,3252.3,-1111295.6044207597,189216.67668807498,485.37494891414013
9,79.0,1.017,0.313,-12.66,5.77,-80797.27256951162,14012.661250500776,68271.1727278564,-2563.317038037476,438.1872951838495,1814.1022168990291,-0.03189426868487452,-0.039288477966149635,-10.11361055283635,34.89952586307794,170.29931611684327,9.317473937106454,1853.8440894556502,0.0003687932222317375,3252.3,-1111295.6044207597,189216.67668807498,485.37494891414013
9,80.0,1.017,0.313,-12.66,5.77,-83360.61325979255,14450.830285669757,70080.22492676308,-2563.3715646954815,438.15204531240664,1804.0087331855532,-0.07532809378332024,-0.031629127925683787,-10.074374246281728,34.74917071076522,170.30028407157747,9.30065122483958,1490.0285752541538,0.0002974910999849355,3252.3,-1111295.6044207597,189216.67668807498,485.37494891414013
9,81.0,1.017,0.313,-12.66,5.77,-85924.02853031593,14888.967533450583,71879.20219420368,-2563.4647071162226,438.12341361247314,1793.9512230256964,-0.10973974477139786,-0.025837253027479534,-10.041825609979664,34.59840526537786,170.3012515927285,9.284047588763944,1199.0941841247682,0.0002402617733204812,3252.3,-1111295.6044207597,189216.67668807498,485.37494891414013
9,82.0,1.017,0.313,-12.66,5.77,-88487.55301125508,15327.078874452061,73668.13708448406,-2563.5889156124963,438.1000878323851,1783.9228880055362,-0.13769900654342748,-0.0209275007674393,-10.01578542004637,34.447213865405836,170.3022191156802,9.267633334837416,966.1508545455638,0.0001942734057795411,3252.3,-1111295.6044207597,189216.67668807498,485.37494891414013
9,83.0,1.017,0.313,-12.66,5.77,-91051.21472868738,15765.169228835302,75447.05580708646,-2563.7382476430002,438.08131860839666,1773.9181311109899,-0.16008016280730317,-0.016747700656390547,-9.994320087269138,34.29557968797004,170.303180827613,9.25138486790768,779.4101406427211,0.00015727462288198454,3252.3,-1111295.6044207597,189216.67668807498,485.37494891414013
9,84.0,1.017,0.313,-12.66,5.77,-93615.03611884754,16203.242765465322,77215.97996502895,-2563.9074459275694,438.066310434868,1763.933266722513,-0.17758055403638132,-0.013409657312605844,-9.97583053844245,34.143506289625776,170.30413447020513,9.235283403507767,629.5262106908644,0.00012747336784352017,3252.3,-1111295.6044207597,189216.67668807498,485.37494891414013
9,85.0,1.017,0.313,-12.66,5.77,-96179.03476288103,16641.302827348125,78974.92810291513,-2564.092101075602,438.05423867609016,1753.9657083218235,-0.19116334670929486,-0.010847085369302034,-9.959631033653592,33.99100420460539,170.3050815713873,9.21931398555037,509.07988188702274,0.00010344150243898303,3252.3,-1111295.6044207597,189216.67668807498,485.37494891414013
9,86.0,1.017,0.313,-12.66,5.77,-98743.22432635061,17079.351994913584,80723.91626116776,-2564.2887786414954,438.0444231828823,1744.0126831397408,-0.2017674612533964,-0.008861712996516734,-9.94764775341689,33.838070208401724,170.30602414437467,9.203463743838252,412.17383467862123,8.403958606528224e-05,3252.3,-1111295.6044207597,189216.67668807498,485.37494891414013
9,87.0,1.017,0.313,-12.66,5.77,-101307.61546585405,17517.392267569467,82462.95640903042,-2564.49487491824,438.0363840947066,1734.0687327697553,-0.21009766092142595,-0.007267648621719588,-9.940696787925765,33.68465060357993,170.30696293942054,9.187717524526711,334.1144574127949,6.835748833605108e-05,3252.3,-1111295.6044207597,189216.67668807498,485.37494891414013
9,88.0,1.017,0.313,-12.66,5.77,-103872.216548296,17955.42524782241,84192.05577632035,-2564.7083701507904,438.0297941980054,1724.1308518993023,-0.21662635116127685,-0.005950250873053276,-9.935169433613115,33.53072177287195,170.30789756188548,9.172065723761587,271.1622586957336,5.566741108589474e-05,3252.3,-1111295.6044207597,189216.67668807498,485.37494891414013
9,89.0,1.017,0.313,-12.66,5.77,-106437.0341335712,18393.452258722864,85911.21980469137,-2564.9276350860546,438.0244094818996,1714.1979446610899,-0.2216817379781344,-0.004852013535609065,-9.930810512034274,33.376284595196424,170.30882726181486,9.156502846087799,220.33402963558314,4.538667891663957e-05,3252.3,-1111295.6044207597,189216.67668807498,485.37494891414013
9,90.0,1.017,0.313,-12.66,5.77,-109002.07329872593,18831.474401695406,87620.45295822305,-2565.151327593124,438.0200273064565,1704.2689363066868,-0.22551901340124964,-0.0039419384231449365,-9.927341228971176,33.22133699889648,170.3097514581173,9.141024142789737,179.2468880911413,3.7048276575377504e-05,3252.3,-1111295.6044207597,189216.67668807498,485.37494891414013
9,91.0,1.017,0.313,-12.66,5.77,-111567.33789735699,19269.492588867713,89319.75871614456,-2565.378339628764,438.01647128364624,1694.3430365875608,-0.22835335202862264,-0.0031962176917995177,-9.924550299682455,33.06587862156667,170.31066986955744,9.125625905170699,145.99530328593553,3.0277475356745477e-05,3252.3,-1111295.6044207597,189216.67668807498,485.37494891414013
9,92.0,1.017,0.313,-12.66,5.77,-114132.83076466275,19707.50756548074,91009.1398645596,-2565.6077664049,438.01358897323536,1684.419657546639,-0.2303696715992318,-0.002591440524689421,-9.922287696457012,32.909909944254906,170.31158244996604,9.110305253325265,119.05371980115059,2.4773262764152364e-05,3252.3,-1111295.6044207597,189216.67668807498,485.37494891414013
9,93.0,1.017,0.313,-12.66,5.77,-116698.55395074436,20145.519941648225,92688.59869032848,-2565.838866895529,438.01125075656387,1674.498323504274,-0.23172422933331532,-0.002104331940997206,-9.920446145898312,32.75343135802094,170.31248926591235,9.095059894263322,97.19939705338905,2.0293574099130435e-05,3252.3,-1111295.6044207597,189216.67668807498,485.37494891414013
9,94.0,1.017,0.313,-12.66,5.77,-119264.50884453945,20583.53021045012,94358.13705834828,-2566.0710401018823,438.0093489576941,1664.5786516565888,-0.23254631374327514,-0.0017132067891312591,-9.91894630529188,32.5964431443044,170.31339042751753,9.07988803290615,79.45119786161075,1.664353449819637e-05,3252.3,-1111295.6044207597,189216.67668807498,485.37494891414013
9,95.0,1.017,0.313,-12.66,5.77,-121830.69624229636,21021.53875851617,96017.7564526599,-2566.3038146943845,438.0077983714268,1654.6603361262967,-0.2329410292194879,-0.001399024489320125,-9.917726919229402,32.43894536671481,170.31428603836704,9.064788321928395,65.02096728762046,1.3666087259006687e-05,3252.3,-1111295.6044207597,189216.67668807498,485.37494891414013
9,96.0,1.017,0.313,-12.66,5.77,-124397.11654891477,21459.54590182726,97667.45809884397,-2566.5368069716606,438.00653036797877,1644.7431209562678,-0.2329923481728817,-0.0011460272395447393,-9.91673814029596,32.28093790406031,170.31517616752177,9.049759714307935,53.274865723922275,1.1234515944984025e-05,3252.3,-1111295.6044207597,189216.67668807498,485.37494891414013
9,97.0,1.017,0.313,-12.66,5.77,-126963.76982583763,21897.5518952399,99307.24299170342,-2566.7697071404036,438.0054901276559,1634.8267966289325,-0.2327671393736686,-0.0009415551358497612,-9.915938787319607,32.12242055801638,170.31606085856933,9.034801423389451,43.702588572998685,9.246471511399026e-06,3252.3,-1111295.6044207597,189216.67668807498,485.37494891414013
9,98.0,1.017,0.313,-12.66,5.77,-129530.65585046756,22335.55694373992,100937.11193233341,-2567.0022666303785,438.0046343765055,1624.911191571633,-0.23231863260599292,-0.0007756154160721391,-9.91529463297445,31.963393067571968,170.3169401316674,9.019912877652786,35.892833886652774,7.619196267519781e-06,3252.3,-1111295.6044207597,189216.67668807498,485.37494891414013
9,99.0,1.017,0.313,-12.66,5.77,-132097.77417482235,22773.561213405683,102557.06556514396,-2567.2342848901653,438.0039287901538,1614.996165717375,-0.2316892539630853,-0.0006403989288545244,-9.914777198317053,31.803855157285856,170.317813990889,9.005093677238477,29.513728606565806,6.285700831031344e-06,3252.3,-1111295.6044207597,189216.67668807498,485.37494891414013
9,100.0,1.017,0.313,-12.66,5.77,-134665.12417704728,23211.564840774165,104167.1044127834,-2567.4655977691327,438.0033456562434,1605.0816039359665,-0.23091294984097405,-0.0005298098461553945,-9.914362919956424,31.64380656370041,170.3186824318532,8.990343554191893,24.297194219905194,5.1917006886961626e-06,3252.3,-1111295.6044207597,189216.67668807498,485.37494891414013
9,101.0,1.017,0.313,-12.66,5.77,-137232.70508818992,23649.567937682914,105767.22889470492,-2567.6960713375975,438.0028626286304,1595.1674122771365,-0.2300169917332138,-0.0004390713856666152,-9.9140324164272,31.483247048561342,170.31954544581825,8.975662350867655,20.026445577932627,4.293158856372028e-06,3252.3,-1111295.6044207597,189216.67668807498,485.37494891414013
9,102.0,1.017,0.313,-12.66,5.77,-139800.51600668597,24087.570593920165,107357.4393374996,-2567.925598724005,438.0024620643852,1585.2535161317314,-0.2290233712998789,-0.00036441899091710947,-9.913769827093386,31.32217641073013,170.320403022308,8.961050008956635,16.525984099860608,3.55431264024799e-06,3252.3,-1111295.6044207597,189216.67668807498,485.37494891414013
9,103.0,1.017,0.313,-12.66,5.77,-142368.55594120128,24525.57288452834,108937.7360053859,-2568.1540913606896,438.0021294069451,1575.3398542053915,-0.22794989316135847,-0.0003028624435631367,-9.913562244730969,31.16059448491608,170.32125515174863,8.94650653786393,13.653578922401998,2.946087458040279e-06,3252.3,-1111295.6044207597,189216.67668807498,485.37494891414013
9,104.0,1.017,0.313,-12.66,5.77,-144936.82382037537,24963.57487141852,110508.11910746527,-2568.3814766929186,438.0018527689696,1565.426376781703,-0.22681101308055862,-0.0002520090000414501,-9.913399197580894,30.998501142535584,170.3221018260093,8.932032006151138,11.293834496612089,2.444820482611407e-06,3252.3,-1111295.6044207597,189216.67668807498,485.37494891414013
9,105.0,1.017,0.313,-12.66,5.77,-147505.3185059885,25401.57660555047,112068.58880726574,-2568.607695457786,438.00162245508534,1555.5130437520615,-0.22561849658069377,-0.0002099312028826795,-9.91327220855161,30.83589629212026,170.3229430386606,8.917626531537934,9.353025127882105,2.0312325067906295e-06,3252.3,-1111295.6044207597,189216.67668807498,485.37494891414013
9,106.0,1.017,0.313,-12.66,5.77,-150074.038806369,25839.57812914012,113619.14523237955,-2568.8326989729544,438.00143049639104,1545.5998226037857,-0.22438193940671683,-0.00017506732632284144,-9.913174425013544,30.67277987788819,170.32377878502024,8.903290270877068,7.754942551152255,1.6895988950964347e-06,3252.3,-1111295.6044207597,189216.67668807498,485.37494891414013
9,107.0,1.017,0.313,-12.66,5.77,-152642.98348564567,26277.579477162926,115159.78848107577,-2569.05644724367,438.0012703353467,1535.6866869931075,-0.22310918062075533,-0.00014614594067247799,-9.913100310399782,30.509151878780248,170.32460906196863,8.88902341311831,6.437554357954227,1.4070803770139986e-06,3252.3,-1111295.6044207597,189216.67668807498,485.37494891414013
9,108.0,1.017,0.313,-12.66,5.77,-155212.1512715889,26715.58067862601,116690.51862783845,-2569.2789073826502,438.0011365664496,1525.7736155680116,-0.22180663308679685,-0.00012212800869440443,-9.913045391140162,30.345012307783733,170.32543386771547,8.874826173457098,5.350312102523944,1.1731823028284685e-06,3252.3,-1111295.6044207597,189216.67668807498,485.37494891414013
9,109.0,1.017,0.313,-12.66,5.77,-157781.54086209592,27153.581757619475,118211.33572789353,-2569.5000523135614,438.00102472592425,1515.8605910047715,-0.22047954922797422,-0.00010216186131045049,-9.913006050716147,30.180361211384437,170.32625320155526,8.860698788536203,4.451980498323635,9.793172491987928e-07,3252.3,-1111295.6044207597,189216.67668807498,485.37494891414013
9,110.0,1.017,0.313,-12.66,5.77,-160351.15093041604,27591.582734163483,119722.23982081054,-2569.719859729948,438.0009311241402,1505.9475992426849,-0.21913223559027795,-8.554777347956628e-05,-9.912979363001163,30.01519866929773,170.32706706364328,8.846641512603016,3.7088849999486304,8.184508556616864e-07,3252.3,-1111295.6044207597,189216.67668807498,485.37494891414013
9,111.0,1.017,0.313,-12.66,5.77,-162920.98012923572,28029.583624871084,121223.23093329454,-2569.938311289282,438.00085271640376,1496.0346288969158,-0.21776822664658518,-7.170979877959846e-05,-9.912962957949562,29.849524794466067,170.32787545481037,8.832654614538434,3.0934956548998644,6.848147579404891e-07,3252.3,-1111295.6044207597,189216.67668807498,485.37494891414013
9,112.0,1.017,0.313,-12.66,5.77,-165491.0270951017,28467.58444367163,122714.30908210983,-2570.1553917440747,438.00078696325613,1486.1216706444043,-0.2163904258937132,-6.0173160858179995e-05,-9.912954913564327,29.68333973289047,170.3286783763748,8.818738374686463,2.583281503773649,5.736736663907802e-07,3252.3,-1111295.6044207597,189216.67668807498,485.37494891414013
9,113.0,1.017,0.313,-12.66,5.77,-168061.2904506073,28905.58520216678,124195.47427555238,-2570.371088499947,438.000731759833,1476.2087169082708,-0.21500122066487998,-5.0546020846272205e-05,-9.912953669175167,29.5166436640039,170.3294758300356,8.80489308322479,2.1597828785806827,4.811361824739779e-07,3252.3,-1111295.6044207597,189216.67668807498,485.37494891414013
9,114.0,1.017,0.313,-12.66,5.77,-170631.7688067522,29343.585910017762,125666.7265149935,-2570.5853911562854,438.00068536192276,1466.295761538455,-0.2136025756535413,-4.2504653589412563e-05,-9.91295795580317,29.349436800973496,170.3302678177746,8.791119038485599,1.8078593712866282,4.0400098198578597e-07,3252.3,-1111295.6044207597,189216.67668807498,485.37494891414013
9,115.0,1.017,0.313,-12.66,5.77,-173202.4607651875,29781.586575315687,127128.06579632178,-2570.798291069742,438.0006463153943,1456.3827995136905,-0.21219610918535753,-3.57813589431816e-05,-9.912966740225102,29.181719390961135,170.33105434177025,8.777416545367203,1.5150795751721653,3.396316250429113e-07,3252.3,-1111295.6044207597,189216.67668807498,485.37494891414013
9,116.0,1.017,0.313,-12.66,5.77,-175773.36491910162,30219.587204725874,128579.49211055065,-2571.0097811859196,438.00061342936925,1446.4698268223883,-0.21078315551501056,-3.015457872062664e-05,-9.912979180060491,29.013491715682424,170.33183540435476,8.763785914699916,1.2712253592907514,2.8585456067713207e-07,3252.3,-1111295.6044207597,189216.67668807498,485.37494891414013
9,117.0,1.017,0.313,-12.66,5.77,-178344.47985568075,30657.587803898445,130021.00544532733,-2571.2198555795976,438.0005857009581,1436.5568401605606,-0.20936481567556925,-2.5440794553276848e-05,-9.9129945875487,28.844754091559988,170.3326110079452,8.750227461591965,1.0678887628967717,2.408759435083313e-07,3252.3,-1111295.6044207597,189216.67668807498,485.37494891414013
9,118.0,1.017,0.313,-12.66,5.77,-180915.80415671563,31095.58837756903,131452.60578532363,-2571.4285093239737,438.0005622939874,1426.6438368447716,-0.20794199910440564,-2.1487878446647505e-05,-9.913012400437731,28.67550687024138,170.33338115502008,8.736741504939204,0.8981438673759968,2.03213723509925e-07,3252.3,-1111295.6044207597,189216.67668807498,485.37494891414013
9,119.0,1.017,0.313,-12.66,5.77,-183487.33639943303,31533.58892969782,132874.29311275348,-2571.635738333247,438.0005425131627,1416.7308147093838,-0.20651545769966964,-1.8169624227456392e-05,-9.913032158486338,28.50575043904867,170.33414584809663,8.723328366842718,0.756279423737222,1.7164214797080802e-07,3252.3,-1111295.6044207597,189216.67668807498,485.37494891414013
9,120.0,1.017,0.313,-12.66,5.77,-186059.07515734603,31971.58946361224,134286.067407892,-2571.8415392032,438.00052577778706,1406.817772003882,-0.20508581370839565,-1.538124719640559e-05,-9.91305348447504,28.335485221384875,170.33490508971056,8.709988372021163,0.6375807619593221,1.451463608125185e-07,3252.3,-1111295.6044207597,189216.67668807498,485.37494891414013
9,121.0,1.017,0.313,-12.66,5.77,-188631.0190008556,32409.589982108253,135687.92864944015,-2572.0459090967183,438.00051160280606,1396.9047073199768,-0.20365358258666208,-1.3035677776987924e-05,-9.91307606884765,28.16471167716753,170.33565888240338,8.696721847382275,0.5381517156890158,1.2288522434634764e-07,3252.3,-1111295.6044207597,189216.67668807498,485.37494891414013
9,122.0,1.017,0.313,-12.66,5.77,-191203.1664977617,32847.590487536705,137079.87681483215,-2572.2488456478823,438.0004995828684,1386.9916195311325,-0.2022191917504739,-1.1060506681446419e-05,-9.913099657267608,27.993430303256666,170.33640722871294,8.683529121660193,0.45476907089890023,1.0416084337868788e-07,3252.3,-1111295.6044207597,189216.67668807498,485.37494891414013
9,123.0,1.017,0.313,-12.66,5.77,-193775.5162137061,33285.590981878304,138461.9118804988,-2572.4503468795683,438.0004893785824,1377.0785077411188,-0.20078299596801266,-9.395465500911788e-06,-9.913124040520925,27.82164163387391,170.33715013116662,8.670410525100422,0.38476347627307694,8.839355804423935e-08,3252.3,-1111295.6044207597,189216.67668807498,485.37494891414013
9,124.0,1.017,0.313,-12.66,5.77,-196348.0667125242,33723.591466803366,139834.0338220752,-2572.650411137454,438.0004807054682,1367.1653712432153,-0.19934529000567835,-7.990347583512631e-06,-9.913149046312677,27.64934624102027,170.33788759227664,8.657366389202384,0.3259219047133644,7.510140324699085e-08,3252.3,-1111295.6044207597,189216.67668807498,485.37494891414013
9,125.0,1.017,0.313,-12.66,5.77,-198920.81655652612,34161.59194371977,141196.24261456486,-2572.84903703839,438.00047332528146,1357.2522094886242,-0.19790631902657208,-6.803291157150383e-06,-9.913174532592722,27.476544734893654,170.33861961453707,8.644397046512081,0.27640768426971923,6.388321984857601e-08,3252.3,-1111295.6044207597,189216.67668807498,485.37494891414013
9,126.0,1.017,0.313,-12.66,5.77,-201493.7643067592,34599.59241381773,142548.5382324919,-2573.0462234223714,438.0004670379279,1347.3390220572508,-0.19646628714734168,-5.799360796141988e-06,-9.913200382116951,27.303237764292,170.33934620042152,8.631502830427154,0.23469486680590984,5.4404754364150274e-08,3252.3,-1111295.6044207597,189216.67668807498,485.37494891414013
9,127.0,1.017,0.313,-12.66,5.77,-204066.9085232055,35037.592878103525,143890.92065001486,-2573.2419693161305,438.0004616753083,1337.425808635824,-0.1950253644865264,-4.949374559003235e-06,-9.913226498010996,27.129426017017167,170.34006735238194,8.61868407504226,0.19951430886652807,4.6387206808511996e-08,3252.3,-1111295.6044207597,189216.67668807498,485.37494891414013
9,128.0,1.017,0.313,-12.66,5.77,-206640.24776495382,35475.593337429156,145223.38984102427,-2573.4362739020366,438.0004570960495,1327.5125689993326,-0.19358369297511788,-4.228933632422967e-06,-9.913252800146292,26.95511022027175,170.3407830728478,8.605941115012593,0.16980932956070136,3.959778602101913e-08,3252.3,-1111295.6044207597,189216.67668807498,485.37494891414013
9,129.0,1.017,0.313,-12.66,5.77,-209213.7805903428,35913.5937925168,146545.94577922364,-2573.6291364922436,438.00045318111097,1317.5993029957242,-0.19214139115106482,-3.6176189759164983e-06,-9.91327922217625,26.780291141050512,170.34149336422576,8.593274285435328,0.14469920735009215,3.3841912744802825e-08,3252.3,-1111295.6044207597,189216.67668807498,485.37494891414013
9,130.0,1.017,0.313,-12.66,5.77,-211787.50555707878,36351.59424397917,147858.58843819547,-2573.8205565074836,438.000449830174,1307.6860105334702,-0.19069855811909994,-3.098325730860988e-06,-9.913305709109467,26.604969586527186,170.34219822889952,8.580683921746859,0.12344909946850954,2.895677652847578e-08,3252.3,-1111295.6044207597,189216.67668807498,485.37494891414013
9,131.0,1.017,0.313,-12.66,5.77,-214361.42122233563,36789.59469233676,149161.31779145665,-2574.0105334592417,438.0004469585974,1297.7726915711846,-0.18925527682415713,-2.6567113496643045e-06,-9.913332215320173,26.429146404435627,170.34289766922987,8.56817035963135,0.10544522881658011,2.480600604534089e-08,3252.3,-1111295.6044207597,189216.67668807498,485.37494891414013
9,132.0,1.017,0.313,-12.66,5.77,-216935.52614283777,37227.59513803218,150454.13381250406,-2574.199066935025,438.00044449489667,1287.859346109121,-0.18781161675998084,-2.2807377021300913e-06,-9.913358702915522,26.252822483446014,170.343591687555,8.555733934939651,0.09017439522883189,2.1275256014299298e-08,3252.3,-1111295.6044207597,189216.67668807498,485.37494891414013
9,133.0,1.017,0.313,-12.66,5.77,-219509.81887493003,37665.59558144225,151737.03647485282,-2574.386156586059,438.0004423786345,1277.94597418213,-0.18636763621245703,-1.960290812494808e-06,-9.913385140393977,26.075998753536,170.34428028619067,8.5433749836162,0.07720704038588726,1.8268549436956962e-08,3252.3,-1111295.6044207597,189216.67668807498,485.37494891414013
9,134.0,1.017,0.313,-12.66,5.77,-222084.29797463593,38103.59602288811,153010.02575206757,-2574.571802117039,438.00044055865936,1268.0325758538354,-0.1849233841193775,-1.686864823552367e-06,-9.913411501541887,25.898676186356568,170.34496346743057,8.531093841632627,0.06618323590063688,1.5705242854321757e-08,3252.3,-1111295.6044207597,189216.67668807498,485.37494891414013
9,135.0,1.017,0.313,-12.66,5.77,-224658.96199770682,38541.5964626438,154273.10161778898,-2574.7560032775805,438.0004389916331,1258.1191512118166,-0.18347890161374603,-1.4532991350625763e-06,-9.913437764524927,25.720855795592794,170.34564123354667,8.518890844926837,0.05680107833830208,1.3517506000687148e-08,3252.3,-1111295.6044207597,189216.67668807498,485.37494891414013
9,136.0,1.017,0.313,-12.66,5.77,-227233.809499663,38979.59690094337,155526.26404575558,-2574.9387598550716,438.0004376407982,1248.2057003636157,-0.18203422330566152,-1.2535595591689883e-06,-9.91346391113921,25.54253863731942,170.3463135867894,8.506766329346515,0.04880706805438535,1.1648226584494766e-08,3252.3,-1111295.6044207597,189216.67668807498,485.37494891414013
9,137.0,1.017,0.313,-12.66,5.77,-229808.83903582866,39417.59733798699,156769.513009822,-2575.1200716687035,438.00043647494584,1238.2922234334249,-0.18058937834812813,-1.0825559720010827e-06,-9.913489926193382,25.36372581035104,170.34698052938816,8.494720630596303,0.04198812472410166,1.0049266760113042e-08,3252.3,-1111295.6044207597,189216.67668807498,485.37494891414013
9,138.0,1.017,0.313,-12.66,5.77,-232384.04916136083,39855.59777394602,158002.84848397432,-2575.2999385644644,438.0004354675493,1228.3787205593394,-0.1791443913240804,-9.35990259200169e-07,-9.913515796998299,25.184418456587064,170.34764206355155,8.482754084187887,0.03616495450377141,8.680010822323698e-09,3252.3,-1111295.6044207597,189216.67668807498,485.37494891414013
9,139.0,1.017,0.313,-12.66,5.77,-234959.43843127423,40293.598208967334,159226.2704423425,-2575.478360410957,438.00043459603785,1218.4651918910706,-0.17769928298533033,-8.102293681963563e-07,-9.913541512945107,25.004617761350993,170.34829819146765,8.47086702539253,0.031186534507977367,7.506154285718668e-09,3252.3,-1111295.6044207597,189216.67668807498,485.37494891414013
9,140.0,1.017,0.313,-12.66,5.77,-237535.00540046196,40731.59864317694,160439.7788592114,-2575.655337095878,438.00043384118646,1208.551637588047,-0.1762540708687645,-7.021992789450377e-07,-9.913567065156112,24.824324953724254,170.3489489153042,8.459059789195486,0.026925521811272803,6.498693233668666e-09,3252.3,-1111295.6044207597,189216.67668807498,485.37494891414013
9,141.0,1.017,0.313,-12.66,5.77,-240110.74862371324,41169.5990766831,161643.3737090294,-2575.830868523077,438.0004331866022,1198.6380578178316,-0.174808769810673,-6.092963116295313e-07,-9.913592446195548,24.643541306874166,170.34959423720906,8.447332710252022,0.023274428196780945,5.633079985185701e-09,3252.3,-1111295.6044207597,189216.67668807498,485.37494891414013
9,142.0,1.017,0.313,-12.66,5.77,-242686.66665572792,41607.599509578875,162837.054966416,-2576.0049546100663,438.0004326182918,1188.7244527548044,-0.1733633923765052,-5.293129085350293e-07,-9.913617649829796,24.46226813837615,170.35023415931025,8.435686122844615,0.02014242976118342,4.888517016928005e-09,3252.3,-1111295.6044207597,189216.67668807498,485.37494891414013
9,143.0,1.017,0.313,-12.66,5.77,-245262.75805112955,42045.59994194443,164020.822606168,-2576.177595285944,438.00043212429813,1178.8108225790616,-0.17191794922029524,-4.60375456171945e-07,-9.913642670828398,24.280506810529776,170.3508686837162,8.424120360841165,0.01745270337143442,4.247365923142319e-09,3252.3,-1111295.6044207597,189216.67668807498,485.37494891414013
9,144.0,1.017,0.313,-12.66,5.77,-247839.02136447563,42483.60037384881,165194.6766032648,-2576.3487904896315,438.00043169439266,1168.8971674754994,-0.17047244938552877,-4.0089211672361674e-07,-9.913667504798706,24.098258730668753,170.35149781251593,8.412635757653943,0.015140200767670621,3.694652187074976e-09,3252.3,-1111295.6044207597,189216.67668807498,485.37494891414013
9,145.0,1.017,0.313,-12.66,5.77,-250415.45515026705,42921.600805351634,166358.61693287268,-2576.518540168399,438.00043131981636,1158.9834876330451,-0.16902690055733216,-3.495090919938692e-07,-9.913692148048495,23.915525351464346,170.35212154777932,8.401232646199137,0.013149786563497332,3.217649827162278e-09,3252.3,-1111295.6044207597,189216.67668807498,485.37494891414013
9,146.0,1.017,0.313,-12.66,5.77,-252992.0579629555,43359.60123650437,167512.6435703487,-2576.686844276607,438.00043099306066,1149.0697832440176,-0.16758130927395926,-3.050738316726666e-07,-9.91371659747155,23.73230817122251,170.35273989155715,8.389911358856798,0.011434679115305307,2.8055326957651897e-09,3252.3,-1111295.6044207597,189216.67668807498,485.37494891414013
9,147.0,1.017,0.313,-12.66,5.77,-255568.82835695014,43797.60166735155,168656.75649124358,-2576.8537027746615,438.000430707682,1139.1560545035882,-0.16613568110440288,-2.6660411355902227e-07,-9.91374085045243,23.54860873417403,170.35335284588115,8.378672227431137,0.009955143710701806,2.449081450030538e-09,3252.3,-1111295.6044207597,189216.67668807498,485.37494891414013
9,148.0,1.017,0.313,-12.66,5.77,-258145.76488662328,44235.60209793168,169790.9556713046,-2577.0191156281126,438.0004304581449,1129.2423016093326,-0.16469002079764944,-2.3326201738908138e-07,-9.913764904787005,23.364428630757995,170.35396041276437,8.367515583110993,0.008677396165748407,2.140437067642359e-09,3252.3,-1111295.6044207597,189216.67668807498,485.37494891414013
9,149.0,1.017,0.313,-12.66,5.77,-260722.86610631485,44673.602528278185,170915.24108647753,-2577.183082806904,438.0004302396887,1119.328524760853,-0.1632443324082742,-2.0433199650119812e-07,-9.913788758616231,23.17976949789798,170.3545625942011,8.356441756430451,0.007572682050824643,1.872893313558184e-09,3252.3,-1111295.6044207597,189216.67668807498,485.37494891414013
9,150.0,1.017,0.313,-12.66,5.77,-263300.13057033677,45111.60295842005,172029.6127129087,-2577.3456042847306,438.00043004821526,1109.4147241594612,-0.16179861940218238,-1.7920236863622262e-07,-9.913812410370792,22.99463301927108,170.35515939216705,8.345451077229491,0.006616502654775049,1.640721833674078e-09,3252.3,-1111295.6044207597,189216.67668807498,485.37494891414013
9,151.0,1.017,0.313,-12.66,5.77,-265877.5568329763,45549.603388382435,173134.07052694645,-2577.5066800384975,438.0004298801926,1099.5009000079144,-0.16035288474577414,-1.5734973189044383e-07,-9.913835858724815,22.80902092556937,170.35575080861938,8.334543874614692,0.005787963666823327,1.439024603971269e-09,3252.3,-1111295.6044207597,189216.67668807498,485.37494891414013
9,152.0,1.017,0.313,-12.66,5.77,-268455.143448499,45987.603818187235,174228.61450514247,-2577.6663100478568,438.00042973257376,1089.5870525101877,-0.15890713098114764,-1.3832573689644974e-07,-9.913859102557192,22.62293499475367,170.35633684549677,8.323720476919812,0.005069226585916203,1.2636093370262471e-09,3252.3,-1111295.6044207597,189216.67668807498,485.37494891414013
9,153.0,1.017,0.313,-12.66,5.77,-271032.8889711512,46425.60424785351,175313.24462425304,-2577.824494294821,438.0004296027271,1079.6731818712915,-0.1574613602896517,-1.2174595697605008e-07,-9.913882140919187,22.436377052299523,170.35691750471966,8.312981211666376,0.00444504620555396,1.1108841730134744e-09,3252.3,-1111295.6044207597,189216.67668807498,485.37494891414013
9,154.0,1.017,0.313,-12.66,5.77,-273610.79195516254,46863.60467739785,176387.96086123993,-2577.981232763422,438.00042948837773,1069.7592882971092,-0.15601557454558235,-1.0728043753794955e-07,-9.913904973007234,22.24934897143501,170.35749278819011,8.302326405524068,0.0039023802900626566,9.777685851509293e-10,3252.3,-1111295.6044207597,189216.67668807498,485.37494891414013
9,155.0,1.017,0.313,-12.66,5.77,-276188.8509547472,47301.60510683476,177452.76319327104,-2578.1365254394345,438.0004293875565,1059.8453719942636,-0.15456977536165253,-9.464567439458436e-08,-9.913927598140221,22.061852673370232,170.35806269779198,8.291756384271059,0.003430059855271308,8.616179310555496e-10,3252.3,-1111295.6044207597,189216.67668807498,485.37494891414013
9,156.0,1.017,0.313,-12.66,5.77,-278767.0645241063,47739.6055361769,178507.65159772136,-2578.290372310131,438.0004292985578,1049.9314331700077,-0.15312396412748353,-8.359784625163152e-08,-9.91395001574032,21.873890127518447,170.35862723539088,8.281271472754142,0.0030185103745348153,7.6015949909048e-10,3252.3,-1111295.6044207597,189216.67668807498,485.37494891414013
9,157.0,1.017,0.313,-12.66,5.77,-281345.43121742853,48177.60596543533,179552.62605217323,-2578.442773364075,438.0004292199022,1040.0174720321256,-0.15167814204227145,-7.392704452765747e-08,-9.913972225316963,21.685463351708343,170.35918640283433,8.27087199484871,0.00265951581733004,6.714382468497519e-10,3252.3,-1111295.6044207597,189216.67668807498,485.37494891414013
9,158.0,1.017,0.313,-12.66,5.77,-283923.949588892,48615.60639461972,180587.68653441718,-2578.5937285909463,438.00042915030525,1030.1034887888547,-0.1502323101424718,-6.54523657160042e-08,-9.9139942264533,21.496574412387545,170.35974020195178,8.260558273418551,0.002346018747689013,5.937707192829799e-10,3252.3,-1111295.6044207597,189216.67668807498,485.37494891414013
9,159.0,1.017,0.313,-12.66,5.77,-286502.6181926649,49053.60682373859,181612.833022452,-2578.743237981389,438.000429088651,1020.1894836488179,-0.14878646932536432,-5.8017756412056626e-08,-9.914016018794872,21.307225424816956,170.36028863455462,8.250330630275476,0.0020719508092135025,5.257058763991371e-10,3252.3,-1111295.6044207597,189216.67668807498,485.37494891414013
9,160.0,1.017,0.313,-12.66,5.77,-289081.4355829065,49491.60725279935,182628.06549448552,-2578.8913015268854,438.00042903396826,1010.2754568209646,-0.14734062036906012,-5.148846412551165e-08,-9.914037602040015,21.117418553255735,170.36083170243617,8.24018938613874,0.0018320888400186898,4.65991763093716e-10,3252.3,-1111295.6044207597,189216.67668807498,485.37494891414013
9,161.0,1.017,0.313,-12.66,5.77,-291660.40031376784,49929.60768180857,183633.38392893443,-2579.037919219642,438.00042898541136,1000.3614085145229,-0.14589476394953346,-4.5748009477288924e-08,-9.914058975931814,20.927156011136898,170.36136940737188,8.230134860594253,0.0016219326257957696,4.1354712311430634e-10,3252.3,-1111295.6044207597,189216.67668807498,485.37494891414013
9,162.0,1.017,0.313,-12.66,5.77,-294239.51093939255,50367.608110771966,184628.78830442487,-2579.1830910524936,438.00042894224316,990.4473389389586,-0.14444890065514937,-4.0695607482101785e-08,-9.91408014025125,20.736440061233118,170.3619017511192,8.220167372053634,0.0014376009379649586,3.6743720106037256e-10,3252.3,-1111295.6044207597,189216.67668807498,485.37494891414013
9,163.0,1.017,0.313,-12.66,5.77,-296818.76601391734,50805.60853969463,185614.27859979257,-2579.3268170188317,438.0004289038202,980.5332483039404,-0.14300303099904055,-3.624396983824798e-08,-9.914101094811537,20.545273015812544,170.36242873541767,8.210287237713063,0.0012757430378732887,3.2685309520199114e-10,3252.3,-1111295.6044207597,189216.67668807498,485.37494891414013
9,164.0,1.017,0.313,-12.66,5.77,-299398.1640914727,51243.608968581,186589.85479408287,-2579.469097112521,438.00042886958033,970.619136819309,-0.14155715542967695,-3.231742584948106e-08,-9.914121839453184,20.353657236784684,170.36295036198894,8.200494773511897,0.00113346327476872,2.910941236132191e-10,3252.3,-1111295.6044207597,189216.67668807498,485.37494891414013
9,165.0,1.017,0.313,-12.66,5.77,-301977.7037261829,51681.609397435015,187555.51686655128,-2579.60993132785,438.00042883903217,960.7050046950526,-0.14011127433988355,-2.885030233357127e-08,-9.914142374039953,20.16159513583579,170.36346663253678,8.190790294091165,0.0010082567794325002,2.595527498166893e-10,3252.3,-1111295.6044207597,189216.67668807498,485.37494891414013
9,166.0,1.017,0.313,-12.66,5.77,-304557.3834721672,52119.60982626015,188511.26479666313,-2579.7493196594755,438.0004288117456,950.7908521412863,-0.13866538807458176,-2.5785547062563324e-08,-9.914162698455332,19.96908917455382,170.36397754874721,8.181174112751833,0.0008979545689612804,2.3170168445952636e-10,3252.3,-1111295.6044207597,189216.67668807498,485.37494891414013
9,167.0,1.017,0.313,-12.66,5.77,-307137.201883539,52557.61025505947,189457.09856409408,-2579.887262102375,438.0004287873435,940.8766793682323,-0.13721949693738414,-2.3073560073070082e-08,-9.91418281259965,19.77614186454271,170.36448311228838,8.171646541412894,0.0008006766412903968,2.0708283867683515e-10,3252.3,-1111295.6044207597,189216.67668807498,485.37494891414013
9,168.0,1.017,0.313,-12.66,5.77,-309717.1575144074,52995.61068383569,190393.01814872996,-2580.0237586518156,438.00042876549526,930.9624865862057,-0.1357736011962657,-2.0671163287392094e-08,-9.914202716387551,19.58275576752565,170.36498332481065,8.162207890569322,0.0007147918589718773,1.8529785457133723e-10,3252.3,-1111295.6044207597,189216.67668807498,485.37494891414013
9,169.0,1.017,0.313,-12.66,5.77,-312297.2489188766,53433.611112591214,191319.02353066695,-2580.1588093033124,438.0004287459105,921.0482740056005,-0.13432770108842745,-1.8540749619691663e-08,-9.914222409745886,19.388933495437396,170.36547818794662,8.152858469249805,0.0006388836073914089,1.659999801655928e-10,3252.3,-1111295.6044207597,189216.67668807498,485.37494891414013
9,170.0,1.017,0.313,-12.66,5.77,-314877.47465104656,53871.61154132818,192235.11469021178,-2580.292414052607,438.00042872833404,911.134041836878,-0.13288179682444318,-1.664950332450324e-08,-9.914241892611903,19.19467771050512,170.36596770331118,8.143598584974377,0.0005717203687909322,1.488870915338158e-10,3252.3,-1111295.6044207597,189216.67668807498,485.37494891414013
9,171.0,1.017,0.313,-12.66,5.77,-317457.83326501306,54309.61197004847,193141.2916078815,-2580.424572895639,438.00042871254135,901.2197902905586,-0.1314358885918829,-1.496880136328633e-08,-9.914261164931768,18.99999112531799,170.36645187250141,8.13442854371186,0.0005122304849574756,1.3369569465144932e-10,3252.3,-1111295.6044207597,189216.67668807498,485.37494891414013
9,172.0,1.017,0.313,-12.66,5.77,-320038.32331486774,54747.61239875379,194037.55426440388,-2580.555285828524,438.0004286983346,891.305519577212,-0.12998997655835043,-1.3473614772838788e-08,-9.914280226659223,18.804876502884948,170.3669306970968,8.125348649837179,0.000459480492244192,1.201957646959306e-10,3252.3,-1111295.6044207597,189216.67668807498,485.37494891414013
9,173.0,1.017,0.313,-12.66,5.77,-322618.94335469865,55185.61282744561,194923.90264071713,-2580.6845528475387,438.00042868553953,881.391229907451,-0.12854406087417594,-1.2142066679076331e-08,-9.914299077754498,18.609336656680703,170.36740417865897,8.116359206088555,0.0004126565060438498,1.0818630183044067e-10,3252.3,-1111295.6044207597,189216.67668807498,485.37494891414013
9,174.0,1.017,0.313,-12.66,5.77,-325199.69193859026,55623.61325612529,195800.33671797017,-2580.8123739491007,438.0004286740023,871.4769214919253,-0.1270981416746675,-1.0954997525806351e-08,-9.91431771818339,18.413374450679726,170.36787231873205,8.107460513524568,0.0003710482107239542,9.74915005220698e-11,3252.3,-1111295.6044207597,189216.67668807498,485.37494891414013
9,175.0,1.017,0.313,-12.66,5.77,-327780.5676206233,56061.61368479399,196666.8564775226,-2580.9387491297575,438.00042866358694,861.5625945413161,-0.12565221908211413,-9.895617395544326e-09,-9.914336147916432,18.216992799378012,170.36833511884242,8.098652871481102,0.0003340350776851483,8.795744470475421e-11,3252.3,-1111295.6044207597,189216.67668807498,485.37494891414013
9,176.0,1.017,0.313,-12.66,5.77,-330361.5689548751,56499.6141134528,197523.46190094473,-2581.063678386172,438.0004286541734,851.6482492663328,-0.12420629320746089,-8.949205644269704e-09,-9.914354366928242,18.02019466780256,170.3687925804988,8.089936577528201,0.0003010744905669824,7.94492540294411e-11,3252.3,-1111295.6044207597,189216.67668807498,485.37494891414013
9,177.0,1.017,0.313,-12.66,5.77,-332942.6944954198,56937.61454210263,198370.15297001743,-2581.187161715112,438.0004286456551,841.7338858777073,-0.12276036415179961,-8.10283214082977e-09,-9.914372375196933,17.82298307150824,170.36924470519233,8.081311927426832,0.0002716915043282501,7.184861741358542e-11,3252.3,-1111295.6044207597,189216.67668807498,485.37494891414013
9,178.0,1.017,0.313,-12.66,5.77,-335523.9427963284,57375.61497074436,199206.92966673253,-2581.3091991134456,438.00042863793806,831.8195045861928,-0.12131443200762569,-7.345136135635787e-09,-9.9143901727036,17.62536107656202,170.36969149439648,8.072779215085566,0.00024547000533775223,6.5051659414892e-11,3252.3,-1111295.6044207597,189216.67668807498,485.37494891414013
9,179.0,1.017,0.313,-12.66,5.77,-338105.31241166877,57813.615399378745,200033.79197329245,-2581.429790578126,438.00042863093864,821.9051056025595,-0.11986849685994731,-6.66611927480722e-09,-9.914407759431905,17.427331799514352,170.37013294956716,8.064338732517188,0.00022204507387101345,5.89670928672842e-11,3252.3,-1111295.6044207597,189216.67668807498,485.37494891414013
9,180.0,1.017,0.313,-12.66,5.77,-340686.8018955058,58251.61582800646,200850.73987211054,-2581.548936106191,438.0004286245826,811.9906891375932,-0.11842255878723972,-6.05698958871652e-09,-9.914425135367734,17.228898407357537,170.3705690721427,8.05599076979527,0.00020109637947942588,5.3514617946376635e-11,3252.3,-1111295.6044207597,189216.67668807498,485.37494891414013
9,181.0,1.017,0.313,-12.66,5.77,-343268.4098019013,58689.616256628105,201657.7733458112,-2581.6666356947503,438.00042861880394,802.0762554020924,-0.11697661786227091,-5.509989619309056e-09,-9.914442300498868,17.030064117470957,170.37099986354386,8.047735615010666,0.00018234246438802323,4.8623533559311354e-11,3252.3,-1111295.6044207597,189216.67668807498,485.37494891414013
9,182.0,1.017,0.313,-12.66,5.77,-345850.13468491443,59127.61668524424,202454.89237723334,-2581.7828893409887,438.0004286135442,792.1618046068675,-0.11553067415280963,-5.0182774988331854e-09,-9.914459254814702,16.830832197552976,170.37142532517373,8.039573554228017,0.00016553579106445149,4.4231531832798614e-11,3252.3,-1111295.6044207597,189216.67668807498,485.37494891414013
9,183.0,1.017,0.313,-12.66,5.77,-348431.9750986014,59565.61711385535,203242.0969494201,-2581.897697042153,438.0004286087513,782.2473369627382,-0.11408472772226508,-4.575816634999023e-09,-9.914475998306054,16.631205965539458,170.371845458418,8.0315048714422,0.00015045844795607476,4.02836506329902e-11,3252.3,-1111295.6044207597,189216.67668807498,485.37494891414013
9,184.0,1.017,0.313,-12.66,5.77,-351013.92959701596,60003.617542461885,204019.3870456261,-2582.01105879555,438.0004286043784,772.3328526805332,-0.11263877863022027,-4.177267918542143e-09,-9.91449253096495,16.431188789508685,170.37226026464472,8.023529848534785,0.00013691842259318192,3.673136259992735e-11,3252.3,-1111295.6044207597,189216.67668807498,485.37494891414013
9,185.0,1.017,0.313,-12.66,5.77,-353595.99673420883,60441.61797106424,204786.76264931864,-2582.122974598548,438.00042860038394,762.4183519710884,-0.11119282693290357,-3.817909231247256e-09,-9.914508852784447,16.23078408757254,170.3726697452045,8.01564876523052,0.000124746364212367,3.3531782210770384e-11,3252.3,-1111295.6044207597,189216.67668807498,485.37494891414013
9,186.0,1.017,0.313,-12.66,5.77,-356178.1750642285,60879.61839966277,205544.22374417604,-2582.233444448568,438.0004285967312,752.5038350452463,-0.10974687268359894,-3.493562065388122e-09,-9.914524963758518,16.029995327753934,170.37307390143033,8.007861899053797,0.00011379276910284921,3.064697497658325e-11,3252.3,-1111295.6044207597,189216.67668807498,485.37494891414013
9,187.0,1.017,0.313,-12.66,5.77,-358760.4631411207,61317.61882825781,206291.77031408716,-2582.3424683430844,438.00042859338674,742.5893021138553,-0.10830091593301279,-3.2005238828515517e-09,-9.9145408638819,15.82882602785025,170.37347273463783,8.000169525285179,0.00010392553131051412,2.8043355093605292e-11,3252.3,-1111295.6044207597,189216.67668807498,485.37494891414013
9,188.0,1.017,0.313,-12.66,5.77,-361342.85951892845,61755.61925684964,207029.402343152,-2582.4500462796195,438.000428590321,732.6747533877681,-0.10685495672957279,-2.9355056229262398e-09,-9.914556553149994,15.627279755282704,170.37386624612503,7.9925719169179565,9.502780939275415e-05,2.5691159767278678e-11,3252.3,-1111295.6044207597,189216.67668807498,485.37494891414013
9,189.0,1.017,0.313,-12.66,5.77,-363925.3627516928,62193.61968543853,207757.1198156813,-2582.5561782557443,438.0004285875075,722.7601890778418,-0.1054089951197127,-2.6955917209939448e-09,-9.9145720315588,15.425360126931595,170.37425443717254,7.985069344614782,8.699616680739958e-05,2.3563990052962446e-11,3252.3,-1111295.6044207597,189216.67668807498,485.37494891414013
9,190.0,1.017,0.313,-12.66,5.77,-366507.97139345214,62631.62011402472,208474.92271619657,-2582.660864269075,438.0004285849224,712.8456093949382,-0.10396303114810534,-2.4781891011780254e-09,-9.914587299104799,15.22307080895728,170.37463730904344,7.977662076664362,7.973894941547434e-05,2.1638409451317402e-11,3252.3,-1111295.6044207597,189216.67668807498,485.37494891414013
9,191.0,1.017,0.313,-12.66,5.77,-369090.68399824254,63069.62054260844,209182.81102943033,-2582.76410431727,438.00042858254443,702.9310145499213,-0.10251706485786986,-2.2809876413077244e-09,-9.91460235578491,15.020415516606738,170.3750148629834,7.970350378938242,7.317486862778979e-05,1.989359269278742e-11,3252.3,-1111295.6044207597,189216.67668807498,485.37494891414013
9,192.0,1.017,0.313,-12.66,5.77,-371673.49912009755,63507.62097118988,209880.78474032588,-2582.865898398034,438.0004285803544,693.0164047536582,-0.1010710962907645,-2.1019443446148437e-09,-9.914617201596437,14.817398014005724,170.37538710022068,7.963134514847712,6.72317630544585e-05,1.8311018173265502e-11,3252.3,-1111295.6044207597,189216.67668807498,485.37494891414013
9,193.0,1.017,0.313,-12.66,5.77,-374256.41531304864,63945.62139976921,210568.84383403737,-2582.966246509109,438.00042857833523,683.1017802170187,-0.09962512548733121,-1.9392230625870233e-09,-9.914631836537003,14.614022113936432,170.37575402196597,7.956014745300783,6.184551523033915e-05,1.687419838644634e-11,3252.3,-1111295.6044207597,189216.67668807498,485.37494891414013
9,194.0,1.017,0.313,-12.66,5.77,-376839.431131125,64383.6218283466,211246.9882959299,-2583.065148648278,438.0004285764712,673.1871411508753,-0.09817915248705014,-1.7911970364084906e-09,-9.914646260604501,14.41029167760049,170.37611562941268,7.948991328659349,5.695910317827493e-05,1.556844345840164e-11,3252.3,-1111295.6044207597,189216.67668807498,485.37494891414013
9,195.0,1.017,0.313,-12.66,5.77,-379422.54512835375,64821.6222569222,211915.21811157948,-2583.1626048133653,438.0004285747486,663.2724877661016,-0.09673317732845226,-1.6564073614685923e-09,-9.914660473797078,14.20621061436728,170.37647192373677,7.942064520696466,5.25217693122202e-05,1.4380653544324314e-11,3252.3,-1111295.6044207597,189216.67668807498,485.37494891414013
9,196.0,1.017,0.313,-12.66,5.77,-382005.7558587596,65259.62268549615,212573.53326677278,-2583.2586150022303,438.00042857315447,653.3578202735733,-0.09528720004923782,-1.5335569340120202e-09,-9.914674476113099,14.001782881507603,170.37682290609675,7.93523457455378,4.848829153900914e-05,1.3299136411304266e-11,3252.3,-1111295.6044207597,189216.67668807498,485.37494891414013
9,197.0,1.017,0.313,-12.66,5.77,-384589.0618763653,65697.62311406854,213221.93374750757,-2583.3531792127706,438.00042857167773,643.4431388841682,-0.09384122068636605,-1.4214810280638334e-09,-9.914688267551108,13.797012483912496,170.37716857763374,7.928501740699159,4.481834344596401e-05,1.2313447017330822e-11,3252.3,-1111295.6044207597,189216.67668807498,485.37494891414013
9,198.0,1.017,0.313,-12.66,5.77,-387172.46173519164,66135.62354263953,213860.41953999232,-2583.4462974429225,438.0004285703082,633.5284438087645,-0.09239523927613402,-1.319138284629117e-09,-9.914701848109795,13.5919034737972,170.37750893947148,7.9218662668844955,4.1475932208890544e-05,1.1414246316471327e-11,3252.3,-1111295.6044207597,189216.67668807498,485.37494891414013
9,199.0,1.017,0.313,-12.66,5.77,-389755.95398925693,66573.6239712092,214488.99063064656,-2583.5379696906552,438.00042856903656,623.6137352582423,-0.0909492558542639,-1.2255973707890824e-09,-9.914715217788018,13.386459950390343,170.37784399271635,7.915328398103716,3.8428904361422424e-05,1.0593176882750477e-11,3252.3,-1111295.6044207597,189216.67668807498,485.37494891414013
9,200.0,1.017,0.313,-12.66,5.77,-392339.537192578,67011.62439977765,215107.64700610057,-2583.6281959539747,438.00042856785444,613.6990134434824,-0.08950327045594852,-1.1400211955762897e-09,-9.914728376584737,13.180686059608139,170.3781737384574,7.908888376551014,3.564851086646656e-05,9.842753258700355e-12,3252.3,-1111295.6044207597,189216.67668807498,485.37494891414013
9,201.0,1.017,0.313,-12.66,5.77,-394923.20989916933,67449.62482834495,215716.3886531956,-2583.7169762309227,438.00042856675424,603.7842785753671,-0.0880572831159396,-1.0616627214082702e-09,-9.914741324499007,12.974585993713694,170.37849817776623,7.902546441579325,3.3109024052851166e-05,9.156265205721857e-12,3252.3,-1111295.6044207597,189216.67668807498,485.37494891414013
9,202.0,1.017,0.313,-12.66,5.77,-397506.97066304367,67887.6252569112,216315.2155589837,-2583.804310519574,438.00042856572907,593.8695308647789,-0.08661129386855733,-9.89846452970914e-10,-9.91475406153001,12.768163990961416,170.37881731169716,7.896302829659028,3.078739995024661e-05,8.527692268196706e-12,3252.3,-1111295.6044207597,189216.67668807498,485.37494891414013
9,203.0,1.017,0.313,-12.66,5.77,-400090.81803821167,68325.62568547645,216904.12771072786,-2583.890198818038,438.0004285647727,583.9547705226015,-0.08516530274777656,-9.239683462400016e-10,-9.914766587676976,12.561424335226402,170.37913114128708,7.890157774336942,2.866298039433086e-05,7.951628266741629e-12,3252.3,-1111295.6044207597,189216.67668807498,485.37494891414013
9,204.0,1.017,0.313,-12.66,5.77,-402674.75057868223,68763.62611404077,217483.12509590187,-2583.9746411244587,438.00042856387944,574.0399977597197,-0.08371930978723355,-8.63484227075047e-10,-9.914778902939227,12.354371355618959,170.37943966755566,7.884111506195585,2.671723000031522e-05,7.423214512431988e-12,3252.3,-1111295.6044207597,189216.67668807498,485.37494891414013
9,205.0,1.017,0.313,-12.66,5.77,-405258.76683846244,69201.62654260422,218052.2077021905,-2584.057637437013,438.0004285630442,564.1252127870181,-0.08227331502027711,-8.079041259858859e-10,-9.914791007316131,12.147009426084132,170.37974289150517,7.878164252812725,2.4933503731980573e-05,6.9380806869451054e-12,3252.3,-1111295.6044207597,189216.67668807498,485.37494891414013
9,206.0,1.017,0.313,-12.66,5.77,-407842.86537155765,69639.62697116689,218611.37551748942,-2584.1391877539113,438.0004285622622,554.2104158153826,-0.08082731848000531,-7.567830361215869e-10,-9.914802900807118,11.939342964986364,170.38004081412063,7.872316238721262,2.3296841338715932e-05,6.49229246656797e-12,3252.3,-1111295.6044207597,189216.67668807498,485.37494891414013
9,207.0,1.017,0.313,-12.66,5.77,-410427.044731971,70077.62739972878,219160.6285299051,-2584.2192920733955,438.0004285615292,544.2956070556993,-0.07938132019927599,-7.097257040418688e-10,-9.914814583411667,11.731376434679245,170.38033343636965,7.866567685369413,2.179378540620753e-05,6.082305083615194e-12,3252.3,-1111295.6044207597,189216.67668807498,485.37494891414013
9,208.0,1.017,0.313,-12.66,5.77,-413011.3034737045,70515.62782828997,219699.96672775492,-2584.2979503937427,438.0004285608414,534.3807867188549,-0.07793532021074759,-6.663752402517421e-10,-9.914826055129305,11.523114341060394,170.38062075920266,7.860918811081257,2.0412220177271652e-05,5.704922119361927e-12,3252.3,-1111295.6044207597,189216.67668807498,485.37494891414013
9,209.0,1.017,0.313,-12.66,5.77,-415595.64015075815,70953.62825685048,220229.39009956727,-2584.37516271326,438.00042856019525,524.4659550157365,-0.07648931854688608,-6.264033124751419e-10,-9.914837315959575,11.314561233111576,170.3809027835526,7.855369831017633,1.9141228656349187e-05,5.357258910139763e-12,3252.3,-1111295.6044207597,189216.67668807498,485.37494891414013
9,210.0,1.017,0.313,-12.66,5.77,-418180.0533171301,71391.62868541038,220748.89863408118,-2584.45092903029,438.0004285595875,514.5511121572316,-0.07504331523999214,-5.895139368338242e-10,-9.91484836590207,11.105721702424011,170.38117951033541,7.849920957137396,1.7970965821671e-05,5.036710024512611e-12,3252.3,-1111295.6044207597,189216.67668807498,485.37494891414013
9,211.0,1.017,0.313,-12.66,5.77,-420764.54152681713,71829.6291139697,221258.49232024676,-2584.5252493432045,438.0004285590152,504.63625835422835,-0.07359731032222798,-5.554474430692599e-10,-9.914859204956414,10.896600382709039,170.3814509404495,7.844572398159086,1.6892546039326978e-05,4.740920335944463e-12,3252.3,-1111295.6044207597,189216.67668807498,485.37494891414013
9,212.0,1.017,0.313,-12.66,5.77,-423349.10333381436,72267.62954252842,221758.17114722496,-2584.598123650409,438.0004285584757,494.7213938176149,-0.07215130382561238,-5.239637651286723e-10,-9.914869833122244,10.687201949294096,170.38171707477613,7.839324359522975,1.5897943008856292e-05,4.4677592733954755e-12,3252.3,-1111295.6044207597,189216.67668807498,485.37494891414013
9,213.0,1.017,0.313,-12.66,5.77,-425933.7372921153,72705.62997108663,222247.9351043876,-2584.669551950341,438.0004285579665,484.8065187582801,-0.07070529578204832,-4.948388719165167e-10,-9.914880250399229,10.477531118604217,170.38197791417932,7.83417704335355,1.4979900775137884e-05,4.215297882944454e-12,3252.3,-1111295.6044207597,189216.67668807498,485.37494891414013
9,214.0,1.017,0.313,-12.66,5.77,-428518.4419557119,73143.63039964436,222727.78418131746,-2584.739534241469,438.0004285574853,474.89163338711285,-0.06925928622332753,-4.678781204312349e-10,-9.914890456787052,10.267592647629014,170.38223345950573,7.8291306484224155,1.4131854520344376e-05,3.981788377810444e-12,3252.3,-1111295.6044207597,189216.67668807498,485.37494891414013
9,215.0,1.017,0.313,-12.66,5.77,-431103.21587859467,73581.63082820161,223197.7183678081,-2584.808070522294,438.00042855703003,464.97673791500245,-0.06781327518115128,-4.4290595207103756e-10,-9.914900452285426,10.05739133337532,170.3824837115848,7.824185370111665,1.3347860005972977e-05,3.765645892863316e-12,3252.3,-1111295.6044207597,189216.67668807498,485.37494891414013
9,216.0,1.017,0.313,-12.66,5.77,-433688.0576147524,74019.63125675844,223657.737653864,-2584.875160791349,438.0004285565989,455.06183255283855,-0.06636726268712757,-4.197558931230356e-10,-9.914910236894062,9.846932012305599,170.38272867122882,7.819341400377683,1.2622530671478783e-05,3.5654321935971363e-12,3252.3,-1111295.6044207597,189216.67668807498,485.37494891414013
9,217.0,1.017,0.313,-12.66,5.77,-436272.9657181727,74457.63168531483,224107.84202970055,-2584.9408050471966,438.0004285561899,445.146917511511,-0.06492124877279447,-3.982789938241836e-10,-9.914919810612703,9.63621955976216,170.38296833923275,7.814598927715458,1.195098151539417e-05,3.3798411192163254e-12,3252.3,-1111295.6044207597,189216.67668807498,485.37494891414013
9,218.0,1.017,0.313,-12.66,5.77,-438857.93874284177,74895.6321138708,224548.03148574408,-2585.005003288433,438.00042855580176,435.2319930019098,-0.06347523346960524,-3.783409363187301e-10,-9.914929173441095,9.425258889377396,170.3832027163743,7.809958137123372,1.1328778989254813e-05,3.2076855654945638e-12,3252.3,-1111295.6044207597,189216.67668807498,485.37494891414013
9,219.0,1.017,0.313,-12.66,5.77,-441442.97524274426,75333.63254242644,224978.30601263177,-2585.067755513685,438.0004285554328,425.3170592349255,-0.06202921680896845,-3.5982443018899913e-10,-9.914938325379005,9.214054952470114,170.38343180341408,7.805419210068498,1.07518962261033e-05,3.047885835879872e-12,3252.3,-1111295.6044207597,189216.67668807498,485.37494891414013
9,220.0,1.017,0.313,-12.66,5.77,-444028.07377186336,75771.63297098168,225398.66560121163,-2585.12906172161,438.00042855508167,415.4021164214487,-0.06058319882221693,-3.4261087138409016e-10,-9.914947266426196,9.002612737428136,170.38365560109534,7.80098232445242,1.021667300547964e-05,2.899459209343909e-12,3252.3,-1111295.6044207597,189216.67668807498,485.37494891414013
9,221.0,1.017,0.313,-12.66,5.77,-446613.2328841813,76209.6333995366,225809.11024254264,-2585.188921910899,438.0004285547472,405.48716477237014,-0.05913717954064283,-3.2660123522893946e-10,-9.914955996582455,8.79093726907728,170.3838741101442,7.7966476545775985,9.719779927085754e-06,2.7615105910629233e-12,3252.3,-1111295.6044207597,189216.67668807498,485.37494891414013
9,222.0,1.017,0.313,-12.66,5.77,-449198.45113367855,76647.6338280912,226209.63992789466,-2585.2473360802715,438.00042855442814,395.5722044985808,-0.057691158995484736,-3.117034373700455e-10,-9.914964515847572,8.579033608036937,170.38408733126954,7.79241537111427,9.258186326988559e-06,2.633224127479881e-12,3252.3,-1111295.6044207597,189216.67668807498,485.37494891414013
9,223.0,1.017,0.313,-12.66,5.77,-451783.72707433475,77085.63425664544,226600.2546487484,-2585.3043042284803,438.00042855412346,385.65723581097205,-0.0562451372179464,-2.978328762298771e-10,-9.914972824221357,8.366906850062358,170.38429526516308,7.788285641067935,8.829131524393949e-06,2.5138556808984544e-12,3252.3,-1111295.6044207597,189216.67668807498,485.37494891414013
9,224.0,1.017,0.313,-12.66,5.77,-454369.059260128,77523.63468519942,226980.95439679545,-2585.359826354308,438.0004285538322,375.74225892043523,-0.05479911423918401,-2.849119965374455e-10,-9.914980921703604,8.154562125373854,170.38449791249928,7.784258627747396,8.430099034632414e-06,2.4027260707329896e-12,3252.3,-1111295.6044207597,189216.67668807498,485.37494891414013
9,225.0,1.017,0.313,-12.66,5.77,-456954.44624503545,77961.63511375312,227351.73916393844,-2585.4139024565698,438.0004285535533,365.827274037862,-0.05335309009032847,-2.7286871300856363e-10,-9.914988808294146,7.942004597973104,170.3846952739355,7.780334490733415,8.058793425872984e-06,2.2992149990868834e-12,3252.3,-1111295.6044207597,189216.67668807498,485.37494891414013
9,226.0,1.017,0.313,-12.66,5.77,-459539.88658303296,78399.63554230653,227712.60894229065,-2585.466532534111,438.0004285532862,355.91228137414424,-0.0519070648024672,-2.616402942147363e-10,-9.914996483992784,7.729239464946738,170.38488735011182,7.776513385847967,7.713119533939617e-06,2.2027555876306825e-12,3252.3,-1111295.6044207597,189216.67668807498,485.37494891414013
9,227.0,1.017,0.313,-12.66,5.77,-462125.3788280951,78837.63597085969,228063.56372417646,-2585.517716585807,438.0004285530299,345.99728114017387,-0.05046103840666964,-2.51164116649168e-10,-9.915003948799368,7.516271955757423,170.38507414165122,7.772795465124099,7.39116378207045e-06,2.1128294609549644e-12,3252.3,-1111295.6044207597,189216.67668807498,485.37494891414013
9,228.0,1.017,0.313,-12.66,5.77,-464710.92153419554,79275.6363994126,228404.60350213107,-2585.5674546105665,438.00042855278366,336.0822735468429,-0.04901501093397495,-2.413920544596938e-10,-9.915011202713728,7.30310733152264,170.38525564915943,7.769180876776452,7.091177381081128e-06,2.02896231881632e-12,3252.3,-1111295.6044207597,189216.67668807498,485.37494891414013
9,229.0,1.017,0.313,-12.66,5.77,-467296.51325530687,79713.63682796527,228735.728268899,-2585.6157466073278,438.00042855254685,326.1672588050438,-0.04756898241539588,-2.3226722686404733e-10,-9.915018245735695,7.089750884281416,170.3854318732251,7.765669765172408,6.81156121063888e-06,1.9507199460937215e-12,3252.3,-1111295.6044207597,189216.67668807498,485.37494891414013
9,230.0,1.017,0.313,-12.66,5.77,-469882.1525454006,80151.63725651772,229056.93801743185,-2585.6625925750595,438.00042855231897,316.25223712566907,-0.04612295288193033,-2.23752745527933e-10,-9.915025077865131,6.8762079362491715,170.38560281441963,7.762262270803893,6.550852204640496e-06,1.8777046149299034e-12,3252.3,-1111295.6044207597,189216.67668807498,485.37494891414013
9,231.0,1.017,0.313,-12.66,5.77,-472467.837958447,80589.6376850699,229368.23274090572,-2585.707992512763,438.0004285520992,306.33720871961117,-0.04467692236454565,-2.1579732760605363e-10,-9.915031699101876,6.662483839060982,170.3857684732973,7.758958530259869,6.307711083361977e-06,1.8095518385339798e-12,3252.3,-1111295.6044207597,189216.67668807498,485.37494891414013
9,232.0,1.017,0.313,-12.66,5.77,-475053.5680484157,81027.63811362191,229669.61243269886,-2585.7519464194706,438.00042855188724,296.42217379776287,-0.043230890894204566,-2.0836834261362542e-10,-9.915038109445803,6.448583973003476,170.38592885039526,7.755758676199502,6.080911292516641e-06,1.745927440571415e-12,3252.3,-1111295.6044207597,189216.67668807498,485.37494891414013
9,233.0,1.017,0.313,-12.66,5.77,-477639.34136927524,81465.63854217369,229961.0770863998,-2585.794454294244,438.0004285516823,286.50713257101717,-0.04178485850184261,-2.0143050928560437e-10,-9.91504430889676,6.234513746235615,170.38608394623347,7.752662837326009,5.869329024657225e-06,1.6865249079654142e-12,3252.3,-1111295.6044207597,189216.67668807498,485.37494891414013
9,234.0,1.017,0.313,-12.66,5.77,-480225.1564749932,81903.63897072527,230242.6266958095,-2585.8355161361774,438.0004285514842,276.5920852502671,-0.040338825218384444,-1.9494948105397213e-10,-9.91505029745462,6.020278593998613,170.38623376131474,7.749671138361245,5.6719342120802164e-06,1.6310629984408795e-12,3252.3,-1111295.6044207597,189216.67668807498,485.37494891414013
9,235.0,1.017,0.313,-12.66,5.77,-482811.01191953634,82341.63939927665,230514.26125493928,-2585.8751319443945,438.0004285512923,266.6770320464057,-0.03889279107474438,-1.8889818603277208e-10,-9.915056075119264,5.8058839778152995,170.38637829612478,7.74678370002098,5.487782392441545e-06,1.5792835772231924e-12,3252.3,-1111295.6044207597,189216.67668807498,485.37494891414013
9,236.0,1.017,0.313,-12.66,5.77,-485396.9062568705,82779.63982782785,230775.98075801157,-2585.913301718051,438.0004285511062,256.76197317032637,-0.0374467561018167,-1.8324860951516163e-10,-9.915061641890556,5.591335384679151,170.3865175511321,7.744000638990919,5.316007359005178e-06,1.5309496600476796e-12,3252.3,-1111295.6044207597,189216.67668807498,485.37494891414013
9,237.0,1.017,0.313,-12.66,5.77,-487982.83804096066,83217.64025637887,231027.7851994595,-2585.9500254563322,438.0004285509256,246.84690883292242,-0.03600072033049056,-1.7797188503990154e-10,-9.915066997768383,5.376638326233314,170.3866515267881,7.741322067903468,5.155814516962887e-06,1.485843642076888e-12,3252.3,-1111295.6044207597,189216.67668807498,485.37494891414013
9,238.0,1.017,0.313,-12.66,5.77,-490568.8058257711,83655.64068492972,231269.67457392727,-2585.9853031584566,438.00042855075014,236.93183924508747,-0.03455468379164266,-1.7305154106793913e-10,-9.915072142752633,5.161798337939895,170.38678022352715,7.738748095315249,5.0064748757055165e-06,1.4437656944911712e-12,3252.3,-1111295.6044207597,189216.67668807498,485.37494891414013
9,239.0,1.017,0.313,-12.66,5.77,-493154.8081652652,84093.6411134804,231501.64887626987,-2586.01913482367,438.00042855057944,227.0167646177151,-0.03310864651613832,-1.6846220230724662e-10,-9.915077076843197,4.946820978239819,170.3869036417663,7.7362788256853525,4.867319614436044e-06,1.4045323124500218e-12,3252.3,-1111295.6044207597,189216.67668807498,485.37494891414013
9,240.0,1.017,0.313,-12.66,5.77,-495740.8436134059,84531.64154203089,231723.7081015532,-2586.0515204512535,438.0004285504132,217.101685161699,-0.03166260853483826,-1.6418628463347648e-10,-9.915081800039967,4.73171182770354,170.38702178190562,7.733914359354423,4.737735165192204e-06,1.3679749998416463e-12,3252.3,-1111295.6044207597,189216.67668807498,485.37494891414013
9,241.0,1.017,0.313,-12.66,5.77,-498326.91072415496,84969.64197058121,231935.852245054,-2586.0824600405153,438.00042855025094,207.18660108793313,-0.030216569878590113,-1.6020641409156e-10,-9.915086312342849,4.5164764881729775,170.387134644328,7.731654792524446,4.617158763295358e-06,1.3339390777730549e-12,3252.3,-1111295.6044207597,189216.67668807498,485.37494891414013
9,242.0,1.017,0.313,-12.66,5.77,-500913.00805147394,85407.6423991314,232138.08130226005,-2586.1119535907965,438.0004285500926,197.27151260731134,-0.028770530578236097,-1.565025920639822e-10,-9.915090613751733,4.301120581894903,170.38724222939922,7.729500217239397,4.505074420542746e-06,1.3022826051221349e-12,3252.3,-1111295.6044207597,189216.67668807498,485.37494891414013
9,243.0,1.017,0.313,-12.66,5.77,-503499.13414932345,85845.64282768143,232330.39526886996,-2586.1400011014675,438.00042854993785,187.35641993072772,-0.027324490664609888,-1.5306319394338306e-10,-9.915094704266536,4.085649750646188,170.38734453746792,7.727450721366649,4.401009281190398e-06,1.2728754006970223e-12,3252.3,-1111295.6044207597,189216.67668807498,485.37494891414013
9,244.0,1.017,0.313,-12.66,5.77,-506085.28757166356,86283.64325623127,232512.79414079315,-2586.1666025719314,438.0004285497864,177.44132326907632,-0.025878450168543732,-1.498739120677263e-10,-9.915098583887167,3.870069654851187,170.38744156886574,7.725506388579211,4.3045303249973435e-06,1.2455981576421422e-12,3252.3,-1111295.6044207597,189216.67668807498,485.37494891414013
9,245.0,1.017,0.313,-12.66,5.77,-508671.4668724537,86721.64368478098,232685.27791415004,-2586.1917580016207,438.00042854963806,167.52622283325147,-0.02443240912085935,-1.469236931694599e-10,-9.91510225261354,3.6543859726916286,170.38753332390706,7.723667298338768,4.215241385378788e-06,1.2203416417102596e-12,3252.3,-1111295.6044207597,189216.67668807498,485.37494891414013
9,246.0,1.017,0.313,-12.66,5.77,-511257.67060565297,87159.64411333055,232847.8465852719,-2586.2154673899995,438.00042854949254,157.61111883414736,-0.02298636755237505,-1.4419747161092504e-10,-9.915105710445573,3.4386043992093236,170.38761980288925,7.721933525879556,4.132780454097434e-06,1.1970059658984163e-12,3252.3,-1111295.6044207597,189216.67668807498,485.37494891414013
9,247.0,1.017,0.313,-12.66,5.77,-513843.8973252197,87597.64454187997,233000.5001507009,-2586.2377307365623,438.00042854934964,147.69601148265846,-0.02154032549390014,-1.4168537557037552e-10,-9.915108957383188,3.2227306454020703,170.3877010060925,7.720305142193064,4.0568172469528705e-06,1.175499934734143e-12,3252.3,-1111295.6044207597,189216.67668807498,485.37494891414013
9,248.0,1.017,0.313,-12.66,5.77,-516430.14558511204,88035.64497042925,233143.23860719003,-2586.258548040834,438.0004285492091,137.78090098967917,-0.02009428297624488,-1.3938078829776845e-10,-9.915111993426317,3.006770437313072,170.38777693377997,7.718782214013586,3.987051007650077e-06,1.1557404522073245e-12,3252.3,-1111295.6044207597,189216.67668807498,485.37494891414013
9,249.0,1.017,0.313,-12.66,5.77,-519016.41393928725,88473.64539897838,233276.06195170333,-2586.277919302371,438.0004285490708,127.86578756610403,-0.018648240030214508,-1.37274017260211e-10,-9.915114818574889,2.790729515114264,170.38784758619772,7.717364803804613,3.923208529475895e-06,1.1376519879817681e-12,3252.3,-1111295.6044207597,189216.67668807498,485.37494891414013
9,250.0,1.017,0.313,-12.66,5.77,-521602.7009417024,88911.64582752738,233398.97018141564,-2586.295844520762,438.0004285489345,117.9506714228276,-0.017202196686605577,-1.3535773403497243e-10,-9.915117432828838,2.574613632183879,170.38791296357465,7.716052969746073,3.865042376617465e-06,1.1211660970967143e-12,3252.3,-1111295.6044207597,189216.67668807498,485.37494891414013
9,251.0,1.017,0.313,-12.66,5.77,-524189.00514631416,89349.64625607624,233511.9632937127,-2586.312323695622,438.0004285488,108.03555277074459,-0.01575615297621004,-1.3361877768993849e-10,-9.915119836188092,2.358428554178642,170.3879730661226,7.714846765722439,3.8123292889473465e-06,1.1062209888894165e-12,3252.3,-1111295.6044207597,189216.67668807498,485.37494891414013
9,252.0,1.017,0.313,-12.66,5.77,-526775.3251070791,89787.64668462497,233615.04128619118,-2586.327356826602,438.0004285486672,98.12043182074966,-0.014310108929828402,-1.3206123279925869e-10,-9.915122028652608,2.1421800581009345,170.3880278940363,7.713746241311706,3.764868755903402e-06,1.09276114134247e-12,3252.3,-1111295.6044207597,189216.67668807498,485.37494891414013
9,253.0,1.017,0.313,-12.66,5.77,-529361.6593779528,90225.64711317359,233708.20415665855,-2586.34094391338,438.00042854853587,88.20530878373765,-0.012864064578239506,-1.3066901712059484e-10,-9.915124010222318,1.9258739313613424,170.38807744749346,7.712751441775222,3.722481746727185e-06,1.0807369574888098e-12,3252.3,-1111295.6044207597,189216.67668807498,485.37494891414013
9,254.0,1.017,0.313,-12.66,5.77,-531948.006512891,90663.64754172205,233791.4519031333,-2586.353084955667,438.0004285484058,78.29018387060333,-0.011418019952235901,-1.2944733025248445e-10,-9.915125780897178,1.7095159708369232,170.38812172665453,7.711862408048408,3.6850095858152093e-06,1.0701044608989867e-12,3252.3,-1111295.6044207597,189216.67668807498,485.37494891414013
9,255.0,1.017,0.313,-12.66,5.77,-534534.3650658492,91101.6479702704,233864.7845238447,-2586.363779953203,438.0004285482769,68.3750572922416,-0.009971975082594228,-1.2838218094149311e-10,-9.91512734067714,1.4931119819256067,170.38816073166302,7.711079176732363,3.6523129632999135e-06,1.060825027633902e-12,3252.3,-1111295.6044207597,189216.67668807498,485.37494891414013
9,256.0,1.017,0.313,-12.66,5.77,-537120.7335907824,91539.6483988186,233928.20201723298,-2586.373028905761,438.000428548149,58.459929259547366,-0.008525930000093754,-1.2747370564642065e-10,-9.915128689562144,1.2766677775970916,170.38819446264537,7.710401780086331,3.624271072227359e-06,1.052865152375628e-12,3252.3,-1111295.6044207597,189216.67668807498,485.37494891414013
9,257.0,1.017,0.313,-12.66,5.77,-539707.1106416457,91977.64882736669,233981.7043819493,-2586.380831813143,438.0004285480219,48.54479998341563,-0.007079884735515336,-1.2672183526926645e-10,-9.91512982755217,1.0601891774406382,170.38822291971076,7.709830246021069,3.6007808648536016e-06,1.0461962467537173e-12,3252.3,-1111295.6044207597,189216.67668807498,485.37494891414013
9,258.0,1.017,0.313,-12.66,5.77,-542293.4947723936,92415.64925591464,234025.29161685563,-2586.387188675182,438.00042854789547,38.629669674741365,-0.0056338393196299266,-1.2612066653233108e-10,-9.915130754647171,0.8436820067101294,170.38824610295146,7.709364598093117,3.58175642165128e-06,1.0407944681670059e-12,3252.3,-1111295.6044207597,189216.67668807498,485.37494891414013
9,259.0,1.017,0.313,-12.66,5.77,-544879.8845369808,92853.64968446248,234058.9637210249,-2586.3920994917426,438.0004285477696,28.714538544419643,-0.0041877937832039405,-1.256663897100996e-10,-9.9151314708471,0.6271520953668137,170.38826401244253,7.709004855499934,3.5671284276184577e-06,1.0366405776656283e-12,3252.3,-1111295.6044207597,189216.67668807498,485.37494891414013
9,260.0,1.017,0.313,-12.66,5.77,-547466.2784893619,93291.65011301018,234082.72069374088,-2586.395564262719,438.0004285476441,18.79940680334553,-0.00274174815701153,-1.2535817946593128e-10,-9.91513197615194,0.4106052771200995,170.38827664824203,7.708751033075953,3.5568437514216085e-06,1.0337198257068717e-12,3252.3,-1111295.6044207597,189216.67668807498,485.37494891414013
9,261.0,1.017,0.313,-12.66,5.77,-550052.675183491,93729.65054155776,234096.5625344983,-2586.3975829880364,438.00042854751894,8.884274662414137,-0.0012957024718189892,-1.2519967693061648e-10,-9.915132270561662,0.19404738846681208,170.38828401039086,7.708603141289523,3.550865123795578e-06,1.0320218648347247e-12,3252.3,-1111295.6044207597,189216.67668807498,485.37494891414013
9,262.0,1.017,0.313,-12.66,5.77,-552639.0731733227,94167.65097010521,234100.48924300272,-2586.398155667652,438.0004285473937,-1.0308576674793979,0.00015034324161316225,-1.2518689768492987e-10,-9.915132354076226,-0.02251573227070092,170.38828609891294,7.70856118624075,3.5491709124755965e-06,1.0315406885591337e-12,3252.3,-1111295.6044207597,189216.67668807498,485.37494891414013
9,263.0,1.017,0.313,-12.66,5.77,-555225.4710128111,94605.65139865254,234094.50081917067,-2586.3972823015542,438.0004285472685,-10.945989975439913,0.0015963889525220068,-1.2531852990164508e-10,-9.915132226695615,-0.23907824590721585,170.38828291381498,7.7086251696602455,3.5517549917585632e-06,1.0322745959293013e-12,3252.3,-1111295.6044207597,189216.67668807498,485.37494891414013
9,264.0,1.017,0.313,-12.66,5.77,-557811.8672559105,95043.65182719976,234078.5972631295,-2586.3949628897585,438.0004285471431,-20.861122050572227,0.0030424346301487306,-1.2559586192367838e-10,-9.915131888419806,-0.4556343133576353,170.38827445508667,7.708795088908755,3.5586267055927366e-06,1.0342261815084402e-12,3252.3,-1111295.6044207597,189216.67668807498,485.37494891414013
9,265.0,1.017,0.313,-12.66,5.77,-560398.2604565754,95481.65225574683,234052.77857521744,-2586.3911974323146,438.00042854701724,-30.776253681981125,0.0044884802437380085,-1.260195879664248e-10,-9.915131339248784,-0.6721780965999488,170.38826072270064,7.709070936977723,3.569810923884293e-06,1.03740235066716e-12,3252.3,-1111295.6044207597,189216.67668807498,485.37494891414013
9,266.0,1.017,0.313,-12.66,5.77,-562984.6491687599,95919.65268429379,234017.0447559837,-2586.3859859293025,438.00042854689093,-40.69138465877139,0.0059345257625334265,-1.265941166516852e-10,-9.915130579182534,-0.8887037596377549,170.38824171661236,7.7094527024907205,3.5853481924957965e-06,1.0418143603217684e-12,3252.3,-1111295.6044207597,189216.67668807498,485.37494891414013
9,267.0,1.017,0.313,-12.66,5.77,-565571.031946419,96357.65311284062,233971.39580618837,-2586.3793283808313,438.00042854676394,-50.60651477004778,0.007380571155783788,-1.2731967038162346e-10,-9.91512960822103,-1.1052054694619504,170.38821743676027,7.709940369705796,3.6052949782031628e-06,1.0474778854541149e-12,3252.3,-1111295.6044207597,189216.67668807498,485.37494891414013
9,268.0,1.017,0.313,-12.66,5.77,-568157.4073435066,96795.6535413873,233915.83172680243,-2586.3712247870426,438.0004285466363,-60.52164380491503,0.008826616392742572,-1.281955515651529e-10,-9.915128426364262,-1.3216773970111855,170.3881878830657,7.71053391851872,3.6297240106826643e-06,1.0544131119634614e-12,3252.3,-1111295.6044207597,189216.67668807498,485.37494891414013
9,269.0,1.017,0.313,-12.66,5.77,-570743.7739139779,97233.65396993389,233850.35251900766,-2586.361675148108,438.0004285465075,-70.4367715524779,0.010272661442659226,-1.2922987672385894e-10,-9.915127033612224,-1.538113718130695,170.3881530554329,7.711233324467121,3.6587247244274866e-06,1.0626448566207227e-12,3252.3,-1111295.6044207597,189216.67668807498,485.37494891414013
9,270.0,1.017,0.313,-12.66,5.77,-573330.1302117879,97671.65439848033,233774.95818419688,-2586.35067946423,438.0004285463777,-80.35189780184106,0.011718706274789176,-1.3042154883550315e-10,-9.915125429964908,-1.7545086145291087,170.38811295374907,7.712038558735523,3.692403804352445e-06,1.072202715123336e-12,3252.3,-1111295.6044207597,189216.67668807498,485.37494891414013
9,271.0,1.017,0.313,-12.66,5.77,-575916.4747908916,98109.65482702665,233689.6487239737,-2586.3382377356415,438.00042854624667,-90.26702234210927,0.013164750858392114,-1.3177970079961197e-10,-9.9151236154223,-1.9708562747328517,170.38806757788424,7.712949588161276,3.7308858397464555e-06,1.0831212394878724e-12,3252.3,-1111295.6044207597,189216.67668807498,485.37494891414013
9,272.0,1.017,0.313,-12.66,5.77,-578502.8062052443,98547.65525557281,233594.42414015267,-2586.324349962606,438.00042854611416,-100.18214496238721,0.014610795162725839,-1.333066268279178e-10,-9.915121589984393,-2.1871508950377407,170.3880169276914,7.7139663752413625,3.774314092183255e-06,1.0954401462692897e-12,3252.3,-1111295.6044207597,189216.67668807498,485.37494891414013
9,273.0,1.017,0.313,-12.66,5.77,-581089.1230088021,98985.65568411887,233489.28443475926,-2586.3090161454193,438.00042854598007,-110.0972654517796,0.016056839157055542,-1.3500653369600744e-10,-9.915119353651177,-2.4033866804573853,170.38796100300647,7.715088878140121,3.8228513840148384e-06,1.109204557363906e-12,3252.3,-1111295.6044207597,189216.67668807498,485.37494891414013
9,274.0,1.017,0.313,-12.66,5.77,-583675.4237555206,99423.65611266479,233374.22961002975,-2586.2922362844056,438.0004285458441,-120.01238359939113,0.01750288281064702,-1.3688946813329629e-10,-9.915116906422652,-2.6195578456680244,170.38789980364822,7.716317050697814,3.876681115158934e-06,1.124465275440306e-12,3252.3,-1111295.6044207597,189216.67668807498,485.37494891414013
9,275.0,1.017,0.313,-12.66,5.77,-586261.7069993563,99861.65654121057,233249.2596684114,-2586.2740103799215,438.00042854570626,-129.9274991943265,0.018948926092769516,-1.3895892276400468e-10,-9.915114248298808,-2.83565861594939,170.38783332941836,7.717650842440104,3.936008417064541e-06,1.1412790963517171e-12,3252.3,-1111295.6044207597,189216.67668807498,485.37494891414013
9,276.0,1.017,0.313,-12.66,5.77,-588847.9712942662,100299.65696975621,233114.37461256233,-2586.2543384323535,438.00042854556614,-139.8426120256903,0.02039496897269634,-1.4122185903651098e-10,-9.91511137927964,-3.0516832281212363,170.38776158010154,7.719090198588394,4.001061454012722e-06,1.1597091612188602e-12,3252.3,-1111295.6044207597,189216.67668807498,485.37494891414013
9,277.0,1.017,0.313,-12.66,5.77,-591434.2151942069,100737.6573983017,232969.57444535152,-2586.23322044212,438.00042854542374,-149.7577218825873,0.021841011419701916,-1.436907696845136e-10,-9.915108299365134,-3.267625931475157,170.3876845554652,7.720635060071036,4.0720928832969495e-06,1.1798253512371697e-12,3252.3,-1111295.6044207597,189216.67668807498,485.37494891414013
9,278.0,1.017,0.313,-12.66,5.77,-594020.4372531363,101175.65782684705,232814.85916985892,-2586.210656409669,438.00042854527874,-159.6728285541221,0.023287053403063553,-1.46373694172418e-10,-9.91510500855529,-3.483480988701305,170.38760225525985,7.722285363535399,4.149381487346497e-06,1.2017047286613982e-12,3252.3,-1111295.6044207597,189216.67668807498,485.37494891414013
9,279.0,1.017,0.313,-12.66,5.77,-596606.6360250125,101613.65825539223,232650.2287893753,-2586.186646335479,438.00042854513094,-169.5879318293994,0.024733094892068888,-1.4927911971801525e-10,-9.915101506850089,-3.6992426768096607,170.38751467921873,7.724041041360808,4.233233992525879e-06,1.2254320278585962e-12,3252.3,-1111295.6044207597,189216.67668807498,485.37494891414013
9,280.0,1.017,0.313,-12.66,5.77,-599192.8100637937,102051.65868393729,232475.68330740248,-2586.16119022006,438.0004285449801,-179.50303149752386,0.026179135855999427,-1.5241866204434437e-10,-9.915097794249519,-3.914905288045472,170.38742182705806,7.725902021672325,4.323987091182728e-06,1.251100200802305e-12,3252.3,-1111295.6044207597,189216.67668807498,485.37494891414013
9,281.0,1.017,0.313,-12.66,5.77,-601778.957923439,102489.6591124822,232291.22272765296,-2586.134288063952,438.00042854482604,-189.41812734760003,0.02762517626415065,-1.5580556726265617e-10,-9.915093870753568,-4.1304631307985,170.387323698477,7.7278682283553835,4.422009685550513e-06,1.278811021912865e-12,3252.3,-1111295.6044207597,189216.67668807498,485.37494891414013
9,282.0,1.017,0.313,-12.66,5.77,-604365.0781579083,102927.65954102697,232096.84705405025,-2586.1059398677266,438.00042854466847,-199.33321916873254,0.029071216085815855,-1.594539356478704e-10,-9.915089736362217,-4.345910530505745,170.3872202931575,7.729939581071246,4.527705374365002e-06,1.3086757577371286e-12,3252.3,-1111295.6044207597,189216.67668807498,485.37494891414013
9,283.0,1.017,0.313,-12.66,5.77,-606951.1693211613,103365.65996957154,231892.5562907288,-2586.076145631986,438.00042854450703,-209.24830675002596,0.0305172552902947,-1.6337815992866367e-10,-9.91508539107544,-4.561241830547268,170.38711161076444,7.732115995273316,4.641515205555754e-06,1.3408159076135798e-12,3252.3,-1111295.6044207597,189216.67668807498,485.37494891414013
9,284.0,1.017,0.313,-12.66,5.77,-609537.2299671592,103803.66039811596,231678.3504420338,-2586.0449053573616,438.00042854434156,-219.1633898805849,0.031963293846901594,-1.6759081618127396e-10,-9.915080834893198,-4.776451393134772,170.3869976509456,7.73439738222425,4.7639207211560865e-06,1.375364022193548e-12,3252.3,-1111295.6044207597,189216.67668807498,485.37494891414013
9,285.0,1.017,0.313,-12.66,5.77,-612123.2586498633,104241.66082666023,231454.22951252147,-2586.0122190445177,438.0004285441718,-229.07846834951386,0.03340933172493391,-1.7211627690942474e-10,-9.915076067815479,-4.991533600192602,170.38687841333166,7.736783649013908,4.895447323675167e-06,1.4124646074955366e-12,3252.3,-1111295.6044207597,189216.67668807498,485.37494891414013
9,286.0,1.017,0.313,-12.66,5.77,-614709.2539232358,104679.66125520432,231220.19350695892,-2585.9780866941487,438.0004285439973,-238.99354194591734,0.03485536889372347,-1.7696702711429827e-10,-9.915071089842217,-5.206482854230845,170.38675389753618,7.739274698578094,5.0366679966359015e-06,1.452275123068389e-12,3252.3,-1111295.6044207597,189216.67668807498,485.37494891414013
9,287.0,1.017,0.313,-12.66,5.77,-617295.2143412395,105117.66168374823,230976.24243032408,-2585.9425083069773,438.00042854381775,-248.90861045889977,0.036301405322587084,-1.8216448235221737e-10,-9.91506590097337,-5.421293579210176,170.3866241031555,7.7418704297180945,5.188207415847292e-06,1.4949670838414482e-12,3252.3,-1111295.6044207597,189216.67668807498,485.37494891414013
9,288.0,1.017,0.313,-12.66,5.77,-619881.138457838,105555.66211229195,230722.37628780588,-2585.90548388376,438.00042854363284,-258.8236736775655,0.037747440980856584,-1.8773399692795506e-10,-9.915060501208885,-5.635960221398138,170.386489029769,7.744570737121028,5.350746492303987e-06,1.5407272763597665e-12,3252.3,-1111295.6044207597,189216.67668807498,485.37494891414013
9,289.0,1.017,0.313,-12.66,5.77,-622467.0248269954,105993.66254083549,230458.59508480405,-2585.8670134252825,438.0004285434421,-268.7387313910189,0.03919347583787356,-1.9369913304337107e-10,-9.915054890548685,-5.850477250216548,170.38634867693878,7.747375511380944,5.525027392448675e-06,1.5897591013549883e-12,3252.3,-1111295.6044207597,189216.67668807498,485.37494891414013
9,290.0,1.017,0.313,-12.66,5.77,-625052.8720026772,106431.66296937883,230184.89882692922,-2585.8270969323607,438.00042854324533,-278.6537833883643,0.04063950986298392,-2.000882800663863e-10,-9.915049068992694,-6.064839159079701,170.38620304420994,7.7502846390207205,5.711859086961766e-06,1.6422840560045477e-12,3252.3,-1111295.6044207597,189216.67668807498,485.37494891414013
9,291.0,1.017,0.313,-12.66,5.77,-627638.678538849,106869.66339792198,229901.28752000304,-2585.785734405844,438.00042854304183,-288.5688294587057,0.04208554302555094,-2.0692448660289856e-10,-9.915043036540803,-6.2790404662230745,170.38605213111026,7.753298002514706,5.912123485335213e-06,1.6985433708030668e-12,3252.3,-1111295.6044207597,189216.67668807498,485.37494891414013
9,292.0,1.017,0.313,-12.66,5.77,-630224.4429894779,107307.66382646491,229607.7611700578,-2585.742925846608,438.00042854283123,-298.48386939114727,0.0435315752949321,-2.1424533130763445e-10,-9.915036793192918,-6.49307571552227,170.38589593715065,7.756415480312103,6.1267822203314065e-06,1.7587998177324033e-12,3252.3,-1111295.6044207597,189216.67668807498,485.37494891414013
9,293.0,1.017,0.313,-12.66,5.77,-632810.1639085317,107745.66425500764,229304.31978333695,-2585.698671255562,438.0004285426132,-308.39890297479286,0.04497760664051263,-2.2208313850633252e-10,-9.915030338948895,-6.706939477301826,170.38573446182463,7.7596369468611135,6.356884154119488e-06,1.823339708394673e-12,3252.3,-1111295.6044207597,189216.67668807498,485.37494891414013
9,294.0,1.017,0.313,-12.66,5.77,-635395.8398499788,108183.66468355012,228990.96336629477,-2585.6529706336455,438.0004285423869,-318.3139299987463,0.04642363703167994,-2.3047418523976876e-10,-9.915023673808593,-6.9206263491337054,170.38556770460866,7.762962272633801,6.603573686539762e-06,1.8924751029960426e-12,3252.3,-1111295.6044207597,189216.67668807498,485.37494891414013
9,295.0,1.017,0.313,-12.66,5.77,-637981.4693677889,108621.6651120924,228667.69192559636,-2585.605823981827,438.000428542152,-328.22895025211113,0.04786966643783709,-2.3946398503376943e-10,-9.91501679777184,-7.134130956625128,170.3853956649621,7.76639132415166,6.868099955692933e-06,1.9665462535681153e-12,3252.3,-1111295.6044207597,189216.67668807498,485.37494891414013
9,296.0,1.017,0.313,-12.66,5.77,-640567.0510159326,109059.66554063444,228334.50546811774,-2585.557231301108,438.00042854190775,-338.14396352399103,0.04931569482840129,-2.490907096523757e-10,-9.915009710838442,-7.347447954195503,170.3852183423271,7.769923964011911,7.151827032036821e-06,2.0459243076266677e-12,3252.3,-1111295.6044207597,189216.67668807498,485.37494891414013
9,297.0,1.017,0.313,-12.66,5.77,-643152.5833483817,109497.66596917622,227991.40400094585,-2585.5071925925185,438.00042854165366,-348.058969603489,0.050761722172806396,-2.5940656091060133e-10,-9.91500241300817,-7.560572025842184,170.38503573612863,7.773560050914467,7.456245219563515e-06,2.1310143016354115e-12,3252.3,-1111295.6044207597,189216.67668807498,485.37494891414013
9,298.0,1.017,0.313,-12.66,5.77,-645738.0649191088,109935.66639771775,227638.38753137854,-2585.4557078571215,438.00042854138866,-357.9739682797083,0.05220774844050033,-2.7046336968361415e-10,-9.91499490428078,-7.773497885894831,170.38484784577457,7.777299439689603,7.782983591614761e-06,2.222258477212695e-12,3252.3,-1111295.6044207597,189216.67668807498,485.37494891414013
9,299.0,1.017,0.313,-12.66,5.77,-648323.4942820873,110373.666826259,227275.4560669245,-2585.402777096007,438.0004285411124,-367.88895934175144,0.05365377360095138,-2.823207135939436e-10,-9.914987184655969,-7.986220279758091,170.38465467065552,7.781141981326263,8.133823904691286e-06,2.320139957046335e-12,3252.3,-1111295.6044207597,189216.67668807498,485.37494891414013
9,300.0,1.017,0.313,-12.66,5.77,-650908.8699912926,110811.66725479995,226902.6096153034,-2585.348400310298,438.0004285408238,-377.803942578721,0.05509979762364974,-2.950376874901742e-10,-9.91497925413342,-8.198733984642395,170.38445621014506,7.785087523001071,8.51071605146885e-06,2.425186822026996e-12,3252.3,-1111295.6044207597,189216.67668807498,485.37494891414013
9,301.0,1.017,0.313,-12.66,5.77,-653494.1906007001,111249.66768334062,226519.8481844457,-2585.2925775011486,438.000428540522,-387.71891777971894,0.056545820478101666,-3.0868905040623057e-10,-9.914971112712756,-8.41103381028263,170.3842524635994,7.789135908107936,8.915795234437002e-06,2.5379766362454624e-12,3252.3,-1111295.6044207597,189216.67668807498,485.37494891414013
9,302.0,1.017,0.313,-12.66,5.77,-656079.4546642874,111687.668111881,226127.1717824929,-2585.2353086697417,438.000428540206,-397.6338847338469,0.057991842133845874,-3.233486369026873e-10,-9.91496276039356,-8.623114599644476,170.38404343035774,7.793286976288319,9.351401064446726e-06,2.659141472302837e-12,3252.3,-1111295.6044207597,189216.67668807498,485.37494891414013
9,303.0,1.017,0.313,-12.66,5.77,-658664.6607360326,112125.66854042104,225724.58041779723,-2585.1765938172903,438.0004285398749,-407.54884323020633,0.05943786256044285,-3.390984430617538e-10,-9.91495419717535,-8.834971229618192,170.38382910974204,7.797540563462101,9.820098814365845e-06,2.7893734959487002e-12,3252.3,-1111295.6044207597,189216.67668807498,485.37494891414013
9,304.0,1.017,0.313,-12.66,5.77,-661249.8073699154,112563.66896896074,225312.074098922,-2585.1164329450403,438.00042853952743,-417.4637930578978,0.0608838817274871,-3.560260519429347e-10,-9.914945423057596,-9.046598611699638,170.38360950105692,7.801896501859071,1.032470308741758e-05,2.9294311764943485e-12,3252.3,-1111295.6044207597,189216.67668807498,485.37494891414013
9,305.0,1.017,0.313,-12.66,5.77,-663834.8931199166,113001.6693975001,224889.6528346413,-2585.054826054266,438.00042853916244,-427.3787340060215,0.06232989960459987,-3.742350567940611e-10,-9.914936438039685,-9.257991692658365,170.38338460359006,7.806354620050982,1.0868304193111811e-05,3.0801461978686256e-12,3252.3,-1111295.6044207597,189216.67668807498,485.37494891414013
9,306.0,1.017,0.313,-12.66,5.77,-666419.9165400182,113439.66982603908,224457.31663394012,-2584.991773146271,438.0004285387786,-437.2936658636769,0.06377591616144358,-3.9383231025276667e-10,-9.914927242120951,-9.469145455192601,170.3831544166117,7.810914742984196,1.1454297561524783e-05,3.2424311547290007e-12,3252.3,-1111295.6044207597,189216.67668807498,485.37494891414013
9,307.0,1.017,0.313,-12.66,5.77,-669004.8761842038,113877.67025457766,224015.06550601672,-2584.9272742223925,438.0004285383743,-447.20858841996284,0.06522193136771366,-4.149376499031725e-10,-9.914917835300617,-9.680054918570868,170.382918939375,7.815576692012904,1.20864165696836e-05,3.4172881288685347e-12,3252.3,-1111295.6044207597,189216.67668807498,485.37494891414013
9,308.0,1.017,0.313,-12.66,5.77,-671589.7706064582,114315.67068311582,223562.8994602795,-2584.8613292839973,438.00042853794815,-457.1235014639772,0.0666679451931614,-4.376821948158417e-10,-9.914908217577826,-9.890715139260182,170.38267817111586,7.820340284932868,1.276876920272839e-05,3.605818253458173e-12,3252.3,-1111295.6044207597,189216.67668807498,485.37494891414013
9,309.0,1.017,0.313,-12.66,5.77,-674174.5983607676,114753.67111165356,223100.8185063428,-2584.793938332479,438.00042853749835,-467.03840478481726,0.06811395760756885,-4.6221259739220455e-10,-9.91489838895162,-10.101121211540658,170.38243211105296,7.825205336015699,1.3505879028156388e-05,3.809232386627355e-12,3252.3,-1111295.6044207597,189216.67668807498,485.37494891414013
9,310.0,1.017,0.313,-12.66,5.77,-676759.3580011195,115191.67154019083,222628.82265403456,-2584.725101369264,438.0004285370231,-476.9532981715789,0.06955996858078341,-4.886844564656348e-10,-9.914888349420902,-10.311268268106227,170.38218075838776,7.830171656043686,1.430273102480511e-05,4.028863031762058e-12,3252.3,-1111295.6044207597,189216.67668807498,485.37494891414013
9,311.0,1.017,0.313,-12.66,5.77,-679344.0480815029,115629.67196872762,222146.9119133945,-2584.6548183958093,438.0004285365203,-486.8681814133571,0.071005978082712,-5.17273833404472e-10,-9.914878098984467,-10.52115148065155,170.3819241123045,7.835239052345091,1.5164822880503084e-05,4.266177659983438e-12,3252.3,-1111295.6044207597,189216.67668807498,485.37494891414013
9,312.0,1.017,0.313,-12.66,5.77,-681928.6671559083,116067.67239726387,221655.08629467303,-2584.5830894136006,438.0004285359878,-496.7830542992455,0.07245198608331377,-5.481759985877168e-10,-9.914867637640942,-10.730766060444838,170.38166217197005,7.840407328829956,1.6098222454635944e-05,4.5227936108311704e-12,3252.3,-1111295.6044207597,189216.67668807498,485.37494891414013
9,313.0,1.017,0.313,-12.66,5.77,-684513.2137783279,116505.67282579959,221153.3458083315,-2584.5099144241544,438.00042853542305,-506.697916618336,0.07389799255264315,-5.815952891150557e-10,-9.914856965388791,-10.940107258886476,170.38139493653424,7.84567628602638,1.7109632195892494e-05,4.800494770621697e-12,3252.3,-1111295.6044207597,189216.67668807498,485.37494891414013
9,314.0,1.017,0.313,-12.66,5.77,-687097.6865027552,116943.6732543347,220641.6904650421,-2584.4352934290173,438.00042853482364,-516.6127681597194,0.07534399746080804,-6.17771232281115e-10,-9.914846082226308,-11.149170368053456,170.38112240512945,7.851045721117248,1.8206461412830458e-05,5.101250254684133e-12,3252.3,-1111295.6044207597,189216.67668807498,485.37494891414013
9,315.0,1.017,0.313,-12.66,5.77,-689682.0838831849,117381.6736828692,220120.12027568807,-2584.3592264297654,438.00042853418654,-526.5276087124845,0.07679000077801987,-6.569623629204553e-10,-9.914834988151553,-11.35795072122933,170.38084457687094,7.856515427977421,1.9396907417628578e-05,5.42723535017952e-12,3252.3,-1111295.6044207597,189216.67668807498,485.37494891414013
9,316.0,1.017,0.313,-12.66,5.77,-692266.4044736138,117819.67411140306,219588.6352513635,-2584.2817134280035,438.0004285335086,-536.4424380657177,0.0782360024745866,-6.994516070206518e-10,-9.914823683162382,-11.566443693419723,170.38056145085662,7.862085197211342,2.069004670378441e-05,5.780855011044111e-12,3252.3,-1111295.6044207597,189216.67668807498,485.37494891414013
9,317.0,1.017,0.313,-12.66,5.77,-694850.6468280407,118257.67453993621,219047.2354033733,-2584.2027544253674,438.0004285327865,-546.3572560085034,0.07968200252092053,-7.455573577925548e-10,-9.914812167256358,-11.774644701853306,170.38027302616715,7.86775481619106,2.2095937479232862e-05,6.164770236406806e-12,3252.3,-1111295.6044207597,189216.67668807498,485.37494891414013
9,318.0,1.017,0.313,-12.66,5.77,-697434.8095004652,118695.67496846861,218495.92074323347,-2584.122349423523,438.00042853201626,-556.2720623299238,0.08112800088756257,-7.956266061672501e-10,-9.91480044043077,-11.982549206468091,170.3799793018659,7.873524069094662,2.3625735060482746e-05,6.581927709359949e-12,3252.3,-1111295.6044207597,189216.67668807498,485.37494891414013
9,319.0,1.017,0.313,-12.66,5.77,-700018.8910448889,119133.67539700022,217934.69128267077,-2584.040498424164,438.0004285311938,-566.1868568190573,0.08257399754517714,-8.500435360693173e-10,-9.914788502682564,-12.19015271038302,170.37968027699895,7.879392736945081,2.529182184447374e-05,7.035593125073683e-12,3252.3,-1111295.6044207597,189216.67668807498,485.37494891414013
9,320.0,1.017,0.313,-12.66,5.77,-702602.890015315,119571.675825531,217363.54703362298,-2583.9572014290134,438.00042853031454,-576.1016392649799,0.08401999246459255,-9.092413747111668e-10,-9.914776354008326,-12.397450760354822,170.3793759505951,7.885360597649264,2.7107953817065596e-05,7.529388696928609e-12,3252.3,-1111295.6044207597,189216.67668807498,485.37494891414013
9,321.0,1.017,0.313,-12.66,5.77,-705186.8049657489,120009.67625406085,216782.48800823872,-2583.8724584398256,438.0004285293735,-586.0164094567639,0.08546598561679243,-9.736938544385084e-10,-9.914763994404213,-12.604438947219995,170.37906632166576,7.891427426037725,2.9089425835208294e-05,8.067335397758939e-12,3252.3,-1111295.6044207597,189216.67668807498,485.37494891414013
9,322.0,1.017,0.313,-12.66,5.77,-707770.6344501973,120447.67668258972,216191.51421887765,-2583.7862694583805,438.0004285283651,-595.9311671834768,0.08691197697294854,-1.0439269323627818e-09,-9.914751423865924,-12.811112906321961,170.37875138920518,7.8975929939044,3.1253258239453524e-05,8.653900571778607e-12,3252.3,-1111295.6044207597,189216.67668807498,485.37494891414013
9,323.0,1.017,0.313,-12.66,5.77,-710354.3770226691,120885.67711111755,215590.6256781103,-2583.6986344864895,438.0004285272834,-605.8459122341823,0.08835796650444745,-1.1205318151171263e-09,-9.914738642388613,-13.017468317923335,170.37843115219013,7.903857070046844,3.3618407721050575e-05,9.294051642861099e-12,3252.3,-1111295.6044207597,189216.67668807498,485.37494891414013
9,324.0,1.017,0.313,-12.66,5.77,-712938.0312371743,121323.67753964425,214979.82239871813,-2583.609553525991,438.0004285261216,-615.7606443979388,0.08980395418289765,-1.2041592280602524e-09,-9.914725649966844,-13.223500907603247,170.37810560958013,7.91021942030674,3.6206005790926046e-05,9.993316748352933e-12,3252.3,-1111295.6044207597,189216.67668807498,485.37494891414013
9,325.0,1.017,0.313,-12.66,5.77,-715521.5956477255,121761.67796816977,214359.10439369356,-2583.5190265787533,438.00042852487246,-625.6753634637988,0.0912499399801758,-1.2955308518810776e-09,-9.914712446594502,-13.429206446639725,170.37777476031738,7.916679807610688,3.903962868515475e-05,1.0757853246614201e-11,3252.3,-1111295.6044207597,189216.67668807498,485.37494891414013
9,326.0,1.017,0.313,-12.66,5.77,-718105.068808337,122199.67839669395,213728.47167624003,-2583.4270536466697,438.00042852352766,-635.5900692208082,0.09269592386843584,-1.395462458196677e-09,-9.914699032264737,-13.63458075237718,170.37743860332674,7.92323799201127,4.2145603103260655e-05,1.1594525183418855e-11,3252.3,-1111295.6044207597,189216.67668807498,485.37494891414013
9,327.0,1.017,0.313,-12.66,5.77,-720688.4492730248,122637.67882521676,213087.92425977174,-2583.3336347316636,438.00042852207827,-645.5047614580061,0.0941419058201745,-1.5048484212723277e-09,-9.914685406969792,-13.83961968857889,170.3770971375156,7.9298937307283985,4.5553352823748444e-05,1.2510990960041836e-11,3252.3,-1111295.6044207597,189216.67668807498,485.37494891414013
9,328.0,1.017,0.313,-12.66,5.77,-723271.7355958066,123075.67925373808,212437.46215791407,-2583.238769835686,438.00042852051445,-655.4194399644227,0.09558788580823362,-1.6247028681322997e-09,-9.914671570700989,-14.044319165764572,170.37675036177413,7.936646778190885,4.929579198947247e-05,1.3515802627585634e-11,3252.3,-1111295.6044207597,189216.67668807498,485.37494891414013
9,329.0,1.017,0.313,-12.66,5.77,-725854.9263307033,123513.67968225777,211777.08538450333,-2583.142458960713,438.000428518825,-665.3341045290796,0.09703386380587391,-1.7561441572073537e-09,-9.914657523448522,-14.248675141533052,170.37639827497512,7.943496886078252,5.340977172002679e-05,1.4618518441697226e-11,3252.3,-1111295.6044207597,189216.67668807498,485.37494891414013
9,330.0,1.017,0.313,-12.66,5.77,-728438.0200317361,123951.6801107757,211106.79395358672,-2583.044702108749,438.0004285169979,-675.2487549409876,0.0984798397868016,-1.9004276295460083e-09,-9.91464326520134,-14.452683620870014,170.3760408759738,7.950443803362763,5.793658770809484e-05,1.582983055373936e-11,3252.3,-1111295.6044207597,189216.67668807498,485.37494891414013
9,331.0,1.017,0.313,-12.66,5.77,-731021.0152529292,124389.68053929173,210426.58787942244,-2582.9454992818232,438.0004285150193,-685.1633909891457,0.09992581372524471,-2.0589636319671777e-09,-9.914628795947008,-14.656340656440872,170.37567816360834,7.957487276351654,6.292255761378208e-05,1.7161709993933674e-11,3252.3,-1111295.6044207597,189216.67668807498,485.37494891414013
9,332.0,1.017,0.313,-12.66,5.77,-733603.9105483089,124827.6809678057,209736.46717647984,-2582.8448504819894,438.0004285128744,-695.0780124625403,0.10137178559600452,-2.2333214280942713e-09,-9.914614115671476,-14.859642348868908,170.37531013669923,7.964627048729531,6.841967841112086e-05,1.8627571425045722e-11,3252.3,-1111295.6044207597,189216.67668807498,485.37494891414013
9,333.0,1.017,0.313,-12.66,5.77,-736186.7044719029,125265.68139631742,209036.43185943912,-2582.742755711329,438.0004285105466,-704.992619150142,0.10281775537452159,-2.425270371127127e-09,-9.914599224358891,-15.062584846998453,170.37493679404966,7.971862861600985,7.448637539447383e-05,2.0242460518949917e-11,3252.3,-1111295.6044207597,189216.67668807498,485.37494891414013
9,334.0,1.017,0.313,-12.66,5.77,-738769.3955777419,125703.68182482674,208326.48194319164,-2582.639214971947,438.00042850801725,-714.9072108409052,0.1042637230369803,-2.6367799881258116e-09,-9.914584121991313,-15.265164348143557,170.37455813444546,7.97919445353331,8.11883563548127e-05,2.20232672411802e-11,3252.3,-1111295.6044207597,189216.67668807498,485.37494891414013
9,335.0,1.017,0.313,-12.66,5.77,-741351.982419858,126141.6822533334,207606.61744283978,-2582.5342282659694,438.0004285052657,-724.8217873237649,0.10570968856037347,-2.870080960367624e-09,-9.914568808548504,-15.467377098321853,170.37417415665496,7.98662156059939,8.859958652842596e-05,2.398896883007656e-11,3252.3,-1111295.6044207597,189216.67668807498,485.37494891414013
9,336.0,1.017,0.313,-12.66,5.77,-743934.4635522857,126579.68268183718,206876.83837369696,-2582.4277955955477,438.00042850226885,-734.7363483876347,0.10715565192261685,-3.127659786315907e-09,-9.91455328400754,-15.669219392473869,170.37378485942918,7.994143916420721,9.68034023521676e-05,2.6160906838739786e-11,3252.3,-1111295.6044207597,189216.67668807498,485.37494891414013
9,337.0,1.017,0.313,-12.66,5.77,-746516.8375290617,127017.68311033785,206137.14475128773,-2582.3199169628533,438.0004284990012,-744.6508938214038,0.10860161310268227,-3.4123310164670363e-09,-9.914537548342475,-15.870687574667835,170.37339024150154,8.001761252210517,0.00010589378488715813,2.8563103283049503e-11,3252.3,-1111295.6044207597,189216.67668807498,485.37494891414013
9,338.0,1.017,0.313,-12.66,5.77,-749099.1029042247,127455.6835388351,205387.53659134769,-2582.2105923700783,438.0004284954339,-754.5654234139337,0.11004757208070058,-3.7272503442953485e-09,-9.9145216015239,-16.071778038290045,170.37299030158817,8.009473296816948,0.00011597681706418473,3.122262172313684e-11,3252.3,-1111295.6044207597,189216.67668807498,485.37494891414013
9,339.0,1.017,0.313,-12.66,5.77,-751681.2582318159,127893.6839673286,204628.01390982379,-2582.0998218194336,438.0004284915351,-764.4799369540541,0.11149352883814892,-4.075975419548679e-09,-9.914505443518472,-16.272487226220857,170.37258503838774,8.017279776766424,0.00012717235273795922,3.416998001727501e-11,3252.3,-1111295.6044207597,189216.67668807498,485.37494891414013
9,340.0,1.017,0.313,-12.66,5.77,-754263.3020658784,128331.68439581804,203858.576722874,-2581.987605313149,438.00042848726906,-774.39443423056,0.11293948335800251,-4.462528389767034e-09,-9.914489074288364,-16.47281163099647,170.3721744505814,8.025180416306991,0.00013961593000714646,3.743962254776558e-11,3252.3,-1111295.6044207597,189216.67668807498,485.37494891414013
9,341.0,1.017,0.313,-12.66,5.77,-756845.2329604577,128769.68482430301,203079.22504686756,-2581.873942853469,438.00042848259574,-784.3089150322057,0.11438543562493556,-4.891434193247982e-09,-9.914472493790594,-16.672747794956543,170.37175853683289,8.033174937451744,0.0001534609664722626,4.1070460953382564e-11,3252.3,-1111295.6044207597,189216.67668807498,485.37494891414013
9,342.0,1.017,0.313,-12.66,5.77,-759427.0494696016,129207.68525278309,202289.95889838494,-2581.7588344426554,438.0004284774701,-794.2233791476996,0.11583138562555355,-5.367817484809332e-09,-9.91445570197632,-16.872292310377716,170.37133729578844,8.041263060022299,0.00016888128019373135,4.510649384218517e-11,3252.3,-1111295.6044207597,189216.67668807498,485.37494891414013
9,343.0,1.017,0.313,-12.66,5.77,-762008.7501473601,129645.6856812578,201490.7782942179,-2581.6422800829782,438.000428471842,-804.1378263656977,0.11727733334864822,-5.8974645860035075e-09,-9.914438698789974,-17.071441819593304,170.3709107260769,8.04944450169229,0.0001860739872301155,4.959751763713156e-11,3252.3,-1111295.6044207597,189216.67668807498,485.37494891414013
9,344.0,1.017,0.313,-12.66,5.77,-764590.3335477854,130083.6861097266,200681.68325136972,-2581.52427977672,438.0004284656548,-814.0522564747974,0.11872327878549215,-6.486927154233079e-09,-9.914421484168292,-17.27019301509909,170.37047882630955,8.057718978030891,0.00020526283496231045,5.4599942666389345e-11,3252.3,-1111295.6044207597,189216.67668807498,485.37494891414013
9,345.0,1.017,0.313,-12.66,5.77,-767171.798224932,130521.6865381889,199862.67378705498,-2581.404833526172,438.00042845884536,-823.9666692635277,0.12016922193016827,-7.143630660598744e-09,-9.914404058039182,-17.468542639645435,170.37004159508024,8.06608620254631,0.00022670204015636094,6.017773089938428e-11,3252.3,-1111295.6044207597,189216.67668807498,485.37494891414013
9,346.0,1.017,0.313,-12.66,5.77,-769753.142732857,130959.68696664406,199033.74991869985,-2581.2839413336255,438.0004284513419,-833.8810645203408,0.12161516277995887,-7.875995134512264e-09,-9.914386420320438,-17.666487486315898,170.36959903096542,8.074545886729295,0.0002506807121377344,6.640347440614443e-11,3252.3,-1111295.6044207597,189216.67668807498,485.37494891414013
9,347.0,1.017,0.313,-12.66,5.77,-772334.3656256194,131397.68739509134,198194.91166394204,-2581.161603201377,438.0004284430643,-843.7954420336017,0.12306110133579312,-8.69357143311068e-09,-9.914368570918203,-17.86402439859236,170.3691511325239,8.083097740096605,0.00027752795484206345,7.33596367495765e-11,3252.3,-1111295.6044207597,189216.67668807498,485.37494891414013
9,348.0,1.017,0.313,-12.66,5.77,-774915.4654572806,131835.6878235299,197346.159040631,-2581.0378191317172,438.00042843392214,-853.7098015915738,0.12450703760273522,-9.607211289314272e-09,-9.914350509725269,-18.06115027040684,170.36869789829714,8.091741470234439,0.0003076187572250783,8.113998318847027e-11,3252.3,-1111295.6044207597,189216.67668807498,485.37494891414013
9,349.0,1.017,0.313,-12.66,5.77,-777496.4407819051,132273.68825195887,196487.4920668278,-2580.9125891269314,438.00042842381305,-863.6241429824071,0.12595297159056465,-1.062926142638756e-08,-9.914332236619044,-18.257862046180293,170.36823932680906,8.10047678284182,0.0003413807999775343,8.985122986870496e-11,3252.3,-1111295.6044207597,189216.67668807498,485.37494891414013
9,350.0,1.017,0.313,-12.66,5.77,-780077.2901535649,132711.68868037724,195618.91076080565,-2580.78591318929,438.00042841262183,-873.5384659941202,0.1273989033144469,-1.1773768377055223e-08,-9.914313751459243,-18.454156720848236,170.36777541656616,8.10930338177389,0.000379302328197064,9.961494722418867e-11,3252.3,-1111295.6044207597,189216.67668807498,485.37494891414013
9,351.0,1.017,0.313,-12.66,5.77,-782658.0121264182,133149.6891087838,194740.41514104843,-2580.6577913210485,438.0004284002183,-883.4527704145942,0.12884483279569064,-1.3056729350004243e-08,-9.914295054085137,-18.65003133987389,170.36730616605743,8.118220969085181,0.00042194126520993214,1.1056975873146444e-10,3252.3,-1111295.6044207597,189216.67668807498,485.37494891414013
9,352.0,1.017,0.313,-12.66,5.77,-785238.605255782,133587.6895371772,193852.00522623723,-2580.528223524433,438.0004283864552,-893.3670560317078,0.13029076006263074,-1.4496399287202235e-08,-9.914276144312485,-18.84548299925144,170.36683157375438,8.127229245072872,0.000469935772815035,1.2287388312150263e-10,3252.3,-1111295.6044207597,189216.67668807498,485.37494891414013
9,353.0,1.017,0.313,-12.66,5.77,-787819.0680203293,134025.6899655561,192953.681036278,-2580.3972098017543,438.00042837115626,-903.2813226218709,0.1317366851499876,-1.611359970417009e-08,-9.914257021929863,-19.040508845269027,170.36635163811178,8.136327908309205,0.0005240164986088388,1.3670807632011808e-10,3252.3,-1111295.6044207597,189216.67668807498,485.37494891414013
9,354.0,1.017,0.313,-12.66,5.77,-790399.3990056572,134463.69039391875,192045.44258989827,-2580.2647501551205,438.0004283541348,-913.1955699769773,0.133182608103922,-1.793212954535311e-08,-9.914237686694428,-19.235106075014926,170.365866357566,8.145516655709233,0.0005850207932045834,1.5227903910758397e-10,3252.3,-1111295.6044207597,189216.67668807498,485.37494891414013
9,355.0,1.017,0.313,-12.66,5.77,-792979.5968036234,134901.6908222634,191127.28990594938,-2580.1308445865784,438.00042833518006,-923.1097978895847,0.13462852898124908,-1.9979200331817872e-08,-9.914218138326977,-19.42927193604821,170.3653757305361,8.154795182560308,0.0006539092288924785,1.69823367672327e-10,3252.3,-1111295.6044207597,189216.67668807498,485.37494891414013
9,356.0,1.017,0.313,-12.66,5.77,-795559.6599725317,135339.69125058802,190199.2230039234,-2579.9954930981658,438.0004283140486,-933.0240061470217,0.13607444785007716,-2.2285959002871076e-08,-9.91419837650626,-19.623003726235325,170.36487975542386,8.164163182559168,0.0007317848102357285,1.8961213776884434e-10,3252.3,-1111295.6044207597,189216.67668807498,485.37494891414013
9,357.0,1.017,0.313,-12.66,5.77,-798139.5870669342,135777.69167889032,189261.24190357522,-2579.8586956918466,438.00042829046276,-942.9381945357195,0.13752036479224908,-2.488809305348426e-08,-9.91417840086228,-19.816298793775488,170.36437843061384,8.17362034785841,0.0008199153359607392,2.1195622894283825e-10,3252.3,-1111295.6044207597,189216.67668807498,485.37494891414013
9,358.0,1.017,0.313,-12.66,5.77,-800719.3766409656,136215.69210716762,188313.3466248798,-2579.7204523695013,438.0004282641068,-952.8523628416496,0.13896627990543095,-2.782653035970482e-08,-9.914158210968495,-20.00915453713762,170.36387175447328,8.183166369109305,0.0009197594530932287,2.3721251391215527e-10,3252.3,-1111295.6044207597,189216.67668807498,485.37494891414013
9,359.0,1.017,0.313,-12.66,5.77,-803299.0272487169,136653.692535417,187355.5371880271,-2579.5807631329,438.0004282346209,-962.7665108503166,0.14041219330548763,-3.114825236980745e-08,-9.91413780633274,-20.201568404977277,170.3633597253521,8.192800935503953,0.0010329970411992048,2.65791060269537e-10,3252.3,-1111295.6044207597,189216.67668807498,485.37494891414013
9,360.0,1.017,0.313,-12.66,5.77,-805878.5374442752,137091.6929636351,186387.81361342187,-2579.439627983687,438.00042820159496,-972.6806383466952,0.14185810512922026,-3.490724129097996e-08,-9.91411718638655,-20.39353789604122,170.36284234158302,8.20252373481726,0.0011615646793886676,2.9816351776373474e-10,3252.3,-1111295.6044207597,189216.67668807498,485.37494891414013
9,361.0,1.017,0.313,-12.66,5.77,-808457.9057817288,137529.6933918182,185410.1759216842,-2579.297046923359,438.00042816456056,-982.5947451151471,0.14330401553750508,-3.916559341185809e-08,-9.9140963504728,-20.585060559060615,170.3623196014817,8.212334453448673,0.0013076970850118732,3.3487289531584416e-10,3252.3,-1111295.6044207597,189216.67668807498,485.37494891414013
9,362.0,1.017,0.313,-12.66,5.77,-811037.1308151671,137967.69381996203,184422.62413365018,-2579.153019953237,438.00042812298284,-992.5088309393246,0.1447499247189678,-4.399479360055624e-08,-9.914075297831078,-20.776133992633174,170.36179150334658,8.222232776463695,0.001473975574867489,3.765449685524598e-10,3252.3,-1111295.6044207597,189216.67668807498,485.37494891414013
9,363.0,1.017,0.313,-12.66,5.77,-813616.2110986809,138405.69424806163,183425.15827037263,-2579.007547074438,438.0004280762496,-1002.4228956020602,0.14619583289422322,-4.9477221748831284e-08,-9.914054027580686,-20.96675584509447,170.36125804545932,8.232218387635172,0.0016633847922324948,4.2390160208416975e-10,3252.3,-1111295.6044207597,189216.67668807498,485.37494891414013
9,364.0,1.017,0.313,-12.66,5.77,-816195.145186362,138843.69467611163,182417.77835312215,-2578.8606282878395,438.0004280236602,-1012.3369388852351,0.14764174032079747,-5.5707900634745844e-08,-9.9140325387006,-21.15692381437844,170.36071922608454,8.242290969484326,0.001879379172102789,4.777763223429027e-10,3252.3,-1111295.6044207597,189216.67668807498,485.37494891414013
9,365.0,1.017,0.313,-12.66,5.77,-818773.931632303,139281.69510410566,181400.48440338788,-2578.712263594039,438.0004279644117,-1022.2509605696282,0.14908764729883625,-6.279655735146503e-08,-9.91401083000602,-21.346635647867323,170.36017504347032,8.252450203321521,0.0021259608898985855,5.391325380928144e-10,3252.3,-1111295.6044207597,189216.67668807498,485.37494891414013
9,366.0,1.017,0.313,-12.66,5.77,-821352.5689906005,139719.69553203668,180373.27644287873,-2578.562452993313,438.00042789758265,-1032.1649604347385,0.15053355417776473,-7.08700009024524e-08,-9.913988900120799,-21.53588914223119,170.359625495848,8.262695769286745,0.0024077713641978454,6.090848786406062e-10,3252.3,-1111295.6044207597,189216.67668807498,485.37494891414013
9,367.0,1.017,0.313,-12.66,5.77,-823931.0558153916,140157.69595989658,179336.15449352431,-2578.4111964855565,438.00042782211517,-1042.0789382585838,0.15197946136401402,-8.007494910034251e-08,-9.913966747445015,-21.724682143257287,170.35907058143266,8.273027346389803,0.002730198772242154,6.889242065681372e-10,3252.3,-1111295.6044207597,189216.67668807498,485.37494891414013
9,368.0,1.017,0.313,-12.66,5.77,-826509.390661389,140595.6963876761,178289.11857746812,-2578.2584940702263,438.0004277367934,-1051.9928938175403,0.1534253693300355,-9.058129844356355e-08,-9.913944370116793,-21.913012545670593,170.35851029842323,8.283444612550266,0.0030995045005803943,7.801469652290961e-10,3252.3,-1111295.6044207597,189216.67668807498,485.37494891414013
9,369.0,1.017,0.313,-12.66,5.77,-829087.5721210062,141033.69681536497,177232.1687164903,-2578.1043457463056,438.0004276402584,-1061.906826891894,0.1548712786256458,-1.0258599488650132e-07,-9.913921765967418,-22.10087829305222,170.35794464500196,8.293947244643572,0.0035229720076698657,8.844896446423617e-10,3252.3,-1111295.6044207597,189216.67668807498,485.37494891414013
9,370.0,1.017,0.313,-12.66,5.77,-831665.5988101419,141471.6972429518,176165.30493220728,-2577.9487515122364,438.00042753097324,-1071.820737263386,0.15631718988995413,-1.1631755820410923e-07,-9.913898932468276,-22.288277377597083,170.35737361933505,8.304534918538128,0.004009082237700138,1.0039692964615411e-09,3252.3,-1111295.6044207597,189216.67668807498,485.37494891414013
9,371.0,1.017,0.313,-12.66,5.77,-834243.4691672261,141909.69767042206,175088.52724923854,-2577.7917113655994,438.00042740696824,-1081.7346246831562,0.157763103861045,-1.3204140226605444e-07,-9.913875866668466,-22.475207839311604,170.35679721957683,8.315207309097959,0.004567720517963281,1.1409312043127715e-09,3252.3,-1111295.6044207597,189216.67668807498,485.37494891414013
9,372.0,1.017,0.313,-12.66,5.77,-836821.1817556096,142347.69809776006,174001.8356905099,-2577.633225303278,438.0004272661097,-1091.6484889186713,0.15920902139955767,-1.500661005263262e-07,-9.913852565120933,-22.66166776668172,170.35621544386467,8.32596409027437,0.005210420830661424,1.2981050277254704e-09,3252.3,-1111295.6044207597,189216.67668807498,485.37494891414013
9,373.0,1.017,0.313,-12.66,5.77,-839398.7351352643,142785.6985249477,172905.23027923037,-2577.473293321226,438.00042710593004,-1101.56232973317,0.16065494350532172,-1.707507563187394e-07,-9.913829023795222,-22.847655296066012,170.35562829032162,8.336804935121549,0.005950654480494716,1.4786709867339283e-09,3252.3,-1111295.6044207597,189216.67668807498,485.37494891414013
9,374.0,1.017,0.313,-12.66,5.77,-841976.1278602737,143223.6989519644,171798.711038935,-2577.3119154143396,438.00042692357596,-1111.476146884695,0.16210087134014942,-1.9451369335760377e-07,-9.913805237974332,-23.03316861144925,170.35503575705724,8.34772951583363,0.006804171560487263,1.6863379581154292e-09,3252.3,-1111295.6044207597,189216.67668807498,485.37494891414013
9,375.0,1.017,0.313,-12.66,5.77,-844553.3584842723,143661.69937878635,170682.27799342608,-2577.149091576194,438.00042671571725,-1121.3899401258384,0.16354680625469395,-2.2184268258219856e-07,-9.913781202132608,-23.21820594420231,170.35443784216835,8.358737503781878,0.007789405262656944,1.9254357146968205e-09,3252.3,-1111295.6044207597,189216.67668807498,485.37494891414013
9,376.0,1.017,0.313,-12.66,5.77,-847130.4255614448,144099.69980538607,169555.9311667376,-2576.9848217989456,438.0004264785116,-1131.3037092034538,0.16499274981993897,-2.533070621713197e-07,-9.913756909791061,-23.402765572832347,170.35383454373977,8.369828569551979,0.008927951063609932,2.2010239730932188e-09,3252.3,-1111295.6044207597,189216.67668807498,485.37494891414013
9,377.0,1.017,0.313,-12.66,5.77,-849707.3276458806,144537.7002317321,168419.67058316089,-2576.8191060730574,438.00042620750133,-1141.2174538573668,0.16643870386401233,-2.895720041579068e-07,-9.913732353345823,-23.586845822708298,170.35322585984508,8.381002382979347,0.010245135202778309,2.5190214362788015e-09,3252.3,-1111295.6044207597,189216.67668807498,485.37494891414013
9,378.0,1.017,0.313,-12.66,5.77,-852284.0632916078,144975.70065778805,167273.4962672536,-2576.6519443870116,438.00042589750666,-1151.1311738191182,0.1678846705155236,-3.3141541570224455e-07,-9.913707523864648,-23.770445065780123,170.35261178854822,8.392258613184019,0.011770689748784468,2.886358643815088e-09,3252.3,-1111295.6044207597,189216.67668807498,485.37494891414013
9,379.0,1.017,0.313,-12.66,5.77,-854860.6310526629,145413.70108351207,166117.4082438462,-2576.4833367269916,438.0004255425058,-1161.0448688105632,0.16933065225447785,-3.7974793514830856e-07,-9.913682410845276,-23.95356172028865,170.35199232790467,8.403596928604966,0.013539555020793268,3.311159196304558e-09,3252.3,-1111295.6044207597,189216.67668807498,485.37494891414013
9,380.0,1.017,0.313,-12.66,5.77,-857437.0294830647,145851.7015088557,164951.4065380526,-2576.3132830765035,438.0004251354901,-1170.9585385421524,0.17077665197226108,-4.3563662334831475e-07,-9.913657001928375,-24.136194250463607,170.3513674759634,8.415016997033417,0.015592834323310656,3.802954828470028e-09,3252.3,-1111295.6044207597,189216.67668807498,485.37494891414013
9,381.0,1.017,0.313,-12.66,5.77,-860013.2571368127,146289.70193376296,163775.49117528304,-2576.1417834159233,438.0004246682943,-1180.8721827109075,0.17222267304229547,-5.003330404216867e-07,-9.913631282556223,-24.318341166210445,170.35073723076857,8.42651848564522,0.017978931018732856,4.372940899663074e-09,3252.3,-1111295.6044207597,189216.67668807498,485.37494891414013
9,382.0,1.017,0.313,-12.66,5.77,-862589.3125678856,146727.702358169,162589.6621812582,-2575.968837721981,438.00042413139556,-1190.7858009980266,0.17366871940342768,-5.753065522161383e-07,-9.913605235566665,-24.500001022784947,170.35010159036221,8.438101061032143,0.020754904090046936,5.034280191124897e-09,3252.3,-1111295.6044207597,189216.67668807498,485.37494891414013
9,383.0,1.017,0.313,-12.66,5.77,-865165.1943302364,147165.70278199876,161393.91958202687,-2575.7944459671435,438.00042351367665,-1200.699393066046,0.17511479565837088,-6.622838943925999e-07,-9.913578840709901,-24.68117242045518,170.34946055278692,8.449764389231893,0.02398808576604396,5.8024644941373496e-09,3252.3,-1111295.6044207597,189216.67668807498,485.37494891414013
9,384.0,1.017,0.313,-12.66,5.77,-867740.9009777888,147603.70320516507,160188.2634039859,-2575.6186081188957,438.00042280214564,-1210.612958555473,0.17656090719012674,-7.632961759374653e-07,-9.913552074073044,-24.861854004149414,170.34881411608936,8.46150813575674,0.027758013773970493,6.695745401066122e-09,3252.3,-1111295.6044207597,189216.67668807498,485.37494891414013
9,385.0,1.017,0.313,-12.66,5.77,-870316.4310644302,148041.7036275667,158972.6936739043,-2575.4413241388925,438.0004219816044,-1220.5264970807898,0.17800706029981428,-8.807347718460718e-07,-9.913524907394601,-25.042044463089134,170.34816227832417,8.473331965620476,0.032158741693126436,7.73564804389925e-09,3252.3,-1111295.6044207597,189216.67668807498,485.37494891414013
9,386.0,1.017,0.313,-12.66,5.77,-872891.7831440074,148479.704049086,157747.21041895155,-2575.2625939819627,438.00042103425585,-1230.4400082257075,0.17945326236999995,-1.017417836293784e-06,-9.91349730724769,-25.221742530405386,170.34750503755885,8.485235543363531,0.037301604128158285,8.947584349806943e-09,3252.3,-1111295.6044207597,189216.67668807498,485.37494891414013
9,387.0,1.017,0.313,-12.66,5.77,-875466.9557703176,148917.70446958597,156511.81366673106,-2575.0824175949315,438.0004199392393,-1240.3534915375294,0.1808995220586367,-1.1766694839259506e-06,-9.913469234066447,-25.400946982736947,170.34684239187948,8.497218533075868,0.04331852951826177,1.0361585807565206e-08,3252.3,-1111295.6044207597,189216.67668807498,485.37494891414013
9,388.0,1.017,0.313,-12.66,5.77,-878041.9474970998,149355.70488890706,155266.50344532,-2574.9007949152333,438.0004186720782,-1250.266946520448,0.1823458495295369,-1.362414156022897e-06,-9.913440640985714,-25.579656639807894,170.34617433939758,8.50928059841735,0.050366012980733094,1.2013179893420338e-08,3252.3,-1111295.6044207597,189216.67668807498,485.37494891414013
9,389.0,1.017,0.313,-12.66,5.77,-880616.7568780258,149793.70530686315,154011.2797833161,-2574.7177258692745,438.0004172040252,-1260.1803726275755,0.18379225672684307,-1.579289065769089e-06,-9.913411472458115,-25.757870363982097,170.34550087825804,8.521421402635148,0.058629885431102244,1.3944439350617485e-08,3252.3,-1111295.6044207597,189216.67668807498,485.37494891414013
9,390.0,1.017,0.313,-12.66,5.77,-883191.3824666872,150231.70572323687,152746.14270989338,-2574.5332103704936,438.0004155012845,-1270.0937692514594,0.18523875770235754,-1.8327783544560068e-06,-9.91338166260643,-25.935587059791473,170.34482200664908,8.533640608577661,0.06833104428216169,1.6205239650107745e-08,3252.3,-1111295.6044207597,189216.67668807498,485.37494891414013
9,391.0,1.017,0.313,-12.66,5.77,-885765.8228165818,150669.70613777416,151471.09225486824,-2574.347248317062,438.0004135240872,-1280.007135712802,0.1866853690068052,-2.1293730804837635e-06,-9.913351133261505,-26.11280567343423,170.3441377228135,8.54593787870434,0.07973234647519838,1.8854767422303854e-08,3252.3,-1111295.6044207597,189216.67668807498,485.37494891414013
9,392.0,1.017,0.313,-12.66,5.77,-888340.0764810963,151107.70655017783,150186.12844877792,-2574.15983958916,438.00041122559173,-1289.9204712470346,0.18813211015841286,-2.4767621942050116e-06,-9.913319791627568,-26.28952519223878,170.3434480250626,8.558312875090708,0.09314690788501852,2.196333173766292e-08,3252.3,-1111295.6044207597,189216.67668807498,485.37494891414013
9,393.0,1.017,0.313,-12.66,5.77,-890914.142013488,151545.70696009975,148891.25132297314,-2573.970984045736,438.0004085505751,-1299.8337749883422,0.18957900420554186,-2.884060468531099e-06,-9.913287527507304,-26.465744644087856,170.3427529117925,8.57076525942769,0.10894810604860777,2.5614541191801092e-08,3252.3,-1111295.6044207597,189216.67668807498,485.37494891414013
9,394.0,1.017,0.313,-12.66,5.77,-893488.0179668602,151983.7073671317,147586.46090972907,-2573.780681520646,438.00040543387536,-1309.7470459506615,0.19102607840419922,-3.3620805705964937e-06,-9.913254210008716,-26.641463096796933,170.34205238150352,8.583294693014198,0.1275816478947188,2.990792326722673e-08,3252.3,-1111295.6044207597,189216.67668807498,485.37494891414013
9,395.0,1.017,0.313,-12.66,5.77,-896061.7028941364,152421.70777079448,146271.75724237625,-2573.588931818053,438.00040179853573,-1319.6602830050897,0.19247336503637857,-3.923657797984776e-06,-9.913219683644833,-26.81667965743964,170.3413464328236,8.595900836741778,0.14958014341396172,3.496207895088457e-08,3252.3,-1111295.6044207597,189216.67668807498,485.37494891414013
9,396.0,1.017,0.313,-12.66,5.77,-898635.1953480268,152859.7081705255,144947.1403554548,-2573.3957347069786,438.0003975536188,-1329.5734848533493,0.19392090240230725,-4.584037627842342e-06,-9.913183763726394,-26.991393471616618,170.34063506453532,8.608583351070381,0.17558072336235664,4.0918485765259713e-08,3252.3,-1111295.6044207597,189216.67668807498,485.37494891414013
9,397.0,1.017,0.313,-12.66,5.77,-901208.4938809904,153297.70856566285,143612.6102849024,-2573.201089914588,438.00039259152413,-1339.4866499953669,0.19536873602851068,-5.3613379427249615e-06,-9.913146230939212,-27.165603722640025,170.33991827560928,8.621341895991298,0.20634635828753992,4.794608706064743e-08,3252.3,-1111295.6044207597,189216.67668807498,485.37494891414013
9,398.0,1.017,0.313,-12.66,5.77,-903781.5970451887,153735.70895542734,142268.16706827597,-2573.0049971182143,438.00038678483736,-1349.399776691419,0.19681692014620095,-6.277100041888681e-06,-9.913106824989669,-27.33930963064404,170.33919606524293,8.634176130977664,0.2427916825478232,5.624683565462532e-08,3252.3,-1111295.6044207597,189216.67668807498,485.37494891414013
9,399.0,1.017,0.313,-12.66,5.77,-906354.5033924324,154173.70933890098,140913.81074500605,-2572.807455935996,438.0003799826743,-1359.312862918591,0.198265519510649,-7.356945144957375e-06,-9.913065237198294,-27.512510451620663,170.33846843290516,8.647085714921595,0.28601430693135277,6.60623969737005e-08,3252.3,-1111295.6044207597,189216.67668807498,485.37494891414013
9,400.0,1.017,0.313,-12.66,5.77,-908927.2114741154,154611.70971500152,139549.54135671107,-2572.608465915082,438.00037200614827,-1369.2259063173165,0.1997146116550665,-8.631355465880002e-06,-9.91302110193755,-27.685205476320622,170.3377353783909,8.660070306049064,0.3373328248788664,7.768226233740438e-08,3252.3,-1111295.6044207597,189216.67668807498,485.37494891414013
9,401.0,1.017,0.313,-12.66,5.77,-911499.719841138,155049.7100824515,138175.35894756232,-2572.4080265175626,438.0003626430835,-1379.1389041299362,0.20116428970444156,-1.0136602660652076e-05,-9.912973986825435,-27.85739402905529,170.33699690188388,8.673129561815262,0.39833298998778793,9.145357889140283e-08,3252.3,-1111295.6044207597,189216.67668807498,485.37494891414013
9,402.0,1.017,0.313,-12.66,5.77,-914072.0270438127,155487.71043974202,136791.26356471726,-2572.206137103171,438.0003516416878,-1389.0518531284872,0.20261466591920185,-1.1915849878994573e-05,-9.912923381642436,-28.029075466364834,170.33625300402966,8.686263138773626,0.47092387862125235,1.0779307137722308e-07,3252.3,-1111295.6044207597,189216.67668807498,485.37494891414013
9,403.0,1.017,0.313,-12.66,5.77,-916644.131631752,155925.71078508964,135397.25525883117,-2572.0027969079742,438.0003387030235,-1398.9647495307604,0.20406587620301625,-1.4020457919876845e-05,-9.912868686027402,-28.20024917554829,170.33550368602005,8.699470692414756,0.5574062662417404,1.2720151544265075e-07,3252.3,-1111295.6044207597,189216.67668807498,485.37494891414013
9,404.0,1.017,0.313,-12.66,5.77,-919216.032153732,156363.7111163846,133993.3340846582,-2571.798005017967,438.0003234720609,-1408.8775889036165,0.20551808590168316,-1.6511531282200415e-05,-9.912809196156713,-28.370914573054165,170.3347489496897,8.712751876970463,0.6605559584295254,1.502813262989608e-07,3252.3,-1111295.6044207597,189216.67668807498,485.37494891414013
9,405.0,1.017,0.313,-12.66,5.77,-921787.7271575261,156801.71143112984,132579.50010175668,-2571.591760336015,438.0003055270454,-1418.7903660525737,0.2069714973564509,-1.946174597490165e-05,-9.9127440908494,-28.541071102735334,170.33398879762422,8.726106345177012,0.7837254509816503,1.777579548804169e-07,3252.3,-1111295.6044207597,189216.67668807498,485.37494891414013
9,406.0,1.017,0.313,-12.66,5.77,-924359.2151897021,157239.71172636788,131155.75337531112,-2571.3840615401123,438.0002843668754,-1428.7030748975608,0.20842635987680594,-2.2957509669142564e-05,-9.9126724179065,-28.710718233992406,170.33322323327954,8.739533747991695,0.9309680773978404,2.1050594205733775e-07,3252.3,-1111295.6044207597,189216.67668807498,485.37494891414013
9,407.0,1.017,0.313,-12.66,5.77,-926930.4947953715,157677.71199859446,129722.0939770857,-2571.1749070300643,438.00025939613005,-1438.6157083356584,0.20988298309926112,-2.7101516816772687e-05,-9.912593082043195,-28.879855459853676,170.33245226110955,8.753033734255974,1.1071897731314577,2.495806771181007e-07,3252.3,-1111295.6044207597,189216.67668807498,485.37494891414013
9,408.0,1.017,0.313,-12.66,5.77,-929501.564517879,158115.7122436554,128278.5219865201,-2570.964294858557,438.0002299073094,-1448.5282580934308,0.21134175515286385,-3.2015780453385835e-05,-9.912504836581736,-29.04848229508064,170.33167588669633,8.766605950298288,1.3183347900696483,2.962571486690243e-07,3252.3,-1111295.6044207597,189216.67668807498,485.37494891414013
9,409.0,1.017,0.313,-12.66,5.77,-932072.4228984118,158553.71245662437,126825.03749197639,-2570.752222640802,438.0001950597605,-1458.4407145741598,0.2128031677390866,-3.784525390027424e-05,-9.912406282238605,-29.21659827444993,170.33089411687288,8.780250039469227,1.5716131891716145,3.520772755339897e-07,3252.3,-1111295.6044207597,189216.67668807498,485.37494891414013
9,410.0,1.017,0.313,-12.66,5.77,-934643.0684755044,158991.71263165752,125361.6405921373,-2570.5386874344035,438.0001538546193,-1468.3530667094026,0.21426785127766082,-4.476220926044851e-05,-9.912295877983004,-29.384202951453968,170.33010695982261,8.79396564160178,1.875779795871839,4.18907776191454e-07,3252.3,-1111295.6044207597,189216.67668807498,485.37494891414013
9,411.0,1.017,0.313,-12.66,5.77,-937213.4997844052,159429.71276182093,123888.33139754472,-2570.3236855771443,438.0001051048938,-1478.26530183035,0.21573662485505288,-5.297163279584373e-05,-9.912171971204277,-29.55129589779802,170.3293144251281,8.807752392388947,2.241476611785109,4.990109952938724e-07,3252.3,-1111295.6044207597,189216.67668807498,485.37494891414013
9,412.0,1.017,0.313,-12.66,5.77,-939783.7153562512,159867.71283888468,122405.11003224761,-2570.107212464579,438.00004739947485,-1488.17740558313,0.21721056811465758,-6.271805866295888e-05,-9.912032857441973,-29.717876704266445,170.328516523729,8.821609922670216,2.68165355039739,5.951316768041772e-07,3252.3,-1111295.6044207597,189216.67668807498,485.37494891414013
9,413.0,1.017,0.313,-12.66,5.77,-942353.7137169787,160305.71285307803,120911.97663549756,-2569.889262240471,437.99997905932105,-1498.0893619243218,0.2186911258418928,-7.429453888374243e-05,-9.911876883795435,-29.88394498380846,170.3277132677275,8.83553785761569,3.2120859456561175,7.106033827207317e-07,3252.3,-1111295.6044207597,189216.67668807498,485.37494891414013
9,414.0,1.017,0.313,-12.66,5.77,-944923.4933858665,160743.71279279506,119408.93136338818,-2569.669827359864,437.99989808314444,-1508.0011532493334,0.22018026136768382,-8.805491231960968e-05,-9.911702614786874,-30.04950037808045,170.32690466994964,8.849535815790212,3.852011749011747,8.494791386740071e-07,3252.3,-1111295.6044207597,189216.67668807498,485.37494891414013
9,415.0,1.017,0.313,-12.66,5.77,-947493.0528735544,161181.71264423933,117895.97439026939,-2569.448897964768,437.9998020784185,-1517.912760727539,0.22168068273207556,-0.00010443129747786709,-9.911509084524122,-30.214542569206294,170.3260907431321,8.863603408065375,4.6249169068877665,1.0166919860646374e-06,3252.3,-1111295.6044207597,189216.67668807498,485.37494891414013
9,416.0,1.017,0.313,-12.66,5.77,-950062.3906793058,161619.71239098988,116373.10590968309,-2569.2264609832664,437.9996881710405,-1527.824164944512,0.22319617656973764,-0.00012395994213420454,-9.911296163467176,-30.379071299211628,170.32527149854764,8.87774023631886,5.559504379353642,1.2182524891310862e-06,3252.3,-1111295.6044207597,189216.67668807498,485.37494891414013
9,417.0,1.017,0.313,-12.66,5.77,-952631.5052871817,162057.71201346157,114840.32613444998,-2569.002498820882,437.9995528829937,-1537.7353469807915,0.22473209941933953,-0.00014732039252212433,-9.911065069731853,-30.543086400444654,170.32444694381505,8.891945891806367,6.690890978178157,1.4614919526020218e-06,3252.3,-1111295.6044207597,189216.67668807498,485.37494891414013
9,418.0,1.017,0.313,-12.66,5.77,-955200.3951606236,162495.71148822038,113297.63529539491,-2568.776987454557,437.9993919611572,-1547.6462900848198,0.22629609415570986,-0.00017539553939562385,-9.910819049461427,-30.70658784129474,170.32361707955656,8.906219952996981,8.06208711792854,1.7553622372522573e-06,3252.3,-1111295.6044207597,189216.67668807498,485.37494891414013
9,419.0,1.017,0.313,-12.66,5.77,-957769.0587347262,162933.71078709324,111745.03363802972,-2568.549893662491,437.9992001312594,-1557.5569821142985,0.2278991174125718,-0.00020936340597475084,-9.910564231054607,-30.869575792514905,170.3227818944781,8.920561982507666,9.725828255000684,2.1108057248924138e-06,3252.3,-1111295.6044207597,189216.67668807498,485.37494891414013
9,420.0,1.017,0.313,-12.66,5.77,-960337.4944051604,163371.70987597833,110182.52141634254,-2568.321171031311,437.9989707383496,-1567.4674189043553,0.22955687329849608,-0.0002508349497933199,-9.910310612354744,-31.03205072008143,170.3219413583814,8.934971522533877,11.746843953885373,2.541212317460017e-06,3252.3,-1111295.6044207597,189216.67668807498,485.37494891414013
9,421.0,1.017,0.313,-12.66,5.77,-962905.7005123113,163809.70871321755,108610.09888271744,-2568.0907542928385,437.998695219815,-1577.3776086406715,0.2312917290488676,-0.0003020537704017196,-9.910073051688313,-31.194013510123572,170.32109541261767,8.949448087844523,14.20467207516535,3.0629845290849e-06,3252.3,-1111295.6044207597,189216.67668807498,485.37494891414013
9,422.0,1.017,0.313,-12.66,5.77,-965473.6753187114,164247.70724733025,107027.76627301623,-2567.8585515035093,437.9983623425544,-1587.2875771169904,0.233135099092707,-0.0003661690906714183,-9.90987198247982,-31.355465628730766,170.3202439576604,8.96399115502176,17.197152674654863,3.696236962752743e-06,3252.3,-1111295.6044207597,189216.67668807498,485.37494891414013
9,423.0,1.017,0.313,-12.66,5.77,-968041.4169774101,164685.7054138359,105435.52378615078,-2567.6244336921936,437.99795713241116,-1597.1973733671073,0.23513005478236879,-0.00044757429614257445,-9.909733338208515,-31.516409312286914,170.31938683796332,8.978600146314275,20.8447702935857,4.4656630294534005e-06,3252.3,-1111295.6044207597,189216.67668807498,485.37494891414013
9,424.0,1.017,0.313,-12.66,5.77,-970608.9234887252,165123.7031308318,103833.37155828983,-2567.3882220565297,437.9974594522539,-1607.1070744949104,0.23733344260042355,-0.0005522560897002374,-9.909686853996353,-31.676847769196804,170.3185238253381,8.993274406560298,25.296056252757094,5.40161001534202e-06,3252.3,-1111295.6044207597,189216.67668807498,485.37494891414013
9,425.0,1.017,0.313,-12.66,5.77,-973176.1926433912,165561.70029298842,102221.30963350128,-2567.1496738907954,437.9968422816616,-1617.0167875012814,0.23981595578466985,-0.0006880074052794386,-9.909761526431343,-31.836785347181024,170.31765460407368,9.008013172734767,30.734316686280653,6.541413971708723e-06,3252.3,-1111295.6044207597,189216.67668807498,485.37494891414013
9,426.0,1.017,0.313,-12.66,5.77,-975743.2219522614,165999.6967637743,100599.33793550202,-2566.908470564295,437.99606996562545,-1626.9266445040807,0.24265736110933606,-0.0008642131214105512,-9.90997662101463,-31.99622757760109,170.31677876427585,9.022815538666661,37.3860203530519,7.931058950661404e-06,3252.3,-1111295.6044207597,189216.67668807498,485.37494891414013
9,427.0,1.017,0.313,-12.66,5.77,-978310.0085676822,166437.6923661618,98967.45624966641,-2566.664214396137,437.99509707444446,-1636.8367859237605,0.24593269468255352,-0.0010907555916140816,-9.910326266326,-32.15518094521753,170.31589581484766,9.03768042311557,45.53126656454778,9.627241541423374e-06,3252.3,-1111295.6044207597,189216.67668807498,485.37494891414013
9,428.0,1.017,0.313,-12.66,5.77,-980876.5492107469,166875.68687294933,97325.66423091006,-2566.4164458403216,437.9938690083637,-1646.7473241034834,0.24968469869672508,-0.0013755464064715037,-9.910755294662428,-32.31365215397704,170.31500523380993,9.05260655694981,55.51686274040039,1.1699942369463074e-05,3252.3,-1111295.6044207597,189216.67668807498,485.37494891414013
9,429.0,1.017,0.313,-12.66,5.77,-983442.8401321498,167313.67999917452,95673.96146184181,-2566.164696253902,437.99232583138314,-1656.6582771774097,0.25388036402758624,-0.0017205941009616858,-9.911123345197659,-32.47164658016868,170.3141065803832,9.067592509755666,67.77267932196139,1.4235632328894124e-05,3252.3,-1111295.6044207597,189216.67668807498,485.37494891414013
9,430.0,1.017,0.313,-12.66,5.77,-986008.8771495442,167751.67140045203,94012.34759742678,-2565.9085896307647,437.99041033560184,-1666.5694596814058,0.258359028879908,-0.0021178620989011996,-9.91115373621857,-32.62916557319583,170.31319969680118,9.082636765061908,82.83212466422799,1.734127424499729e-05,3252.3,-1111295.6044207597,189216.67668807498,485.37494891414013
9,431.0,1.017,0.313,-12.66,5.77,-988574.6558108783,168189.66068105,92340.82264715919,-2565.6479898615526,437.98807888032024,-1676.4803142755977,0.2627998532160372,-0.002548735829377343,-9.91036744050837,-32.786202404749794,170.31228501889302,9.097737806818847,101.35780310326375,2.1149322188796642e-05,3252.3,-1111295.6044207597,189216.67668807498,485.37494891414013
9,432.0,1.017,0.313,-12.66,5.77,-991140.1717116231,168627.64741171268,90659.38745884222,-2565.3831487892826,437.9853083642362,-1686.3896777145724,0.2667647516635326,-0.0029935110437165225,-9.908025257171147,-32.942737228609296,170.31136397404296,9.112894090569231,124.17369598312538,2.5823973029857933e-05,3252.3,-1111295.6044207597,189216.67668807498,485.37494891414013
9,433.0,1.017,0.313,-12.66,5.77,-993705.4209173762,169065.63114739658,88968.04445415123,-2565.1147444850394,437.98208656949697,-1696.2955268944547,0.269884652691782,-0.003455213948733159,-9.903168887980527,-33.09873290405551,170.31043933380164,9.128103696257512,152.30555121968152,3.156899091115338e-05,3252.3,-1111295.6044207597,189216.67668807498,485.37494891414013
9,434.0,1.017,0.313,-12.66,5.77,-996270.4003048876,169503.61142194885,87266.79855765658,-2564.8436531119405,437.9783747414887,-1706.194895490605,0.2721981577967973,-0.003987805422376102,-9.894965614838819,-33.25413622206331,170.30951518200123,9.143363588294953,187.0316062077651,3.863750916863578e-05,3252.3,-1111295.6044207597,189216.67668807498,485.37494891414013
9,435.0,1.017,0.313,-12.66,5.77,-998835.1074978561,169941.5876943022,85555.65796174186,-2564.570358085452,437.9740523269832,-1716.0843856698061,0.27450367389175834,-0.004696482409728403,-9.883596815431877,-33.40889197452117,170.30859592503268,9.158668957303023,229.94635291220456,4.734432183531798e-05,3252.3,-1111295.6044207597,189216.67668807498,485.37494891414013
9,436.0,1.017,0.313,-12.66,5.77,-1001399.5400479197,170379.55924653108,83834.63383476634,-2564.294081368431,437.9688863176494,-1725.9618292424116,0.2785349729130659,-0.005691001457353338,-9.871538602997779,-33.5629772616165,170.30768373572502,9.174013805045654,283.0408644599618,5.808131771354058e-05,3252.3,-1111295.6044207597,189216.67668807498,485.37494891414013
9,437.0,1.017,0.313,-12.66,5.77,-1003963.6936877907,170817.5250753938,82103.73779847329,-2564.011786053029,437.9625417447748,-1735.8289664595395,0.2871173256044265,-0.00707506258730532,-9.86402298492566,-33.71645212175187,170.30677462293843,9.18939298427516,348.80424002818086,7.13368952611303e-05,3252.3,-1111295.6044207597,189216.67668807498,485.37494891414013
9,438.0,1.017,0.313,-12.66,5.77,-1006527.5594981865,171255.48377708305,80362.97691294097,-2563.7169914255996,437.95452903342573,-1745.6932130669065,0.3042520200948958,-0.009086933538719675,-9.866274417925256,-33.869497594037284,170.3058551719791,9.20480239823662,430.35178389597814,8.772043271780544e-05,3252.3,-1111295.6044207597,189216.67668807498,485.37494891414013
9,439.0,1.017,0.313,-12.66,5.77,-1009091.1201238178,171693.43331028483,78612.34846331985,-2563.399573681112,437.9440409884218,-1755.5662689612086,0.3321806989154243,-0.012056377066537737,-9.881292586367588,-34.02239584487079,170.3049053336334,9.220236426331502,531.5869396422681,0.00010799316888006103,3252.3,-1111295.6044207597,189216.67668807498,485.37494891414013
9,440.0,1.017,0.313,-12.66,5.77,-1011654.3482962383,172131.37073693197,76851.83911067172,-2563.0516291514614,437.9302229227568,-1765.4542251638136,0.3626061883807742,-0.01555895693278425,-9.89188482796823,-34.175320592587504,170.30391430398547,9.2356859731044,657.4060086165825,0.00013310717029902432,3252.3,-1111295.6044207597,189216.67668807498,485.37494891414013
9,441.0,1.017,0.313,-12.66,5.77,-1014217.2152975983,172569.29267744627,75081.44027457736,-2562.680055028989,437.9132084502803,-1775.3405845049658,0.37651638390417563,-0.01827204123463074,-9.87429500193775,-34.32795405512185,170.3029047322845,9.251140618016597,813.9564573256838,0.00016425428411182086,3252.3,-1111295.6044207597,189216.67668807498,485.37494891414013
9,442.0,1.017,0.313,-12.66,5.77,-1016779.7074004353,173007.19638072912,73301.17046004934,-2562.3048313045215,437.8938032402969,-1785.1897984050895,0.3732435091367122,-0.020701090181104345,-9.819819668142449,-34.4795621174758,170.30193326506665,9.26658921365178,1008.9620231665305,0.00020292758871223314,3252.3,-1111295.6044207597,189216.67668807498,485.37494891414013
9,443.0,1.017,0.313,-12.66,5.77,-1019341.8246243731,173445.0791958981,71511.07988584296,-2561.926982929457,437.871066586614,-1794.9842277497514,0.3899572467471137,-0.025291067271726416,-9.778824305703592,-34.62987922413621,170.30102416197664,9.282003376795558,1252.1298670420674,0.00025099902137552566,3252.3,-1111295.6044207597,189216.67668807498,485.37494891414013
9,444.0,1.017,0.313,-12.66,5.77,-1021903.5464644977,173882.93637836401,69711.20319168312,-2561.5036096161884,437.8418539106156,-1804.775552620777,0.4678545748303842,-0.03395690527131471,-9.815395184033529,-34.780125517800414,170.3000864208752,9.2973650708439,1555.6840182326919,0.0003108191146073729,3252.3,-1111295.6044207597,189216.67668807498,485.37494891414013
9,445.0,1.017,0.313,-12.66,5.77,-1024464.7989464004,174320.75939966072,67901.51198433447,-2560.986302071435,437.802434691955,-1814.6108428225352,0.5549145892950905,-0.04423746254994428,-9.835808594944536,-34.93150307991387,170.2990211820827,9.312637251246876,1935.0353677606734,0.00038534491438612127,3252.3,-1111295.6044207597,189216.67668807498,485.37494891414013
9,446.0,1.017,0.313,-12.66,5.77,-1027025.5068799054,174758.5387653676,66082.00029730533,-2560.4325557583134,437.755479904762,-1824.3884675216452,0.5412971696828155,-0.04949426850164747,-9.696037589190333,-35.08191792007846,170.29798390661446,9.327787406093996,2409.62386246551,0.00047829745958774333,3252.3,-1111295.6044207597,189216.67668807498,485.37494891414013
9,447.0,1.017,0.313,-12.66,5.77,-1029585.6663530356,175196.26794825302,64252.786066814704,-2559.8754557935667,437.7007955054747,-1834.0295066258411,0.609930467981371,-0.06216870024887551,-9.637561385605315,-35.229881248548395,170.29710181037737,9.34275903999042,3003.9393639612417,0.0005943564270818416,3252.3,-1111295.6044207597,189216.67668807498,485.37494891414013
9,448.0,1.017,0.313,-12.66,5.77,-1032145.1996034334,175633.93383187032,62413.91601246384,-2559.154181083723,437.62705969502366,-1843.7283809765222,0.8169540758565773,-0.08464447256615773,-9.727433201418268,-35.37993782563802,170.2960230699704,9.35749576109082,3748.9277441498425,0.0007394245903322741,3252.3,-1111295.6044207597,189216.67668807498,485.37494891414013
9,449.0,1.017,0.313,-12.66,5.77,-1034703.9460221621,176071.51684577594,60565.361636480084,-2558.3484473472586,437.53754094685473,-1853.3265940777358,0.7778967897225353,-0.09457842408027603,-9.42979961556737,-35.528946682017015,170.2949728512071,9.37191911641332,4683.723925920245,0.0009209590549960885,3252.3,-1111295.6044207597,189216.67668807498,485.37494891414013
9,450.0,1.017,0.313,-12.66,5.77,-1037261.8769717227,176509.00271831866,58707.3282347964,-2557.460365494618,437.4282932427653,-1862.7641716739531,1.0791359707056096,-0.1292123171137278,-9.542566171198146,-35.676039869251646,170.2940448267994,9.385928670199549,5857.658844878382,0.001148353697428547,3252.3,-1111295.6044207597,189216.67668807498,485.37494891414013
9,451.0,1.017,0.313,-12.66,5.77,-1039818.7649027994,176946.361494365,56839.80884270778,-2556.317862307958,437.2863842614459,-1872.2086196200519,1.096914992743617,-0.14910957935330163,-9.18186213119189,-35.8254802977758,170.29287969021564,9.399401077842986,7333.217508371885,0.001433508594110282,3252.3,-1111295.6044207597,189216.67668807498,485.37494891414013
9,452.0,1.017,0.313,-12.66,5.77,-1042374.4958267206,177383.56674446794,54963.03288555943,-2555.0582133238763,437.1145871654195,-1881.3813866582818,1.5579369160431566,-0.20320127761928602,-9.326417406872164,-35.971825199992374,170.29192804513235,9.412181698163646,9189.1825645205,0.001791440434585253,3252.3,-1111295.6044207597,189216.67668807498,485.37494891414013
9,453.0,1.017,0.313,-12.66,5.77,-1044928.7670712112,177820.5747837767,53077.07150579874,-2553.505917948237,436.89770782525613,-1890.4108315816736,1.552886363114637,-0.23377364156041158,-8.713274703946428,-36.11882156965859,170.29086672517388,9.4240725214027,11525.223593461347,0.0022411876368597576,3252.3,-1111295.6044207597,189216.67668807498,485.37494891414013
9,454.0,1.017,0.313,-12.66,5.77,-1047481.3512007946,178257.34046740792,51182.224541621836,-2551.5633716274924,436.6213813913277,-1899.2900936277006,2.0308706740273332,-0.30047682922017105,-8.608005518213698,-36.26745191439406,170.28964418075893,9.434829025635585,14466.862175181153,0.002806805846965709,3252.3,-1111295.6044207597,189216.67668807498,485.37494891414013
9,455.0,1.017,0.313,-12.66,5.77,-1050031.8600681657,178693.80086361847,49278.73113309597,-2549.2973799881643,436.2811901549588,-1907.748331746245,2.743339018721874,-0.39490564213411283,-8.599993809541706,-36.41319055642009,170.28860560318282,9.444135038754098,18172.336928977762,0.0035187831306157744,3252.3,-1111295.6044207597,189216.67668807498,485.37494891414013
9,456.0,1.017,0.313,-12.66,5.77,-1052579.8240004694,179129.8775939887,47366.9208112284,-2546.529186186684,435.8552258106864,-1915.8075627558237,3.3661482135918974,-0.4961894564544089,-8.228507410612487,-36.5583378504663,170.28756120440607,9.45160106534582,22840.535143721343,0.004415720816238737,3252.3,-1111295.6044207597,189216.67668807498,485.37494891414013
9,457.0,1.017,0.313,-12.66,5.77,-1055124.6771287965,179565.4737613758,45447.24365498511,-2543.0877677281883,435.31830940019006,-1923.414779394851,4.1224859687374025,-0.6207582548836917,-7.723851737224252,-36.70406316758155,170.28642069324232,9.45672630787316,28720.501491304793,0.005546467546931534,3252.3,-1111295.6044207597,189216.67668807498,485.37494891414013
9,458.0,1.017,0.313,-12.66,5.77,-1057665.6975754362,180000.46690210287,43520.25501868649,-2538.801351804061,434.64193642449925,-1930.447737319652,5.065367536332788,-0.7754624703153838,-7.075132772152236,-36.85059222216147,170.28516297739964,9.458886788721328,36122.88436801818,0.00697282014581247,3252.3,-1111295.6044207597,189216.67668807498,485.37494891414013
9,459.0,1.017,0.313,-12.66,5.77,-1060201.970302267,180434.7026237052,41586.646532354345,-2533.506637394111,433.7942096421145,-1936.686381307583,5.703208629136122,-0.9340263589022667,-5.548435984212493,-36.99671646260202,170.28387268710824,9.457304122035415,45432.9051081253,0.00877287406588088,3252.3,-1111295.6044207597,189216.67668807498,485.37494891414013
9,460.0,1.017,0.313,-12.66,5.77,-1062732.3738078754,180867.98888357583,39647.32708294034,-2527.0643440742974,432.7382533470373,-1941.7668231144319,7.14767946775708,-1.1808608857534626,-4.469152477281235,-37.1389863650188,170.28283496155524,9.450996084851175,57124.046139297876,0.01104510610344748,3252.3,-1111295.6044207597,189216.67668807498,485.37494891414013
9,461.0,1.017,0.313,-12.66,5.77,-1065255.4733965667,181300.08283087076,37703.403707369245,-2518.837318888518,431.3994921671113,-1945.848498174826,8.955336996336486,-1.4796460035020975,-3.1097277963078227,-37.28679292817818,170.2812870109867,9.438743952526645,71772.43281225614,0.01391346676120872,3252.3,-1111295.6044207597,189216.67668807498,485.37494891414013
9,462.0,1.017,0.313,-12.66,5.77,-1067769.4908945337,181730.6822084588,35756.28889587311,-2508.758936585922,429.7318271443193,-1948.1797206545903,11.811481606068838,-1.9003426723297387,-2.173946767899022,-37.43056805532886,170.27999010507025,9.419040636995454,90068.44647814945,0.01753337123609396,3252.3,-1111295.6044207597,189216.67668807498,485.37494891414013
9,463.0,1.017,0.313,-12.66,5.77,-1070272.1966172375,182159.40908734818,33807.73519363246,-2496.180674018581,427.6427931336684,-1948.580845614352,14.602297932733716,-2.370460714351971,-0.034292178408629095,-37.575235692949114,170.27852886904583,9.390033945056201,112823.0783444419,0.022098852242104616,3252.3,-1111295.6044207597,189216.67668807498,485.37494891414013
9,464.0,1.017,0.313,-12.66,5.77,-1072760.8392205413,182585.79559334117,31859.949172327444,-2480.5013586982313,425.03149922288486,-1946.587288347914,17.472131911779115,-2.908783866177496,3.3474963855029642,-37.72133524250794,170.2768488437425,9.349472531051648,140962.15623362004,0.027850590764604,3252.3,-1111295.6044207597,189216.67668807498,485.37494891414013
9,465.0,1.017,0.313,-12.66,5.77,-1075232.0263158707,183009.2646736039,29915.670121938547,-2461.177764854295,421.7888960822974,-1941.4169828053991,21.390055290017244,-3.6044736991881297,6.998553021330684,-37.864406298319615,170.2753002129157,9.294662249855902,175500.90011624742,0.035084736549529955,3252.3,-1111295.6044207597,189216.67668807498,485.37494891414013
9,466.0,1.017,0.313,-12.66,5.77,-1077681.598422604,183429.10926769252,27978.262142342955,-2437.161896107276,417.7602458070495,-1932.6737790159036,26.0267919476253,-4.430505250053445,11.599344536218537,-38.01126518375335,170.2733106825031,9.222429761287477,217486.46804396916,0.04416188732209413,3252.3,-1111295.6044207597,189216.67668807498,485.37494891414013
9,467.0,1.017,0.313,-12.66,5.77,-1080104.518578407,183844.47270767967,26051.83312825369,-2407.681437774494,412.79662976140605,-1919.353121648151,32.17980912644952,-5.464824209727507,16.36757575474835,-38.15723753883247,170.2712368919768,9.129138048917952,267894.74778408126,0.0555150515873416,3252.3,-1111295.6044207597,189216.67668807498,485.37494891414013
9,468.0,1.017,0.313,-12.66,5.77,-1082494.7568817462,184254.32941084594,24141.32780595413,-2371.61658810546,406.71586285883285,-1900.6755059324764,40.05119503118945,-6.722988358925406,21.253462954896534,-38.30502904647255,170.26883024217855,9.010748873437059,327467.51058308175,0.06965503958006407,3252.3,-1111295.6044207597,189216.67668807498,485.37494891414013
9,469.0,1.017,0.313,-12.66,5.77,-1084845.210540609,184657.4713638105,22252.605432682303,-2327.928788079385,399.33572101896436,-1875.627386612411,48.094472604036774,-8.108270301967647,28.2648265360822,-38.45334806964586,170.2661520990561,8.862984227354177,396483.07542335335,0.08717075310134223,3252.3,-1111295.6044207597,189216.67668807498,485.37494891414013
9,470.0,1.017,0.313,-12.66,5.77,-1087147.6901050385,185052.50480723308,20392.483577697916,-2275.492867033509,390.46944820964563,-1843.3243456311623,57.20151678529353,-9.670167360639015,36.15773277243158,-38.60412435839503,170.26300541889177,8.681601929559987,474468.63529521273,0.10872110780959075,3252.3,-1111295.6044207597,189216.67668807498,485.37494891414013
9,471.0,1.017,0.313,-12.66,5.77,-1089392.9815195368,185437.86153474843,18568.68938257497,-2213.406952244962,379.95799568811606,-1802.8480930967808,67.322709052681,-11.385418354395284,44.614563154192844,-38.75647304523051,170.2594260013174,8.462814495100844,559895.1990723045,0.13501536615846796,3252.3,-1111295.6044207597,189216.67668807498,485.37494891414013
9,472.0,1.017,0.313,-12.66,5.77,-1091571.0437748076,185811.83218240063,16789.71923381166,-2140.955957192669,367.6833539158381,-1753.58604973194,77.82111652041543,-13.181819200760403,53.72187646772993,-38.91216470973248,170.255203171216,8.203832576941336,649932.167611189,0.1667786877389751,3252.3,-1111295.6044207597,189216.67668807498,485.37494891414013
9,473.0,1.017,0.313,-12.66,5.77,-1093671.3585974495,186172.62554426433,15064.569262393192,-2057.9147518271393,353.6037503181786,-1695.1902535390604,88.33475277022166,-14.97513204925648,62.891179637454194,-39.07122377046386,170.25028876156375,7.903489124389905,740378.0628456764,0.20470192168084567,3252.3,-1111295.6044207597,189216.67668807498,485.37494891414013
9,474.0,1.017,0.313,-12.66,5.77,-1095683.4369909682,186518.45474957325,13402.328524004577,-1964.595095304685,337.7737035145887,-1627.8351077768332,98.2241407137163,-16.660631854601117,71.59424890045474,-39.2352134233415,170.24448962937146,7.562827331040083,825887.2651071384,0.24937820634082664,3252.3,-1111295.6044207597,189216.67668807498,485.37494891414013
9,475.0,1.017,0.313,-12.66,5.77,-1097597.4543974758,186847.6452865811,11811.657776601252,-1862.0180629426668,320.3648011593354,-1552.2206986504752,106.60938365796162,-18.10678171208849,79.46010540352383,-39.404871689338,170.23769900346164,7.1855032991097945,900558.3560914979,0.30123371064446725,3252.3,-1111295.6044207597,189216.67668807498,485.37494891414013
9,476.0,1.017,0.313,-12.66,5.77,-1099405.0276148256,187158.76718384642,10300.138381273793,-1752.4089506889989,301.75594977118715,-1470.1069337603642,110.87726506629056,-18.836344920123384,83.66606642818792,-39.58186622506812,170.22977092074746,6.779923230716861,959421.7515726384,0.3604674921830306,3252.3,-1111295.6044207597,189216.67668807498,485.37494891414013
9,477.0,1.017,0.313,-12.66,5.77,-1101101.9069773122,187451.09323012043,8871.981783212283,-1641.3608899324215,282.89728122962424,-1386.1003801945876,110.857980647099,-18.830839018872748,84.24558817116974,-39.76762903220012,170.22084655196102,6.367559238767461,1002694.8085307111,0.42709931597068856,3252.3,-1111295.6044207597,189216.67668807498,485.37494891414013
9,478.0,1.017,0.313,-12.66,5.77,-1102688.02958985,187724.60832490763,7527.930106798877,-1531.1533896364008,264.17797437698744,-1302.111145733195,109.29296210999824,-18.564617326730765,83.54224855445749,-39.9640176583734,170.21083352375396,5.957223009167186,1029521.0359949995,0.5010183194146963,3252.3,-1111295.6044207597,189216.67668807498,485.37494891414013
9,479.0,1.017,0.313,-12.66,5.77,-1104164.9969066882,187979.58058757195,6267.344957269127,-1423.2844571862295,245.85159638821662,-1219.3665892575584,106.33038568620853,-18.057113827977993,81.6389224030414,-40.17189497590904,170.1996996967183,5.554651024644619,1039634.5018165727,0.581933317701413,3252.3,-1111295.6044207597,189216.67668807498,485.37494891414013
9,480.0,1.017,0.313,-12.66,5.77,-1105535.812491985,188216.51681818438,5088.405742226938,-1319.0515799982372,228.13988781062574,-1138.9863747068923,102.06225176120338,-17.34107026398516,78.84630362291551,-40.393006883975474,170.18734190565277,5.164918976610184,1033957.1942464942,0.6693937155997862,3252.3,-1111295.6044207597,189216.67668807498,485.37494891414013
9,481.0,1.017,0.313,-12.66,5.77,-1106804.6650961498,188436.1257332172,3988.2704529111593,-1219.510750704917,211.22309073969907,-1061.8966849603237,96.90879441516128,-16.470427180259698,75.19301088089448,-40.62899844415102,170.1736781675411,4.792185914019992,1014347.2047249246,0.7628258781839342,3252.3,-1111295.6044207597,189216.67668807498,485.37494891414013
9,482.0,1.017,0.313,-12.66,5.77,-1107976.6632028974,188639.2728110672,2963.2832202746963,-1125.4499361623098,195.2348467779164,-988.795110215708,91.08591858583505,-15.488687962574327,70.97972177507667,-40.881076915545655,170.1586836292726,4.439566723034368,983259.670876694,0.8615751199315184,3252.3,-1111295.6044207597,189216.67668807498,485.37494891414013
9,483.0,1.017,0.313,-12.66,5.77,-1109057.559463752,188826.93356561376,2009.1916848174512,-1037.3705410491314,180.26120902159647,-920.1670027879613,84.99019704147324,-14.449051587720605,66.27897598253551,-41.15094603790419,170.14229156708535,4.109122498704197,943400.7923380188,0.9649485489228927,3252.3,-1111295.6044207597,189216.67668807498,485.37494891414013
9,484.0,1.017,0.313,-12.66,5.77,-1110053.4909336348,189000.1493324245,1121.359952974096,-955.5230251476033,166.34528970154665,-856.2877613799492,78.70301716870104,-13.382079476379484,61.46016667480735,-41.44022392703203,170.12445188194783,3.801945480981736,897435.4668857687,1.072253707738027,3252.3,-1111295.6044207597,189216.67668807498,485.37494891414013
9,485.0,1.017,0.313,-12.66,5.77,-1110970.7093115274,189159.98131703265,294.9913157743013,-879.9463602372929,153.49402448806023,-797.2517034788966,72.47254881412576,-12.32414461145708,56.620348116767744,-41.75036984252958,170.1051309603,3.5183035626501264,847776.3064370324,1.1828257107173386,3252.3,-1111295.6044207597,189216.67668807498,485.37494891414013
9,485.37,1.017,0.313,-12.66,5.77,-1111295.6044207597,189216.67668807498,7.028522573318541e-05,-853.2033445142416,148.946212240749,-776.3585493156357,70.18135476984017,-11.93501664163248,54.82792506243667,-41.872332648598565,170.0974981239296,3.417957425644984,828635.0230581026,1.224999989774418,3252.3,-1111295.6044207597,189216.67668807498,485.37494891414013
10,1.0,1.007,0.314,12.03,-9.46,-0.44907299165732645,4.174838022351661,9.397904765353303,-0.9033916785717511,8.41500188709649,18.81994244348197,-1.1687433075960776,12.25436055340771,17.279993993616852,65.78647688519838,96.12751452197095,0.06063876787986511,260.5229540913984,1.2236334903824886,15130.82,-25185.15676463538,63681.2546848323,74.0821623124586
10,2.0,1.007,0.314,12.03,-9.46,-1.9562883162574376,18.60079745183032,36.96744231279662,-2.1864116248570866,20.50166992664892,36.34367183483884,-1.6142656694494248,12.363000868161093,17.555202582874752,60.43356372732741,96.08733120245934,0.12278784108287616,1064.716483006367,1.2196335093191557,14958.21,-25185.15676463538,63681.2546848323,74.0821623124586
10,3.0,1.007,0.314,12.03,-9.46,-5.200787903159708,45.49736519916857,82.02552879615172,-4.620501101545325,33.569540120872226,53.66313389354969,-3.5293631008519384,14.045343935942107,16.87844588238987,57.72929670597383,97.83693150803197,0.1865015785174143,2443.2292957449476,1.213124296135801,14785.6,-25185.15676463538,63681.2546848323,74.0821623124586
10,4.0,1.007,0.314,12.03,-9.46,-12.103665772331842,86.58486776683856,143.81335290667255,-9.752484549472646,49.16616911811724,69.50828804247803,-6.908426078627828,17.394413042925013,14.43973901928786,54.203730408606226,101.21942209612214,0.2518252175767874,4421.918052571247,1.2042547047905499,14612.99,-25185.15676463538,63681.2546848323,74.0821623124586
10,5.0,1.007,0.314,12.03,-9.46,-25.9117931731876,145.1234229009855,219.8662937493687,-18.41728304879021,68.5785419962669,81.86612947424985,-10.17648640415826,21.35863215514987,10.113713064542544,49.06248546832695,105.0325147486451,0.3184572741320333,7007.964169322521,1.1934263523050783,14440.38,-25185.15676463538,63681.2546848323,74.0821623124586
10,6.0,1.007,0.314,12.03,-9.46,-49.66252353141853,224.8939717315983,306.1490247603892,-29.185055634782714,91.38365263784384,90.20712220938735,-10.775423082712642,23.862694692029834,7.241692306462653,43.23869613194219,107.71184171323802,0.3869576199508369,10241.55643401561,1.1812593348802138,14267.77,-25185.15676463538,63681.2546848323,74.0821623124586
10,7.0,1.007,0.314,12.03,-9.46,-83.94439339617375,328.29510512087865,400.1045622224273,-39.023157174934624,115.39031025195273,98.01010830193277,-8.736656804941601,23.723693955255467,8.968549020111205,38.82061300411211,108.68471445446686,0.4594324097932917,14276.977925703912,1.168151386151417,14095.16,-25185.15676463538,63681.2546848323,74.0821623124586
10,8.0,1.007,0.314,12.03,-9.46,-127.14588108030097,455.3732372152858,502.9704335211257,-47.37464627670135,138.67279712986775,107.90539129316197,-8.746590921444078,23.262688659859037,9.942492951650683,36.36590353628532,108.86165397838273,0.5347743828073195,19108.584240546177,1.1539670768835935,13922.55,-25185.15676463538,63681.2546848323,74.0821623124586
10,9.0,1.007,0.314,12.03,-9.46,-179.37397945242296,606.0086180522144,615.2337375799916,-57.547302123357184,163.0075154424893,115.8560681851135,-11.345905176338704,25.59222857896756,5.625466253562915,33.83006836309693,109.44479738779079,0.6115203816937334,24655.781586256177,1.1386834244145088,13749.93,-25185.15676463538,63681.2546848323,74.0821623124586
10,10.0,1.007,0.314,12.03,-9.46,-242.50800716412084,782.0427810482464,733.6551328124033,-68.44842556049694,189.1308548368466,121.12874457821214,-9.904791994686848,26.03063589013096,6.3062908756508,31.057329175429714,109.89571756149903,0.6899594050549903,30948.238283632076,1.1227807328216568,13577.32,-25185.15676463538,63681.2546848323,74.0821623124586
10,11.0,1.007,0.314,12.03,-9.46,-315.83962412155904,984.0676477615052,858.24052533587,-78.41663947156907,214.94649466249948,127.9307428468715,-10.98342831140094,26.255312512185128,5.59276138552541,29.210806122890695,110.0429477285887,0.7703206434760984,38010.70697563629,1.1062899619814812,13404.71,-25185.15676463538,63681.2546848323,74.0821623124586
10,12.0,1.007,0.314,12.03,-9.46,-399.97129734253804,1212.45597829632,988.2984200908626,-89.78578210949823,242.022539777002,131.94069482039816,-10.739229817495106,27.32219007694173,4.243255508856323,27.072491432487553,110.35390068818278,0.8519092398160416,45776.36319540523,1.0893331660036791,13232.1,-25185.15676463538,63681.2546848323,74.0821623124586
10,13.0,1.007,0.314,12.03,-9.46,-495.02328919197384,1468.0368658384496,1122.695784071729,-100.49123153938658,269.1626572365935,136.73287747129206,-11.572171185377098,27.52166049205427,3.528663855478273,25.450111485520004,110.47299684020349,0.9350188074750321,54270.42862817019,1.0720836084230192,13059.49,-25185.15676463538,63681.2546848323,74.0821623124586
10,14.0,1.007,0.314,12.03,-9.46,-601.3290796719428,1751.1564472811185,1260.8151167747276,-111.93507158004908,297.13284450112405,139.6066283109868,-10.82598835072436,27.899691910839767,3.7384596172631777,23.734209956958047,110.64225783308623,1.0192582098573382,63440.55145047361,1.0546409015573106,12886.88,-25185.15676463538,63681.2546848323,74.0821623124586
10,15.0,1.007,0.314,12.03,-9.46,-718.8816473737776,2062.2865907006835,1402.0570173202073,-123.39852898295646,325.28143631063944,142.37319273473483,-11.786344084013162,28.628990069503736,1.5226454312856517,22.25607654037466,110.77470537895522,1.1046312661414475,73273.6915137409,1.0370973058154902,12714.27,-25185.15676463538,63681.2546848323,74.0821623124586
10,16.0,1.007,0.314,12.03,-9.46,-847.994560131304,2401.853838715867,1545.4828343327986,-134.83878560288784,353.8372304518702,144.55089618752976,-11.84024123498291,28.684272458755203,1.5991339790737842,20.894091973088077,110.86063016378337,1.191041123631449,83746.98366633877,1.0195810562843697,12541.66,-25185.15676463538,63681.2546848323,74.0821623124586
10,17.0,1.007,0.314,12.03,-9.46,-988.7637517925766,2770.1481938112825,1690.5710348513703,-146.59073303530343,382.7833793097942,145.6998451510814,-11.513899851741987,28.93414852056639,1.5553232949728903,19.5681925756631,110.95484249044695,1.2783358937896165,94824.84355604013,1.0021627714806176,12369.05,-25185.15676463538,63681.2546848323,74.0821623124586
10,18.0,1.007,0.314,12.03,-9.46,-1141.2683467574936,3167.4700662657706,1836.717843942751,-158.4761415976813,411.94870962722206,146.3186053611698,-11.782461113825265,29.348646158646183,0.32586397820305124,18.340486219735656,111.04167040638434,1.3664431481826453,106482.24731995694,0.9849182194850361,12196.44,-25185.15676463538,63681.2546848323,74.0821623124586
10,19.0,1.007,0.314,12.03,-9.46,-1305.6410854725862,3594.086888115724,1983.2360873046075,-170.36299722311753,441.3240077720723,146.51237920697932,-12.11233886603929,29.559270505975192,-0.5686571209917467,17.20821390164678,111.10793629209114,1.4552853048730052,118695.18712040618,0.9679277008381794,12023.83,-25185.15676463538,63681.2546848323,74.0821623124586
10,20.0,1.007,0.314,12.03,-9.46,-1481.983107427217,4050.2058959958886,2129.530702986001,-182.3194579612586,470.9180455094328,146.07937923405433,-12.12484006644231,29.655471214817418,-0.8158413480408792,16.133987905657175,111.16428617544338,1.5447655651165098,131436.58400842955,0.9512555445196614,11851.22,-25185.15676463538,63681.2546848323,74.0821623124586
10,21.0,1.007,0.314,12.03,-9.46,-1670.3563349366832,4535.998466770523,2275.063938259751,-194.38354839989276,500.68308533608763,144.99610110676733,-12.032532539273106,29.78264376660156,-1.096702833330474,15.107694405232719,111.21803953751062,1.634793999241888,144680.74179673393,0.9349550989370139,11678.61,-25185.15676463538,63681.2546848323,74.0821623124586
10,22.0,1.007,0.314,12.03,-9.46,-1870.8124726306262,5051.609011765322,2419.29556317945,-206.51728085831394,530.5671295377834,143.3693173295235,-12.040479351904054,29.926500382907086,-1.6774822934044558,14.13410834482467,111.267915172863,1.7252905264207943,158405.34116121163,0.9190760380695044,11506.0,-25185.15676463538,63681.2546848323,74.0821623124586
10,23.0,1.007,0.314,12.03,-9.46,-2083.3990191204202,5597.15014418097,2561.687967653023,-218.68014601996978,560.5385010809368,141.26160269861015,-12.128039990035884,30.029624352874183,-2.362030048193367,13.212431978111985,111.31200541942333,1.8161760369819016,172590.45844226185,0.9036640335484774,11333.39,-25185.15676463538,63681.2546848323,74.0821623124586
10,24.0,1.007,0.314,12.03,-9.46,-2308.152098442236,6172.701148641527,2701.7243939912064,-230.85640381098096,590.5729924495657,138.67737461580649,-12.208421094239513,30.07745609903388,-2.9579801038042346,12.336501360938295,111.35064801248964,1.907370652970645,187218.24301030792,0.8887591198125876,11160.78,-25185.15676463538,63681.2546848323,74.0821623124586
10,25.0,1.007,0.314,12.03,-9.46,-2545.093192890295,6778.309986911774,2838.9121327190223,-243.0424236424978,620.6436538218842,135.60903720533224,-12.240672754653614,30.085194352220718,-3.4358901629230605,11.500088468101053,111.38518049300893,1.9987941861844405,202273.1011129721,0.8743958247377035,10988.16,-25185.15676463538,63681.2546848323,74.0821623124586
10,26.0,1.007,0.314,12.03,-9.46,-2794.2300347316964,7413.99525915706,2972.7772523374906,-255.2320229275885,650.7204843079093,132.06395676334432,-12.232586766150328,30.065693966562765,-3.8489060135988447,10.69915327925117,111.41659575674666,2.0903668168998415,217742.07893291477,0.8606041921479997,10815.55,-25185.15676463538,63681.2546848323,74.0821623124586
10,27.0,1.007,0.314,12.03,-9.46,-3055.558299032442,8079.746812427229,3102.861107541679,-267.4149519618784,680.7733366358026,128.05861933598473,-12.201543166451122,30.02293676743263,-4.243890951177263,9.930925227148611,111.44542387416674,2.1820088453913957,233615.03464020794,0.847410562409613,10642.94,-25185.15676463538,63681.2546848323,74.0821623124586
10,28.0,1.007,0.314,12.03,-9.46,-3329.062159105986,8775.52588922439,3228.719323063553,-279.5786142132721,710.7728038567853,123.61226421396314,-12.159837706468302,29.955440979070755,-4.641030927736063,9.193176462142949,111.47192526911856,2.2736400195660886,249884.6360783129,0.8348380642983841,10470.33,-25185.15676463538,63681.2546848323,74.0821623124586
10,29.0,1.007,0.314,12.03,-9.46,-3614.7143174818675,9501.26507845497,3349.9216619272784,-291.71028220415195,740.6900293598827,118.7422510510464,-12.112288448344355,29.860931718100254,-5.044099680008349,8.483793568117958,111.49629816170349,2.365178904474868,266546.2967986128,0.8229070007669141,10297.72,-25185.15676463538,63681.2546848323,74.0821623124586
10,30.0,1.007,0.314,12.03,-9.46,-3912.4759075206503,10256.868175984966,3466.051675409893,-303.7972718160635,770.4963692702127,113.46372071906248,-12.056552662445023,29.73761859471776,-5.442493520908938,7.800743076577743,111.5187097468674,2.456542446804085,283598.1181612207,0.8116352428198075,10125.11,-25185.15676463538,63681.2546848323,74.0821623124586
10,31.0,1.007,0.314,12.03,-9.46,-4222.296151866636,11042.21000505557,3576.7071636241913,-315.82739674640953,800.1627184994682,107.79069053422126,-11.992143723996515,29.58446954556789,-5.833960257753743,7.142138160933027,111.53934607228523,2.5476454764356826,301040.75477566634,0.8010385305052026,9952.5,-25185.15676463538,63681.2546848323,74.0821623124586
10,32.0,1.007,0.314,12.03,-9.46,-4544.11224855276,11857.135868602802,3681.4991699744924,-327.7884473850957,829.6594644202228,101.7360639260709,-11.916589602258222,29.400916389962376,-6.213801703338682,6.506219155877509,111.55837825934991,2.6384002465723344,318877.30325637973,0.7911309013112138,9779.89,-25185.15676463538,63681.2546848323,74.0821623124586
10,33.0,1.007,0.314,12.03,-9.46,-4877.849123362543,12701.461264402416,3780.0524237776885,-339.66763602134114,858.9562587820765,95.31379960784213,-11.830655090888065,29.18549656674623,-6.580829402077559,5.891470300748068,111.57593806466352,2.7287160717734604,337113.13809362904,0.7819249628350686,9607.28,-25185.15676463538,63681.2546848323,74.0821623124586
10,34.0,1.007,0.314,12.03,-9.46,-5223.418974140264,13574.97032288317,3872.0039053942887,-351.45285652285224,888.0216717452321,88.5348355107039,-11.73142867273779,28.938418589662124,-6.936837383321251,5.296338535750576,111.59220217431823,2.818498489052478,355755.67404570535,0.7734323270916471,9434.67,-25185.15676463538,63681.2546848323,74.0821623124586
10,35.0,1.007,0.314,12.03,-9.46,-5580.721139485065,14477.41591007558,3957.0041233782968,-363.13048212251584,916.8233884878499,81.41293083306667,-11.619677785965987,28.657803569216245,-7.280377473956803,4.719579276569744,111.60726185322008,2.9076493117581546,374814.21625231835,0.7656637764211037,9262.06,-25185.15676463538,63681.2546848323,74.0821623124586
10,36.0,1.007,0.314,12.03,-9.46,-5949.641328881417,15408.517327177,4034.715595756328,-374.68707134519366,945.3276967758623,73.95974713379807,-11.493042807258194,28.343056783150395,-7.610842224967166,4.159933655254957,111.62123601921503,2.9960656216183574,394299.6328184762,0.7586296762015913,9089.45,-25185.15676463538,63681.2546848323,74.0821623124586
10,37.0,1.007,0.314,12.03,-9.46,-6330.0513322746765,16367.95987828362,4104.8139121266295,-386.10829536596276,973.499521269008,66.18803989997113,-11.35120100978552,27.99257829799852,-7.928545204408118,3.6163043372770134,111.63421193934872,3.083639623248783,414224.10646961984,0.7523401377041691,8916.84,-25185.15676463538,63681.2546848323,74.0821623124586
10,38.0,1.007,0.314,12.03,-9.46,-6721.808202785959,17355.39266046447,4166.986933766102,-397.37895307971996,1001.3022524513199,58.110834569066085,-11.1927042873969,27.604774645628137,-8.229011580726723,3.0876881317362432,111.64625385669393,3.170257933856539,434600.7923933286,0.7468053407455236,8744.23,-25185.15676463538,63681.2546848323,74.0821623124586
10,39.0,1.007,0.314,12.03,-9.46,-7124.753805148104,18370.427602213127,4220.935748864382,-408.48347339863125,1028.6974594472292,49.74107746262741,-11.017909194970581,27.177652690202127,-8.514999042625787,2.573143325677536,111.65743577729239,3.2558012935569227,455443.4692369498,0.7420356890444678,8571.62,-25185.15676463538,63681.2546848323,74.0821623124586
10,40.0,1.007,0.314,12.03,-9.46,-7538.712912970931,19412.63461028775,4266.372800268687,-419.4053296590088,1055.6446319909758,41.0919884695559,-10.825979683548697,26.709252577379463,-8.785706504348097,2.071797884462394,111.66781758103387,3.340143312360029,476766.0305058586,0.738042208503037,8399.01,-25185.15676463538,63681.2546848323,74.0821623124586
10,41.0,1.007,0.314,12.03,-9.46,-7963.496619472124,20481.55002899735,4303.028311770253,-430.12759638363434,1082.1018604123603,32.17666505855365,-10.616993271167765,26.19727998065475,-9.04402593654626,1.5828168148619615,111.67745994663606,3.42315290224648,498582.518665975,0.7348362093036421,8226.39,-25185.15676463538,63681.2546848323,74.0821623124586
10,42.0,1.007,0.314,12.03,-9.46,-8398.89016712721,21576.646616451948,4330.635849919372,-440.63169661002587,1108.0233216135439,23.00884190602983,-10.389157896787792,25.639819828662283,-9.288944196939626,1.1054351081140208,111.68641299149772,3.5046861588581635,520905.26925210777,0.7324307702998177,8053.78,-25185.15676463538,63681.2546848323,74.0821623124586
10,43.0,1.007,0.314,12.03,-9.46,-8844.666642179307,22697.36728577874,4348.952159860469,-450.8986207938,1133.3624555369652,13.60308843519828,-10.142653817146892,25.034058270294874,-9.520800926566334,0.6389501115846717,111.69471565551913,3.584596329742726,543746.2313312268,0.7308392206494164,7881.17,-25185.15676463538,63681.2546848323,74.0821623124586
10,44.0,1.007,0.314,12.03,-9.46,-9300.584725218407,23843.119394620564,4357.75185535498,-460.90881051599786,1158.0711781994298,3.9734231118262766,-9.875476847463569,24.3778522165918,-9.737090412349097,0.182650619865743,111.70240531195871,3.662731485038501,567116.1733913006,0.7300758235970042,7708.56,-25185.15676463538,63681.2546848323,74.0821623124586
10,45.0,1.007,0.314,12.03,-9.46,-9766.385857912579,25013.267934511114,4356.825086930349,-470.64191354690195,1182.0992901718325,-5.865359097431357,-9.586774796497679,23.668538991271397,-9.937844279200569,-0.2641247960725533,111.70951752862214,3.738932740053093,591023.8091761298,0.7301561856467331,7535.95,-25185.15676463538,63681.2546848323,74.0821623124586
10,46.0,1.007,0.314,12.03,-9.46,-10241.770242846907,26207.07649074063,4345.96057379086,-480.074945092811,1205.3902714728301,-15.896679707487811,-9.275712939734591,22.90366276063028,-10.122047989204445,-0.7019542492030628,111.71607953875805,3.813020709777645,615472.1121615275,0.7310989304927406,7363.34,-25185.15676463538,63681.2546848323,74.0821623124586
10,47.0,1.007,0.314,12.03,-9.46,-10726.427289177484,27423.781977327897,4324.974556878634,-489.1848555697201,1227.8874328880881,-26.104286952148993,-8.939932010748903,22.081122366776047,-10.288721352835731,-1.1314370410501753,111.72211585510938,3.884815085463351,640461.7388963645,0.732923394945031,7190.73,-25185.15676463538,63681.2546848323,74.0821623124586
10,48.0,1.007,0.314,12.03,-9.46,-11220.02299570227,28662.563933691414,4293.70049778485,-497.9476822619915,1249.5316275002954,-36.4695020820939,-8.581192746162413,21.19712405389239,-10.441066041024566,-1.5530772153807997,111.72765095156541,3.9541273547391755,665988.7226305614,0.7356507239817213,7018.12,-25185.15676463538,63681.2546848323,74.0821623124586
10,49.0,1.007,0.314,12.03,-9.46,-11722.194305908786,29922.529881260034,4251.987547922824,-506.3380718539524,1270.2603182585558,-46.97541447087822,-8.195939612313392,20.250597168386978,-10.57032939384829,-1.9674727457235484,111.73270512657274,4.0207579774077535,692042.7808362523,0.7393042035012356,6845.51,-25185.15676463538,63681.2546848323,74.0821623124586
10,50.0,1.007,0.314,12.03,-9.46,-12232.548465579299,31202.714198994017,4199.704429119674,-514.3295508075231,1290.0082116822482,-57.601391734722675,-7.784417491693153,19.238668377492637,-10.680157399797285,-2.3750860935093927,111.7372955063582,4.084498010977145,718606.5352204739,0.7439091185347809,6672.9,-25185.15676463538,63681.2546848323,74.0821623124586
10,51.0,1.007,0.314,12.03,-9.46,-12750.687091615411,32502.137328533012,4136.7451981884515,-521.896104412632,1308.7111580669803,-68.32777999360708,-7.345412598969175,18.159110788591835,-10.770132700886442,-2.776441832270246,111.74143713291687,4.14514182769934,745658.4487383757,0.7494924305852912,6500.29,-25185.15676463538,63681.2546848323,74.0821623124586
10,52.0,1.007,0.314,12.03,-9.46,-13276.182491664213,33819.74746223345,4063.0218218939776,-529.010583116615,1326.3022314936518,-79.13361489436039,-6.878332874052587,17.010166421863218,-10.83760874508706,-3.172038697389809,111.74514186983795,4.202474497925575,773168.0494907638,0.7560836087196258,6327.68,-25185.15676463538,63681.2546848323,74.0821623124586
10,53.0,1.007,0.314,12.03,-9.46,-13808.550613401118,35154.35395477937,3978.4619489710612,-535.6434488363091,1342.7085115594411,-89.99536819879559,-6.382586919534369,15.790310216953573,-10.882176181682631,-3.5623155700726694,111.74841965127811,4.256261387984898,801090.9301061714,0.7637150159916558,6155.07,-25185.15676463538,63681.2546848323,74.0821623124586
10,54.0,1.007,0.314,12.03,-9.46,-14347.298043496274,36504.74289515951,3883.022046257312,-541.765937056505,1357.8590946282893,-100.88916434244099,-5.857571804136819,14.498893222053548,-10.90143766339566,-3.9477282897843415,111.75127729282794,4.306273719857049,829375.4616163393,0.7724209003586809,5982.46,-25185.15676463538,63681.2546848323,74.0821623124586
10,55.0,1.007,0.314,12.03,-9.46,-14891.90073531504,37869.62478142543,3776.6826191413297,-547.348981742202,1371.6820301802427,-111.79035525948127,-5.303612886250884,13.135035735776531,-10.896613046786952,-4.328740211733669,111.75372380668398,4.352279006285539,857958.4348656668,0.7822379630375194,5809.85,-25185.15676463538,63681.2546848323,74.0821623124586
10,56.0,1.007,0.314,12.03,-9.46,-15441.80459434224,39247.63575485012,3659.449171377729,-552.3633488018814,1384.1051025891327,-122.67288242399232,-4.720298285406795,11.699027957182581,-10.865041114495943,-4.705798272723481,111.75576378521403,4.394043180872232,886764.3125026057,0.7932054021011267,5637.23,-25185.15676463538,63681.2546848323,74.0821623124586
10,57.0,1.007,0.314,12.03,-9.46,-15996.426397498528,40637.34002072248,3531.3538269155724,-556.7800501099937,1395.056721379643,-133.5094669834901,-4.108284573879657,10.192306690979438,-10.803444447107553,-5.079340389016291,111.75739953464856,4.43133346370987,915704.7140975458,0.8053648712547706,5464.62,-25185.15676463538,63681.2546848323,74.0821623124586
10,58.0,1.007,0.314,12.03,-9.46,-16555.154206358366,42037.23087181123,3392.4568080261315,-560.5706527538969,1404.4666257262497,-144.27159192212065,-3.468273161164344,8.616082215483555,-10.715537349662458,-5.449794247383821,111.75863197512881,4.463920564354423,944677.688394075,0.8187604202976692,5292.01,-25185.15676463538,63681.2546848323,74.0821623124586
10,59.0,1.007,0.314,12.03,-9.46,-17117.348158457695,43445.73253796291,3242.84695631231,-563.7078087814228,1412.2671434781323,-154.93022788870954,-2.801599795062877,6.973872496218244,-10.596927030642586,-5.817600845899055,111.75946144709081,4.491582840648593,973567.9870810064,0.8334384922188909,5119.4,-25185.15676463538,63681.2546848323,74.0821623124586
10,60.0,1.007,0.314,12.03,-9.46,-17682.341696462074,44861.203173188354,3082.642698439499,-566.1655530237475,1418.393985273487,-165.4554065377555,-2.1098913064774907,5.2696307333974355,-10.44833281765563,-6.183194944586095,111.75988686273448,4.5141086445537955,1002246.6973201988,0.8494478403722747,4946.79,-25185.15676463538,63681.2546848323,74.0821623124586
10,61.0,1.007,0.314,12.03,-9.46,-18249.4432502271,46281.938936498445,2911.9926591410353,-567.9199640411944,1422.7875346777264,-175.81668300434225,-1.3965288133811615,3.5076951771565255,-10.26861113599229,-6.547015851982134,111.75991061032433,4.531300641887028,1030571.9519887934,0.8668394357453166,4774.18,-25185.15676463538,63681.2546848323,74.0821623124586
10,62.0,1.007,0.314,12.03,-9.46,-18817.93851146083,47706.179153173216,2731.0761293173723,-568.9492875398189,1425.3942325491375,-185.9833171480819,-0.6596971921384764,1.6973832721726099,-10.059257412845012,-6.909506479968747,111.75952345317931,4.5429797348527,1058389.788483299,0.8856663399011893,4601.57,-25185.15676463538,63681.2546848323,74.0821623124586
10,63.0,1.007,0.314,12.03,-9.46,-19387.092580321954,49132.113447341195,2540.103043237933,-569.2346376221511,1426.168121392767,-195.92463467562493,0.09148365652974767,-0.1564322315410979,-9.818067288370008,-7.27111597068471,111.75870737923258,4.54899010407626,1085535.951004362,0.9059835754407902,4428.96,-25185.15676463538,63681.2546848323,74.0821623124586
10,64.0,1.007,0.314,12.03,-9.46,-19956.153708095204,50557.88971530232,2339.3136564271726,-568.7608621683795,1425.071805790187,-205.6104494884854,0.8565378978710293,-2.0415302462784957,-9.547431183658203,-7.632305007576865,111.75745204378899,4.549202878961816,1111837.5484284102,0.9278479735403271,4256.35,-25185.15676463538,63681.2546848323,74.0821623124586
10,65.0,1.007,0.314,12.03,-9.46,-20524.357688401833,51981.62324992899,2128.9788498852695,-567.5185336758125,1422.0779756784152,-215.01003632071522,1.6298074646529437,-3.9488026919427752,-9.24733884236828,-7.993491840543374,111.7558025896527,4.543521967457139,1137116.1612117614,0.9513178925630253,4083.74,-25185.15676463538,63681.2546848323,74.0821623124586
10,66.0,1.007,0.314,12.03,-9.46,-21090.931811376224,53401.407649065186,1909.399335720392,-565.5006415939911,1417.1719584376235,-224.09567401229563,2.404707875366428,-5.864303611188303,-8.917922129193544,-8.35516863991434,111.75370956116086,4.531888744917207,1161191.1588601128,0.9764529878864764,3911.13,-25185.15676463538,63681.2546848323,74.0821623124586
10,67.0,1.007,0.314,12.03,-9.46,-21655.100255842055,54815.329033681744,1680.902751271165,-562.7069808858108,1410.3522255746998,-232.84029010013683,3.181546096356282,-7.774448346975002,-8.566374520056437,-8.717794733937005,111.7511739638966,4.5142872387925985,1183884.2042833841,1.0033141680147155,3738.52,-25185.15676463538,63681.2546848323,74.0821623124586
10,68.0,1.007,0.314,12.03,-9.46,-22216.088931044163,56221.478898039335,1443.8420376008762,-559.1422251621693,1401.631486586687,-241.21983033616135,3.948613215960554,-9.667678713541289,-8.188332364121797,-9.081871061857116,111.74816492211804,4.490745979404591,1205022.5163459573,1.031963364921307,3565.91,-25185.15676463538,63681.2546848323,74.0821623124586
10,69.0,1.007,0.314,12.03,-9.46,-22773.132735396393,57617.9693769371,1198.593977944605,-554.8193995925039,1391.038626591284,-249.2113859990021,4.723486261172921,-11.581264975496238,-7.779311367166292,-9.447840644727446,111.7447145920054,4.461346110651763,1224446.0257108293,1.0624632311723257,3393.3,-25185.15676463538,63681.2546848323,74.0821623124586
10,70.0,1.007,0.314,12.03,-9.46,-23325.479128257368,59002.94332005493,945.5567459866687,-549.7555743814814,1378.618428860223,-256.7972272065561,14.665587592293342,-36.143708100694475,-3.1547182802798086,-9.816234194606471,111.74077041953987,4.426217864678877,1242009.0821886056,1.0948769067779747,3220.69,-25185.15676463538,63681.2546848323,74.0821623124586
10,71.0,1.007,0.314,12.03,-9.46,-23848.28048186576,60315.00624621956,696.3090867681384,-497.32647249211124,1249.160424159431,-242.2265637003679,48.13078793166911,-118.84394900648114,13.035566517364591,-10.21276021140122,111.70891525487949,4.014592526648236,1052441.745429072,1.1277717719950666,3220.69,-25185.15676463538,63681.2546848323,74.0821623124586
10,72.0,1.007,0.314,12.03,-9.46,-24322.78297323985,61507.81020794277,460.1571997459018,-452.8608315710939,1139.3671045179274,-230.4990362801909,41.07331851697935,-101.41634803853258,10.517517655667078,-10.647257152818417,111.6761883498797,3.666017177194733,902577.6439481534,1.1598496042620017,3220.69,-25185.15676463538,63681.2546848323,74.0821623124586
10,73.0,1.007,0.314,12.03,-9.46,-24756.101247332732,62598.92398901866,234.56279397937982,-414.71199875672545,1045.172538921371,-221.0234271043098,35.42598761782988,-87.47067931584371,8.50618893124527,-11.120435343793291,111.64258760704985,3.3674976136339443,782250.9326141885,1.1913451298740472,3220.69,-25185.15676463538,63681.2546848323,74.0821623124586
10,74.0,1.007,0.314,12.03,-9.46,-25153.718190884298,63601.887238574884,17.54791385593282,-381.6789137559974,963.6110471930255,-213.36782340676154,30.84850892158769,-76.16672560373601,6.8797669916013815,-11.632648217724288,111.60813698491444,3.109558671018814,684419.5396003852,1.2224496662490922,3220.69,-25185.15676463538,63681.2546848323,74.0821623124586
10,74.08,1.007,0.314,12.03,-9.46,-25185.15676463538,63681.2546848323,4.301822062457994e-08,-379.1339555659943,957.3273957426909,-212.7988887091862,30.50638516686574,-75.32185305834518,6.7583881488943005,-11.676771106847799,111.60523715742379,3.0897102355504966,677119.7703838504,1.2249999999937415,3220.69,-25185.15676463538,63681.2546848323,74.0821623124586
