sim_id,missile_type,time_step,wind_u,wind_v,wind_u_scale,wind_v_scale,cd_factor,initial_mass_factor,launch_elevation,launch_azimuth,weather_wind_speed,weather_wind_direction_deg,weather_pressure,weather_temperature,weather_air_density,x,y,z,vx,vy,vz,ax,ay,az,pitch,yaw,mach,dynamic_pressure,air_density,current_mass,drag_force,Target_X,Target_Y,Target_T
1,Shahab_3,1.0,-1.957,-2.121,-1.957,-2.121,0.94895,0.98448,70.047,46.143,2.886,227.303,101206.353,288.086,1.22385,2.58337428657949,2.482339196310243,9.865254677799626,5.228239522073899,5.023773994834367,19.752260178756515,7.333918065038312,7.047505022330231,18.870249081407017,69.84268796211792,43.85744796756423,0.06183080006972573,270.9142756581319,1.223850178888135,14798.4,94.64663741172218,362541.51000509283,355738.77270805166,264.1249202048091
1,Shahab_3,2.0,-1.957,-2.121,-1.957,-2.121,0.94895,0.98448,70.047,46.143,2.886,227.303,100855.893,287.896,1.220416,11.55450503479362,11.103714328698803,39.07284552019384,12.73477408215648,12.24067109529995,38.71099701338577,7.5920343236864944,7.306386028875555,19.088942880599824,65.47286338176146,43.86663388583461,0.12503836523757278,1104.8123795364645,1.2204164568229208,14629.64,385.97735922164213,362541.51000509283,355738.77270805166,264.1249202048091
1,Shahab_3,3.0,-1.957,-2.121,-1.957,-2.121,0.94895,0.98448,70.047,46.143,2.886,227.303,100279.305,287.582,1.214763,28.157106643154535,27.07190265144276,87.34762521034833,20.570502854804126,19.798643744440962,57.84167306004674,8.20367078166231,7.93493113249535,19.099835472413684,63.72915948046945,43.90463670381727,0.18955096635243768,2527.188349175705,1.2147634113198944,14460.87,882.8987648380576,362541.51000509283,355738.77270805166,264.1249202048091
1,Shahab_3,4.0,-1.957,-2.121,-1.957,-2.121,0.94895,0.98448,70.047,46.143,2.886,227.303,99480.744,287.145,1.206926,53.04587939359198,51.057297545712075,154.66761924547862,29.46960148861117,28.437051602324456,76.6918799852797,9.780292119550207,9.525133893847224,18.453149657248886,61.898228132295955,43.978451032577844,0.25548390890614947,4561.437567483331,1.2069262359766981,14292.1,1593.5842674846656,362541.51000509283,355738.77270805166,264.1249202048091
1,Shahab_3,5.0,-1.957,-2.121,-1.957,-2.121,0.94895,0.98448,70.047,46.143,2.886,227.303,98473.473,286.588,1.197028,87.793942409288,84.6444292932467,240.35711183312648,40.43943469807632,39.14773407493138,94.41941722232063,12.233057774303383,11.963307115519733,16.8611926797862,59.20055017843893,44.07017050673299,0.32301596556987483,7231.794329150021,1.197027662489333,14123.33,2526.5003626864636,362541.51000509283,355738.77270805166,264.1249202048091
1,Shahab_3,6.0,-1.957,-2.121,-1.957,-2.121,0.94895,0.98448,70.047,46.143,2.886,227.303,97281.526,285.921,1.185295,134.74027215116345,130.15667357074435,342.89663766657765,53.79447863141508,52.20913043920286,110.38001066305323,14.249734665428116,13.927513967781424,15.227945188540167,55.817730443649864,44.14317078530926,0.3920932399602015,10551.133567545687,1.1852951540335426,13954.57,3686.1450384044097,362541.51000509283,355738.77270805166,264.1249202048091
1,Shahab_3,7.0,-1.957,-2.121,-1.957,-2.121,0.94895,0.98448,70.047,46.143,2.886,227.303,95928.444,285.155,1.171951,195.77171906529497,189.43216883438313,460.83192450879255,68.29715118705145,66.3626802995282,125.52420675294152,14.443699807850377,14.07537905976924,15.40599938779987,52.81429517817429,44.17696767730812,0.4630002397411464,14546.74458611591,1.1719510681051448,13785.8,5082.0520883160725,362541.51000509283,355738.77270805166,264.1249202048091
1,Shahab_3,8.0,-1.957,-2.121,-1.957,-2.121,0.94895,0.98448,70.047,46.143,2.886,227.303,94420.684,284.288,1.157049,271.19574063331373,262.73787756537985,594.2247947170941,82.4944923139586,80.19527015856451,141.38171336651934,14.172615781764355,13.820211906797134,16.055404982026996,50.86274570509491,44.1903180985179,0.535640288234327,19221.71522462557,1.1570490393489892,13617.03,6715.300280418825,362541.51000509283,355738.77270805166,264.1249202048091
1,Shahab_3,9.0,-1.957,-2.121,-1.957,-2.121,0.94895,0.98448,70.047,46.143,2.886,227.303,92762.118,283.318,1.140616,360.99325194789395,350.06340639178427,743.4424315790451,97.39200555445574,94.74778788816768,156.76633801102415,15.837840716397306,15.487338250491245,14.420550578921093,49.08310020784738,44.21154828809251,0.6096270750559479,24544.936372383378,1.1406161444846012,13448.26,8575.021332808197,362541.51000509283,355738.77270805166,264.1249202048091
1,Shahab_3,10.0,-1.957,-2.121,-1.957,-2.121,0.94895,0.98448,70.047,46.143,2.886,227.303,90975.26,282.253,1.122864,466.5071489285021,452.7496403565126,907.2176681675227,113.71788411637766,110.69888815285086,170.73972506958896,16.344777839870087,15.950793801084858,14.14036396493529,47.09282703397178,44.22926752844776,0.6849992473615708,30507.11574709312,1.1228637426421442,13279.49,10657.968892847057,362541.51000509283,355738.77270805166,264.1249202048091
1,Shahab_3,11.0,-1.957,-2.121,-1.957,-2.121,0.94895,0.98448,70.047,46.143,2.886,227.303,89072.604,281.096,1.103904,588.3250021875346,571.3537347234646,1085.1810891435143,129.94428301807665,126.54017298176126,185.20568826382112,16.564942419993404,16.192534603393028,14.168412526368478,45.598253027599284,44.23960426256889,0.7617627140047399,37090.676679405326,1.1039043157542443,13110.73,12958.002373640225,362541.51000509283,355738.77270805166,264.1249202048091
1,Shahab_3,12.0,-1.957,-2.121,-1.957,-2.121,0.94895,0.98448,70.047,46.143,2.886,227.303,87064.759,279.849,1.083832,726.8166093916017,706.2516149292949,1277.1538124236818,147.2150924656585,143.42532190802484,198.54608593797641,17.537005329420122,17.13155341011925,13.139844307028966,44.00963948175187,44.25294094532297,0.8397547262831392,44254.83063149768,1.0838317442012844,12941.96,15460.87188768936,362541.51000509283,355738.77270805166,264.1249202048091
1,Shahab_3,13.0,-1.957,-2.121,-1.957,-2.121,0.94895,0.98448,70.047,46.143,2.886,227.303,84967.909,278.514,1.062796,882.7363657870288,858.17989159505,1482.4212746563076,164.65601568701595,160.46641710796908,211.99445504684462,17.787347815458155,17.39700942099238,13.082260231124033,42.67773843079145,44.26171495223966,0.9189957971656654,51972.17491876465,1.062796066676318,12773.19,18157.00403046394,362541.51000509283,355738.77270805166,264.1249202048091
1,Shahab_3,14.0,-1.957,-2.121,-1.957,-2.121,0.94895,0.98448,70.047,46.143,2.886,227.303,82793.257,277.095,1.040898,1056.470442725635,1027.5245859620766,1700.726756720913,182.8795067704235,178.28513454909918,224.57020064576105,18.22402168236044,17.809033168004543,12.754351936405444,41.32449152820666,44.27118020515982,0.9993875206573594,60196.33377336829,1.0408982894323342,12604.42,21030.19695924975,362541.51000509283,355738.77270805166,264.1249202048091
1,Shahab_3,15.0,-1.957,-2.121,-1.957,-2.121,0.94895,0.98448,70.047,46.143,2.886,227.303,80553.589,275.594,1.018256,1248.5170677025574,1214.7726350043285,1931.6364379381218,201.36227917978454,196.36043615636893,237.05773483437395,18.9631655150872,18.550598672772274,11.8549917804157,40.126130698539505,44.279474426315616,1.0809057939044453,68885.3083973901,1.018256087205629,12435.66,24065.777969964798,362541.51000509283,355738.77270805166,264.1249202048091
1,Shahab_3,16.0,-1.957,-2.121,-1.957,-2.121,0.94895,0.98448,70.047,46.143,2.886,227.303,78261.552,274.015,0.994987,1459.3550064352112,1420.3994777305647,2174.6899877276273,220.3177913170063,214.8981932967726,249.0967083294122,19.13316174637562,18.720683863379403,11.890788029384327,38.98550041735689,44.2865518385673,1.1635096536490854,77992.20919601664,0.9949868425502971,12266.89,27247.365709253274,362541.51000509283,355738.77270805166,264.1249202048091
1,Shahab_3,17.0,-1.957,-2.121,-1.957,-2.121,0.94895,0.98448,70.047,46.143,2.886,227.303,75928.036,272.358,0.971191,1689.3648177113407,1644.7806881630459,2429.5672083892587,239.74754755793592,233.90702903426723,260.6343553464409,19.47366918210701,19.048802888205113,11.63032899558962,37.88753948578306,44.29353558603006,1.2471566639085312,87466.28943777664,0.9711912863002048,12098.12,30557.23129412543,362541.51000509283,355738.77270805166,264.1249202048091
1,Shahab_3,18.0,-1.957,-2.121,-1.957,-2.121,0.94895,0.98448,70.047,46.143,2.886,227.303,73564.0,270.627,0.946972,1938.9455006691717,1888.309684583306,2695.8936933598916,259.5209564596758,253.25688454110943,271.87617157721365,20.00338682165256,19.573089539984046,10.98627587224165,36.86123678270617,44.300112049848096,1.3318198700958679,97257.26202677505,0.9469720404336361,11929.35,33977.80641992068,362541.51000509283,355738.77270805166,264.1249202048091
1,Shahab_3,19.0,-1.957,-2.121,-1.957,-2.121,0.94895,0.98448,70.047,46.143,2.886,227.303,71180.006,268.824,0.922429,2208.488154354011,2151.373494183583,2973.280557511993,279.63368132109616,272.940823712611,282.81924321796106,20.380576424881923,19.951109575360515,10.59253415985599,35.89593389409654,44.306059654020096,1.4174772511255838,107314.65943033388,0.9224290118070411,11760.59,37491.45974456657,362541.51000509283,355738.77270805166,264.1249202048091
1,Shahab_3,20.0,-1.957,-2.121,-1.957,-2.121,0.94895,0.98448,70.047,46.143,2.886,227.303,68785.667,266.951,0.897654,2498.34806099948,2434.3239634630318,3261.384128266912,300.11815001852483,292.9919640458907,293.3817929378394,20.64190451904527,20.20979409064587,10.418333939694314,34.972402329974095,44.31162742801197,1.504107268056083,117587.28545502671,0.8976537353751809,11591.82,41080.305361001476,362541.51000509283,355738.77270805166,264.1249202048091
1,Shahab_3,21.0,-1.957,-2.121,-1.957,-2.121,0.94895,0.98448,70.047,46.143,2.886,227.303,66389.867,265.011,0.872732,2808.862554406456,2737.4947996330375,3559.8811139357267,320.95462650983904,313.3922003643451,303.58262831175904,20.94667260837181,20.508864380183088,10.153195241656347,34.088545445599756,44.31697526158085,1.5916952915434939,128024.91187910791,0.8727316374688903,11423.05,44726.795532843294,362541.51000509283,355738.77270805166,264.1249202048091
1,Shahab_3,22.0,-1.957,-2.121,-1.957,-2.121,0.94895,0.98448,70.047,46.143,2.886,227.303,64000.935,263.005,0.847744,3140.3636016838727,3061.2144675585946,3868.446710766646,342.11104584312113,334.1096691713356,313.47568084739646,21.3008121522885,20.85857487373062,9.773310882949962,33.2464917653433,44.322079744236966,1.680233284193482,138579.08021772254,0.8477437662292473,11254.28,48414.00079916036,362541.51000509283,355738.77270805166,264.1249202048091
1,Shahab_3,23.0,-1.957,-2.121,-1.957,-2.121,0.94895,0.98448,70.047,46.143,2.886,227.303,61626.557,260.936,0.822766,3493.1749741964863,3405.8035883909483,4186.763097884841,363.5755370387795,355.1320950910809,323.0810108003009,21.64276802316584,21.198204665220278,9.407588783443693,32.44364210456034,44.32691499024444,1.7697186776922014,149203.37911574283,0.8227659070672062,11085.51,52125.70688445946,362541.51000509283,355738.77270805166,264.1249202048091
1,Shahab_3,24.0,-1.957,-2.121,-1.957,-2.121,0.94895,0.98448,70.047,46.143,2.886,227.303,59273.715,258.806,0.797868,3867.610342560998,3771.57290707461,4514.5280502518235,385.34803248789393,376.459324273941,332.39632151928066,21.949359115607272,21.502996150733924,9.116720920427458,31.675253139244255,44.33150769428736,1.8601536963446972,159853.64360979758,0.797867873094496,10916.75,55846.4843128876,362541.51000509283,355738.77270805166,264.1249202048091
1,Shahab_3,25.0,-1.957,-2.121,-1.957,-2.121,0.94895,0.98448,70.047,46.143,2.886,227.303,56948.702,256.616,0.773114,4263.975718707876,4158.825578018583,4851.454799484091,407.42765412687993,398.09069746870244,341.4235659891493,22.23682122465828,21.788041842855854,8.8740296198738,30.93772414730375,44.335900601145966,1.9515459778332092,170488.38427858657,0.7731136074227708,10747.98,59561.838336227185,362541.51000509283,355738.77270805166,264.1249202048091
1,Shahab_3,26.0,-1.957,-2.121,-1.957,-2.121,0.94895,0.98448,70.047,46.143,2.886,227.303,54657.165,254.368,0.748562,4682.572788533797,4567.860441392131,5197.269104678564,429.8105662740503,420.0225736793846,350.1753043536833,22.524665822834724,22.072845906091583,8.63943119257394,30.22895507111136,44.34012238016349,2.0439086442458554,181069.108131517,0.7485615213184934,10579.21,63258.32103958083,362541.51000509283,355738.77270805166,264.1249202048091
1,Shahab_3,27.0,-1.957,-2.121,-1.957,-2.121,0.94895,0.98448,70.047,46.143,2.886,227.303,52404.131,252.064,0.724265,5123.701222214804,4998.974326473435,5551.708047515001,452.4934049162988,442.2516198370361,358.66775523997813,22.819329152626093,22.364230630521654,8.40020378598515,29.5473801063368,44.34418698443175,2.1372602285615994,191560.53247271272,0.7242647100058843,10410.44,66923.6060569223,362541.51000509283,355738.77270805166,264.1249202048091
1,Shahab_3,28.0,-1.957,-2.121,-1.957,-2.121,0.94895,0.98448,70.047,46.143,2.886,227.303,50194.026,249.706,0.700271,5587.660067266872,5452.463426920812,5914.520811291829,475.4751019501401,464.77671479983525,366.91620607449175,23.121595641430407,22.663222912098313,8.156864971661493,28.89147109042682,44.3481044440751,2.2316244473893825,201930.67561943142,0.7002710539052752,10241.68,70546.52026449141,362541.51000509283,355738.77270805166,264.1249202048091
1,Shahab_3,29.0,-1.957,-2.121,-1.957,-2.121,0.94895,0.98448,70.047,46.143,2.886,227.303,48030.701,247.294,0.676623,6074.749335480546,5928.62484817129,6285.468979188636,498.75675750483697,487.5988561150369,374.93505936661114,23.429836264939063,22.96833882065242,7.916471338724915,28.259750260358338,44.35188345731624,2.3270302828651803,212150.94856321107,0.6766233878512312,10072.91,74117.075803541,362541.51000509283,355738.77270805166,264.1249202048091
1,Shahab_3,30.0,-1.957,-2.121,-1.957,-2.121,0.94895,0.98448,70.047,46.143,2.886,227.303,45917.459,244.832,0.65336,6585.271523252235,6427.758097829071,6664.326909652691,522.3418320838148,510.72137555343573,382.73686798015586,23.74288113172922,23.278366288773984,7.685813003463039,27.65072248837465,44.35553310666873,2.4235117771206376,222196.1394175478,0.6533596912695899,9904.14,77626.4646469761,362541.51000509283,355738.77270805166,264.1249202048091
1,Shahab_3,31.0,-1.957,-2.121,-1.957,-2.121,0.94895,0.98448,70.047,46.143,2.886,227.303,43857.087,242.319,0.630513,7119.533278845404,6950.1667174236045,7050.881520576705,546.2354789686578,534.1492496065882,390.3338882465501,24.05790960636354,23.59037760070168,7.476981788459858,27.063009692702764,44.35906068592111,2.521108070649146,232044.4062123865,0.6305133343559054,9735.37,81067.05608203667,362541.51000509283,355738.77270805166,264.1249202048091
1,Shahab_3,32.0,-1.957,-2.121,-1.957,-2.121,0.94895,0.98448,70.047,46.143,2.886,227.303,41851.886,239.758,0.608113,7677.846738240763,7496.159587556159,7444.932934233914,570.4446372204458,557.8892564568525,397.73750401931704,24.376760692837617,23.906021868908894,7.290018026438681,26.495299436974495,44.362475377378246,2.61986327123042,241677.1811703168,0.6081132854271876,9566.61,84432.36326821994,362541.51000509283,355738.77270805166,264.1249202048091
1,Shahab_3,33.0,-1.957,-2.121,-1.957,-2.121,0.94895,0.98448,70.047,46.143,2.886,227.303,39903.709,237.149,0.586184,8260.531233907222,8066.052600400298,7846.294068991689,594.977162051542,581.9490654064623,404.960616901311,24.701356910282858,24.227200058491434,7.1242853629941,25.946507709782413,44.365784831288394,2.7198264316147376,251079.08229944817,0.586184391421025,9397.84,87717.01235135898,362541.51000509283,355738.77270805166,264.1249202048091
1,Shahab_3,34.0,-1.957,-2.121,-1.957,-2.121,0.94895,0.98448,70.047,46.143,2.886,227.303,38013.989,234.494,0.564748,8867.914596891414,8660.169948395818,8254.790703785264,619.8430409064375,606.3384495481587,412.0140851902925,25.033451037340292,24.555444808252705,6.979750240420123,25.41550895166846,44.368996504861116,2.8210514575700274,260237.77554536346,0.5647476331860983,9229.07,90916.6943050158,362541.51000509283,355738.77270805166,264.1249202048091
1,Shahab_3,35.0,-1.957,-2.121,-1.957,-2.121,0.94895,0.98448,70.047,46.143,2.886,227.303,36183.778,231.793,0.54382,9500.334902289855,9278.845827741525,8670.261555381958,645.0533496579731,631.0682729252536,418.9096693165554,25.377667649605314,24.895268598848446,6.847312709812791,24.901338202628523,44.372117999766395,2.9235972546745943,269143.8585458207,0.543820382492677,9060.3,94028.12431901283,362541.51000509283,355738.77270805166,264.1249202048091
1,Shahab_3,36.0,-1.957,-2.121,-1.957,-2.121,0.94895,0.98448,70.047,46.143,2.886,227.303,34413.773,229.048,0.523417,10158.141172913683,9922.425120817663,9092.558523282734,670.6196022508585,656.149814837585,425.66186982923375,25.739780261214694,25.252628493261568,6.712887795676795,24.403283844036917,44.37515526729035,3.02752737628616,277790.6312242822,0.5234166508673646,8891.54,97048.9616539662,362541.51000509283,355738.77270805166,264.1249202048091
1,Shahab_3,37.0,-1.957,-2.121,-1.957,-2.121,0.94895,0.98448,70.047,46.143,2.886,227.303,32704.356,226.26,0.503547,10841.695942225817,10591.26593497937,9521.545638218511,696.5547638280182,681.5957372769742,432.2854908260643,26.120591494739127,25.628467029145206,6.577041103424614,23.92069932439972,44.37811187647261,3.1329105607946275,286174.0506931283,0.5035473965493195,8722.77,99977.79388626806,362541.51000509283,355738.77270805166,264.1249202048091
1,Shahab_3,38.0,-1.957,-2.121,-1.957,-2.121,0.94895,0.98448,70.047,46.143,2.886,227.303,31055.621,223.429,0.484221,11551.375999685817,11285.740329691318,9957.099294012829,722.8736538742461,707.4204850526954,438.7940009791937,26.51543306845791,26.018166791237718,6.458440302073268,23.452906334286528,44.38098962949121,3.239820389658423,294292.48642392387,0.4842207579227576,8554.0,102814.05137434743,362541.51000509283,355738.77270805166,264.1249202048091
1,Shahab_3,39.0,-1.957,-2.121,-1.957,-2.121,0.94895,0.98448,70.047,46.143,2.886,227.303,29467.399,220.556,0.465442,12287.573564521474,12006.235469404202,10399.109457375773,749.5929513396101,733.6404061601768,445.1992662824921,26.927346655271748,26.424650287503983,6.352200788410447,22.999188942753975,44.383793341661885,3.348335459590621,302146.53845733166,0.4654422424476686,8385.23,105557.943748468,362541.51000509283,355738.77270805166,264.1249202048091
1,Shahab_3,40.0,-1.957,-2.121,-1.957,-2.121,0.94895,0.98448,70.047,46.143,2.886,227.303,27939.292,217.641,0.447215,13050.698152029201,12753.155446671839,10847.47894628876,776.7299308032844,760.272425571001,451.5158301081021,27.359676275460554,26.85141352466748,6.251510880800607,22.559029374979126,44.38652692817904,3.4585394912994523,309738.8916326135,0.4472149975253941,8216.46,108210.40898433262,362541.51000509283,355738.77270805166,264.1249202048091
1,Shahab_3,41.0,-1.957,-2.121,-1.957,-2.121,0.94895,0.98448,70.047,46.143,2.886,227.303,26470.684,216.65,0.425646,13841.183225950783,13526.927816516838,11302.126420035449,804.331118904762,787.3620870788915,457.7709916685776,27.89339860402599,27.377577538971735,6.212596646626576,22.131808148926716,44.38919317461331,3.570641346301144,314221.0590232543,0.42564636243507337,8047.7,109776.29941520808,362541.51000509283,355738.77270805166,264.1249202048091
1,Shahab_3,42.0,-1.957,-2.121,-1.957,-2.121,0.94895,0.98448,70.047,46.143,2.886,227.303,25060.665,216.65,0.402973,14659.555157411858,14328.07112789114,11763.023529297976,832.5113988718196,815.021854960781,464.0296638623419,28.493274183562118,27.96851774154679,6.233834905550293,21.7170194209627,44.39179411991078,3.685151832667546,316869.9293702269,0.40297337483846374,7878.93,110701.7090145049,362541.51000509283,355738.77270805166,264.1249202048091
1,Shahab_3,43.0,-1.957,-2.121,-1.957,-2.121,0.94895,0.98448,70.047,46.143,2.886,227.303,23708.11,216.65,0.381224,15506.41518148787,15157.17727379683,12230.184450185527,861.3114586760296,843.2916745932704,470.30863671463663,29.123809798091788,28.589222432546038,6.284660402622537,21.31408250706738,44.394334611609004,3.8022461337484645,319120.757748298,0.38122440747101305,7710.16,111488.05863324605,362541.51000509283,355738.77270805166,264.1249202048091
1,Shahab_3,44.0,-1.957,-2.121,-1.957,-2.121,0.94895,0.98448,70.047,46.143,2.886,227.303,22411.794,216.65,0.36038,16382.400255320967,16014.873179043383,12703.64001574341,890.766742979534,872.2063473584163,476.6234768227934,29.789911530213395,29.244500118308927,6.356453282266484,20.92257608726426,44.396818332305656,3.92207816309512,320986.4977026112,0.36037974423128594,7541.39,112139.87372320936,362541.51000509283,355738.77270805166,264.1249202048091
1,Shahab_3,45.0,-1.957,-2.121,-1.957,-2.121,0.94895,0.98448,70.047,46.143,2.886,227.303,21170.405,216.65,0.340418,17288.18277041291,16901.820520212776,13183.437665098845,920.9143826342389,901.8023381601396,482.99196519851444,30.497910745570135,29.940777537686262,6.4344798283185085,20.542194852017396,44.39924874503379,4.04481061731116,322480.32035914727,0.3404183242701338,7372.63,112661.75575023475,362541.51000509283,355738.77270805166,264.1249202048091
1,Shahab_3,46.0,-1.957,-2.121,-1.957,-2.121,0.94895,0.98448,70.047,46.143,2.886,227.303,19982.569,216.65,0.321318,18224.474708773727,17818.7198261314,13669.64116451197,951.7943696739887,932.1188787708924,489.43121757025665,31.24942504440163,30.67965769771328,6.522116129716781,20.172602994885466,44.40162764700131,4.170616333277314,323615.60950211657,0.3213180180994923,7203.86,113058.38047446181,362541.51000509283,355738.77270805166,264.1249202048091
1,Shahab_3,47.0,-1.957,-2.121,-1.957,-2.121,0.94895,0.98448,70.047,46.143,2.886,227.303,18846.854,216.65,0.303056,19192.029396955022,18766.3121910777,14162.331922589749,983.4488617967764,963.1973498266148,495.9607019907486,32.04938828067388,31.466232365656754,6.610369991551762,19.81356449258076,44.40395727770404,4.2996788685932845,324405.7679159373,0.3030558165183274,7035.09,113334.4302939445,362541.51000509283,355738.77270805166,264.1249202048091
1,Shahab_3,48.0,-1.957,-2.121,-1.957,-2.121,0.94895,0.98448,70.047,46.143,2.886,227.303,17761.79,216.65,0.285608,20191.643777798014,19745.381516637943,14661.608411524825,1015.9230757248514,995.082091959583,502.6000691193853,32.898547473757816,32.301354114755384,6.708041463670661,19.464837654306223,44.40623839101479,4.432193566064445,324864.17670020054,0.2856080757076902,6866.32,113494.58003092352,362541.51000509283,355738.77270805166,264.1249202048091
1,Shahab_3,49.0,-1.957,-2.121,-1.957,-2.121,0.94895,0.98448,70.047,46.143,2.886,227.303,16725.876,216.65,0.268951,21224.162220523318,20756.75825984696,15167.587409714848,1049.265848635508,1027.8210167853945,509.3678549495724,33.79795294454724,33.18598515515365,6.824563838304704,19.126122698525812,44.40847216213634,4.568368677676801,325004.09068820113,0.26895067238500536,6697.56,113543.46039523414,362541.51000509283,355738.77270805166,264.1249202048091
1,Shahab_3,50.0,-1.957,-2.121,-1.957,-2.121,0.94895,0.98448,70.047,46.143,2.886,227.303,15737.593,216.65,0.253059,22290.4797510201,21801.322602647706,15680.404848726312,1083.5296942888804,1061.4656693437648,516.2827551981433,34.7501320363501,34.122529542501226,6.96530206647125,18.797114670386122,44.41066029967201,4.708426995453466,324838.615493593,0.2530591623788858,6528.79,113485.64996532357,362541.51000509283,355738.77270805166,264.1249202048091
1,Shahab_3,51.0,-1.957,-2.121,-1.957,-2.121,0.94895,0.98448,70.047,46.143,2.886,227.303,14795.409,216.65,0.237909,23391.5459395958,22880.008273176747,16200.216640685028,1118.7710261164702,1096.0714401462808,523.3639764128277,35.75962845776644,35.11537777557368,7.130093987943986,18.477515235088013,44.41280476696063,4.852607112340238,324380.62051192153,0.23790892623738386,6360.02,113325.64479445782,362541.51000509283,355738.77270805166,264.1249202048091
1,Shahab_3,52.0,-1.957,-2.121,-1.957,-2.121,0.94895,0.98448,70.047,46.143,2.886,227.303,13897.792,216.65,0.223475,24528.367390170053,23993.80499247303,16727.198981818863,1155.0503405757786,1131.6977159948347,530.6321050378843,36.82974362750612,36.167681380354985,7.324873049210884,18.16706006381366,44.41490698313832,5.0011649272461,323642.6992433721,0.22347531514770966,6191.25,113067.84454907344,362541.51000509283,355738.77270805166,264.1249202048091
1,Shahab_3,53.0,-1.957,-2.121,-1.957,-2.121,0.94895,0.98448,70.047,46.143,2.886,227.303,13043.211,216.65,0.209734,25702.01484284785,25143.765448961185,17261.550418149927,1192.4327878264273,1168.4084869527503,538.1095846710032,37.96735499012729,37.2862847519986,7.543431372185734,17.865523474225984,44.41696904843334,5.154376386827252,322637.20743522345,0.2097337345192869,6022.48,112716.56583422863,362541.51000509283,355738.77270805166,264.1249202048091
1,Shahab_3,54.0,-1.957,-2.121,-1.957,-2.121,0.94895,0.98448,70.047,46.143,2.886,227.303,12230.15,216.65,0.19666,26913.62539052622,26331.00748874322,17803.491876450767,1230.9887543733396,1206.2728603355506,545.8196721952307,39.1775192766539,38.476033689355745,7.789396894787896,17.572677114647597,44.41899225476278,5.3125386997962405,321376.15644320473,0.19665977430879675,5853.72,112276.00493831668,362541.51000509283,355738.77270805166,264.1249202048091
1,Shahab_3,55.0,-1.957,-2.121,-1.957,-2.121,0.94895,0.98448,70.047,46.143,2.886,227.303,11457.104,216.65,0.184229,28164.41048719275,27556.721973307576,18353.268988401935,1270.7945844030767,1245.365820039553,553.787164438421,40.467053742889526,39.743642785377034,8.061192206788007,17.288305171822973,44.42097837857256,5.475973964077214,319871.3034334,0.184229268774566,5684.95,111750.26934601198,362541.51000509283,355738.77270805166,264.1249202048091
1,Shahab_3,56.0,-1.957,-2.121,-1.957,-2.121,0.94895,0.98448,70.047,46.143,2.886,227.303,10722.592,216.65,0.172418,29455.66084598106,28822.177595492612,18911.153387100745,1311.9331112070813,1285.7687226588291,562.0387517165703,41.844178368181446,41.097205305854594,8.355758336873507,17.012209848420937,44.4229290185914,5.64503153345146,318134.08513128443,0.17241837799278364,5516.18,111143.354592827,362541.51000509283,355738.77270805166,264.1249202048091
1,Shahab_3,57.0,-1.957,-2.121,-1.957,-2.121,0.94895,0.98448,70.047,46.143,2.886,227.303,10025.156,216.65,0.161204,30788.752857505395,30128.727195083677,19477.44397153977,1354.4947295637226,1327.5703442353508,570.6019047557746,43.31591054646814,42.54342051799961,8.678607728519824,16.74416897061877,44.42484548821151,5.820091297942483,316175.6334360467,0.16120366081827867,5347.41,110459.14972013347,362541.51000509283,355738.77270805166,264.1249202048091
1,Shahab_3,58.0,-1.957,-2.121,-1.957,-2.121,0.94895,0.98448,70.047,46.143,2.886,227.303,9363.365,216.65,0.150562,32165.158011765,31477.81699961255,20052.469738701533,1398.577882589835,1370.8673467745564,579.5084335079413,44.89041299523195,44.09036004733163,9.035032222917588,16.48403379469699,44.42672859101985,6.001568651902749,314006.87222084467,0.15056211046130713,5178.65,109701.47109330885,362541.51000509283,355738.77270805166,264.1249202048091
1,Shahab_3,59.0,-1.957,-2.121,-1.957,-2.121,0.94895,0.98448,70.047,46.143,2.886,227.303,8735.818,216.65,0.140471,33586.45076611646,32870.99436510371,20636.591611812644,1444.290338135708,1415.765512193084,588.7926414103583,46.5733569055483,45.74353344324356,9.450042358998804,16.231660699868023,44.428578308836784,6.18991786536246,311638.42107080715,0.14047120892253198,5009.88,108874.02877163567,362541.51000509283,355738.77270805166,264.1249202048091
1,Shahab_3,60.0,-1.957,-2.121,-1.957,-2.121,0.94895,0.98448,70.047,46.143,2.886,227.303,8141.147,216.65,0.130909,35054.318967659834,34309.91799978119,21230.205964640914,1491.750128593308,1462.380724730593,598.4946176285007,48.37446839707584,47.512933230965665,9.933825612631834,15.986987873490492,44.43039508591146,6.385638613498935,309080.71646473004,0.13090894852453439,4841.11,107980.46884435021,362541.51000509283,355738.77270805166,264.1249202048091
1,Shahab_3,61.0,-1.957,-2.121,-1.957,-2.121,0.94895,0.98448,70.047,46.143,2.886,227.303,7578.016,216.65,0.121854,36570.57430533967,35796.3682314757,21833.747818565647,1541.0866278294577,1510.8400652347405,608.6624215288201,50.31128555518312,49.417106146689264,10.468112466932446,15.750070151926506,44.43218044856979,6.589281909472076,306343.99991615047,0.12185386233360819,4672.34,107024.36928760727,362541.51000509283,355738.77270805166,264.1249202048091
1,Shahab_3,62.0,-1.957,-2.121,-1.957,-2.121,0.94895,0.98448,70.047,46.143,2.886,227.303,7045.126,216.65,0.113285,38137.16659191657,37332.26108519108,22447.696435243193,1592.447059108741,1561.2885870113328,619.3275523892287,52.43109948680064,51.50180364040679,10.894085003505188,15.520417239505758,44.43394403845696,6.801457162832458,303438.25437762303,0.11328502231197785,4503.58,106009.21774667193,362541.51000509283,355738.77270805166,264.1249202048091
1,Shahab_3,63.0,-1.957,-2.121,-1.957,-2.121,0.94895,0.98448,70.047,46.143,2.886,227.303,6541.215,216.65,0.105182,39756.199493028675,38919.66375482185,23072.570703184083,1645.9972296692529,1613.8887368756718,630.5167748505523,54.706665966988865,53.73547209034819,11.453910714955692,15.297354826524248,44.4356791451454,7.022842952039433,300373.74707224,0.10518217727247522,4334.81,104938.60117959161,362541.51000509283,355738.77270805166,264.1249202048091
1,Shahab_3,64.0,-1.957,-2.121,-1.957,-2.121,0.94895,0.98448,70.047,46.143,2.886,227.303,6065.058,216.65,0.097526,41429.94651401992,40560.81007243031,23708.94433332037,1701.9072887850905,1668.8072409038984,642.3342636910193,57.147845889741276,56.135189085460404,12.187951231584634,15.082022036635104,44.43737979816163,7.2541954412702685,297160.5137196658,0.09752561412323821,4166.04,103816.02566635393,362541.51000509283,355738.77270805166,264.1249202048091
1,Shahab_3,65.0,-1.957,-2.121,-1.957,-2.121,0.94895,0.98448,70.047,46.143,2.886,227.303,5615.463,216.65,0.090296,43160.87065046509,42258.12015688243,24357.452448657674,1760.387582822351,1726.251682552517,654.794512074013,59.84482110970604,58.78445142204096,12.774648304707739,14.873169902231206,44.439064274073765,7.496363728083786,293808.6321021703,0.09029617369470228,3997.27,102645.01198194239,362541.51000509283,355738.77270805166,264.1249202048091
1,Shahab_3,66.0,-1.957,-2.121,-1.957,-2.121,0.94895,0.98448,70.047,46.143,2.886,227.303,5191.284,216.65,0.083475,44951.651102798474,44014.226377157705,25018.785466789435,1821.6589853012986,1786.4380441822204,668.0013321744035,62.75475183775868,61.64501814769186,13.575144652151627,14.671544710087618,44.4407170413428,7.750303603917254,290328.61353090144,0.0834753995660615,3828.5,101429.23235903104,362541.51000509283,355738.77270805166,264.1249202048091
1,Shahab_3,67.0,-1.957,-2.121,-1.957,-2.121,0.94895,0.98448,70.047,46.143,2.886,227.303,4791.404,216.65,0.077045,46805.20775087911,45831.99757893921,25693.711384674327,1885.9848941057098,1849.625493627903,681.9998392792392,65.93396753480927,64.76731148147573,14.497440366069823,14.476322808411817,44.44234698073496,8.017098732757876,286731.1821726406,0.0770453723830365,3659.74,100172.43339355853,362541.51000509283,355738.77270805166,264.1249202048091
1,Shahab_3,68.0,-1.957,-2.121,-1.957,-2.121,0.94895,0.98448,70.047,46.143,2.886,227.303,4414.749,216.65,0.070989,48724.736208197064,47714.57335984754,26383.078875194475,1953.6559882287766,1916.0995853265463,696.8911661434839,69.43815833859222,68.20926922230053,15.446427934766994,14.287739890413226,44.44395562369983,8.297982887171582,283027.5436247562,0.07098878284516305,3490.97,98878.52987409974,362541.51000509283,355738.77270805166,264.1249202048091
1,Shahab_3,69.0,-1.957,-2.121,-1.957,-2.121,0.94895,0.98448,70.047,46.143,2.886,227.303,4060.278,216.65,0.065289,50713.745739906924,49665.40140419312,27087.827868145116,2025.0070436309688,1986.1890199380018,712.7840577537011,73.31222032719731,72.01733315138429,16.447352604712016,14.105896629411117,44.445542061711635,8.59437065334159,279229.69511434593,0.06528892833393563,3322.2,97551.71315306783,362541.51000509283,355738.77270805166,264.1249202048091
1,Shahab_3,70.0,-1.957,-2.121,-1.957,-2.121,0.94895,0.98448,70.047,46.143,2.886,227.303,3726.99,216.65,0.05993,52776.10809266442,51688.28546506532,27809.004908130126,2100.4312696254397,2060.280071451162,729.7643406424785,72.41780765876607,71.14301951333711,15.812567034012455,13.930134301620052,44.447108294051965,8.907894143273914,275350.58706935856,0.059929686977242644,3153.43,96196.50759321719,362541.51000509283,355738.77270805166,264.1249202048091
1,Shahab_3,71.0,-1.957,-2.121,-1.957,-2.121,0.94895,0.98448,70.047,46.143,2.886,227.303,3420.912,216.65,0.055008,54866.26441982281,53738.537653713225,28530.54564915164,2080.236726702645,2040.5724123623254,713.4479315881207,-19.148219670461447,-18.683344007671394,-15.959950091798817,13.757417276779298,44.448523930011,8.815911723628902,247544.9593426993,0.05500798280509335,3153.43,86482.33081513032,362541.51000509283,355738.77270805166,264.1249202048091
1,Shahab_3,72.0,-1.957,-2.121,-1.957,-2.121,0.94895,0.98448,70.047,46.143,2.886,227.303,3145.916,216.65,0.050586,56937.2418734563,55770.076896822145,29236.16019446227,2062.026600357025,2022.8082229405613,697.8992762515815,-17.29934089554971,-16.871349523522436,-15.239982779870532,13.582873118592275,44.44992182962583,8.73247483534923,223356.95136632977,0.05058606353158631,3153.43,78032.00602109772,362541.51000509283,355738.77270805166,264.1249202048091
1,Shahab_3,73.0,-1.957,-2.121,-1.957,-2.121,0.94895,0.98448,70.047,46.143,2.886,227.303,2898.258,216.65,0.046604,58990.89533379273,57784.71983004768,29926.56058766435,2045.5497110787148,2006.7414205065934,683.0070993463161,-15.69272614346874,-15.298984431372107,-14.543609515704693,13.406444701116452,44.45130218619118,8.65650242422077,202208.58633134348,0.04660374105108256,3153.43,70643.61117754602,362541.51000509283,355738.77270805166,264.1249202048091
1,Shahab_3,74.0,-1.957,-2.121,-1.957,-2.121,0.94895,0.98448,70.047,46.143,2.886,227.303,2674.728,216.65,0.043009,61028.847234586305,59784.055293125326,30602.36641708108,2030.591457034264,1992.1619409130133,668.6932737880954,-14.254803622032966,-13.890830646540472,-14.089735042138647,13.228396570378067,44.45266788995155,8.587083107114589,183632.1344773167,0.043009406302217605,3153.43,64153.74017036783,362541.51000509283,355738.77270805166,264.1249202048091
1,Shahab_3,75.0,-1.957,-2.121,-1.957,-2.121,0.94895,0.98448,70.047,46.143,2.886,227.303,2472.563,216.65,0.039759,63052.523806245656,61769.479882003114,31264.116318542165,2016.9712078950963,1978.892382438429,654.8843125789515,-13.011472783363512,-12.673818201200232,-13.536595420593983,13.048813093734063,44.454012906555675,8.523443360860831,167245.77910654567,0.03975860191667935,3153.43,58429.00148131441,362541.51000509283,355738.77270805166,264.1249202048091
1,Shahab_3,76.0,-1.957,-2.121,-1.957,-2.121,0.94895,0.98448,70.047,46.143,2.886,227.303,2289.368,216.65,0.036813,65063.183440490604,63742.22570532345,31912.28473488676,2004.5333509726802,1966.7806129689488,641.5234377824694,-11.892395435890888,-11.576948331811792,-13.158316398350953,12.86788871118881,44.45534213203323,8.464922637682154,152735.2107855651,0.03681283627648205,3153.43,53359.58793646697,362541.51000509283,355738.77270805166,264.1249202048091
1,Shahab_3,77.0,-1.957,-2.121,-1.957,-2.121,0.94895,0.98448,70.047,46.143,2.886,227.303,2123.062,216.65,0.034139,67061.9413883422,65703.38462847922,32547.287431471297,1993.1469072869875,1955.6981623406793,628.5468954888621,-10.895079947589172,-10.601130739351403,-12.833831210671178,12.685485400890014,44.456653610072806,8.410953747368167,139839.84049573273,0.03413866452496015,3153.43,48854.460131198335,362541.51000509283,355738.77270805166,264.1249202048091
1,Shahab_3,78.0,-1.957,-2.121,-1.957,-2.121,0.94895,0.98448,70.047,46.143,2.886,227.303,1971.833,216.65,0.031707,69049.78936475051,67653.92743190519,33169.49149517234,1982.6961983801832,1945.5315768581963,615.9154724052872,-10.011525884601483,-9.736935844197811,-12.507412518806346,12.501805940681809,44.457945782940136,8.361047153624291,128342.10676057066,0.03170690972205621,3153.43,44837.61076715211,362541.51000509283,355738.77270805166,264.1249202048091
1,Shahab_3,79.0,-1.957,-2.121,-1.957,-2.121,0.94895,0.98448,70.047,46.143,2.886,227.303,1834.091,216.65,0.029492,71027.61209954647,69594.72005539284,33779.222409009315,1973.0814182560098,1936.1830956343795,603.5916883955607,-9.221924158885333,-8.964409474709113,-12.210991652184928,12.316956667263085,44.45921915190045,8.314778353903955,118059.22062929587,0.02949202924030207,3153.43,41245.18067889449,362541.51000509283,355738.77270805166,264.1249202048091
1,Shahab_3,80.0,-1.957,-2.121,-1.957,-2.121,0.94895,0.98448,70.047,46.143,2.886,227.303,1708.441,216.65,0.027472,72996.20138299438,71526.53735935385,34376.76917547758,1964.2158500751195,1927.5677601342786,591.5415551977794,-8.51194893981859,-8.269586997488945,-11.956030321533762,12.131002805507537,44.460473904045564,8.271777631224339,108836.71997141778,0.027471592812362153,3153.43,38023.2069616547,362541.51000509283,355738.77270805166,264.1249202048091
1,Shahab_3,81.0,-1.957,-2.121,-1.957,-2.121,0.94895,0.98448,70.047,46.143,2.886,227.303,1593.656,216.65,0.025626,74956.2678727506,73450.0746917222,34962.38900895357,1956.0236226516436,1919.611197082707,579.7356395086429,-7.873236231105608,-7.644320322419004,-11.727972425315643,11.944007296458539,44.46170962386743,8.231721693725172,100543.37613527135,0.02562584552532006,3153.43,35125.843561060006,362541.51000509283,355738.77270805166,264.1249202048091
1,Shahab_3,82.0,-1.957,-2.121,-1.957,-2.121,0.94895,0.98448,70.047,46.143,2.886,227.303,1488.648,216.65,0.023937,76908.45110736716,75365.95770199422,35536.311415764976,1948.4382899005848,1912.2482438993259,568.1471009519422,-7.300749897112212,-7.083973339576521,-11.498705288436481,11.756004146323273,44.46292553248957,8.194326786041657,93067.14020905033,0.023937341056695604,3153.43,32513.945058500263,362541.51000509283,355738.77270805166,264.1249202048091
1,Shahab_3,83.0,-1.957,-2.121,-1.957,-2.121,0.94895,0.98448,70.047,46.143,2.886,227.303,1392.46,216.65,0.022391,78853.3280002643,77274.75066699288,36098.742053754286,1941.4017180330325,1905.421952485552,556.7492339697615,-6.784586179729261,-6.579632433915983,-11.279114127668883,11.566958247892243,44.464121888605575,8.159342984906433,86311.88984032358,0.02239063159709498,3153.43,30153.930139681084,362541.51000509283,355738.77270805166,264.1249202048091
1,Shahab_3,84.0,-1.957,-2.121,-1.957,-2.121,0.94895,0.98448,70.047,46.143,2.886,227.303,1304.236,216.65,0.020972,80791.42015170577,79176.96364092389,36649.86596829347,1934.8616186827746,1899.0811948803018,545.5241322905476,-6.308427848233171,-6.11487381035684,-11.137083637504695,11.376957522299543,44.46530038184924,8.126549455135063,80194.80533449944,0.02097200582549386,3153.43,28016.864908130883,362541.51000509283,355738.77270805166,264.1249202048091
1,Shahab_3,85.0,-1.957,-2.121,-1.957,-2.121,0.94895,0.98448,70.047,46.143,2.886,227.303,1223.22,216.65,0.019669,82723.2004166689,81073.05888454967,37189.848488436575,1928.7706078277747,1893.1794241891441,534.4640550351652,-5.8763105646405025,-5.691679923430887,-11.013384665396273,11.186252535253898,44.46645935981201,8.095750475137747,74644.25478218134,0.01966927063909514,3153.43,26077.724033090337,362541.51000509283,355738.77270805166,264.1249202048091
1,Shahab_3,86.0,-1.957,-2.121,-1.957,-2.121,0.94895,0.98448,70.047,46.143,2.886,227.303,1148.735,216.65,0.018472,84649.09822441178,82963.45613980066,37718.8381920542,1923.0896966318305,1887.6782786555036,523.5403380199411,-5.492541801729456,-5.316998679280036,-10.830976580957573,10.99460498990954,44.46759644940916,8.066772078594372,69598.0409636224,0.018471558511936482,3153.43,24314.778287883968,362541.51000509283,355738.77270805166,264.1249202048091
1,Shahab_3,87.0,-1.957,-2.121,-1.957,-2.121,0.94895,0.98448,70.047,46.143,2.886,227.303,1080.177,216.65,0.017369,86569.50398663721,84848.5368657887,38236.97162792082,1917.7813609087175,1882.5413206249843,512.7450743882094,-5.1300029079864835,-4.963005192655126,-10.757629398770744,10.802175384401625,44.46871677008506,8.039459213525328,65001.94523939114,0.017369158506528624,3153.43,22709.08584342298,362541.51000509283,355738.77270805166,264.1249202048091
1,Shahab_3,88.0,-1.957,-2.121,-1.957,-2.121,0.94895,0.98448,70.047,46.143,2.886,227.303,1017.007,216.65,0.016353,88484.77410150417,86728.6491904955,38744.368573481355,1912.8128789088282,1877.7360725213073,502.068191821641,-4.811412303747942,-4.651673677555512,-10.601347718963728,10.609043851991373,44.46981410156139,8.013673376158843,60808.59523051793,0.016353389978057926,3153.43,21244.09668083231,362541.51000509283,355738.77270805166,264.1249202048091
1,Shahab_3,89.0,-1.957,-2.121,-1.957,-2.121,0.94895,0.98448,70.047,46.143,2.886,227.303,958.74,216.65,0.015416,90395.23345783619,88604.11036661097,39241.14161797358,1908.155400885957,1873.2346627451313,491.494273968112,-4.508094737977757,-4.355658893226062,-10.547050597679473,10.41514542308295,44.470894564267624,7.989290487813102,56976.41305509227,0.015416464166051403,3153.43,19905.285147287013,362541.51000509283,355738.77270805166,264.1249202048091
1,Shahab_3,90.0,-1.957,-2.121,-1.957,-2.121,0.94895,0.98448,70.047,46.143,2.886,227.303,904.942,216.65,0.014551,92301.17979895757,90475.211028646,39727.388701309195,1903.7826953804217,1869.0109758834478,481.0147352065211,-4.240984754443765,-4.095362422007223,-10.414980101943337,10.220533505517356,44.47195194321366,7.966199212664004,53468.85791468923,0.014551396672539074,3153.43,18679.88534593334,362541.51000509283,355738.77270805166,264.1249202048091
1,Shahab_3,91.0,-1.957,-2.121,-1.957,-2.121,0.94895,0.98448,70.047,46.143,2.886,227.303,855.222,216.65,0.013752,94202.8853881317,92342.21681541808,40203.20277558255,1899.6700660196805,1865.041133809919,470.62774565292636,-3.9889832294159486,-3.848863841644624,-10.351675194823187,10.025383098005195,44.47299125880485,7.9442993638407495,50253.67307448655,0.013751899983467578,3153.43,17556.628060789993,362541.51000509283,355738.77270805166,264.1249202048091
1,Shahab_3,92.0,-1.957,-2.121,-1.957,-2.121,0.94895,0.98448,70.047,46.143,2.886,227.303,809.228,216.65,0.013012,96100.60033906701,94205.37170346093,40668.6659172089,1895.7979613722523,1861.3058401833757,460.3119969488608,-3.7569573664100853,-3.6232577285319096,-10.29366828746588,9.829429006247329,44.47401041943653,7.923500657850817,47302.350247601986,0.01301231656526271,3153.43,16525.553634008684,362541.51000509283,355738.77270805166,264.1249202048091
1,Shahab_3,93.0,-1.957,-2.121,-1.957,-2.121,0.94895,0.98448,70.047,46.143,2.886,227.303,766.642,216.65,0.012328,97994.55449387335,96064.89973805049,41123.85288147001,1892.1458245136282,1857.7848105732144,450.07110140054345,-3.5494776052589443,-3.421283328052684,-10.193417825132931,9.632923309146163,44.47500736072925,7.903721561975393,44589.61643999688,0.012327544235878219,3153.43,15577.832689960256,362541.51000509283,355738.77270805166,264.1249202048091
1,Shahab_3,94.0,-1.957,-2.121,-1.957,-2.121,0.94895,0.98448,70.047,46.143,2.886,227.303,727.179,216.65,0.011693,99884.95908775719,97921.00674062531,41568.83379458539,1888.695883999145,1854.4608090078098,439.9007681780366,-3.3556680745970495,-3.2319755358863347,-10.125798111552722,9.435932051500389,44.475984903120306,7.884888280964064,42093.00462981072,0.011692972707376376,3153.43,14705.61614772571,362541.51000509283,355738.77270805166,264.1249202048091
1,Shahab_3,95.0,-1.957,-2.121,-1.957,-2.121,0.94895,0.98448,70.047,46.143,2.886,227.303,690.578,216.65,0.011104,101772.00883642666,99773.88236192589,42003.67183925768,1885.4331650813922,1851.3191729392258,429.7881485328969,-3.173317624826447,-3.0542982380241734,-10.092833634206125,9.23832104796905,44.476943266055564,7.866933941401342,39792.51328118993,0.011104434852843511,3153.43,13901.916268814659,362541.51000509283,355738.77270805166,264.1249202048091
1,Shahab_3,96.0,-1.957,-2.121,-1.957,-2.121,0.94895,0.98448,70.047,46.143,2.886,227.303,656.605,216.65,0.010558,103655.88345575235,101623.70153143292,42428.42402827002,1882.3434220556721,1848.3458277690686,419.72717711303517,-3.0059742753187595,-2.8918539174841458,-10.052285811997823,9.040089086644981,44.47788073027638,7.849797824614516,37670.2973201957,0.010558159113077569,3153.43,13160.498696478759,362541.51000509283,355738.77270805166,264.1249202048091
1,Shahab_3,97.0,-1.957,-2.121,-1.957,-2.121,0.94895,0.98448,70.047,46.143,2.886,227.303,625.048,216.65,0.010051,105536.7488688634,103470.62564234291,42843.143070934704,1879.4131069230327,1845.5274612312123,409.7171913903816,-2.853488396353942,-2.7439467003995874,-9.995441033854608,8.84134051409872,44.47879680356606,7.83342470866152,35710.39821081102,0.010050726230107528,3153.43,12475.788155039558,362541.51000509283,355738.77270805166,264.1249202048091
1,Shahab_3,98.0,-1.957,-2.121,-1.957,-2.121,0.94895,0.98448,70.047,46.143,2.886,227.303,595.714,216.65,0.009579,107414.75843011768,105314.80376963005,43247.877799543516,1876.6301125278164,1842.852238689056,399.7554188445696,-2.713059487483998,-2.607632288030059,-9.93721936530054,8.642123639245982,44.47969200304682,7.817764289919631,33898.51794635924,0.009579032890906771,3153.43,11842.789491508718,362541.51000509283,355738.77270805166,264.1249202048091
1,Shahab_3,99.0,-1.957,-2.121,-1.957,-2.121,0.94895,0.98448,70.047,46.143,2.886,227.303,568.427,216.65,0.00914,109290.05408394882,107156.37380536221,43642.67306448983,1873.9835843210044,1840.3095448355173,389.8376046267611,-2.582589202051544,-2.4809110650250616,-9.887157678493395,8.442445100135277,44.48056671450567,7.80277066545919,32221.825391411527,0.009140260053963272,3153.43,11257.020019178191,362541.51000509283,355738.77270805166,264.1249202048091
1,Shahab_3,100.0,-1.957,-2.121,-1.957,-2.121,0.94895,0.98448,70.047,46.143,2.886,227.303,543.028,216.65,0.008732,111162.76735955011,108995.46343093213,44027.57000051478,1871.463647561564,1837.8897053035912,379.9594535317505,-2.4610144536712126,-2.362878992782606,-9.846261132299263,8.24230203620813,44.48142102354858,7.788401901071342,30668.786756702546,0.008731844340267768,3153.43,10714.450292320445,362541.51000509283,355738.77270805166,264.1249202048091
1,Shahab_3,101.0,-1.957,-2.121,-1.957,-2.121,0.94895,0.98448,70.047,46.143,2.886,227.303,519.372,216.65,0.008351,113033.02025116853,110832.19097761967,44402.606413551744,1869.0612280905457,1835.58381398647,370.11735955363565,-2.347853831132554,-2.2531373728183075,-9.811181550267655,8.041698880412257,44.48225476213705,7.774619624557074,29229.01741537611,0.008351452455338533,3153.43,10211.452336697774,362541.51000509283,355738.77270805166,264.1249202048091
1,Shahab_3,102.0,-1.957,-2.121,-1.957,-2.121,0.94895,0.98448,70.047,46.143,2.886,227.303,497.326,216.65,0.007997,114900.92600258652,112666.6661942374,44767.81719980951,1866.7679543937786,1833.3836574053657,360.3084757845836,-2.2425630993072034,-2.151156915633523,-9.780087501297498,7.840649722966514,44.48306782530446,7.761388673962311,27893.15266073223,0.007996958387636548,3153.43,9744.754497476382,362541.51000509283,355738.77270805166,264.1249202048091
1,Shahab_3,103.0,-1.957,-2.121,-1.957,-2.121,0.94895,0.98448,70.047,46.143,2.886,227.303,476.77,216.65,0.007666,116766.58982764017,114498.99095487194,45123.23459242134,1864.5761291768295,1831.2816836362565,350.5302938673548,-2.144621443035962,-2.0564210575544504,-9.751543481717484,7.639169845020132,44.48386011976377,7.748676783517264,26652.735291490506,0.007666423244812515,3153.43,9311.402166003185,362541.51000509283,355738.77270805166,264.1249202048091
1,Shahab_3,104.0,-1.957,-2.121,-1.957,-2.121,0.94895,0.98448,70.047,46.143,2.886,227.303,457.594,216.65,0.007358,118630.109557333,116329.25989337951,45468.888435807734,1862.4786663810683,1829.2709444377012,340.780581288762,-2.053417226548254,-1.968317940647588,-9.725667769023795,7.437274963794599,44.48463162416163,7.736454303950627,25500.11698958704,0.0073580772156615695,3153.43,8908.723325143446,362541.51000509283,355738.77270805166,264.1249202048091
1,Shahab_3,105.0,-1.957,-2.121,-1.957,-2.121,0.94895,0.98448,70.047,46.143,2.886,227.303,439.698,216.65,0.00707,120491.57623094472,118157.56098291474,45804.80636676496,1860.4690353748754,1827.3450366204247,331.0573537693476,-1.9683885769664577,-1.8862807081747246,-9.702720459604922,7.234981176104447,44.48538232761062,7.724693951809013,24428.371965062302,0.007070303518947724,3153.43,8534.298380250495,362541.51000509283,355738.77270805166,264.1249202048091
1,Shahab_3,106.0,-1.957,-2.121,-1.957,-2.121,0.94895,0.98448,70.047,46.143,2.886,227.303,422.989,216.65,0.006802,122351.07462969505,119983.97605898882,46131.014003423625,1858.541210018082,1825.49805132795,321.35886702417406,-1.889042936183371,-1.8098037873884614,-9.682851293139935,7.032305260552353,44.486112217053694,7.713370592645832,23431.220947645306,0.006801624018571049,3153.43,8185.933604858255,362541.51000509283,355738.77270805166,264.1249202048091
1,Shahab_3,107.0,-1.957,-2.121,-1.957,-2.121,0.94895,0.98448,70.047,46.143,2.886,227.303,407.383,216.65,0.006551,124208.68376169384,121808.58129502025,46447.53509801416,1856.6896244378715,1823.7245279527299,311.68357011368573,-1.8150022909061054,-1.7384931864798296,-9.665455375319011,6.829264096303671,44.48682123402344,7.70246103376323,22502.964152035795,0.006550686353806337,3153.43,7861.637721425789,362541.51000509283,355738.77270805166,264.1249202048091
1,Shahab_3,108.0,-1.957,-2.121,-1.957,-2.121,0.94895,0.98448,70.047,46.143,2.886,227.303,392.804,216.65,0.006316,126064.47730060546,123631.44763227568,46754.391689909775,1854.9091266829528,1822.0194084345715,302.0301685049681,-1.7459946252279475,-1.6720525504939583,-9.649120554318323,6.625876435168831,44.487509270115595,7.691943852541946,21638.422116908812,0.006316252385108099,3153.43,7559.601232846234,362541.51000509283,355738.77270805166,264.1249202048091
1,Shahab_3,109.0,-1.957,-2.121,-1.957,-2.121,0.94895,0.98448,70.047,46.143,2.886,227.303,379.18,216.65,0.006097,127918.52398348767,125452.64117271498,47051.60423495321,1853.1950053868304,1820.3780638054127,292.3968205209369,-1.6818188424628118,-1.6103326821522455,-9.631338897824458,6.422145535925342,44.48817617098007,7.681799235105136,20832.883335713803,0.006097187828835048,3153.43,7278.178126737738,362541.51000509283,355738.77270805166,264.1249202048091
1,Shahab_3,110.0,-1.957,-2.121,-1.957,-2.121,0.94895,0.98448,70.047,46.143,2.886,227.303,366.448,216.65,0.005892,129770.88796815964,127272.22352557108,47339.19185624649,1851.54285932897,1818.796177585089,282.7821403080548,-1.6221023760116011,-1.552973004000266,-9.61221137810677,6.218081559028916,44.48882191635108,7.672008819583479,20082.057457255156,0.005892452848080595,3153.43,7015.869525593779,362541.51000509283,355738.77270805166,264.1249202048091
1,Shahab_3,111.0,-1.957,-2.121,-1.957,-2.121,0.94895,0.98448,70.047,46.143,2.886,227.303,354.548,216.65,0.005701,131621.62916956798,129090.25214120958,47617.17232093553,1849.9486599095835,1817.269793289021,273.18415071141715,-1.5666023684395298,-1.4998152659359838,-9.590058985376986,6.013678730425963,44.48944640108762,7.662555582490881,19382.034521643192,0.005701093775115985,3153.43,6771.309445451078,362541.51000509283,355738.77270805166,264.1249202048091
1,Shahab_3,112.0,-1.957,-2.121,-1.957,-2.121,0.94895,0.98448,70.047,46.143,2.886,227.303,343.424,216.65,0.005522,133470.80354589203,130906.7805880212,47885.56240933829,1848.4086338827697,1815.7952250430149,263.6011639455686,-1.514704446239405,-1.4503034828733001,-9.568735566738093,5.80893501382706,44.490049840906,7.6534237089155415,18729.24763409933,0.005522235385147675,3153.43,6543.251755606574,362541.51000509283,355738.77270805166,264.1249202048091
1,Shahab_3,113.0,-1.957,-2.121,-1.957,-2.121,0.94895,0.98448,70.047,46.143,2.886,227.303,333.029,216.65,0.005355,135318.46338485528,132721.85883099615,48144.37788977321,1846.919209537197,1814.3689903129462,254.03235359964677,-1.4657863395689255,-1.4037902108605564,-9.55364183017484,5.6038650091308195,44.49063254548205,7.644598495545577,18120.440712018204,0.005355074193599558,3153.43,6330.558910727954,362541.51000509283,355738.77270805166,264.1249202048091
1,Shahab_3,114.0,-1.957,-2.121,-1.957,-2.121,0.94895,0.98448,70.047,46.143,2.886,227.303,323.315,216.65,0.005199,137164.65756958505,134535.53349041226,48393.633443135914,1845.4769723220566,1812.9877479883703,244.47830070232484,-1.4195601843466963,-1.3598343862232378,-9.547330856064702,5.3985123292496615,44.491194628522194,7.636066240433076,17552.639670171855,0.00519887242904694,3153.43,6132.191884113804,362541.51000509283,355738.77270805166,264.1249202048091
1,Shahab_3,115.0,-1.957,-2.121,-1.957,-2.121,0.94895,0.98448,70.047,46.143,2.886,227.303,314.24,216.65,0.005053,139009.43182548828,136347.84809030243,48633.34238223964,1844.0787844744646,1811.6483843268984,234.93941298198564,-1.3764970581838094,-1.3187886420813284,-9.54110874188322,5.192914840839843,44.49173550704116,7.627814177496743,17023.12722600989,0.005052952704411368,3153.43,5947.2013656708605,362541.51000509283,355738.77270805166,264.1249202048091
1,Shahab_3,116.0,-1.957,-2.121,-1.957,-2.121,0.94895,0.98448,70.047,46.143,2.886,227.303,305.766,216.65,0.004917,140852.82889761103,138158.8432420277,48863.51707858757,1842.721891498676,1810.3481591400684,225.41346095950522,-1.3369304424460533,-1.281143048411435,-9.524925564136108,4.987050165012305,44.49225455589785,7.619830381674944,16529.41875594225,0.004916692774095318,3153.43,5774.719327062626,362541.51000509283,355738.77270805166,264.1249202048091
1,Shahab_3,117.0,-1.957,-2.121,-1.957,-2.121,0.94895,0.98448,70.047,46.143,2.886,227.303,297.857,216.65,0.00479,142694.88870193926,139968.5567863864,49084.16974793815,1841.4037557126546,1809.084608480441,215.89691047925572,-1.3001633004156772,-1.2464711542690379,-9.504035902839108,4.7808651895018075,44.49275215534742,7.61210369061027,16069.240088388642,0.004789520604666784,3153.43,5613.9512634869825,362541.51000509283,355738.77270805166,264.1249202048091
1,Shahab_3,118.0,-1.957,-2.121,-1.957,-2.121,0.94895,0.98448,70.047,46.143,2.886,227.303,290.481,216.65,0.004671,144535.6485257841,141777.02397080653,49295.31240159547,1840.121764347896,1807.8552351885658,206.38968279178832,-1.265102716366784,-1.213606901286545,-9.494707572280406,4.574381826000819,44.49322933478027,7.604623647096093,15640.509284883103,0.004670910400330656,3153.43,5464.169828721137,362541.51000509283,355738.77270805166,264.1249202048091
1,Shahab_3,119.0,-1.957,-2.121,-1.957,-2.121,0.94895,0.98448,70.047,46.143,2.886,227.303,283.607,216.65,0.00456,146375.14326334334,143584.27768221503,49496.955645084825,1838.87332354779,1806.657482181212,196.89506662792533,-1.2319557100879948,-1.1823881893215074,-9.495358512376725,4.367695441599489,44.49368588692611,7.5973804398654545,15241.322319278868,0.004560379622176033,3153.43,5324.709832007244,362541.51000509283,355738.77270805166,264.1249202048091
1,Shahab_3,120.0,-1.957,-2.121,-1.957,-2.121,0.94895,0.98448,70.047,46.143,2.886,227.303,277.208,216.65,0.004457,148213.40554273294,145390.3486017762,49689.10860706541,1837.656263253999,1805.4891357712017,187.41251199283172,-1.201682012978405,-1.1537967422967468,-9.485838470605973,4.160814929476236,44.49412045094199,7.590364864980787,14869.938167734772,0.004457485659893004,3153.43,5194.9630290886325,362541.51000509283,355738.77270805166,264.1249202048091
1,Shahab_3,121.0,-1.957,-2.121,-1.957,-2.121,0.94895,0.98448,70.047,46.143,2.886,227.303,271.259,216.65,0.004362,150050.46576356504,147195.26524340306,49871.78070790709,1836.468730401169,1804.3483824558941,177.93671034249064,-1.173890142946378,-1.1278881422820928,-9.465394918076008,3.953642070115334,44.49453307537052,7.583568239026441,14524.762042108345,0.0043618218684718865,3153.43,5074.372264626394,362541.51000509283,355738.77270805166,264.1249202048091
1,Shahab_3,122.0,-1.957,-2.121,-1.957,-2.121,0.94895,0.98448,70.047,46.143,2.886,227.303,265.736,216.65,0.004273,151886.35223797004,148999.05405108564,50044.98204511416,1835.3086725790465,1803.2333115463928,168.4670780722586,-1.1472856508841303,-1.1033501736286877,-9.457814745275984,3.74618245946857,44.49492538005207,7.576982373290832,14204.332979249324,0.0042730147123452526,3153.43,4962.427136393779,362541.51000509283,355738.77270805166,264.1249202048091
1,Shahab_3,123.0,-1.957,-2.121,-1.957,-2.121,0.94895,0.98448,70.047,46.143,2.886,227.303,260.618,216.65,0.004191,153721.0914238062,150801.7396261941,50208.721083323704,1834.1739483361994,1802.1418066530296,159.00883218709006,-1.122171207338552,-1.0799734024034933,-9.46185740869828,3.5385698948535764,44.49529711355364,7.570599526449981,13907.317029553667,0.004190722519788425,3153.43,4858.661615628763,362541.51000509283,355738.77270805166,264.1249202048091
1,Shahab_3,124.0,-1.957,-2.121,-1.957,-2.121,0.94895,0.98448,70.047,46.143,2.886,227.303,255.887,216.65,0.004115,155554.70799080783,152603.34484690364,50363.00450339102,1833.0629082616047,1801.0721288211478,149.56060958632855,-1.0996152221457278,-1.0589492568575447,-9.449711286065243,3.3307907833579873,44.495646341202516,7.564412397476222,13632.497669568034,0.004114633277112842,3153.43,4762.6506975806315,362541.51000509283,355738.77270805166,264.1249202048091
1,Shahab_3,125.0,-1.957,-2.121,-1.957,-2.121,0.94895,0.98448,70.047,46.143,2.886,227.303,251.523,216.65,0.004044,157387.2247769679,154403.89081538795,50507.84045625104,1831.9741018780653,1800.0229123267816,140.11556803311245,-1.0787411283232198,-1.039966401797423,-9.431517587679787,3.1227083487467375,44.49597395543165,7.558414032490144,13378.761471362446,0.0040444610052997486,3153.43,4674.005394960632,362541.51000509283,355738.77270805166,264.1249202048091
1,Shahab_3,126.0,-1.957,-2.121,-1.957,-2.121,0.94895,0.98448,70.047,46.143,2.886,227.303,247.51,216.65,0.00398,159218.66297232188,156203.39696854478,50643.23764112169,1830.9056891875066,1798.992466149751,130.67723000863768,-1.0586246236202985,-1.0217146969320567,-9.434362427485008,2.914415985819248,44.49628176785533,7.552597817783421,13145.092072819501,0.003979944467296614,3153.43,4592.370631401632,362541.51000509283,355738.77270805166,264.1249202048091
1,Shahab_3,127.0,-1.957,-2.121,-1.957,-2.121,0.94895,0.98448,70.047,46.143,2.886,227.303,243.835,216.65,0.003921,161049.04230548948,158001.88130865197,50769.20173873712,1829.8560240639933,1797.9790506663426,121.25051357497827,-1.0403981983492314,-1.0049128030980254,-9.433544099932023,2.7060376554951606,44.496567787786255,7.546957473014622,12930.568777712191,0.003920847226477624,3153.43,4517.424752381174,362541.51000509283,355738.77270805166,264.1249202048091
1,Shahab_3,128.0,-1.957,-2.121,-1.957,-2.121,0.94895,0.98448,70.047,46.143,2.886,227.303,240.484,216.65,0.003867,162878.38095024935,159799.36036845858,50885.73855320673,1828.8239363878356,1796.9814647565652,111.82784137284088,-1.0241080411837968,-0.990269793100863,-9.413443899957661,2.4974176020153065,44.49683115066618,7.5414869975390015,12734.355028573767,0.0038669546413238266,3153.43,4448.875498102178,362541.51000509283,355738.77270805166,264.1249202048091
1,Shahab_3,129.0,-1.957,-2.121,-1.957,-2.121,0.94895,0.98448,70.047,46.143,2.886,227.303,237.444,216.65,0.003818,164706.6955786106,161595.84917162184,50992.85645568712,1827.8079463850588,1795.9984285831008,102.40789739565294,-1.0084888524580542,-0.97653586569683,-9.411225265184061,2.2885390066108537,44.49707458910669,7.536180626187667,12555.689093376512,0.0038180714599686427,3153.43,4386.456749790148,362541.51000509283,355738.77270805166,264.1249202048091
1,Shahab_3,130.0,-1.957,-2.121,-1.957,-2.121,0.94895,0.98448,70.047,46.143,2.886,227.303,234.704,216.65,0.003774,166534.00160022857,163391.36146375272,51090.560991367754,1826.8064866353648,1795.0283333249336,92.99932188841284,-0.9942661896478883,-0.9637043804602787,-9.416307234455624,2.0796070659991277,44.497296968210236,7.53103283876023,12393.887323631137,0.003774023137273459,3153.43,4329.929667943084,362541.51000509283,355738.77270805166,264.1249202048091
1,Shahab_3,131.0,-1.957,-2.121,-1.957,-2.121,0.94895,0.98448,70.047,46.143,2.886,227.303,232.256,216.65,0.003735,168360.31308646654,165185.90974947266,51178.856299237494,1825.8185184329773,1794.0700307368481,83.59569762001594,-0.9818636948670804,-0.9527877748601234,-9.397421810686966,1.870489734017364,44.49749621126736,7.526038343991734,12248.337304943485,0.0037346540819593655,3153.43,4279.080299409314,362541.51000509283,355738.77270805166,264.1249202048091
1,Shahab_3,132.0,-1.957,-2.121,-1.957,-2.121,0.94895,0.98448,70.047,46.143,2.886,227.303,230.09,216.65,0.0037,170185.6427493616,166979.50518021986,51257.750169474486,1824.842772854042,1793.1224625510156,74.19274212487834,-0.9701517096729261,-0.9429196462234914,-9.392536727718797,1.6611018841760854,44.49767528945229,7.521191999988852,12118.486265672926,0.003699824480069312,3153.43,4233.71552783528,362541.51000509283,355738.77270805166,264.1249202048091
1,Shahab_3,133.0,-1.957,-2.121,-1.957,-2.121,0.94895,0.98448,70.047,46.143,2.886,227.303,228.198,216.65,0.003669,172010.0021689406,168772.15773510325,51327.24800177714,1823.877831950796,1792.184204636556,64.80050829654954,-0.9596491013719687,-0.9337674808353926,-9.40022871400222,1.4516788347728673,44.4978336745505,7.516488840520348,12003.846555462938,0.003669412183969477,3153.43,4193.664987645507,362541.51000509283,355738.77270805166,264.1249202048091
1,Shahab_3,134.0,-1.957,-2.121,-1.957,-2.121,0.94895,0.98448,70.047,46.143,2.886,227.303,226.575,216.65,0.003643,173833.40172272074,170563.8762913881,51387.35289385031,1822.922736194571,1791.2541476441502,55.41351282354718,-0.9507367169008439,-0.9262408974725272,-9.381892403577236,1.2421075278032125,44.497968668926305,7.5119240768597315,11903.992255679352,0.003643311909266344,3153.43,4158.779879864975,362541.51000509283,355738.77270805166,264.1249202048091
1,Shahab_3,135.0,-1.957,-2.121,-1.957,-2.121,0.94895,0.98448,70.047,46.143,2.886,227.303,225.215,216.65,0.003621,175655.85055477382,172354.66850556267,51438.07226658495,1821.9763104474428,1790.3313381257612,46.02607065479376,-0.94250823819075,-0.9198039403167302,-9.376861322966095,1.0322696099012463,44.49808345420001,7.50749300590346,11818.546769698782,0.0036214317354770417,3153.43,4128.928636661104,362541.51000509283,355738.77270805166,264.1249202048091
1,Shahab_3,136.0,-1.957,-2.121,-1.957,-2.121,0.94895,0.98448,70.047,46.143,2.886,227.303,224.112,216.65,0.003604,177477.35676990135,174144.54094127018,51479.4111206056,1821.0372953629499,1789.4145103084566,36.64917357974147,-0.9354981184664082,-0.9140754745972883,-9.384877909489338,0.8224202175501018,44.49817754453415,7.5031910450503645,11747.190222723968,0.003603695519270653,3153.43,4103.999506543944,362541.51000509283,355738.77270805166,264.1249202048091
1,Shahab_3,137.0,-1.957,-2.121,-1.957,-2.121,0.94895,0.98448,70.047,46.143,2.886,227.303,223.263,216.65,0.00359,179297.92733730443,175933.49913408473,51511.37209871254,1820.1047777848698,1788.502599153655,27.276796508366036,-0.9297827365938223,-0.909709506528236,-9.367127575275376,0.6124324132458101,44.49824822057948,7.4990137353397035,11689.657258012692,0.0035900423943359414,3153.43,4083.8997844565,362541.51000509283,355738.77270805166,264.1249202048091
1,Shahab_3,138.0,-1.957,-2.121,-1.957,-2.121,0.94895,0.98448,70.047,46.143,2.886,227.303,222.664,216.65,0.00358,181117.56810659874,177721.54750248938,51533.96236421243,1819.177598032924,1787.594669341266,17.904282859156343,-0.924815212744574,-0.9064385955905637,-9.363726466255375,0.4022092508777243,44.49829871816691,7.494956649265754,11645.725487053027,0.0035804234732822993,3153.43,4068.551776726848,362541.51000509283,355738.77270805166,264.1249202048091
1,Shahab_3,139.0,-1.957,-2.121,-1.957,-2.121,0.94895,0.98448,70.047,46.143,2.886,227.303,222.315,216.65,0.003575,182936.28392864895,179508.6894212417,51547.18631898263,1818.254660470726,1786.6895937210616,8.541781777073707,-0.9211155448859618,-0.9039589043549161,-9.369390828183594,0.19198587421025287,44.49832819594462,7.491015438915668,11615.224418855674,0.003574804685034861,3153.43,4057.89592060656,362541.51000509283,355738.77270805166,264.1249202048091
1,Shahab_3,140.0,-1.957,-2.121,-1.957,-2.121,0.94895,0.98448,70.047,46.143,2.886,227.303,222.213,216.65,0.003573,184754.07855182758,181294.92726597277,51551.04677886053,1817.3350295033638,1785.7863211184745,-0.8171020626948101,-0.9184340605074868,-0.9026160053555904,-9.352761925557516,-0.018374620816771128,44.49833450736811,7.487185820413109,11598.032628020232,0.0035731660595132264,3153.43,4051.889794906069,362541.51000509283,355738.77270805166,264.1249202048091
1,Shahab_3,141.0,-1.957,-2.121,-1.957,-2.121,0.94895,0.98448,70.047,46.143,2.886,227.303,222.358,216.65,0.003575,186570.9546886792,183080.26236863327,51545.550571270476,1816.417552018882,1784.883906166536,-10.175287025600971,-0.9166304075232206,-0.90241165581157,-9.351271432932243,-0.22893166271642926,44.49832062983186,7.483463501991135,11594.069004004927,0.0035754992273881376,3153.43,4050.5050628386957,362541.51000509283,355738.77270805166,264.1249202048091
1,Shahab_3,142.0,-1.957,-2.121,-1.957,-2.121,0.94895,0.98448,70.047,46.143,2.886,227.303,222.751,216.65,0.003582,188386.91405083967,184864.69502952741,51530.70165945222,1815.5012482755749,1783.9813156765922,-19.523830379871665,-0.9161199383427101,-0.9030532134816078,-9.354833821637838,-0.43947827789710786,44.49828540149906,7.479844228657647,11603.30181782495,0.0035818102861933077,3153.43,4053.7306395632545,362541.51000509283,355738.77270805166,264.1249202048091
1,Shahab_3,143.0,-1.957,-2.121,-1.957,-2.121,0.94895,0.98448,70.047,46.143,2.886,227.303,223.392,216.65,0.003592,190201.95725938628,186648.22455626226,51506.50315266516,1814.58512311985,1783.0774725311214,-28.86953476077535,-0.916430238372455,-0.9046879477441192,-9.33870986686593,-0.6501621587357354,44.49822719576462,7.476323757347586,11625.745579834738,0.0035921189712491346,3153.43,4061.5715944185686,362541.51000509283,355738.77270805166,264.1249202048091
1,Shahab_3,144.0,-1.957,-2.121,-1.957,-2.121,0.94895,0.98448,70.047,46.143,2.886,227.303,224.283,216.65,0.003606,192016.08394338022,188430.8492470203,51472.96172049327,1813.6680217220132,1782.1714177669903,-38.21367457878742,-0.9177883318288759,-0.9075541130582178,-9.338663336924732,-0.8610072074569929,44.49814880337264,7.472897800217619,11661.45474117076,0.0036064568705390138,3153.43,4074.0469504589128,362541.51000509283,355738.77270805166,264.1249202048091
1,Shahab_3,145.0,-1.957,-2.121,-1.957,-2.121,0.94895,0.98448,70.047,46.143,2.886,227.303,225.428,216.65,0.003625,193829.29269536526,190212.56634740272,51430.0810732449,1812.7490268514741,1781.2621624124238,-47.54846870642787,-0.9204410365901781,-0.9112993852426653,-9.340401662919493,-1.0718337031606904,44.49804878357207,7.469562060179924,11710.533007941507,0.0036248703694897887,3153.43,4091.192938460329,362541.51000509283,355738.77270805166,264.1249202048091
1,Shahab_3,146.0,-1.957,-2.121,-1.957,-2.121,0.94895,0.98448,70.047,46.143,2.886,227.303,226.831,216.65,0.003647,195641.58100822114,191993.37209398462,51377.86471335742,1811.827053240786,1780.3485687854532,-56.880703737274615,-0.9238025929705012,-0.9159506823586114,-9.324864256288235,-1.2827906373508073,44.49792595627917,7.4663122012693055,11773.129949719381,0.0036474197341141786,3153.43,4113.061812063022,362541.51000509283,355738.77270805166,264.1249202048091
1,Shahab_3,147.0,-1.957,-2.121,-1.957,-2.121,0.94895,0.98448,70.047,46.143,2.886,227.303,228.495,216.65,0.003674,197452.94538247868,193773.26171070623,51316.31920536294,1810.900930225795,1779.4296453377485,-66.2107289190805,-0.9283878716793906,-0.9219657119317912,-9.324919131931125,-1.4938825333091135,44.49778284150179,7.463143808418717,11849.437020755617,0.0036741780147868303,3153.43,4139.720457742628,362541.51000509283,355738.77270805166,264.1249202048091
1,Shahab_3,148.0,-1.957,-2.121,-1.957,-2.121,0.94895,0.98448,70.047,46.143,2.886,227.303,230.426,216.65,0.003705,199263.3812218901,195552.229318295,51245.44839549586,1809.9697457765133,1778.5044097570594,-75.53163520217284,-0.9342980611541178,-0.9289201070100009,-9.32601527924641,-1.7049505474347946,44.49761801954077,7.460052407027369,11939.696656709251,0.003705233941993454,3153.43,4171.2535728443145,362541.51000509283,355738.77270805166,264.1249202048091
1,Shahab_3,149.0,-1.957,-2.121,-1.957,-2.121,0.94895,0.98448,70.047,46.143,2.886,227.303,232.631,216.65,0.003741,201072.8827918647,197330.2679822467,51165.256112207084,1809.0323185856175,1777.571638688103,-84.84952756654373,-0.9408747679304336,-0.9367180757786703,-9.311023345959777,-1.9161300327654485,44.49743044652953,7.457033441183718,12044.199729494778,0.0037406912596707424,3153.43,4207.762776408115,362541.51000509283,355738.77270805166,264.1249202048091
1,Shahab_3,150.0,-1.957,-2.121,-1.957,-2.121,0.94895,0.98448,70.047,46.143,2.886,227.303,235.117,216.65,0.003781,202881.44332269096,199107.3697186506,51075.748936787095,1808.0874171637427,1776.6302644985897,-94.16494958682293,-0.9488131806829878,-0.9460227983290282,-9.30955277050099,-2.1274314707790247,44.49722238103283,7.454082228524727,12163.282936291074,0.0037806680582634193,3153.43,4249.3656969928425,362541.51000509283,355738.77270805166,264.1249202048091
1,Shahab_3,151.0,-1.957,-2.121,-1.957,-2.121,0.94895,0.98448,70.047,46.143,2.886,227.303,237.893,216.65,0.003825,204689.05487052083,200883.52536471348,50976.931291776986,1807.1340850823078,1775.6792848299597,-103.47136201445562,-0.9582212253051818,-0.9564341375138768,-9.311695378456772,-2.3387057536033766,44.49699277845052,7.451193972322066,12297.33760943955,0.0038252996013398996,3153.43,4296.199050502945,362541.51000509283,355738.77270805166,264.1249202048091
1,Shahab_3,152.0,-1.957,-2.121,-1.957,-2.121,0.94895,0.98448,70.047,46.143,2.886,227.303,240.968,216.65,0.003875,206495.7082673081,202658.72460962433,50868.80718167844,1806.171061730508,1774.7173791488979,-112.77333034809035,-0.9682745127038325,-0.967585821029391,-9.296662926517863,-2.5500553083158843,44.49674027950965,7.4483637540834895,12446.809375171864,0.003874738337042755,3153.43,4348.418520961595,362541.51000509283,355738.77270805166,264.1249202048091
1,Shahab_3,153.0,-1.957,-2.121,-1.957,-2.121,0.94895,0.98448,70.047,46.143,2.886,227.303,244.352,216.65,0.003929,208301.39322691955,204432.95602845863,50751.383380327534,1805.196958210243,1773.7433145116863,-122.07337861910632,-0.9797122493598331,-0.9803624542777396,-9.290898282033595,-2.76153718701239,44.496466970553,7.445586478333021,12612.195647664863,0.003929153287669843,3153.43,4406.197885033476,362541.51000509283,355738.77270805166,264.1249202048091
1,Shahab_3,154.0,-1.957,-2.121,-1.957,-2.121,0.94895,0.98448,70.047,46.143,2.886,227.303,248.057,216.65,0.003989,210106.09820574295,206206.20692246367,50624.66541769491,1804.2107419559263,1772.7560643534632,-131.36443817485872,-0.993001267404155,-0.9946402931549269,-9.295931135681565,-2.9729919246608403,44.49617261834871,7.442856870773783,12794.054160484635,0.003988732828053279,3153.43,4469.7319925709035,362541.51000509283,355738.77270805166,264.1249202048091
1,Shahab_3,155.0,-1.957,-2.121,-1.957,-2.121,0.94895,0.98448,70.047,46.143,2.886,227.303,252.096,216.65,0.004054,211909.81028506212,207978.4632897333,50488.65742375137,1803.2111110565745,1771.7542260824478,-140.64849837932908,-1.0069875713010765,-1.009545527401916,-9.28266211352425,-3.1844656674194636,44.49585518695333,7.440169495810447,12993.006445282486,0.0040536858834327345,3153.43,4539.237981931382,362541.51000509283,355738.77270805166,264.1249202048091
1,Shahab_3,156.0,-1.957,-2.121,-1.957,-2.121,0.94895,0.98448,70.047,46.143,2.886,227.303,256.484,216.65,0.004124,213712.51529991842,209749.7099129819,50343.366321426445,1802.196427701241,1770.7362929257024,-149.9308843698958,-1.0221669210992126,-1.0259917573483621,-9.269748664209668,-3.3960810393448546,44.495516287314835,7.437518672683037,13209.734563064043,0.004124241141820564,3153.43,4614.954138013467,362541.51000509283,355738.77270805166,264.1249202048091
1,Shahab_3,157.0,-1.957,-2.121,-1.957,-2.121,0.94895,0.98448,70.047,46.143,2.886,227.303,261.236,216.65,0.004201,215514.19773136545,211519.9301962903,50188.79915287074,1801.1654628429978,1769.7011210172031,-159.20567030828198,-1.0396521485526102,-1.0445412252716617,-9.274863569300937,-3.6077064179322704,44.495156905099996,7.43489847862642,13444.988820684144,0.004200649613259485,3153.43,4697.14258809216,362541.51000509283,355738.77270805166,264.1249202048091
1,Shahab_3,158.0,-1.957,-2.121,-1.957,-2.121,0.94895,0.98448,70.047,46.143,2.886,227.303,266.369,216.65,0.004283,217314.84050250254,213289.10603659277,50024.96089945628,1800.1169377507774,1768.6473248179966,-168.47012228498645,-1.0584009124436753,-1.064027481363086,-9.270005637441933,-3.8192831362528836,44.49477490281241,7.43230276431014,13699.595539593289,0.004283187211411819,3153.43,4786.092015908917,362541.51000509283,355738.77270805166,264.1249202048091
1,Shahab_3,159.0,-1.957,-2.121,-1.957,-2.121,0.94895,0.98448,70.047,46.143,2.886,227.303,271.902,216.65,0.004372,219114.42505444863,215057.217913163,49851.858082744184,1799.0490077815223,1767.573091710803,-177.730564263723,-1.07784547515528,-1.0844880952663722,-9.249993712522352,-4.030959021440208,44.49437022481737,7.429725079631308,13974.455769205864,0.004372154627303691,3153.43,4882.117212173849,362541.51000509283,355738.77270805166,264.1249202048091
1,Shahab_3,160.0,-1.957,-2.121,-1.957,-2.121,0.94895,0.98448,70.047,46.143,2.886,227.303,277.855,216.65,0.004468,220912.93135563124,216824.24482554354,49669.49922691082,1797.9599735737854,1766.4768831688646,-186.9865581282811,-1.0995455772068279,-1.1073731449607898,-9.244348802332464,-4.242729460990932,44.49394494209967,7.427158655219825,14270.549298631358,0.004467878818204336,3153.43,4985.560476104525,362541.51000509283,355738.77270805166,264.1249202048091
1,Shahab_3,161.0,-1.957,-2.121,-1.957,-2.121,0.94895,0.98448,70.047,46.143,2.886,227.303,284.25,216.65,0.004571,222710.33765740404,218590.16406639694,49477.89156779076,1796.8484870749874,1765.3573424897663,-196.23137760474575,-1.1238161500179162,-1.1324275148678205,-9.249935451297057,-4.454447779204317,44.49349847763951,7.42459638534784,14588.945521940523,0.004570716667965255,3153.43,5096.795411316399,362541.51000509283,355738.77270805166,264.1249202048091
1,Shahab_3,162.0,-1.957,-2.121,-1.957,-2.121,0.94895,0.98448,70.047,46.143,2.886,227.303,291.112,216.65,0.004681,224506.62038657634,220354.95117620286,49277.041601980774,1795.7127870681923,1764.212623753857,-205.46590212100955,-1.149062580951845,-1.1582854533781874,-9.23803696390865,-4.666141055992492,44.49302889757525,7.422030833693704,14930.808852288681,0.004681056947502263,3153.43,5216.228817301459,362541.51000509283,355738.77270805166,264.1249202048091
1,Shahab_3,163.0,-1.957,-2.121,-1.957,-2.121,0.94895,0.98448,70.047,46.143,2.886,227.303,298.467,216.65,0.004799,226301.75422787145,222118.57999929358,49066.95797840983,1794.5506297902357,1763.0405757080289,-214.69562011738154,-1.1754105221702504,-1.1855924422873056,-9.215448460168947,-4.877942538339004,44.49253700080163,7.419454132345749,15297.39995428497,0.004799321131777338,3153.43,5344.301119968854,362541.51000509283,355738.77270805166,264.1249202048091
1,Shahab_3,164.0,-1.957,-2.121,-1.957,-2.121,0.94895,0.98448,70.047,46.143,2.886,227.303,306.343,216.65,0.004926,228095.7120180633,223881.02253283246,48847.65064293989,1793.3600566613688,1761.8393819398018,-223.91849136752478,-1.2046726098293439,-1.2159117979611598,-9.208770310974508,-5.08981543317723,44.49202447268769,7.416857986712929,15690.084220366709,0.004925966400709814,3153.43,5481.489332951867,362541.51000509283,355738.77270805166,264.1249202048091
1,Shahab_3,165.0,-1.957,-2.121,-1.957,-2.121,0.94895,0.98448,70.047,46.143,2.886,227.303,314.771,216.65,0.005061,229888.46449102307,225642.2487009365,48619.128620541764,1792.1393388972615,1760.607308464326,-233.12863626263692,-1.2370428899119847,-1.248949262440208,-9.213397669929892,-5.301636571103835,44.491490667196004,7.414233635698971,16110.343515378145,0.005061489773351143,3153.43,5628.3111606950715,362541.51000509283,355738.77270805166,264.1249202048091
1,Shahab_3,166.0,-1.957,-2.121,-1.957,-2.121,0.94895,0.98448,70.047,46.143,2.886,227.303,323.785,216.65,0.005206,231679.9801682437,227402.22628417017,48381.40072239905,1790.8863227197974,1759.3421456572003,-242.32591375868464,-1.2710040185955935,-1.2833243109085843,-9.204888250391033,-5.513414763662368,44.490933985867485,7.411571838079497,16559.783655756506,0.0052064309295089,3153.43,5785.327611383493,362541.51000509283,355738.77270805166,264.1249202048091
1,Shahab_3,167.0,-1.957,-2.121,-1.957,-2.121,0.94895,0.98448,70.047,46.143,2.886,227.303,333.421,216.65,0.005361,233470.22535930757,229160.92090649216,48134.47736789699,1789.5983639418173,1758.041306869939,-251.5143241554234,-1.3061684555469841,-1.3191086423130425,-9.18055425418238,-5.725254917790663,44.490354527008556,7.408862784721702,17040.139902766885,0.005361374575027413,3153.43,5953.144916059671,362541.51000509283,355738.77270805166,264.1249202048091
1,Shahab_3,168.0,-1.957,-2.121,-1.957,-2.121,0.94895,0.98448,70.047,46.143,2.886,227.303,343.718,216.65,0.005527,235259.16405008477,230918.29589503026,47878.37051012882,1788.2728583084986,1756.7023185119438,-260.69425912335,-1.3439848757384345,-1.3577781524330883,-9.159731810066226,-5.937181356074166,44.48975358695416,7.406096080978883,17553.28690288439,0.005526954188765888,3153.43,6132.418001396533,362541.51000509283,355738.77270805166,264.1249202048091
1,Shahab_3,169.0,-1.957,-2.121,-1.957,-2.121,0.94895,0.98448,70.047,46.143,2.886,227.303,354.719,216.65,0.005704,237046.757667049,232674.3120533196,47613.09239651887,1786.907358631536,1755.3228094452527,-269.8622151009606,-1.3855618007850714,-1.400125171430623,-9.152668343415934,-6.1491311062549405,44.48913161386286,7.4032606846713715,18101.251786096513,0.005703856918577721,3153.43,6323.855065721562,362541.51000509283,355738.77270805166,264.1249202048091
1,Shahab_3,170.0,-1.957,-2.121,-1.957,-2.121,0.94895,0.98448,70.047,46.143,2.886,227.303,366.471,216.65,0.005893,238832.96488778584,234428.92749223294,47338.655380490236,1785.499311562628,1753.9002367351338,-279.0147421197431,-1.4307312253689337,-1.4457419636415834,-9.151886325696553,-6.361044077754263,44.48848794845304,7.400344871914057,18686.22646123299,0.005892828294494579,3153.43,6528.221874514425,362541.51000509283,355738.77270805166,264.1249202048091
1,Shahab_3,171.0,-1.957,-2.121,-1.957,-2.121,0.94895,0.98448,70.047,46.143,2.886,227.303,379.024,216.65,0.006095,240617.74150256912,236182.09750342972,47055.0725282259,1784.0457719806534,1752.4316652115733,-288.1514094748085,-1.4786324985228547,-1.4938637025746433,-9.144403374218275,-6.572931140052843,44.48782180153323,7.397336194543533,19310.57917999936,0.006094676845365144,3153.43,6746.345800418843,362541.51000509283,355738.77270805166,264.1249202048091
1,Shahab_3,172.0,-1.957,-2.121,-1.957,-2.121,0.94895,0.98448,70.047,46.143,2.886,227.303,392.432,216.65,0.00631,242401.0402808391,237933.77441903632,46762.35820473686,1782.5434740505189,1750.9138836187087,-297.27292606089185,-1.5289518496574854,-1.5443634024526869,-9.125908848322211,-6.78483150076476,44.48713301046669,7.394221381055547,19976.866702523734,0.006310279140267973,3153.43,6979.12007339919,362541.51000509283,355738.77270805166,264.1249202048091
1,Shahab_3,173.0,-1.957,-2.121,-1.957,-2.121,0.94895,0.98448,70.047,46.143,2.886,227.303,406.755,216.65,0.006541,244182.81077419166,239683.9074128619,46460.52807125429,1780.9889515261912,1749.3435114942004,-306.3795175156309,-1.5820779744017894,-1.5977480543938143,-9.09990177129874,-6.996775747251947,44.486421855953864,7.390986290380553,20687.849035762978,0.006540585729453321,3153.43,7227.50892975149,362541.51000509283,355738.77270805166,264.1249202048091
1,Shahab_3,174.0,-1.957,-2.121,-1.957,-2.121,0.94895,0.98448,70.047,46.143,2.886,227.303,422.056,216.65,0.006787,245962.99909216035,241432.44227937172,46149.59896756304,1779.37859362762,1747.7170317998778,-315.4703357957381,-1.6387592395390482,-1.6547703153760267,-9.072653696675923,-7.208772434484666,44.485688698529565,7.387615854557673,21446.505626840997,0.006786627755541888,3153.43,7492.5532694096355,362541.51000509283,355738.77270805166,264.1249202048091
1,Shahab_3,175.0,-1.957,-2.121,-1.957,-2.121,0.94895,0.98448,70.047,46.143,2.886,227.303,438.406,216.65,0.00705,247741.54765999436,243179.3211968121,45829.58882786536,1777.7086623842406,1746.0307900289226,-324.54329081855917,-1.6996392419767545,-1.7159684668280124,-9.04790464012906,-7.420804335319061,44.48493368420341,7.384093994498205,22256.052677281918,0.00704952419421897,3153.43,7775.376704847565,362541.51000509283,355738.77270805166,264.1249202048091
1,Shahab_3,176.0,-1.957,-2.121,-1.957,-2.121,0.94895,0.98448,70.047,46.143,2.886,227.303,455.879,216.65,0.00733,249518.3949642012,244924.48248299502,45500.51676085291,1775.9751479141355,1744.2808520741826,-333.59649797730214,-1.765019260288165,-1.7815817819514523,-9.02535682331756,-7.632861869833229,44.484156742889205,7.3804035306237195,23119.961399106887,0.007330489672803321,3153.43,8077.191939030991,362541.51000509283,355738.77270805166,264.1249202048091
1,Shahab_3,177.0,-1.957,-2.121,-1.957,-2.121,0.94895,0.98448,70.047,46.143,2.886,227.303,474.557,216.65,0.007631,251293.47529738682,246667.86034459842,45162.40326852954,1774.1737552343413,1742.4630004598903,-342.6281584073708,-1.8351024178066444,-1.8517756478609446,-9.003581447009218,-7.844940607525838,44.48335773725766,7.376526115882712,24041.977436323326,0.00763084292513003,3153.43,8399.307550510757,362541.51000509283,355738.77270805166,264.1249202048091
1,Shahab_3,178.0,-1.957,-2.121,-1.957,-2.121,0.94895,0.98448,70.047,46.143,2.886,227.303,494.531,216.65,0.007952,253066.7184771875,248409.3846014414,44815.2704014139,1772.299876393031,1740.572712336705,-351.6365396119505,-1.9100948622570428,-1.9267379888571365,-8.981171933563749,-8.057041120515647,44.48253654945978,7.372442135048281,25026.14168674096,0.00795201611333808,3153.43,8743.135267734493,362541.51000509283,355738.77270805166,264.1249202048091
1,Shahab_3,179.0,-1.957,-2.121,-1.957,-2.121,0.94895,0.98448,70.047,46.143,2.886,227.303,515.896,216.65,0.008296,254838.04953567026,250148.9803821978,44459.141872482105,1770.3485717498138,1738.6051384556945,-360.6199113689898,-1.9901292850579086,-2.0066054294590003,-8.955998741713037,-8.269167821547255,44.481693036374594,7.368130605405739,26076.812762872378,0.008295565089490255,3153.43,9110.197815988986,362541.51000509283,355738.77270805166,264.1249202048091
1,Shahab_3,180.0,-1.957,-2.121,-1.957,-2.121,0.94895,0.98448,70.047,46.143,2.886,227.303,538.758,216.65,0.008663,256607.38839441113,251886.56780557398,44094.04325878981,1768.31454247368,1736.5550832297117,-369.5764954656864,-2.0754889533074072,-2.091669903300685,-8.927347454333372,-8.481328149402016,44.480827144625295,7.363569063825371,27198.690672718476,0.008663180564875814,3153.43,9502.137190521675,362541.51000509283,355738.77270805166,264.1249202048091
1,Shahab_3,181.0,-1.957,-2.121,-1.957,-2.121,0.94895,0.98448,70.047,46.143,2.886,227.303,563.231,216.65,0.009057,258374.6495049643,253622.06162695604,43720.00213884875,1766.1921497478904,1734.4170196435864,-378.5040498451429,-2.166596932401637,-2.182318945439951,-8.89538907064653,-8.693523305284414,44.479938844319015,7.358733456550192,28396.84230996364,0.009056700420995597,3153.43,9920.723561797677,362541.51000509283,355738.77270805166,264.1249202048091
1,Shahab_3,182.0,-1.957,-2.121,-1.957,-2.121,0.94895,0.98448,70.047,46.143,2.886,227.303,589.439,216.65,0.009478,260139.74146619637,255355.37086491648,43337.04827049978,1763.9753439054357,1732.185023267459,-387.40026514426506,-2.264068391590353,-2.2791380456958787,-8.861757939225507,-8.90575777755683,44.47902818716464,7.353598020662137,29676.728409960626,0.009478123170073441,3153.43,10367.864692845274,362541.51000509283,355738.77270805166,264.1249202048091
1,Shahab_3,183.0,-1.957,-2.121,-1.957,-2.121,0.94895,0.98448,70.047,46.143,2.886,227.303,617.517,216.65,0.00993,261902.56660473917,257086.39839026544,42945.21373604196,1761.657631084128,1729.852733543831,-396.26276155419737,-2.3685539885281153,-2.382760088284255,-8.827990338392704,-9.118039715410916,44.478095206350325,7.348135139440582,31044.232064861273,0.009929622754124668,3153.43,10845.615901304714,362541.51000509283,355738.77270805166,264.1249202048091
1,Shahab_3,184.0,-1.957,-2.121,-1.957,-2.121,0.94895,0.98448,70.047,46.143,2.886,227.303,647.613,216.65,0.010414,263663.0205326582,258815.04049300138,42544.53317695811,1759.2320283290587,1727.4133161170162,-405.0891602502022,-2.4809179370675354,-2.494054309928323,-8.797092090841685,-9.330383047778206,44.47714002083977,7.3423152121501225,32505.688663519588,0.010413564670681951,3153.43,11356.190519235635,362541.51000509283,355738.77270805166,264.1249202048091
1,Shahab_3,185.0,-1.957,-2.121,-1.957,-2.121,0.94895,0.98448,70.047,46.143,2.886,227.303,679.887,216.65,0.010933,265420.9916643915,260541.1864108723,42135.04399223371,1756.6909467372093,1724.8593461311796,-413.8777054333642,-2.602121912215057,-2.614103388774936,-8.77269989672379,-9.54282250758567,44.47616280122956,7.336106488438552,34067.91721502236,0.010932523691268087,3153.43,11901.970836308728,362541.51000509283,355738.77270805166,264.1249202048091
1,Shahab_3,186.0,-1.957,-2.121,-1.957,-2.121,0.94895,0.98448,70.047,46.143,2.886,227.303,714.513,216.65,0.011489,267176.3606712125,262264.71779423195,41716.786334778815,1754.026232301817,1722.182813471169,-422.62668133131734,-2.731687173646314,-2.7426725051434317,-8.746373260275156,-9.755400720887867,44.4751631878019,7.329474918383564,35738.25413245951,0.011489303561678954,3153.43,12485.519902507012,362541.51000509283,355738.77270805166,264.1249202048091
1,Shahab_3,187.0,-1.957,-2.121,-1.957,-2.121,0.94895,0.98448,70.047,46.143,2.886,227.303,751.68,216.65,0.012087,268928.9999310729,263985.508161019,41289.80339764843,1751.2294149841198,1719.3753582191682,-431.3320820747978,-2.8674610970190266,-2.87765545737762,-8.69603691133987,-9.968114473166757,44.474140132378714,7.322383973256023,37524.587067907596,0.012086958241787404,3153.43,13109.59334871892,362541.51000509283,355738.77270805166,264.1249202048091
1,Shahab_3,188.0,-1.957,-2.121,-1.957,-2.121,0.94895,0.98448,70.047,46.143,2.886,227.303,791.597,216.65,0.012729,270678.77300425683,265703.4223772152,40854.14224913067,1748.2919075170305,1716.428539076855,-439.98565061416326,-3.009482921331062,-3.018442489814143,-8.615394269605257,-10.180869100677304,44.47309311238268,7.3147944673681184,39435.387255996415,0.012728814338953332,3153.43,13777.150686289824,362541.51000509283,355738.77270805166,264.1249202048091
1,Shahab_3,189.0,-1.957,-2.121,-1.957,-2.121,0.94895,0.98448,70.047,46.143,2.886,227.303,834.488,216.65,0.013418,272425.534057469,267418.3161086961,40409.85464408521,1745.2041055368259,1713.3330555338978,-448.5813363490111,-3.1643775867307937,-3.1710347287463923,-8.549210891213534,-10.393629671814791,44.47202389868283,7.30666432866987,41479.741410933224,0.013418495519583826,3153.43,14491.366450569516,362541.51000509283,355738.77270805166,264.1249202048091
1,Shahab_3,190.0,-1.957,-2.121,-1.957,-2.121,0.94895,0.98448,70.047,46.143,2.886,227.303,880.599,216.65,0.01416,274169.1270193925,269130.03501601436,39956.99616096076,1741.9543821602533,1710.077614261194,-457.12283785725043,-3.336596835638965,-3.340910786462644,-8.52819074275898,-10.60659914122728,44.470934117393284,7.297948449273835,43667.39260190605,0.014159951820532252,3153.43,15255.644481147017,362541.51000509283,355738.77270805166,264.1249202048091
1,Shahab_3,191.0,-1.957,-2.121,-1.957,-2.121,0.94895,0.98448,70.047,46.143,2.886,227.303,930.197,216.65,0.014957,275909.38465334,270838.4138128522,39495.62503354072,1738.531095307279,1706.650594360007,-465.60853979838,-3.5144836508810564,-3.517478780152582,-8.460621805778883,-10.819867230162211,44.469820119090045,7.288598435905268,46008.78328010882,0.014957492673637619,3153.43,16073.632953776227,362541.51000509283,355738.77270805166,264.1249202048091
1,Shahab_3,192.0,-1.957,-2.121,-1.957,-2.121,0.94895,0.98448,70.047,46.143,2.886,227.303,983.576,216.65,0.015816,277646.12825422676,272543.2759311184,39025.80603526736,1734.924074696528,1703.0420091724188,-474.0190745695425,-3.700694658132551,-3.7010274360465822,-8.353269915008205,-11.033117159082249,44.468681368500896,7.27856236348875,48515.07100679691,0.015815814185142454,3153.43,16949.22987513092,362541.51000509283,355738.77270805166,264.1249202048091
1,Shahab_3,193.0,-1.957,-2.121,-1.957,-2.121,0.94895,0.98448,70.047,46.143,2.886,227.303,1041.052,216.65,0.01674,279379.1667565451,274244.43274508335,38547.610730971726,1731.1189276327832,1699.2380569996446,-482.3582426314875,-3.91183336396178,-3.9089552366036164,-8.322581600119442,-11.246588662587255,44.467522839702184,7.267784543616772,51198.15848874031,0.01674003454612663,3153.43,17886.59357599356,362541.51000509283,355738.77270805166,264.1249202048091
1,Shahab_3,194.0,-1.957,-2.121,-1.957,-2.121,0.94895,0.98448,70.047,46.143,2.886,227.303,1102.975,216.65,0.017736,281108.29513793904,275941.6819563323,38061.112723472506,1727.1013279091194,1695.2243548496872,-490.6241390478176,-4.12551029086261,-4.120573685071553,-8.206213851761962,-11.460401431952308,44.466338574105436,7.2562053172402825,54070.7530824125,0.017735743134576768,3153.43,18890.16349964444,362541.51000509283,355738.77270805166,264.1249202048091
1,Shahab_3,195.0,-1.957,-2.121,-1.957,-2.121,0.94895,0.98448,70.047,46.143,2.886,227.303,1169.722,216.65,0.018809,282833.2945771721,277634.80769576615,37566.39582387545,1722.8584484633202,1690.9885916087158,-498.7951216832498,-4.364044207630934,-4.354681172672302,-8.142257960335789,-11.674222040625919,44.46513267094915,7.2437607081731645,57146.34324164232,0.018809027969101735,3153.43,19964.651973611086,362541.51000509283,355738.77270805166,264.1249202048091
1,Shahab_3,196.0,-1.957,-2.121,-1.957,-2.121,0.94895,0.98448,70.047,46.143,2.886,227.303,1241.707,216.65,0.019967,284553.9303858886,279323.5786394324,37063.547649553344,1718.3714620173307,1686.5121624230994,-506.88460588407327,-4.610427329983579,-4.598624020557137,-8.019878227309995,-11.888562973247653,44.463902342538056,7.230382272737962,60439.259878860954,0.019966535586470446,3153.43,21115.0656468394,362541.51000509283,355738.77270805166,264.1249202048091
1,Shahab_3,197.0,-1.957,-2.121,-1.957,-2.121,0.94895,0.98448,70.047,46.143,2.886,227.303,1319.379,216.65,0.021216,286269.9518536803,281007.7476747243,36552.665803495256,1713.6264983920953,1681.7816517218664,-514.8632090337723,-4.885553535940219,-4.868529671756674,-7.956248913589439,-12.102937404079773,44.462650221142184,7.215996703309673,63964.64643919221,0.021215508665337054,3153.43,22346.695034774963,362541.51000509283,355738.77270805166,264.1249202048091
1,Shahab_3,198.0,-1.957,-2.121,-1.957,-2.121,0.94895,0.98448,70.047,46.143,2.886,227.303,1403.232,216.65,0.022564,287981.09018986474,282687.05007498094,36033.85291015244,1708.6028775567715,1676.776537015041,-522.7402251067915,-5.163132760257543,-5.1424637393911325,-7.783046775422306,-12.31779616389399,44.461371666628516,7.2005256924415875,67738.4987436392,0.02256385271055383,3153.43,23665.128438982556,362541.51000509283,355738.77270805166,264.1249202048091
1,Shahab_3,199.0,-1.957,-2.121,-1.957,-2.121,0.94895,0.98448,70.047,46.143,2.886,227.303,1493.8,216.65,0.02402,289687.0584720104,284361.2032961591,35507.22418367097,1703.2819017721297,1671.4789064451113,-530.5006870590796,-5.478592617150018,-5.453418884639788,-7.715174382140527,-12.533032057418207,44.4600732989752,7.183885532102555,71777.59545905724,0.024020176570865723,3153.43,25076.22765612924,362541.51000509283,355738.77270805166,264.1249202048091
1,Shahab_3,200.0,-1.957,-2.121,-1.957,-2.121,0.94895,0.98448,70.047,46.143,2.886,227.303,1591.667,216.65,0.025594,291387.5491864542,286029.9046390843,34972.900478450836,1697.6447072071974,1665.8699434441041,-538.124842796704,-5.808528452042857,-5.776847433357951,-7.587651726931498,-12.748441611005385,44.45874898945081,7.165986957995615,76099.5279827418,0.025593874358259997,3153.43,26586.138418466813,362541.51000509283,355738.77270805166,264.1249202048091
1,Shahab_3,201.0,-1.957,-2.121,-1.957,-2.121,0.94895,0.98448,70.047,46.143,2.886,227.303,1697.47,216.65,0.027295,293082.23375098046,287692.8308186977,34431.014469927504,1691.6669315757426,1659.9258341172253,-545.617056227019,-6.150668576013575,-6.1136268929099025,-7.389728086099393,-12.964423237995243,44.457399308067885,7.1467348572655425,80722.60525764746,0.02729517776955045,3153.43,28201.257140067613,362541.51000509283,355738.77270805166,264.1249202048091
1,Shahab_3,202.0,-1.957,-2.121,-1.957,-2.121,0.94895,0.98448,70.047,46.143,2.886,227.303,1811.902,216.65,0.029135,294770.76109988854,289349.63650396606,33881.7106663562,1685.3255004351151,1653.624171285105,-552.9635325462142,-6.523732303211447,-6.48137462651916,-7.225130369002247,-13.180963665211465,44.45602720339437,7.126028041019593,85665.78106683026,0.029135228096978986,3153.43,29928.205516403857,362541.51000509283,355738.77270805166,264.1249202048091
1,Shahab_3,203.0,-1.957,-2.121,-1.957,-2.121,0.94895,0.98448,70.047,46.143,2.886,227.303,1935.717,216.65,0.031126,296452.75596665207,290999.9526735333,33325.1443687913,1678.5966063738874,1646.941607052433,-560.1464363432272,-6.927845452960086,-6.879066022023248,-7.0797961862503,-13.397975831315009,44.45463171059486,7.103759044576995,90948.5660151385,0.031126157409220243,3153.43,31773.79977426269,362541.51000509283,355738.77270805166,264.1249202048091
1,Shahab_3,204.0,-1.957,-2.121,-1.957,-2.121,0.94895,0.98448,70.047,46.143,2.886,227.303,2069.735,216.65,0.033281,298127.81760142476,292643.38537380734,32761.483511324383,1671.454107746533,1639.8524919441943,-567.1526370381825,-7.358303370650659,-7.302147463955853,-6.915598161755841,-13.615512518116265,44.45321153775259,7.079814001546234,96590.8804920085,0.033281165442406696,3153.43,33744.99930281436,362541.51000509283,355738.77270805166,264.1249202048091
1,Shahab_3,205.0,-1.957,-2.121,-1.957,-2.121,0.94895,0.98448,70.047,46.143,2.886,227.303,2214.85,216.65,0.035615,299795.51838635525,294279.51435868704,32190.90994729677,1663.8701319056916,1632.3295357814102,-573.9694575515355,-7.814114362484967,-7.750015855685962,-6.718960965373825,-13.833666104271455,44.45176625460534,7.054072519685449,102612.87017658929,0.03561460177136053,3153.43,35848.84219846481,362541.51000509283,355738.77270805166,264.1249202048091
1,Shahab_3,206.0,-1.957,-2.121,-1.957,-2.121,0.94895,0.98448,70.047,46.143,2.886,227.303,2372.031,216.65,0.038142,301455.40235885757,295907.8916436103,31613.62029309966,1655.8155802995705,1624.344264308012,-580.5817975956637,-8.296046926069794,-8.223459853052622,-6.486020122403058,-14.05249975163294,44.45029561329319,7.026407641870078,109034.68029293626,0.0381420532214588,3153.43,38092.36639862845,362541.51000509283,355738.77270805166,264.1249202048091
1,Shahab_3,207.0,-1.957,-2.121,-1.957,-2.121,0.94895,0.98448,70.047,46.143,2.886,227.303,2542.329,216.65,0.04088,303106.9837682338,297528.0400956884,31029.826965221037,1647.260247658139,1615.867139137021,-586.9716520743499,-8.807572064567603,-8.725366832939168,-6.226571893273466,-14.272035947083031,44.448799595853544,6.9966858888771775,115876.17527793362,0.0408804337835604,3153.43,40482.51174488652,362541.51000509283,355738.77270805166,264.1249202048091
1,Shahab_3,208.0,-1.957,-2.121,-1.957,-2.121,0.94895,0.98448,70.047,46.143,2.886,227.303,2726.885,216.65,0.043848,304749.74568107346,299139.4520787937,30439.759358933305,1638.1722880309899,1606.8670832052676,-593.1212389965453,-9.359857569589439,-9.266327487020016,-5.992444899260459,-14.492334440546946,44.44727928750531,6.964767411934186,123156.59741341212,0.043848076181444116,3153.43,43026.00072267095,362541.51000509283,355738.77270805166,264.1249202048091
1,Shahab_3,209.0,-1.957,-2.121,-1.957,-2.121,0.94895,0.98448,70.047,46.143,2.886,227.303,2926.933,216.65,0.047065,306383.13855636417,300741.5880736416,29843.66457947883,1628.5170543892805,1597.3102680910736,-599.019684271956,-9.95875295207134,-9.854029137994104,-5.8100218818860805,-14.713661806051729,44.44573556082941,6.93050627849424,130894.16648625287,0.04706482701713571,3153.43,45729.19859847964,362541.51000509283,355738.77270805166,264.1249202048091
1,Shahab_3,210.0,-1.957,-2.121,-1.957,-2.121,0.94895,0.98448,70.047,46.143,2.886,227.303,3143.807,216.65,0.050552,308006.57880626054,302333.87525778596,29241.80760038612,1618.2601420416413,1587.1627752727115,-604.6477876898647,-10.56713339327715,-10.453017854508955,-5.476385934012292,-14.936113380668576,44.444163213321126,6.893750854261331,139105.61728071104,0.05055214616204121,3153.43,48597.95183815025,362541.51000509283,355738.77270805166,264.1249202048091
1,Shahab_3,211.0,-1.957,-2.121,-1.957,-2.121,0.94895,0.98448,70.047,46.143,2.886,227.303,3378.947,216.65,0.054333,309619.4481997152,303915.7069039591,28634.475193089824,1607.369572557418,1576.3934877970637,-609.9660913859659,-11.217805063438803,-11.08934330636713,-5.14526694089885,-15.159304591596985,44.44256438350815,6.854344365260181,147805.59975310485,0.05433318273419353,3153.43,51637.37855183173,362541.51000509283,355738.77270805166,264.1249202048091
1,Shahab_3,212.0,-1.957,-2.121,-1.957,-2.121,0.94895,0.98448,70.047,46.143,2.886,227.303,3633.904,216.65,0.058433,311221.09241984354,305486.4410705646,28021.974723491534,1595.8036265905089,1564.9617805100675,-614.9803568217563,-11.916981375419349,-11.777104287346782,-4.862908003734291,-15.38403139121938,44.44094189079361,6.812125752543909,157006.08062819074,0.05843287526557539,3153.43,54851.65943563646,362541.51000509283,355738.77270805166,264.1249202048091
1,Shahab_3,213.0,-1.957,-2.121,-1.957,-2.121,0.94895,0.98448,70.047,46.143,2.886,227.303,3910.346,216.65,0.062878,312810.82031840296,307045.3997503376,27404.634930401804,1583.5308085578047,1552.8366140704284,-619.6403448650332,-12.644894651258147,-12.488855478881922,-4.503201194451744,-15.609698332793084,44.43929029342876,6.766930562685199,166715.62987182787,0.06287803699050856,3153.43,58243.78849366161,362541.51000509283,355738.77270805166,264.1249202048091
1,Shahab_3,214.0,-1.957,-2.121,-1.957,-2.121,0.94895,0.98448,70.047,46.143,2.886,227.303,4210.061,216.65,0.067697,314387.9036288762,308591.8687304811,26782.808317663465,1570.5088285882418,1539.9767635176695,-623.9473264212764,-13.395946580429936,-13.227028702339823,-4.058801744211914,-15.83706241379905,44.43761119101882,6.71859229084348,176938.60350698052,0.06769742007165185,3153.43,61815.28754650913,362541.51000509283,355738.77270805166,264.1249202048091
1,Shahab_3,215.0,-1.957,-2.121,-1.957,-2.121,0.94895,0.98448,70.047,46.143,2.886,227.303,4534.96,216.65,0.072922,315951.57691048266,310125.09743552416,26156.871925060903,1556.7030276010862,1526.348555014803,-627.8631433100794,-14.211343671486732,-14.026866235148017,-3.721172672829059,-16.065897437974467,44.435907272750484,6.6669437947848404,187674.26759614452,0.0729217763645525,3153.43,65565.90018570192,362541.51000509283,355738.77270805166,264.1249202048091
1,Shahab_3,216.0,-1.957,-2.121,-1.957,-2.121,0.94895,0.98448,70.047,46.143,2.886,227.303,4887.085,216.65,0.078584,317501.03732716286,311644.29879428446,25527.2263146972,1542.0768816366804,1511.9161277752441,-631.36187293554,-15.058358966661459,-14.856379413298885,-3.330321595204414,-16.296317439953846,44.43417430235006,6.6118191797417944,198915.90804125514,0.07858391806048393,3153.43,69493.28077329407,362541.51000509283,355738.77270805166,264.1249202048091
1,Shahab_3,217.0,-1.957,-2.121,-1.957,-2.121,0.94895,0.98448,70.047,46.143,2.886,227.303,5268.606,216.65,0.084719,319035.4457720268,313148.65033941955,24894.297923086164,1526.5936600244415,1496.6436671164242,-634.4221607504552,-15.934994564738934,-15.715179963060356,-2.8873906059500505,-16.528581880421015,44.43241238745886,6.5530558944782165,210649.81709073656,0.08471873048779147,3153.43,73592.64036787607,362541.51000509283,355738.77270805166,264.1249202048091
1,Shahab_3,218.0,-1.957,-2.121,-1.957,-2.121,0.94895,0.98448,70.047,46.143,2.886,227.303,5681.82,216.65,0.091363,320553.9279944593,314637.295312723,24258.538843678627,1510.2188299716831,1480.4975120410684,-637.0191358673524,-16.840822645425757,-16.603150721987337,-2.4008026258035895,-16.76287840082632,44.430621353777475,6.490497158373645,222854.30850364073,0.09136317932685817,3153.43,77856.4026622236,362541.51000509283,355738.77270805166,264.1249202048091
1,Shahab_3,219.0,-1.957,-2.121,-1.957,-2.121,0.94895,0.98448,70.047,46.143,2.886,227.303,6129.155,216.65,0.098556,322055.5764216364,316109.3444681709,23620.42676824957,1492.9205628349164,1463.4466135912223,-639.1256769282749,-17.76718135267466,-17.511393957501035,-1.842515246864546,-16.999346568349093,44.42879999341492,6.423994745890991,235498.7414804198,0.09855628708035728,3153.43,82273.86298365834,362541.51000509283,355738.77270805166,264.1249202048091
1,Shahab_3,220.0,-1.957,-2.121,-1.957,-2.121,0.94895,0.98448,70.047,46.143,2.886,227.303,6613.161,216.65,0.106339,323539.45277962065,317563.8786509036,22980.4651548226,1474.6705864723692,1445.4634665700519,-640.7120531734964,-18.72148830155169,-18.44522522777807,-1.2589784353933813,-17.23805628836595,44.426947916939305,6.353412047938212,248542.5832605479,0.10633907075656382,3153.43,86830.86080306284,362541.51000509283,355738.77270805166,264.1249202048091
1,Shahab_3,221.0,-1.957,-2.121,-1.957,-2.121,0.94895,0.98448,70.047,46.143,2.886,227.303,7136.508,216.65,0.114754,325004.5913863886,318999.9520502808,22339.182701064277,1455.4419636661326,1426.5220701219268,-641.7595942259449,-19.737818749266623,-19.43913630074598,-0.8237756374285443,-17.479376768280154,44.4250683873507,6.278627473943775,261934.5880600853,0.11475444461623592,3153.43,91509.49288842898,362541.51000509283,355738.77270805166,264.1249202048091
1,Shahab_3,222.0,-1.957,-2.121,-1.957,-2.121,0.94895,0.98448,70.047,46.143,2.886,227.303,7701.975,216.65,0.123847,326450.0029134632,320416.5958948801,21697.130907754767,1435.2132238102024,1406.6012629440033,-642.247438746984,-20.720078256523287,-20.402661374222653,-0.1388666817881837,-17.723607100446124,44.42315403785055,6.1995380400076305,275612.18396121985,0.12384710286007149,3153.43,96287.8991085291,362541.51000509283,355738.77270805166,264.1249202048091
1,Shahab_3,223.0,-1.957,-2.121,-1.957,-2.121,0.94895,0.98448,70.047,46.143,2.886,227.303,8312.438,216.65,0.133663,327874.680045634,321812.82398331456,21054.885811765806,1413.9705808927563,1385.6880854411515,-642.1447876072168,-21.770047095775357,-21.428877484395418,0.33315268902628264,-17.970734577211676,44.421210691906495,6.1160631185683085,289500.94000114955,0.13366329354542825,3153.43,101140.07625503687,362541.51000509283,355738.77270805166,264.1249202048091
1,Shahab_3,224.0,-1.957,-2.121,-1.957,-2.121,0.94895,0.98448,70.047,46.143,2.886,227.303,8970.858,216.65,0.144251,329277.60243946133,323187.637601948,20413.042417076478,1391.7037363872564,1363.7723425162485,-641.4367689429572,-22.773245379117082,-22.41053936190834,1.0485933753750085,-18.221155632080887,44.419230605171286,6.028148419438802,303514.55406278186,0.14425063892565584,3153.43,106035.87381202068,362541.51000509283,355738.77270805166,264.1249202048091
1,Shahab_3,225.0,-1.957,-2.121,-1.957,-2.121,0.94895,0.98448,70.047,46.143,2.886,227.303,9680.263,216.65,0.155658,330657.744245134,324540.0328681019,19772.215712038756,1368.4095287537223,1340.8514533211871,-640.1095922186504,-23.79417580052862,-23.41035746319923,1.6933587726650685,-18.475248956526855,44.41721858044026,5.935769796159175,317554.95568646095,0.15565780175775332,3153.43,110941.02987425873,362541.51000509283,355738.77270805166,264.1249202048091
1,Shahab_3,226.0,-1.957,-2.121,-1.957,-2.121,0.94895,0.98448,70.047,46.143,2.886,227.303,10443.723,216.65,0.167934,332014.0811283061,325869.00762737915,19133.035533212096,1344.0947875749962,1316.932272113539,-638.1448688020055,-24.809634959425377,-24.4040469379146,2.33217968880591,-18.733184983306202,44.41517188166494,5.838936987571582,331513.0231219662,0.16793418632908053,3153.43,115817.42165659402,362541.51000509283,355738.77270805166,264.1249202048091
1,Shahab_3,227.0,-1.957,-2.121,-1.957,-2.121,0.94895,0.98448,70.047,46.143,2.886,227.303,11264.334,216.65,0.18113,333345.598839997,327173.56986383704,18496.143964616283,1318.7743259141232,1292.0295440118496,-635.5311392618968,-25.808337899136177,-25.380116966149615,2.9717009755990436,-18.99524677458498,44.41308899248522,5.737697093204841,345269.66901349113,0.18112954317546326,3153.43,120623.44478894325,362541.51000509283,355738.77270805166,264.1249202048091
1,Shahab_3,228.0,-1.957,-2.121,-1.957,-2.121,0.94895,0.98448,70.047,46.143,2.886,227.303,12145.185,216.65,0.195294,334651.30228788615,328452.7465892831,17862.19131854107,1292.471455421886,1266.166366662539,-632.2648187793075,-26.772194169534963,-26.32210131727314,3.6390427125280755,-19.261852867251722,44.41096881514755,5.632137608095929,358697.45866619627,0.19529354225260273,3153.43,125314.57867405533,362541.51000509283,355738.77270805166,264.1249202048091
1,Shahab_3,229.0,-1.957,-2.121,-1.957,-2.121,0.94895,0.98448,70.047,46.143,2.886,227.303,13089.329,216.65,0.210475,335930.22525270545,329705.59335753013,17231.831816848215,1265.2203667316248,1239.3765326924904,-628.3429193982705,-27.711275341814307,-27.23885096510756,4.250455217096882,-19.533319532076415,44.40881102755688,5.522388768380995,371662.71916489134,0.21047530292088404,3153.43,129844.12332941718,362541.51000509283,355738.77270805166,264.1249202048091
1,Shahab_3,230.0,-1.957,-2.121,-1.957,-2.121,0.94895,0.98448,70.047,46.143,2.886,227.303,14099.757,216.65,0.226723,337181.4403671902,330931.20404981344,16605.7184024253,1237.0635319547162,1211.7019407685466,-623.7752699512882,-28.601654599432752,-28.108755178546037,4.852598485297555,-19.810238228180445,44.40661521075006,5.408625265538466,384028.17001181975,0.22672290373520515,3153.43,134164.1184271232,362541.51000509283,355738.77270805166,264.1249202048091
1,Shahab_3,231.0,-1.957,-2.121,-1.957,-2.121,0.94895,0.98448,70.047,46.143,2.886,227.303,15179.363,216.65,0.244083,338404.0694620562,332128.72099390934,15984.497500798203,1208.057924369673,1183.1984793626225,-618.56118331879,-29.393851765555457,-28.883140668877697,5.59064079638424,-20.09270466238216,44.40437588854029,5.291066889622171,395655.9515438158,0.24408286734753548,3153.43,138226.40130198473,362541.51000509283,355738.77270805166,264.1249202048091
1,Shahab_3,232.0,-1.957,-2.121,-1.957,-2.121,0.94895,0.98448,70.047,46.143,2.886,227.303,16330.908,216.65,0.2626,339597.2940530722,333297.34522785683,15368.804293932852,1178.2660109260532,1153.9278180791462,-612.7231726373712,-30.175514449074768,-29.64432290568153,6.090047052904932,-20.381418160146904,44.402097246237666,5.1699782421767235,406410.966795559,0.26259961521177216,3153.43,141983.7744651982,362541.51000509283,355738.77270805166,264.1249202048091
1,Shahab_3,233.0,-1.957,-2.121,-1.957,-2.121,0.94895,0.98448,70.047,46.143,2.886,227.303,17556.996,216.65,0.282315,340760.3649060198,334436.3458747252,14759.25533193926,1147.7642143787007,1123.964811608706,-606.2744426506821,-30.82534067576499,-30.277878345955244,6.762570407460485,-20.67659394390873,44.39977196468365,5.045667238788345,416164.541461262,0.2823150045496654,3153.43,145391.28424891247,362541.51000509283,355738.77270805166,264.1249202048091
1,Shahab_3,234.0,-1.957,-2.121,-1.957,-2.121,0.94895,0.98448,70.047,46.143,2.886,227.303,18860.036,216.65,0.303268,341892.6120303431,335545.06989618007,14156.444694803627,1116.6331682853581,1093.3888760548296,-599.2514653124873,-31.40084151086765,-30.83935899937855,7.352841542596353,-20.979089074308742,44.39740386721762,4.9184825039124584,424797.9818929162,0.30326778593723086,3153.43,148407.4638288384,362541.51000509283,355738.77270805166,264.1249202048091
1,Shahab_3,235.0,-1.957,-2.121,-1.957,-2.121,0.94895,0.98448,70.047,46.143,2.886,227.303,20242.221,216.65,0.325493,342993.4530040559,336622.95023608615,13560.937095459729,1084.9668371903845,1062.2921401989722,-591.6775969722173,-31.891155128135935,-31.316068518141,7.873308502803378,-21.28912540801477,44.39498860348049,4.788809469959844,432206.1446131975,0.3254931982992338,3153.43,150995.58026962093,362541.51000509283,355738.77270805166,264.1249202048091
1,Shahab_3,236.0,-1.957,-2.121,-1.957,-2.121,0.94895,0.98448,70.047,46.143,2.886,227.303,21705.498,216.65,0.349023,344062.40064874967,337669.51331843884,12973.26285271909,1052.8634620923685,1030.7709942983026,-583.59129248099,-32.27440531382621,-31.687658622579878,8.373983564678728,-21.607299674121528,44.39252409230982,4.657065503449295,438300.64956970414,0.34902257536630565,3153.43,153124.75710764894,362541.51000509283,355738.77270805166,264.1249202048091
1,Shahab_3,237.0,-1.957,-2.121,-1.957,-2.121,0.94895,0.98448,70.047,46.143,2.886,227.303,23251.555,216.65,0.373883,345099.0693834017,338684.38523722655,12393.913112655353,1020.4273360864968,998.927745675951,-575.0338997158102,-32.55295685266029,-31.955886247690206,8.825557138518699,-21.934166592646203,44.390008591471144,4.523693981475336,443012.6115373079,0.3738830277260427,3153.43,154770.92859404336,362541.51000509283,355738.77270805166,264.1249202048091
1,Shahab_3,238.0,-1.957,-2.121,-1.957,-2.121,0.94895,0.98448,70.047,46.143,2.886,227.303,24881.799,216.65,0.400097,346103.1799596031,339667.29636800755,11823.335317369596,987.766068916324,966.8679342643685,-566.0531426357813,-32.739776747831314,-32.13460335675885,9.167408268675151,-22.270396388928265,44.387440670495685,4.389157602930749,446294.7615323738,0.4000972218369014,3153.43,155917.58083213322,362541.51000509283,355738.77270805166,264.1249202048091
1,Shahab_3,239.0,-1.957,-2.121,-1.957,-2.121,0.94895,0.98448,70.047,46.143,2.886,227.303,26597.358,216.65,0.427683,347074.5625369524,340618.0843492494,11261.92919445706,954.9893838961224,934.6991875266806,-556.7004447822159,-32.81042015467772,-32.19835040585567,9.479966970283288,-22.61670527815702,44.38482035528061,4.253931096076495,448122.8199757386,0.427683263761041,3153.43,156556.2315058058,362541.51000509283,355738.77270805166,264.1249202048091
1,Shahab_3,240.0,-1.957,-2.121,-1.957,-2.121,0.94895,0.98448,70.047,46.143,2.886,227.303,28399.098,218.535,0.452717,348013.1711866952,341536.70826336695,10710.036123783908,922.2837573452351,902.6040543909814,-547.0666785917782,-32.45776056967295,-31.851098685992927,9.68610094141483,-22.973530028168515,44.38214272309719,4.118824443277559,444699.7912274491,0.4527166426558836,3153.43,155360.36185293418,362541.51000509283,355738.77270805166,264.1249202048091
1,Shahab_3,241.0,-1.957,-2.121,-1.957,-2.121,0.94895,0.98448,70.047,46.143,2.886,227.303,30288.158,222.059,0.475167,348919.32624642336,342423.4857909603,10167.792978985715,890.1314800909441,871.0546528087424,-537.4294829869298,-31.831031481403283,-31.23088091878646,9.617421253112779,-23.341395239677123,44.379407477153514,3.9859811844295114,437130.03289672284,0.4751669812485465,3153.43,152715.79035413763,362541.51000509283,355738.77270805166,264.1249202048091
1,Shahab_3,242.0,-1.957,-2.121,-1.957,-2.121,0.94895,0.98448,70.047,46.143,2.886,227.303,32266.032,225.521,0.498425,349793.6522658696,343279.0323948818,9635.158713928298,858.632541508002,840.1487749583464,-527.8503671391522,-31.156386247051852,-30.567762747921257,9.556953972753103,-23.720812514307294,44.37661191993813,3.855849253258123,429075.89184647304,0.4984253450651765,3153.43,149901.99486184024,362541.51000509283,355738.77270805166,264.1249202048091
1,Shahab_3,243.0,-1.957,-2.121,-1.957,-2.121,0.94895,0.98448,70.047,46.143,2.886,227.303,34334.145,228.922,0.522495,350636.8198755209,344104.00857354683,9112.063561113215,827.8198238773122,809.9189759309513,-518.3551857971332,-30.46939298027532,-29.891407306803185,9.41484438739181,-24.112393434359113,44.373769372965526,3.728582646731684,420594.3100001729,0.5224947638523316,3153.43,146938.86861190567,362541.51000509283,355738.77270805166,264.1249202048091
1,Shahab_3,244.0,-1.957,-2.121,-1.957,-2.121,0.94895,0.98448,70.047,46.143,2.886,227.303,36493.847,232.26,0.547378,351449.53158187424,344899.1059257993,8598.415710460096,797.725324985743,780.3955192337366,-508.95924492838685,-29.713932644013475,-29.149364968033375,9.378614311276115,-24.516308964363446,44.370843605521415,3.6043166884640225,411743.63981842174,0.5473777139376136,3153.43,143846.7976255837,362541.51000509283,355738.77270805166,264.1249202048091
1,Shahab_3,245.0,-1.957,-2.121,-1.957,-2.121,0.94895,0.98448,70.047,46.143,2.886,227.303,38746.415,235.538,0.573076,352232.51741866214,345665.0428924032,8094.103344983512,768.3718405269383,751.6018691190336,-499.68748337646633,-28.98712722097337,-28.434270602328795,9.16701945317273,-24.933283534507943,44.36787748800806,3.4831677836249813,402582.6736475798,0.5730762198944674,3153.43,140646.3216026558,362541.51000509283,355738.77270805166,264.1249202048091
1,Shahab_3,246.0,-1.957,-2.121,-1.957,-2.121,0.94895,0.98448,70.047,46.143,2.886,227.303,41093.077,238.757,0.599592,352986.5301378816,346402.5600541283,7598.995377643177,739.7821714111968,723.5589659627851,-490.5531806568032,-28.193119834829368,-27.651711668213554,9.088519338721857,-25.363529593338864,44.364821298742044,3.3652333809301544,393169.7796222949,0.5995920283052549,3153.43,137357.83204025883,362541.51000509283,355738.77270805166,264.1249202048091
1,Shahab_3,247.0,-1.957,-2.121,-1.957,-2.121,0.94895,0.98448,70.047,46.143,2.886,227.303,43534.993,241.916,0.626926,353712.33065306226,347112.405847568,7112.947577062846,711.9711964272722,696.2822311455492,-481.57606963447944,-27.41596632078982,-26.88827538186257,8.898704085154895,-25.80767832790245,44.36170983784455,3.2505934417576214,383562.2282516411,0.6269264899816547,3153.43,134001.33696895355,362541.51000509283,355738.77270805166,264.1249202048091
1,Shahab_3,248.0,-1.957,-2.121,-1.957,-2.121,0.94895,0.98448,70.047,46.143,2.886,227.303,46073.347,245.017,0.655082,354410.72652081726,347795.37429401145,6635.7897096814695,684.9511025254585,669.7830028440416,-472.76864776746845,-26.621603363347486,-26.107508269786532,8.71811921741562,-26.26608914837967,44.3585222522964,3.1393061757743808,373814.890415874,0.6550815162861369,3153.43,130596.00608474578,362541.51000509283,355738.77270805166,264.1249202048091
1,Shahab_3,249.0,-1.957,-2.121,-1.957,-2.121,0.94895,0.98448,70.047,46.143,2.886,227.303,48709.279,248.062,0.684059,355082.5231309675,348452.25718626427,6167.343687939461,658.7300348568282,644.0691949588402,-464.1441092779973,-25.820083208968892,-25.319688022068345,8.529812739744607,-26.739213906307835,44.35525845039569,3.0314166103910605,363980.90483064344,0.6840588183210615,3153.43,127160.40393444808,362541.51000509283,355738.77270805166,264.1249202048091
1,Shahab_3,250.0,-1.957,-2.121,-1.957,-2.121,0.94895,0.98448,70.047,46.143,2.886,227.303,51443.906,251.052,0.71386,355728.51389132347,349083.8343557978,5707.422633807622,633.3118468956819,619.144459257438,-455.71303088347884,-25.016338798091848,-24.52983826438552,8.331708750549144,-27.227467918158116,44.351915994518755,2.9269504135629356,354109.64571534086,0.7138601260819036,3153.43,123711.77990009791,362541.51000509283,355738.77270805166,264.1249202048091
1,Shahab_3,251.0,-1.957,-2.121,-1.957,-2.121,0.94895,0.98448,70.047,46.143,2.886,227.303,54278.261,253.987,0.744487,356349.4438778843,349690.8380005693,5255.842990515878,608.6968908173801,595.0090104977648,-447.4837306757419,-24.213813746134058,-23.741320283343576,8.125392385858238,-27.731220178657498,44.348492044050026,2.8259173311944883,344246.5973391143,0.7444865357518711,3153.43,120266.02437034139,362541.51000509283,355738.77270805166,264.1249202048091
1,Shahab_3,252.0,-1.957,-2.121,-1.957,-2.121,0.94895,0.98448,70.047,46.143,2.886,227.303,57213.549,256.869,0.775941,356946.1637883851,350274.10399005824,4812.38732369995,584.8825129886487,571.6601040388194,-439.4641705173542,-23.41571812513963,-22.95727662103121,7.912598395768646,-28.250876929136254,44.3449828722543,2.728315575678998,334435.1611338796,0.7759412209182296,3153.43,116838.3000736088,362541.51000509283,355738.77270805166,264.1249202048091
1,Shahab_3,253.0,-1.957,-2.121,-1.957,-2.121,0.94895,0.98448,70.047,46.143,2.886,227.303,60250.934,259.701,0.808227,357519.47044734325,350834.4151191451,4376.8431826919295,561.8628225016306,549.0918354261994,-431.6600389951185,-22.624929133315227,-22.180522976234762,7.694883573110113,-28.786796663638377,44.34138497430618,2.6341284822404885,324714.15628586046,0.8082271059130702,3153.43,113442.16888453448,362541.51000509283,355738.77270805166,264.1249202048091
1,Shahab_3,254.0,-1.957,-2.121,-1.957,-2.121,0.94895,0.98448,70.047,46.143,2.886,227.303,63391.611,262.482,0.841348,358070.1512084084,351372.5447660836,3948.993741865655,539.6292036604998,527.2956345836005,-424.0754721292473,-21.8440146887905,-21.41357126130884,7.473724030004696,-29.33931096338915,44.337694695870006,2.543327335165155,315118.49555242446,0.8413476264373072,3153.43,110089.82792739171,362541.51000509283,355738.77270805166,264.1249202048091
1,Shahab_3,255.0,-1.957,-2.121,-1.957,-2.121,0.94895,0.98448,70.047,46.143,2.886,227.303,66636.828,265.214,0.875307,358598.9870443705,351889.25994344754,3528.6180497255846,518.1706921113764,506.2606339970445,-416.71324942736175,-21.075246528988185,-20.658642671087428,7.250508782390442,-29.90872350089548,44.3339081853419,2.455873014119506,305679.32279429067,0.8753068880272201,3153.43,106792.15762435808,362541.51000509283,355738.77270805166,264.1249202048091
1,Shahab_3,256.0,-1.957,-2.121,-1.957,-2.121,0.94895,0.98448,70.047,46.143,2.886,227.303,69987.885,267.899,0.91011,359106.7465359356,352385.31539249065,3115.492757819318,497.4740413182141,485.9737352713595,-409.57472152066515,-20.320583031063872,-19.917650688891865,7.026529313196341,-30.49530746439768,44.33002139738535,2.3717161449170003,296423.79761359276,0.910109702812646,3153.43,103558.64645664826,362541.51000509283,355738.77270805166,264.1249202048091
1,Shahab_3,257.0,-1.957,-2.121,-1.957,-2.121,0.94895,0.98448,70.047,46.143,2.886,227.303,73446.145,270.539,0.945762,359594.1840945018,352861.45185825904,2709.394005891184,477.5242718037243,466.4201473983341,-402.6600604429802,-19.581715422006457,-19.19224685499248,6.80294824042242,-31.099298742748143,44.326030107004016,2.290799433941175,287375.4780843207,0.9457615853490309,3153.43,100397.52467525828,362541.51000509283,355738.77270805166,264.1249202048091
1,Shahab_3,258.0,-1.957,-2.121,-1.957,-2.121,0.94895,0.98448,70.047,46.143,2.886,227.303,77013.036,273.134,0.982269,360062.03851091187,353318.39467058354,2310.0983362710163,458.3048767256622,447.58358830762324,-395.9683291351144,-18.860056244738345,-18.483809726398107,6.580844182726529,-31.720893276291388,44.3219298815353,2.2130585025062297,278554.4135181759,0.9822688052763,3153.43,97315.79670965322,362541.51000509283,355738.77270805166,264.1249202048091
1,Shahab_3,259.0,-1.957,-2.121,-1.957,-2.121,0.94895,0.98448,70.047,46.143,2.886,227.303,80690.06,275.687,1.019638,360511.03134910396,353756.852173647,1917.383710084584,439.79804187823294,429.4465008484414,-389.4975609614098,-18.15676558121725,-17.793469893008407,6.361178795131095,-32.360244076005046,44.317716075697625,2.138422783593364,269977.2923570931,1.0196384146710544,3153.43,94319.29283551325,362541.51000509283,355738.77270805166,264.1249202048091
1,Shahab_3,260.0,-1.957,-2.121,-1.957,-2.121,0.94895,0.98448,70.047,46.143,2.886,227.303,84478.796,278.198,1.057878,360941.8658135514,354177.51462334004,1531.0305358763255,421.9849196368509,411.9903211578082,-383.2448738996339,-17.472766132985424,-17.122125521470306,6.144810722527757,-33.01745685601479,44.31338381531252,2.066816653811787,261657.68646452835,1.0578782545072707,3153.43,91412.7545203613,362541.51000509283,355738.77270805166,264.1249202048091
1,Shahab_3,261.0,-1.957,-2.121,-1.957,-2.121,0.94895,0.98448,70.047,46.143,2.886,227.303,88380.903,280.67,1.096997,361355.2258007532,354581.0532636646,1150.8225314515466,404.84585457412203,395.1956999142587,-377.2065799415384,-16.80875696558103,-16.47045564670793,5.93251001482102,-33.692587180769756,44.308927995281294,1.9981603828599217,253606.2856383308,1.0969969566173496,3153.43,88599.91635300248,362541.51000509283,355738.77270805166,264.1249202048091
1,Shahab_3,262.0,-1.957,-2.121,-1.957,-2.121,0.94895,0.98448,70.047,46.143,2.886,227.303,92398.118,283.102,1.137004,361751.7746136587,354968.1190731138,776.547689172135,388.36061483599343,379.042728911827,-371.37828012199304,-16.165243887394986,-15.838950014803068,5.724939397603918,-34.3856354065608,44.30434326668939,1.9323710728699033,245831.15267468544,1.1370039143443307,3153.43,85883.59515268782,362541.51000509283,355738.77270805166,264.1249202048091
1,Shahab_3,263.0,-1.957,-2.121,-1.957,-2.121,0.94895,0.98448,70.047,46.143,2.886,227.303,96532.226,285.498,1.177909,362132.14648308145,355339.33446408645,408.0017933366588,372.508898681439,363.5114377608249,-365.75506251380926,-15.542558055871185,-15.227927311955522,5.522688544970807,-35.096527836745835,44.299624161651295,1.869364687850095,238338.21907298997,1.1779089402001237,3153.43,83265.86314861765,362541.51000509283,355738.77270805166,264.1249202048091
1,Shahab_3,264.0,-1.957,-2.121,-1.957,-2.121,0.94895,0.98448,70.047,46.143,2.886,227.303,100784.76,287.857,1.219719,362496.87760672375,355695.22572794976,45.01346496478503,357.27322116404207,348.5846255682484,-360.33250476080025,-14.941012515941683,-14.6376895682337,5.326228868406082,-35.8249699935017,44.294766334029596,1.8090673660124634,231133.7042456848,1.21971930657292,3153.43,80748.89315532058,362541.51000509283,355738.77270805166,264.1249202048091
1,Shahab_3,264.12,-1.957,-2.121,-1.957,-2.121,0.94895,0.98448,70.047,46.143,2.886,227.303,101325.0,288.15,1.225012,362541.51000509283,355738.77270805166,3.950924976625636e-07,355.40671737221913,346.7560143201372,-359.66711860615715,-14.867175226126399,-14.565242888184109,5.302024316463553,-35.917476068569435,44.29414695858804,1.8016995138190273,230249.69443220165,1.225012265944131,3153.43,80440.05540182132,362541.51000509283,355738.77270805166,264.1249202048091
2,Shahab_3,1.0,-0.526,-6.146,-0.526,-6.146,0.90731,1.01664,67.028,339.569,6.169,265.108,101212.969,288.089,1.223915,-1.3784371247817846,3.7002783477134984,9.314790526051858,-2.7694706532998348,7.433996783730168,18.669203622598296,-3.554542196848291,9.491646547954426,17.912211739132736,66.97787792559225,110.43243911495756,0.05960860447593381,251.80425561050075,1.2239149906924,15275.38,84.11065874415692,-37423.829612025984,128004.8387592388,135.98280062282623
2,Shahab_3,2.0,-0.526,-6.146,-0.526,-6.146,0.90731,1.01664,67.028,339.569,6.169,265.108,100884.175,287.911,1.220694,-6.164418118005508,16.515432356873987,36.71199699917827,-6.804719148398816,18.23346855985961,36.165523363088475,-4.041393645101196,10.96267543640824,17.604203536142887,61.71385154075203,110.46554308892105,0.12068633200669195,1029.4772546197403,1.2206936264998167,15101.1,343.8782630510139,-37423.829612025984,128004.8387592388,135.98280062282623
2,Shahab_3,3.0,-0.526,-6.146,-0.526,-6.146,0.90731,1.01664,67.028,339.569,6.169,265.108,100346.8,287.619,1.215425,-14.993542430381497,40.3623263892804,81.68232230412791,-10.86099680771137,29.63937159315095,53.75611967463269,-4.089936301143967,12.050836131658427,17.48088503277912,59.57770262854493,110.12476174319046,0.18318890722644132,2361.6772820950737,1.2154253929622363,14926.82,788.8755948803074,-37423.829612025984,128004.8387592388,135.98280062282623
2,Shahab_3,4.0,-0.526,-6.146,-0.526,-6.146,0.90731,1.01664,67.028,339.569,6.169,265.108,99606.121,287.214,1.208157,-27.930781504623436,76.38590396107483,144.06242405255387,-15.057202905384964,42.83455025506647,70.84236602976615,-4.3557255918554585,14.611191478905535,16.49952995065921,57.343574794558336,109.36759693711839,0.2472632382430096,4276.972848961164,1.2081573088125381,14752.54,1428.645448762603,-37423.829612025984,128004.8387592388,135.98280062282623
2,Shahab_3,5.0,-0.526,-6.146,-0.526,-6.146,0.90731,1.01664,67.028,339.569,6.169,265.108,98678.673,286.702,1.199045,-45.25536001183759,127.13301063557388,222.8296823974439,-19.6973895790106,59.301129159412326,86.31226121866048,-4.986551326802463,18.425846670388584,14.232420102992672,54.09685015532089,108.37435925438344,0.3131269737283834,6807.230932239716,1.1990453803118541,14578.26,2273.8324121890137,-37423.829612025984,128004.8387592388,135.98280062282623
2,Shahab_3,6.0,-0.526,-6.146,-0.526,-6.146,0.90731,1.01664,67.028,339.569,6.169,265.108,97595.241,286.097,1.188385,-67.58822452269482,196.25983988600998,315.7873473157675,-25.115191755173864,79.49971804603453,99.15354749063223,-5.859469631082443,21.66709656897158,11.590374887344888,49.94144706160021,107.53213320007764,0.38068444950300395,9971.979655569545,1.1883851266887469,14403.98,3330.9595017754255,-37423.829612025984,128004.8387592388,135.98280062282623
2,Shahab_3,7.0,-0.526,-6.146,-0.526,-6.146,0.90731,1.01664,67.028,339.569,6.169,265.108,96388.664,285.417,1.176493,-95.76176607637636,286.8250120411122,420.5333002545193,-31.340212107835143,101.73717587400145,110.26637165607917,-6.498608122795085,22.318013951669315,11.158357069535771,46.007534845093964,107.12148748772988,0.4503932736959391,13818.693247536132,1.1764928218572013,14229.69,4615.884625204987,-37423.829612025984,128004.8387592388,135.98280062282623
2,Shahab_3,8.0,-0.526,-6.146,-0.526,-6.146,0.90731,1.01664,67.028,339.569,6.169,265.108,95068.955,284.662,1.16346,-130.3712861400161,399.5542678627369,536.6125423799774,-37.87080441258163,123.55119145100024,122.13368187907224,-6.465533774966422,21.394866742860376,12.506267071289594,43.384007813988184,107.04130436288573,0.5225040543451556,18391.827067870192,1.1634604986046542,14055.41,6143.4572916037205,-37423.829612025984,128004.8387592388,135.98280062282623
2,Shahab_3,9.0,-0.526,-6.146,-0.526,-6.146,0.90731,1.01664,67.028,339.569,6.169,265.108,93631.022,283.828,1.14923,-171.45252750346253,533.9337652838193,664.9392853471879,-44.29628068297197,145.4962230087189,134.2864677868071,-6.5084232435225795,23.076349421347523,11.13001346840821,41.44263285780257,106.93285475522693,0.5962078854078706,23653.557670568123,1.1492304835118978,13881.13,7901.0432627153095,-37423.829612025984,128004.8387592388,135.98280062282623
2,Shahab_3,10.0,-0.526,-6.146,-0.526,-6.146,0.90731,1.01664,67.028,339.569,6.169,265.108,92094.111,282.922,1.133985,-219.10537473628253,691.421756725781,804.2967013850364,-51.12329916585735,169.815724553177,144.05099291528296,-7.1584829152107865,24.999209401474694,9.018527727115416,39.085842906983615,106.75450661725392,0.6713982581081056,29597.96157617897,1.1339854420576496,13706.85,9886.663907330885,-37423.829612025984,128004.8387592388,135.98280062282623
2,Shahab_3,11.0,-0.526,-6.146,-0.526,-6.146,0.90731,1.01664,67.028,339.569,6.169,265.108,90481.127,281.955,1.117946,-273.8476584744166,873.6076484333332,953.0756693038528,-58.358131931219376,194.40046200505293,153.77237368024282,-7.167104545589283,24.2626631549547,10.353498611929103,37.14785118392079,106.7095168920779,0.7482903020057127,36245.55659032471,1.1179455131317277,13532.57,12107.172827438486,-37423.829612025984,128004.8387592388,135.98280062282623
2,Shahab_3,12.0,-0.526,-6.146,-0.526,-6.146,0.90731,1.01664,67.028,339.569,6.169,265.108,88792.062,280.924,1.101104,-335.789765949374,1080.4101053016727,1111.742460603262,-65.57334757081153,219.57609153789224,163.1161973767957,-7.437021291134256,26.25617735748463,7.99011762702317,35.44348059317285,106.62752401921895,0.8265751349326057,43559.89510471221,1.1011037694848524,13358.28,14550.395358492624,-37423.829612025984,128004.8387592388,135.98280062282623
2,Shahab_3,13.0,-0.526,-6.146,-0.526,-6.146,0.90731,1.01664,67.028,339.569,6.169,265.108,87047.089,279.837,1.083655,-405.1575764906104,1313.1331364567518,1278.8628080561564,-73.19126482154991,245.7670999474639,171.32818717160254,-7.616209357780792,25.87749627642336,8.865050622524873,33.74759384626505,106.58392172808945,0.9062649781930394,51534.16640879928,1.083654797943706,13184.0,17214.05650578032,-37423.829612025984,128004.8387592388,135.98280062282623
2,Shahab_3,14.0,-0.526,-6.146,-0.526,-6.146,0.90731,1.01664,67.028,339.569,6.169,265.108,85251.326,278.697,1.065644,-482.15271411257413,1572.0492636890767,1454.3824411423261,-80.84010111401956,272.3585684114701,179.31854013327072,-7.843430282656755,27.371113627444572,6.913824172386976,32.25910417884925,106.53167707853555,0.9872479858883525,60139.31380811908,1.0656437770182372,13009.72,20088.45040588553,-37423.829612025984,128004.8387592388,135.98280062282623
2,Shahab_3,15.0,-0.526,-6.146,-0.526,-6.146,0.90731,1.01664,67.028,339.569,6.169,265.108,83419.305,277.508,1.047211,-566.9559508783977,1858.0352412243694,1637.2977561275927,-88.7661176841549,299.5535864208236,186.67338475990155,-7.888151623974968,27.25139011673071,7.478815548147865,30.857933052276724,106.50603169827949,1.0694939692124439,69356.11729166853,1.0472109867259884,12835.44,23167.156961647393,-37423.829612025984,128004.8387592388,135.98280062282623
2,Shahab_3,16.0,-0.526,-6.146,-0.526,-6.146,0.90731,1.01664,67.028,339.569,6.169,265.108,81557.602,276.272,1.028418,-659.7113216902017,2171.466410485959,1827.3389178784992,-96.80540542170617,327.44168210460845,193.22285313257925,-8.182568292075224,27.984054517000594,6.519745443723373,29.504920359658215,106.4698749367322,1.1529004361203834,79149.29840427705,1.0284177412900153,12661.16,26438.392042981694,-37423.829612025984,128004.8387592388,135.98280062282623
2,Shahab_3,17.0,-0.526,-6.146,-0.526,-6.146,0.90731,1.01664,67.028,339.569,6.169,265.108,79676.29,274.995,1.009361,-760.5968012228674,2512.929052138291,2023.840677373288,-104.97480294513035,355.6336689332637,199.57515525235428,-8.261808557842226,28.712519930419703,5.568755090603489,28.29020043977358,106.4453768890211,1.2374377237173884,89492.63644133767,1.0093614106193276,12486.87,29893.397097607874,-37423.829612025984,128004.8387592388,135.98280062282623
2,Shahab_3,18.0,-0.526,-6.146,-0.526,-6.146,0.90731,1.01664,67.028,339.569,6.169,265.108,77783.887,273.679,0.990125,-869.7392190405055,2882.922635555327,2226.238518346462,-113.31855132291125,384.35056260173656,205.28543113497278,-8.347459587300087,28.860795761714922,5.6303267158253885,27.126404504255397,106.42716345537964,1.3230434048753152,100353.37628763582,0.9901247153350055,12312.59,33521.23087152983,-37423.829612025984,128004.8387592388,135.98280062282623
2,Shahab_3,19.0,-0.526,-6.146,-0.526,-6.146,0.90731,1.01664,67.028,339.569,6.169,265.108,75887.109,272.328,0.970773,-987.2670406205292,3281.8475178286226,2434.1070322527653,-121.77462979501801,413.5626137777358,210.37152534210952,-8.53411646619658,29.274183609772905,5.113778541319581,26.01084456302911,106.40720761494657,1.409660560192761,111696.78563247802,0.9707729680775677,12138.31,37310.291664351134,-37423.829612025984,128004.8387592388,135.98280062282623
2,Shahab_3,20.0,-0.526,-6.146,-0.526,-6.146,0.90731,1.01664,67.028,339.569,6.169,265.108,73993.017,270.945,0.951376,-1113.311595676437,3710.1291933096322,2646.9317801992333,-130.33529818606775,443.11456955350457,215.0968373438412,-8.650554013225525,29.83108921787659,4.288297335427345,24.97108588842329,106.39043093681364,1.497249326979778,123490.71116573233,0.951375878702907,11964.03,41249.83924418237,-37423.829612025984,128004.8387592388,135.98280062282623
2,Shahab_3,21.0,-0.526,-6.146,-0.526,-6.146,0.90731,1.01664,67.028,339.569,6.169,265.108,72108.114,269.533,0.931998,-1247.9855134607465,4168.170871630324,2864.2027854899543,-139.01906018268312,473.0237682864471,219.3861374107212,-8.719354176465446,30.162038534966193,3.909847699552545,23.987914162555324,106.37776954239354,1.5857683578672037,135702.71874489638,0.9319983652325412,11789.75,45329.039572158435,-37423.829612025984,128004.8387592388,135.98280062282623
2,Shahab_3,22.0,-0.526,-6.146,-0.526,-6.146,0.90731,1.01664,67.028,339.569,6.169,265.108,70237.835,268.094,0.912695,-1391.3926523559908,4656.326682838944,3085.47574904674,-147.81181450450728,503.31515004340935,223.15076978172655,-8.822231302168758,30.409629043032105,3.6669439958004113,23.044750646962516,106.36627230382798,1.6751749874324762,148299.63108252065,0.9126952883139693,11615.46,49536.81037528139,-37423.829612025984,128004.8387592388,135.98280062282623
2,Shahab_3,23.0,-0.526,-6.146,-0.526,-6.146,0.90731,1.01664,67.028,339.569,6.169,265.108,68387.081,266.633,0.893517,-1543.6351218579798,5174.930433185851,3310.3165439716477,-156.69605408855307,533.944807447956,226.45587686591205,-8.939315865527185,30.735282491381945,3.2083715495178877,22.144164894849677,106.35530934118111,1.7654333706604626,161249.83491995907,0.8935167807770809,11441.18,53862.59181609604,-37423.829612025984,128004.8387592388,135.98280062282623
2,Shahab_3,24.0,-0.526,-6.146,-0.526,-6.146,0.90731,1.01664,67.028,339.569,6.169,265.108,66560.378,265.151,0.87451,-1704.8093505102108,5724.304993216053,3538.2835847100873,-165.66917403909304,564.8715166034348,229.36541090008694,-9.032398591221861,31.08731427251305,2.6621166713771554,21.28771788960017,106.34569926292029,1.8565119030613944,174523.5659675208,0.874509837962942,11266.9,58296.44167179573,-37423.829612025984,128004.8387592388,135.98280062282623
2,Shahab_3,25.0,-0.526,-6.146,-0.526,-6.146,0.90731,1.01664,67.028,339.569,6.169,265.108,64761.717,263.652,0.855717,-1875.0044828945063,6304.754964091286,3768.9479719008523,-174.73152196564624,596.083713731625,231.87783879103085,-9.105916690331409,31.388969721754773,2.2158599910246712,20.470332957272156,106.33757686051614,1.94838116288893,188092.6171988233,0.8557166901238735,11092.62,62828.93789522522,-37423.829612025984,128004.8387592388,135.98280062282623
2,Shahab_3,26.0,-0.526,-6.146,-0.526,-6.146,0.90731,1.01664,67.028,339.569,6.169,265.108,62994.536,262.138,0.837174,-2054.3043983624384,6916.565122111574,4001.901253945766,-183.87858481546303,627.5763205109133,233.97871493689263,-9.178721510393057,31.641413781891444,1.8687655808738515,19.68658113908352,106.33047712600359,2.0410137792184804,201930.4048206889,0.8371744007879784,10918.34,67451.20065093187,-37423.829612025984,128004.8387592388,135.98280062282623
2,Shahab_3,27.0,-0.526,-6.146,-0.526,-6.146,0.90731,1.01664,67.028,339.569,6.169,265.108,61261.788,260.611,0.818916,-2242.7891858263793,7560.004397055066,4236.749360091447,-193.1038675129657,659.3371159773469,235.67485064941022,-9.2565148764354,31.87909237016775,1.5342339424130802,18.933645855858362,106.3240293360797,2.134385276676806,216012.4062247629,0.8189156282672584,10744.06,72155.03860498515,-37423.829612025984,128004.8387592388,135.98280062282623
2,Shahab_3,28.0,-0.526,-6.146,-0.526,-6.146,0.90731,1.01664,67.028,339.569,6.169,265.108,59566.02,259.075,0.800969,-2440.535353408823,8235.329227750508,4473.107331638477,-202.40252015296375,691.350017427615,236.98658169181545,-9.33398166193989,32.118867223794744,1.1707656059597094,18.21013982242706,106.31814040038388,2.2284739919334275,230316.41708730502,0.8009692686507194,10569.77,76933.03480451331,-37423.829612025984,128004.8387592388,135.98280062282623
2,Shahab_3,29.0,-0.526,-6.146,-0.526,-6.146,0.90731,1.01664,67.028,339.569,6.169,265.108,57909.392,257.531,0.783361,-2647.6157666185227,8942.78471284963,4710.599193618556,-211.77144412719088,723.6011271107666,237.9315394873794,-9.406210933137467,32.35850449694136,0.7877891040599333,17.514579724914704,106.31281299791712,2.3232605379510987,244822.5957242717,0.7833606718239241,10395.49,81778.56149371676,-37423.829612025984,128004.8387592388,135.98280062282623
2,Shahab_3,30.0,-0.526,-6.146,-0.526,-6.146,0.90731,1.01664,67.028,339.569,6.169,265.108,56293.705,255.982,0.766112,-2864.0998954996207,9682.605344569853,4948.858863099448,-221.2083582037353,756.0801285734625,238.52010199521285,-9.472969346879028,32.588891690211526,0.41419092038119604,16.845091106843782,106.30803180174992,2.418727684285259,259513.52552734799,0.7661117869159868,10221.21,86685.80096949542,-37423.829612025984,128004.8387592388,135.98280062282623
2,Shahab_3,31.0,-0.526,-6.146,-0.526,-6.146,0.90731,1.01664,67.028,339.569,6.169,265.108,54720.415,254.431,0.749241,-3090.054257273738,10455.015670986006,5187.53090882444,-230.71079086148885,788.7785672440353,238.75982618768393,-9.535903568221032,32.807342755224845,0.060557180842404315,16.199813738776516,106.30373361764845,2.51485995461478,274374.17979226186,0.7492413296303309,10046.93,91649.73383298333,-37423.829612025984,128004.8387592388,135.98280062282623
2,Shahab_3,32.0,-0.526,-6.146,-0.526,-6.146,0.90731,1.01664,67.028,339.569,6.169,265.108,53190.673,252.879,0.732765,-3325.5427860606796,11260.231419978529,5426.269969693008,-240.27614588722125,821.6888033539241,238.6585074666539,-9.59662261554446,33.016186731918324,-0.27842207102996563,15.577114424050887,106.29984099334678,2.611643753513764,289391.9991705569,0.7327650479322999,9872.65,96666.16486091264,-37423.829612025984,128004.8387592388,135.98280062282623
2,Shahab_3,33.0,-0.526,-6.146,-0.526,-6.146,0.90731,1.01664,67.028,339.569,6.169,265.108,51705.347,251.329,0.716696,-3570.627095092359,12098.460506996264,5664.739942764273,-249.90191815889804,854.8035437020427,238.22479884650565,-9.655678507237555,33.219137175837695,-0.6133444983960088,14.975597121272086,106.29628697548044,2.709066695120678,304556.7812956684,0.7166959942983532,9698.36,101731.68613720022,-37423.829612025984,128004.8387592388,135.98280062282623
2,Shahab_3,34.0,-0.526,-6.146,-0.526,-6.146,0.90731,1.01664,67.028,339.569,6.169,265.108,50265.065,249.783,0.701045,-3825.3667448417245,12969.904016995672,5902.612563630722,-259.58636609826357,888.1156971647058,237.46858705649913,-9.712053518510457,33.413906553238974,-0.932710165651184,14.394088379380849,106.29305583947142,2.8071178865820747,319860.78105778946,0.7010448252651829,9524.08,106843.71054795342,-37423.829612025984,128004.8387592388,135.98280062282623
2,Shahab_3,35.0,-0.526,-6.146,-0.526,-6.146,0.90731,1.01664,67.028,339.569,6.169,265.108,48870.224,248.243,0.68582,-4089.819298713165,13874.756629859234,6139.568301744567,-269.32767208223385,921.6196623084061,236.39651131515004,-9.766899004377088,33.60038026732165,-1.2344048923693403,13.831338735456658,106.2901043171754,2.9057874671584574,335298.5692228262,0.6858199355251166,9349.8,112000.42455568857,-37423.829612025984,128004.8387592388,135.98280062282623
2,Shahab_3,36.0,-0.526,-6.146,-0.526,-6.146,0.90731,1.01664,67.028,339.569,6.169,265.108,47521.021,246.711,0.671028,-4364.040600489109,14813.207199759963,6375.295800483772,-279.12433570026803,955.3102391775407,235.01474802983134,-9.823235568414159,33.780854022303,-1.5284021869586224,13.286203193701839,106.28740582635537,3.005066311052746,350866.94883792545,0.6710276844896289,9175.52,117200.76027610876,-37423.829612025984,128004.8387592388,135.98280062282623
2,Shahab_3,37.0,-0.526,-6.146,-0.526,-6.146,0.90731,1.01664,67.028,339.569,6.169,265.108,46217.477,245.188,0.656673,-4648.085148046557,15785.439330842439,6609.490814610828,-288.97391028987073,989.1820792326059,233.33264395270865,-9.876740149601392,33.95616440660781,-1.81164012903383,12.757830602721137,106.28488886559091,3.1049459110742226,366564.9221068665,0.6566726412547237,9001.24,122444.38441342748,-37423.829612025984,128004.8387592388,135.98280062282623
2,Shahab_3,38.0,-0.526,-6.146,-0.526,-6.146,0.90731,1.01664,67.028,339.569,6.169,265.108,44959.456,243.678,0.642758,-4942.005421565287,16791.631705007014,6841.856816438336,-298.8754487230279,1023.2304927983272,231.3560023411013,-9.928633343845163,34.12781074595852,-2.0910560793838764,12.245259619881956,106.28255855865117,3.2054179516195256,382393.52506399225,0.6427577143641201,8826.95,127731.64303618461,-37423.829612025984,128004.8387592388,135.98280062282623
2,Shahab_3,39.0,-0.526,-6.146,-0.526,-6.146,0.90731,1.01664,67.028,339.569,6.169,265.108,43746.685,242.181,0.629284,-5245.852727877186,17831.958338906505,7072.103875847952,-308.8275496831733,1057.4507953557847,229.09198673470547,-9.978782958155383,34.2968645172221,-2.3714618073695317,11.747694333520297,106.28039639188444,3.306474341064618,398355.82067672233,0.6292843789277563,8652.67,133063.55927326548,-37423.829612025984,128004.8387592388,135.98280062282623
2,Shahab_3,40.0,-0.526,-6.146,-0.526,-6.146,0.90731,1.01664,67.028,339.569,6.169,265.108,42578.778,240.7,0.616253,-5559.6769703465825,18906.58880979152,7299.94822360612,-318.8288902821335,1091.8382858393782,226.54782973655108,-10.027235024830512,34.46263754979209,-2.6506949134762263,11.264417836905112,106.27838999428658,3.4081066577739847,414456.7312069634,0.6162528481998347,8478.39,138441.77731726124,-37423.829612025984,128004.8387592388,135.98280062282623
2,Shahab_3,41.0,-0.526,-6.146,-0.526,-6.146,0.90731,1.01664,67.028,339.569,6.169,265.108,41455.246,239.237,0.603662,-5883.526632751242,20015.68832038608,7525.111822202598,-328.87810587210754,1126.3884995810738,223.72954515590538,-10.074638627028792,34.62302548988712,-2.920607965082977,10.794719540028309,106.27652313532631,3.5103060353645783,430702.9739312856,0.6036622337962856,8304.11,143868.5409529558,-37423.829612025984,128004.8387592388,135.98280062282623
2,Shahab_3,42.0,-0.526,-6.146,-0.526,-6.146,0.90731,1.01664,67.028,339.569,6.169,265.108,40375.514,237.792,0.591511,-6217.448924364975,21159.417319868564,7747.323402326147,-338.9738093323505,1161.0967761215395,220.64319915857232,-10.120273372038636,34.779766584166644,-3.189720756254961,10.337957112447407,106.27478294102343,3.6130627959774504,447102.8781329954,0.5915106160359903,8129.83,149346.63242683696,-37423.829612025984,128004.8387592388,135.98280062282623
2,Shahab_3,43.0,-0.526,-6.146,-0.526,-6.146,0.90731,1.01664,67.028,339.569,6.169,265.108,39338.939,236.369,0.579795,-6561.489546149574,22337.931754342324,7966.316340086196,-349.1146061480255,1195.9581298641915,217.29494870266197,-10.16483841881942,34.929863252546774,-3.4454365594281993,9.893550482932811,106.2731617628403,3.716366108668358,463666.3310463809,0.5797952814607196,7955.54,154879.35439074878,-37423.829612025984,128004.8387592388,135.98280062282623
2,Shahab_3,44.0,-0.526,-6.146,-0.526,-6.146,0.90731,1.01664,67.028,339.569,6.169,265.108,38344.819,234.968,0.568513,-6915.692716853551,23551.382468242995,8181.8297178498815,-359.2989130634622,1230.967521304102,213.68942463899342,-10.207713771552639,35.07485561173613,-3.6972922803587904,9.46090211120358,106.27164528004708,3.820203799137621,480404.6402599101,0.5685127732742488,7781.26,160470.4839401678,-37423.829612025984,128004.8387592388,135.98280062282623
2,Shahab_3,45.0,-0.526,-6.146,-0.526,-6.146,0.90731,1.01664,67.028,339.569,6.169,265.108,37392.407,233.592,0.557659,-7280.101035593664,24799.91490932935,8393.60760059273,-369.52497617672145,1266.1195016491968,209.83055664866015,-10.247600792572587,35.2174424586242,-3.9631935362054995,9.039436910742822,106.27021851854556,3.9245619185425475,497330.4087150497,0.5576590327531941,7606.98,166124.23085981872,-37423.829612025984,128004.8387592388,135.98280062282623
2,Shahab_3,46.0,-0.526,-6.146,-0.526,-6.146,0.90731,1.01664,67.028,339.569,6.169,265.108,36480.924,232.241,0.54723,-7654.755278437717,26083.668769429732,8601.39787102079,-379.79075772432367,1301.4083382878628,205.72010141971185,-10.285196172170387,35.353867118356156,-4.228592744107167,8.628538133136654,106.26885987831466,4.0294244141239455,514457.4625364462,0.5472295511383622,7432.7,171845.21351665122,-37423.829612025984,128004.8387592388,135.98280062282623
2,Shahab_3,47.0,-0.526,-6.146,-0.526,-6.146,0.90731,1.01664,67.028,339.569,6.169,265.108,35609.565,230.918,0.537219,-8039.694262422879,27402.77705014201,8804.953133847961,-390.0941515838242,1336.827021314243,201.3622024622313,-10.32004594017475,35.48402199657688,-4.4975759490486995,8.227741654295624,106.2675619900242,4.134772659320109,531800.6549982438,0.53721940757097,7258.42,177638.39337833284,-37423.829612025984,128004.8387592388,135.98280062282623
2,Shahab_3,48.0,-0.526,-6.146,-0.526,-6.146,0.90731,1.01664,67.028,339.569,6.169,265.108,34777.512,229.624,0.527623,-8434.954580597983,28757.365466396794,9004.029652607967,-400.4327474468775,1372.3678106538994,196.7598649671209,-10.352674176816505,35.60484277655231,-4.7592114936063075,7.836575607344304,106.26631467543791,4.240585110434783,549375.7933584398,0.5276234007831567,7084.14,183509.05057358855,-37423.829612025984,128004.8387592388,135.98280062282623
2,Shahab_3,49.0,-0.526,-6.146,-0.526,-6.146,0.90731,1.01664,67.028,339.569,6.169,265.108,33983.941,228.36,0.518436,-8840.570320101002,30147.551315050983,9198.387548948582,-410.80397926642496,1408.021717482604,191.917530755145,-10.383947238836138,35.71293776409285,-4.997790648061923,7.45466213524523,106.2651165498421,4.346837061413622,567199.5380501854,0.5184361102208939,6909.85,189462.75021887713,-37423.829612025984,128004.8387592388,135.98280062282623
2,Shahab_3,50.0,-0.526,-6.146,-0.526,-6.146,0.90731,1.01664,67.028,339.569,6.169,265.108,33228.028,227.129,0.509652,-9256.572783322677,31573.44259447795,9387.790129021692,-421.2051433769453,1443.7780293449248,186.84246325622755,-10.41528669760652,35.803694965287924,-5.188953697817412,7.081759751459641,106.26397966871016,4.453499678781151,585289.1597585109,0.50965199358512,6735.57,195505.2612742638,-37423.829612025984,128004.8387592388,135.98280062282623
2,Shahab_3,51.0,-0.526,-6.146,-0.526,-6.146,0.90731,1.01664,67.028,339.569,6.169,265.108,32508.95,225.932,0.501265,-9682.990176531408,33035.136378795745,9572.005222099688,-431.6332709417692,1479.6246307588983,181.5432685723044,-10.44309491140328,35.88254040659569,-5.3754595005142525,6.717691104630251,106.2629200084077,4.560540014505265,603662.446745334,0.5012653856544331,6561.29,201642.5255870147,-37423.829612025984,128004.8387592388,135.98280062282623
2,Shahab_3,52.0,-0.526,-6.146,-0.526,-6.146,0.90731,1.01664,67.028,339.569,6.169,265.108,31825.9,224.77,0.493271,-10119.84711603263,34532.71748713063,9750.804203815613,-442.0842821710038,1515.549130546325,176.01971214430392,-10.461605839490215,35.957478899447004,-5.625745708984817,6.361966391358435,106.26191606939427,4.667920044867166,622337.4741979868,0.49327060218784946,6387.01,207880.58084664287,-37423.829612025984,128004.8387592388,135.98280062282623
2,Shahab_3,53.0,-0.526,-6.146,-0.526,-6.146,0.90731,1.01664,67.028,339.569,6.169,265.108,31178.09,223.644,0.485662,-10567.164059597895,36066.257189676486,9923.95992522695,-452.5525749267484,1551.5389608156415,170.2586722946085,-10.471371712686677,36.023757350613366,-5.928927762360045,6.013675746126902,106.26089823457235,4.775596172758101,641332.5630956244,0.485662082674987,6212.73,214225.54684497564,-37423.829612025984,128004.8387592388,135.98280062282623
2,Shahab_3,54.0,-0.526,-6.146,-0.526,-6.146,0.90731,1.01664,67.028,339.569,6.169,265.108,30564.769,222.557,0.478434,-11024.956612945434,37635.81137173374,10091.245225378205,-463.03402280471704,1587.576133851365,164.2715892472628,-10.490181679632927,36.04871899624635,-6.052539871855839,5.67283372708961,106.25990482214353,4.883518951124105,660666.2819526193,0.47843449565392643,6038.44,220683.62605850404,-37423.829612025984,128004.8387592388,135.98280062282623
2,Shahab_3,55.0,-0.526,-6.146,-0.526,-6.146,0.90731,1.01664,67.028,339.569,6.169,265.108,29985.184,221.509,0.471582,-11493.235731399976,39241.41717237943,10252.442701737047,-473.5251204072065,1623.638358849168,158.08803461274206,-10.490345177890747,36.072854417108,-6.320859299841303,5.340059483597445,106.25903171504733,4.991631579555627,680356.4436560298,0.47158236116312097,5864.16,227260.76856007724,-37423.829612025984,128004.8387592388,135.98280062282623
2,Shahab_3,56.0,-0.526,-6.146,-0.526,-6.146,0.90731,1.01664,67.028,339.569,6.169,265.108,29438.641,220.502,0.465101,-11972.005892838684,40883.09244317734,10407.330959110888,-484.0152784057738,1659.7107594271513,151.65692442354242,-10.492397761592526,36.06297551779573,-6.498442431127216,5.013235871037076,106.25807223564551,5.099869653547645,700420.8015857852,0.46510068661812476,5689.88,233962.9045452639,-37423.829612025984,128004.8387592388,135.98280062282623
2,Shahab_3,57.0,-0.526,-6.146,-0.526,-6.146,0.90731,1.01664,67.028,339.569,6.169,265.108,28924.462,219.538,0.458985,-12461.265274796566,42560.83170642782,10555.695022991242,-494.50145560311336,1695.7632395688263,145.0306188566689,-10.478111789128002,36.03802867236831,-6.761492612069868,4.693771044678482,106.2572104958816,5.208160523848797,720876.2203352404,0.45898455778821096,5515.6,240795.66732654753,-37423.829612025984,128004.8387592388,135.98280062282623
2,Shahab_3,58.0,-0.526,-6.146,-0.526,-6.146,0.90731,1.01664,67.028,339.569,6.169,265.108,28442.022,218.617,0.453229,-12961.00421495545,44274.60414027045,10697.319335692555,-504.973734096198,1731.7714452951163,138.1849877429331,-10.464545982909602,35.972860925801186,-6.9210454835962345,4.380516485374039,106.25635448513559,5.31642150849472,741738.5586880482,0.453229469909405,5341.32,247764.35424386655,-37423.829612025984,128004.8387592388,135.98280062282623
2,Shahab_3,59.0,-0.526,-6.146,-0.526,-6.146,0.90731,1.01664,67.028,339.569,6.169,265.108,27990.722,217.742,0.447831,-13471.204867776236,46024.349570434664,10831.993875931428,-515.4227864345235,1767.704375172037,131.12525489607432,-10.436105641573437,35.88391623780256,-7.17188243993451,4.073319261550852,106.25549518155763,5.424559458201719,763022.088281721,0.4478311101635403,5167.03,254873.73247968825,-37423.829612025984,128004.8387592388,135.98280062282623
2,Shahab_3,60.0,-0.526,-6.146,-0.526,-6.146,0.90731,1.01664,67.028,339.569,6.169,265.108,27570.017,216.913,0.442786,-13991.83966663114,47809.975362062316,10959.508519592287,-525.8398894960804,1803.5262325623676,123.86586779158549,-10.392650419264701,35.75925790531713,-7.418151797812346,3.7723075680741656,106.25468285305202,5.532469728764313,784739.4839947857,0.4427856212147399,4992.75,262128.03584801155,-37423.829612025984,128004.8387592388,135.98280062282623
2,Shahab_3,61.0,-0.526,-6.146,-0.526,-6.146,0.90731,1.01664,67.028,339.569,6.169,265.108,27179.402,216.65,0.437042,-14522.873107150326,49631.36176883538,11079.65714550285,-536.2251331217296,1839.241581358623,116.40030858852931,-10.3779565721299,35.716174930274924,-7.625181838947974,3.4768796469947416,106.25387898474551,5.640164005472407,805009.5237244156,0.43704247861028156,4818.47,268898.8761195383,-37423.829612025984,128004.8387592388,135.98280062282623
2,Shahab_3,62.0,-0.526,-6.146,-0.526,-6.146,0.90731,1.01664,67.028,339.569,6.169,265.108,26818.399,216.65,0.431238,-15064.289220228175,51488.45635598423,11192.242789358108,-546.6050829219668,1874.9436311806012,108.73487379731638,-10.375938021874148,35.6856489948475,-7.78456421439226,3.1867070512677955,106.25306583288744,5.747928125161805,824960.5202471652,0.43123758469557694,4644.19,275563.14577638876,-37423.829612025984,128004.8387592388,135.98280062282623
2,Shahab_3,63.0,-0.526,-6.146,-0.526,-6.146,0.90731,1.01664,67.028,339.569,6.169,265.108,26486.573,216.65,0.425902,-15616.079031741645,53381.23077942982,11297.074050957495,-556.9705401162171,1910.592244654491,100.89417383450062,-10.35655755680819,35.5990911427586,-7.85466945396197,2.9022693746252504,106.25231305196401,5.855645683618397,845576.6956851565,0.4259018455529675,4469.91,282449.60642285546,-37423.829612025984,128004.8387592388,135.98280062282623
2,Shahab_3,64.0,-0.526,-6.146,-0.526,-6.146,0.90731,1.01664,67.028,339.569,6.169,265.108,26183.539,216.65,0.421029,-16178.21874396567,55309.605632001614,11393.962752513398,-567.3019642474779,1946.1346620946147,92.85086268176937,-10.301492588416107,35.476472295069385,-8.262167512546272,2.6225435443018568,106.25150436015863,5.963147827814835,866876.3638724455,0.421029094150203,4295.62,289564.37546407466,-37423.829612025984,128004.8387592388,135.98280062282623
2,Shahab_3,65.0,-0.526,-6.146,-0.526,-6.146,0.90731,1.01664,67.028,339.569,6.169,265.108,25908.99,216.65,0.416614,-16750.66707241447,57273.44263901046,11482.717254124178,-577.5848437456655,1981.5045970861258,84.63537313758064,-10.24071856727275,35.265234887240176,-8.343018103904374,2.348163314967674,106.2507708242424,6.070240239897724,888873.3957554568,0.41661437087829034,4121.34,296912.08623890055,-37423.829612025984,128004.8387592388,135.98280062282623
2,Shahab_3,66.0,-0.526,-6.146,-0.526,-6.146,0.90731,1.01664,67.028,339.569,6.169,265.108,25662.664,216.65,0.412653,-17333.363135585627,59272.535019522635,11563.152365192745,-587.7944321785178,2016.6322748970067,76.21883946324684,-10.152889762697738,34.98732014414647,-8.61787351345251,2.0780766448441734,106.24999285011168,6.176702353841623,911575.7026604471,0.4126534597847901,3947.06,304495.3813828256,-37423.829612025984,128004.8387592388,135.98280062282623
2,Shahab_3,67.0,-0.526,-6.146,-0.526,-6.146,0.90731,1.01664,67.028,339.569,6.169,265.108,25444.368,216.65,0.409143,-17926.22349332493,61306.599161554805,11635.082185580659,-597.9079366819255,2051.434214869563,67.60927943988526,-10.066880025848722,34.60398238681557,-8.653831854442178,1.8122662680491575,106.24921204169583,6.282281628652669,934983.9030119707,0.409143285627649,3772.78,312314.4674693903,-37423.829612025984,128004.8387592388,135.98280062282623
2,Shahab_3,68.0,-0.526,-6.146,-0.526,-6.146,0.90731,1.01664,67.028,339.569,6.169,265.108,25253.97,216.65,0.406082,-18529.13913097735,63375.26290563405,11698.325249734622,-607.8993346836188,2085.815791944577,58.834221014690925,-9.924655111788573,34.13701203019127,-8.887461310421287,1.551199773994239,106.24846755285536,6.386692605445393,959089.971538078,0.4060817010820458,3598.5,320366.663801604,-37423.829612025984,128004.8387592388,135.98280062282623
2,Shahab_3,69.0,-0.526,-6.146,-0.526,-6.146,0.90731,1.01664,67.028,339.569,6.169,265.108,25091.402,216.65,0.403468,-19141.972037784068,65478.05483368003,11752.702917583629,-617.7376577026531,2119.670883508729,49.890241593777176,-9.734210042055203,33.56026256440777,-9.148342963267693,1.294477915898267,106.24775615077871,6.489609906181571,983874.6362191325,0.40346761256170927,3424.22,328645.5329097621,-37423.829612025984,128004.8387592388,135.98280062282623
2,Shahab_3,70.0,-0.526,-6.146,-0.526,-6.146,0.90731,1.01664,67.028,339.569,6.169,265.108,24956.659,216.65,0.401301,-19764.551087073753,67614.38976113562,11798.040791577137,-627.3858202261152,2152.8778228196265,40.76458862495642,8.750346417415495,-30.17690826955051,-10.302429914102857,1.0414509331524784,106.24703577781732,6.590659103216203,1009303.5479115408,0.4013009612530168,3249.93,337139.60108351015,-37423.829612025984,128004.8387592388,135.98280062282623
2,Shahab_3,71.0,-0.526,-6.146,-0.526,-6.146,0.90731,1.01664,67.028,339.569,6.169,265.108,24853.119,216.65,0.399636,-20377.859753884994,69718.77521860834,11833.046330382114,-599.6689837276198,2057.4001551189212,29.34886906063213,26.454224757343177,-91.06594946544125,-11.270335604776717,0.7846253797009876,106.24978246524982,6.298008989148211,917836.0405977251,0.39963604491889976,3249.93,306586.53407835425,-37423.829612025984,128004.8387592388,135.98280062282623
2,Shahab_3,72.0,-0.526,-6.146,-0.526,-6.146,0.90731,1.01664,67.028,339.569,6.169,265.108,24782.739,216.65,0.398504,-20964.699274780694,71731.98169336171,11856.924183720448,-574.3851070164698,1970.3066485250374,18.491449302256367,24.17337954521039,-83.31051437839598,-10.520427242095472,0.516221730297245,106.25249503365333,6.031165246941366,839323.5648645619,0.3985043426418473,3249.93,280360.86113434384,-37423.829612025984,128004.8387592388,135.98280062282623
2,Shahab_3,73.0,-0.526,-6.146,-0.526,-6.146,0.90731,1.01664,67.028,339.569,6.169,265.108,24743.71,216.65,0.397877,-21527.328428375302,73661.79483568028,11870.194822774793,-551.1980372180844,1890.4391257836137,8.124876659764716,22.2241381009647,-76.59019477478287,-10.038720538002195,0.2364049668355953,106.25517566632523,5.786581782503642,771412.4906304937,0.39787676045768944,3249.93,257676.3946784377,-37423.829612025984,128004.8387592388,135.98280062282623
2,Shahab_3,74.0,-0.526,-6.146,-0.526,-6.146,0.90731,1.01664,67.028,339.569,6.169,265.108,24734.546,216.65,0.397729,-22067.70109921282,75514.94968140755,11873.313892959766,-529.830584488411,1816.8459008616107,-1.8186857838324872,20.52332681587483,-70.73523131637214,-9.628239680977456,-0.05506030721182135,106.25779813123357,5.561344413802643,712264.306125891,0.39772939992173667,3249.93,237919.0130959018,-37423.829612025984,128004.8387592388,135.98280062282623
2,Shahab_3,75.0,-0.526,-6.146,-0.526,-6.146,0.90731,1.01664,67.028,339.569,6.169,265.108,24754.029,216.65,0.398043,-22587.519318207767,77297.31317655287,11866.684144232813,-510.05371927274985,1748.7364259914802,-11.384153947863048,19.0406925625596,-65.59948515639978,-9.347532648874227,-0.3580669536665898,106.26037365217411,5.3530343309047606,660425.160037248,0.39804268785007885,3249.93,220603.0836423707,-37423.829612025984,128004.8387592388,135.98280062282623
2,Shahab_3,76.0,-0.526,-6.146,-0.526,-6.146,0.90731,1.01664,67.028,339.569,6.169,265.108,24801.172,216.65,0.398801,-23088.27503489524,79014.02853619214,11850.663737510025,-491.6758416098956,1685.4486850048302,-20.608697311976723,17.735218804682567,-61.07072612578871,-9.089478820276641,-0.6725164698487588,106.26291909122752,5.159626580111569,614732.8347724256,0.39880074913890423,3249.93,205340.3885451071,-37423.829612025984,128004.8387592388,135.98280062282623
2,Shahab_3,77.0,-0.526,-6.146,-0.526,-6.146,0.90731,1.01664,67.028,339.569,6.169,265.108,24875.184,216.65,0.399991,-23571.283641956525,80669.6305345256,11825.574177614986,-474.5349935548376,1626.4240299827197,-29.52398835722134,16.581852658027866,-57.055868114994176,-8.865830783261329,-0.9983425304991854,106.26544195403746,4.979412573987678,574248.9154111237,0.39999085097179043,3249.93,191817.46726735236,-37423.829612025984,128004.8387592388,135.98280062282623
2,Shahab_3,78.0,-0.526,-6.146,-0.526,-6.146,0.90731,1.01664,67.028,339.569,6.169,265.108,24975.442,216.65,0.401603,-24037.71097155314,82268.13857774026,11791.706134717126,-458.4925614092544,1571.1876359493808,-38.16650242447546,15.526415963719115,-53.483410457711614,-8.447346691731498,-1.335833773534706,106.26791737263335,4.810940355338114,538208.7853895947,0.40160298742680167,3249.93,179778.913470927,-37423.829612025984,128004.8387592388,135.98280062282623
2,Shahab_3,79.0,-0.526,-6.146,-0.526,-6.146,0.90731,1.01664,67.028,339.569,6.169,265.108,25101.47,216.65,0.40363,-24488.59536650204,83813.13249118687,11749.324803136149,-443.4306236654176,1519.3331061678045,-46.557150950074146,14.608210355308799,-50.284530121849585,-8.289306305287573,-1.6849212814671193,106.27034560826077,4.652967950677247,505984.18500243075,0.4036295167443966,3249.93,169014.8683607277,-37423.829612025984,128004.8387592388,135.98280062282623
2,Shahab_3,80.0,-0.526,-6.146,-0.526,-6.146,0.90731,1.01664,67.028,339.569,6.169,265.108,25252.928,216.65,0.406065,-24924.865607589363,85307.81488420206,11698.67266780155,-429.24871003309045,1470.510461005529,-54.70981163802421,13.767931712762852,-47.41102111969455,-8.002494112227172,-2.0454018273267867,106.27276560828103,4.5044265783003175,477054.97302096646,0.40606494606909,3249.93,159351.58816393008,-37423.829612025984,128004.8387592388,135.98280062282623
2,Shahab_3,81.0,-0.526,-6.146,-0.526,-6.146,0.90731,1.01664,67.028,339.569,6.169,265.108,25429.589,216.65,0.408906,-25347.35605397165,86755.06267408923,11639.974194017414,-415.8576880046184,1424.4168806143318,-62.65021135775656,13.032736419849376,-44.820287176107996,-7.9199933421089455,-2.4176220998283355,106.27513423864279,4.364391366378365,450987.373019492,0.40890564298228893,3249.93,150644.17770858522,-37423.829612025984,128004.8387592388,135.98280062282623
2,Shahab_3,82.0,-0.526,-6.146,-0.526,-6.146,0.90731,1.01664,67.028,339.569,6.169,265.108,25631.337,216.65,0.41215,-25756.818919835725,88157.47008209002,11573.437032680828,-403.1811876594844,1380.7886798058105,-70.39270340896408,12.344082031345904,-42.47528715388754,-7.667290049214074,-2.801623741751119,106.27745619436536,4.23205785785095,427417.3172844509,0.4121497290552376,3249.93,142771.02675764426,-37423.829612025984,128004.8387592388,135.98280062282623
2,Shahab_3,83.0,-0.526,-6.146,-0.526,-6.146,0.90731,1.01664,67.028,339.569,6.169,265.108,25858.149,216.65,0.415797,-26153.93501843789,89517.38476544553,11499.256279782287,-391.153245877636,1339.3954250104355,-77.94297946393225,11.719713503242131,-40.34512641463269,-7.433597079846286,-3.197184409020046,106.279766599641,4.106722968347343,406037.2693657688,0.41579683727358696,3249.93,135629.40832048946,-37423.829612025984,128004.8387592388,135.98280062282623
2,Shahab_3,84.0,-0.526,-6.146,-0.526,-6.146,0.90731,1.01664,67.028,339.569,6.169,265.108,26110.092,216.65,0.419848,-26539.322407934756,90836.93827495088,11417.614976388933,-379.71474491483957,1300.0346819656515,-85.31458748739392,11.15390684010091,-38.40479737337994,-7.236029613178864,-3.6044618238412234,106.28205282360467,3.987769514583685,386586.0265647716,0.419848060798503,3249.93,129132.07235840338,-37423.829612025984,128004.8387592388,135.98280062282623
2,Shahab_3,85.0,-0.526,-6.146,-0.526,-6.146,0.90731,1.01664,67.028,339.569,6.169,265.108,26387.318,216.65,0.424306,-26913.54396670428,92118.07198563189,11328.686168251397,-368.81362051227916,1262.5278702893377,-92.5184152141676,10.642243067789673,-36.63308943218514,-7.0853327715644205,-4.023583499326362,106.28430588687084,3.874653435017578,368840.5260297142,0.42430583407303046,3249.93,123204.5087589333,-37423.829612025984,128004.8387592388,135.98280062282623
2,Shahab_3,86.0,-0.526,-6.146,-0.526,-6.146,0.90731,1.01664,67.028,339.569,6.169,265.108,26690.057,216.65,0.429174,-27277.113799611263,93362.55920612834,11232.634279749755,-358.4044385630223,1226.7169899516905,-99.5595674613321,10.170950521116595,-35.009008740383976,-6.914133790201395,-4.45448969041043,106.28654386860745,3.7668933103474598,352609.32867910416,0.42917385347867654,3249.93,117782.77075829367,-37423.829612025984,128004.8387592388,135.98280062282623
2,Shahab_3,87.0,-0.526,-6.146,-0.526,-6.146,0.90731,1.01664,67.028,339.569,6.169,265.108,27018.612,216.65,0.434457,-27630.502803942516,94572.02422341095,11129.616628947855,-348.44566726199633,1192.4613751837194,-106.45006332755563,9.741210348900347,-33.51939919561356,-6.784388617428684,-4.897481701344916,106.288736912128,3.6640615890823534,337727.3460355164,0.4344569954860389,3249.93,112811.71353554563,-37423.829612025984,128004.8387592388,135.98280062282623
2,Shahab_3,88.0,-0.526,-6.146,-0.526,-6.146,0.90731,1.01664,67.028,339.569,6.169,265.108,27373.36,216.65,0.440161,-27974.142416251438,95747.95535796127,11019.783447938331,-338.9016156100458,1159.6360558994866,-113.19162991274091,9.350161448927391,-32.14967838376853,-6.685552165948544,-5.352449652948096,106.29091005732305,3.5657776911875234,324051.6973897516,0.4401613155082307,3249.93,108243.61037319008,-37423.829612025984,128004.8387592388,135.98280062282623
2,Shahab_3,89.0,-0.526,-6.146,-0.526,-6.146,0.90731,1.01664,67.028,339.569,6.169,265.108,27754.743,217.279,0.445003,-28308.43550489406,96891.74241392926,10903.2806221213,-329.75025865790934,1128.1652442358316,-119.79341046448144,8.959687639882535,-30.797101306312832,-6.565911845385872,-5.819481947254991,106.29305925068005,3.471812492743125,310576.77324214857,0.44500259942460396,3249.93,103742.55560016987,-37423.829612025984,128004.8387592388,135.98280062282623
2,Shahab_3,90.0,-0.526,-6.146,-0.526,-6.146,0.90731,1.01664,67.028,339.569,6.169,265.108,28163.297,218.078,0.449897,-28633.770585245522,98004.72564844815,10780.240328055726,-320.9811013355615,1098.0126359893716,-126.26684908728909,8.593788500984502,-29.529375349140377,-6.452759516466233,-6.298600180483445,106.29518014367851,3.3820581549222024,297967.7463426508,0.44989711842561286,3249.93,99530.73814669503,-37423.829612025984,128004.8387592388,135.98280062282623
2,Shahab_3,91.0,-0.526,-6.146,-0.526,-6.146,0.90731,1.01664,67.028,339.569,6.169,265.108,28599.636,218.92,0.455111,-28950.51566019299,99088.17463134606,10650.787789795319,-312.56601617109027,1069.0812837824485,-132.61660704562271,8.249182927870246,-28.35219411621785,-6.303127400587155,-6.789836519589848,106.29727321234623,3.296220466244078,286315.0429584793,0.4551114487181902,3249.93,95638.3632723442,-37423.829612025984,128004.8387592388,135.98280062282623
2,Shahab_3,92.0,-0.526,-6.146,-0.526,-6.146,0.90731,1.01664,67.028,339.569,6.169,265.108,29064.444,219.802,0.460651,-29259.011591871407,100143.26530441624,10515.044324930355,-304.47880796416865,1041.2819518024817,-138.8488386360939,7.925298236889043,-27.25732697072121,-6.134865967213035,-7.293342031139892,106.29932361142038,3.2140293151609867,275528.1480563263,0.46065140840231716,3249.93,92035.19606683234,-37423.829612025984,128004.8387592388,135.98280062282623
2,Shahab_3,93.0,-0.526,-6.146,-0.526,-6.146,0.90731,1.01664,67.028,339.569,6.169,265.108,29558.468,220.725,0.466523,-29559.574676181437,101171.08890137287,10373.127793738546,-296.6962925245416,1014.5341474978251,-144.96530955319662,7.636820158960713,-26.246686969523083,-6.056195015318013,-7.809070522771335,106.3013394719835,3.135240339195111,265527.2312908085,0.4665234599323308,3249.93,88694.5706466871,-37423.829612025984,128004.8387592388,135.98280062282623
2,Shahab_3,94.0,-0.526,-6.146,-0.526,-6.146,0.90731,1.01664,67.028,339.569,6.169,265.108,30082.526,221.687,0.472735,-29852.498890869974,102172.65982123393,10225.152843165208,-289.1977364472295,988.7650310982242,-150.9658651299251,7.362589007440533,-25.302060792981038,-5.939825856518404,-8.33688533977647,106.30334204653421,3.0596318962174647,256241.66813079207,0.4727347098744217,3249.93,85592.89616423692,-37423.829612025984,128004.8387592388,135.98280062282623
2,Shahab_3,95.0,-0.526,-6.146,-0.526,-6.146,0.90731,1.01664,67.028,339.569,6.169,265.108,30637.504,222.687,0.479293,-30138.058017610645,103148.92274684788,10071.231804670075,-281.9629874827001,963.9075415708687,-156.85822603729252,7.108137119125366,-24.421923927131303,-5.834990361846706,-8.877104115961348,106.30529485461395,2.9870024807418147,247608.78472029974,0.47929288221649824,3249.93,82709.237551091,-37423.829612025984,128004.8387592388,135.98280062282623
2,Shahab_3,96.0,-0.526,-6.146,-0.526,-6.146,0.90731,1.01664,67.028,339.569,6.169,265.108,31224.354,223.725,0.486206,-30416.50745194036,104100.75888753815,9911.47508913297,-274.97557399453694,939.9018372375306,-162.63739362600137,6.871543538991985,-23.600339364692633,-5.736935835968439,-9.429350619352572,106.30724641613399,2.9171684439329177,239572.80043103383,0.4862063123942099,3249.93,80024.9622969294,-37423.829612025984,128004.8387592388,135.98280062282623
2,Shahab_3,97.0,-0.526,-6.146,-0.526,-6.146,0.90731,1.01664,67.028,339.569,6.169,265.108,31844.099,224.801,0.493484,-30688.085002597683,105028.9888749243,9745.990629553904,-268.21831168014035,916.6918073186617,-168.31202592975023,6.646942477124274,-22.8294185001333,-5.6213473279735044,-9.994042994763376,106.30914706108406,2.8499623520389448,232084.00516978334,0.49348398383993697,3249.93,77523.4656439172,-37423.829612025984,128004.8387592388,135.98280062282623
2,Shahab_3,98.0,-0.526,-6.146,-0.526,-6.146,0.90731,1.01664,67.028,339.569,6.169,265.108,32497.826,225.913,0.501135,-30953.015455025812,105934.38834921816,9574.88704284015,-261.67736469633405,894.2273212015485,-173.87788475888962,6.435226752820978,-22.10560428373303,-5.499008885272228,-10.570865772238982,106.31103696864989,2.785230191107397,225097.76041211493,0.5011354011501178,3249.93,75189.83690007123,-37423.829612025984,128004.8387592388,135.98280062282623
2,Shahab_3,99.0,-0.526,-6.146,-0.526,-6.146,0.90731,1.01664,67.028,339.569,6.169,265.108,33186.703,227.061,0.509171,-31211.505236500503,106817.66962108247,9398.26822329212,-255.33898173571342,872.4619376334423,-179.33824277660347,6.243903416969353,-21.43244628280479,-5.420171476467701,-11.159951142237446,106.31290081570435,2.7228320606211436,218574.32238816412,0.5091708435166468,3249.93,73010.80037767059,-37423.829612025984,128004.8387592388,135.98280062282623
2,Shahab_3,100.0,-0.526,-6.146,-0.526,-6.146,0.90731,1.01664,67.028,339.569,6.169,265.108,33911.951,228.244,0.517601,-31463.754629051695,107679.52381961339,9216.243057883077,-249.19057118084257,851.3524714579697,-184.69455699041964,6.053350834988091,-20.79162100774701,-5.284685211861903,-11.761347086434128,106.31473503307859,2.6626373717858347,212477.52778308262,0.517600938929407,3249.93,70974.27637525479,-37423.829612025984,128004.8387592388,135.98280062282623
2,Shahab_3,101.0,-0.526,-6.146,-0.526,-6.146,0.90731,1.01664,67.028,339.569,6.169,265.108,34674.88,229.462,0.526437,-31709.946059466594,108520.58039395322,9028.914863378843,-243.22121272856091,830.860511567491,-189.94405493413032,5.888846510911987,-20.197980783019567,-5.214230146812405,-12.374828125530343,106.31655359770525,2.6045276560522517,206775.168593723,0.5264371562037811,3249.93,69069.50639172147,-37423.829612025984,128004.8387592388,135.98280062282623
2,Shahab_3,102.0,-0.526,-6.146,-0.526,-6.146,0.90731,1.01664,67.028,339.569,6.169,265.108,35476.869,230.713,0.535692,-31950.2530231226,109341.43816311905,8836.388185987324,-237.41997498027,810.9490118589836,-195.09179042926826,5.715282979836618,-19.63031081621372,-5.080932502195614,-13.000688164060117,106.31834561002162,2.548393088685708,201438.0475486532,0.5356915102565223,3249.93,67286.7376064611,-37423.829612025984,128004.8387592388,135.98280062282623
2,Shahab_3,103.0,-0.526,-6.146,-0.526,-6.146,0.90731,1.01664,67.028,339.569,6.169,265.108,36319.372,231.998,0.545377,-32184.839064390104,110142.66130404214,8638.767745007199,-231.7777908579653,791.5859850552798,-200.13145134442627,5.572224680711475,-19.100518554470767,-4.998379738417287,-13.63846919130559,106.32012505100941,2.494132096695802,196439.72703899894,0.5453766210724041,3249.93,65617.13901424447,-37423.829612025984,128004.8387592388,135.98280062282623
2,Shahab_3,104.0,-0.526,-6.146,-0.526,-6.146,0.90731,1.01664,67.028,339.569,6.169,265.108,37203.927,233.315,0.555506,-32413.856867464427,110924.77682372367,8436.156839329311,-226.28517067577093,772.7393978520912,-205.06943628442866,5.4186946063773025,-18.59827311150493,-4.884902520090499,-14.288576674716417,106.32187973228142,2.4416511124992573,191756.33493429772,0.5555058059968749,3249.93,64052.73656151969,-37423.829612025984,128004.8387592388,135.98280062282623
2,Shahab_3,105.0,-0.526,-6.146,-0.526,-6.146,0.90731,1.01664,67.028,339.569,6.169,265.108,38132.141,234.664,0.566093,-32637.452702847226,111688.28923943234,8228.661031877333,-220.9343367035752,754.3817930868153,-209.90076245110228,5.2808684585716215,-18.122973930046207,-4.778556382256146,-14.950637130098203,106.3236226366131,2.3908627546389942,187366.05447379177,0.5660929104532719,3249.93,62586.24275382188,-37423.829612025984,128004.8387592388,135.98280062282623
2,Shahab_3,106.0,-0.526,-6.146,-0.526,-6.146,0.90731,1.01664,67.028,339.569,6.169,265.108,39105.694,236.043,0.577152,-32855.76678041983,112433.6822391544,8016.38799943698,-215.71759729398852,736.4864166397268,-214.62601455283675,5.152460496131591,-17.672758908164745,-4.67310298721914,-15.624664731474489,106.32535977949749,2.341685438660731,183248.93416457847,0.5771523177518608,3249.93,61210.99315568746,-37423.829612025984,128004.8387592388,135.98280062282623
2,Shahab_3,107.0,-0.526,-6.146,-0.526,-6.146,0.90731,1.01664,67.028,339.569,6.169,265.108,40126.356,237.454,0.588699,-33068.93003211737,113161.40749193617,7799.444273640795,-210.6276377684959,719.0286645304237,-219.2452362109337,5.0286366737501655,-17.24627606454122,-4.565786087497699,-16.310638822078918,106.32707950579832,2.2940434463194386,179386.8363983967,0.5886991260322388,3249.93,59920.92922702072,-37423.829612025984,128004.8387592388,135.98280062282623
2,Shahab_3,108.0,-0.526,-6.146,-0.526,-6.146,0.90731,1.01664,67.028,339.569,6.169,265.108,41195.964,238.893,0.600749,-33277.0694694914,113871.90309174488,7577.939989835297,-205.65785343677865,701.985351212455,-223.75715063310727,4.911274121282689,-16.84153722769151,-4.458040054759196,-17.00845306276048,106.32879142592377,2.24786442907941,175762.8644471254,0.6007489069972556,3249.93,58710.40692130055,-37423.829612025984,128004.8387592388,135.98280062282623
2,Shahab_3,109.0,-0.526,-6.146,-0.526,-6.146,0.90731,1.01664,67.028,339.569,6.169,265.108,42316.478,240.362,0.613318,-33480.29744155396,114565.55647860894,7351.978758332511,-200.8024524584225,685.3364597688158,-228.16089025590347,4.799742344611042,-16.456988064594647,-4.3494170329549116,-17.717991750869146,106.33049748135322,2.2030855044421407,172362.3903666816,0.6133182670393912,3249.93,57574.54003829211,-37423.829612025984,128004.8387592388,135.98280062282623
2,Shahab_3,110.0,-0.526,-6.146,-0.526,-6.146,0.90731,1.01664,67.028,339.569,6.169,265.108,43489.969,241.859,0.626425,-33678.71640757668,115242.72092837593,7121.660162915999,-196.0562797667676,669.0641515885884,-232.45550725001954,4.693636859222672,-16.0912064593217,-4.239596027825559,-18.439106042327055,106.33219991300034,2.1596499718546127,169172.41636301027,0.626424758236706,3249.93,56508.98689990289,-37423.829612025984,128004.8387592388,135.98280062282623
2,Shahab_3,111.0,-0.526,-6.146,-0.526,-6.146,0.90731,1.01664,67.028,339.569,6.169,265.108,44718.508,243.384,0.640086,-33872.44228806028,115903.79606363109,6887.1028261715355,-191.41362275603782,653.1486503044271,-236.6397868389158,4.592557356444589,-15.742842493026034,-4.128747492460209,-19.171701910433818,106.3339022219588,2.1174951482729907,166179.24515984659,0.6400855625194941,3249.93,55509.17217865542,-37423.829612025984,128004.8387592388,135.98280062282623
2,Shahab_3,112.0,-0.526,-6.146,-0.526,-6.146,0.90731,1.01664,67.028,339.569,6.169,265.108,46004.302,244.935,0.654319,-34061.57578441223,116549.12894849165,6648.417385634457,-186.86966469975602,637.5732699022734,-240.71252110383293,4.496125104011475,-15.410575092832309,-4.016520913447181,-19.91563641099658,106.33560765596864,2.076567238581271,163371.1753924517,0.6543190055502068,3249.93,54571.187245229674,-37423.829612025984,128004.8387592388,135.98280062282623
2,Shahab_3,113.0,-0.526,-6.146,-0.526,-6.146,0.90731,1.01664,67.028,339.569,6.169,265.108,47349.647,246.513,0.669144,-34246.212800178306,117179.05002654753,6405.715515085757,-182.4199446547683,622.3225516518959,-244.67242133312712,4.404028236419437,-15.09333213995481,-3.903051511167832,-20.670750241815302,106.3373196274107,2.036815770685092,160737.43400808846,0.6691440653203492,3249.93,53691.433556145064,-37423.829612025984,128004.8387592388,135.98280062282623
2,Shahab_3,114.0,-0.526,-6.146,-0.526,-6.146,0.90731,1.01664,67.028,339.569,6.169,265.108,48756.93,248.116,0.68458,-34426.44545641421,117793.87661923021,6159.110707560862,-178.06029284337544,607.3820347559599,-248.5181336164717,4.315938949109963,-14.790005091754407,-3.788151359958427,-21.436872020431746,106.3390419272274,1.9981929148684523,158268.01153797153,0.6845803261387443,3249.93,52866.567629333884,-37423.829612025984,128004.8387592388,135.98280062282623
2,Shahab_3,115.0,-0.526,-6.146,-0.526,-6.146,0.90731,1.01664,67.028,339.569,6.169,265.108,50228.631,249.743,0.700648,-34602.36187929916,118393.91219089643,5908.717874420556,-173.78683980676647,592.7382950010501,-252.24823456927078,4.231583157049386,-14.499610957277893,-3.671807752109646,-22.213813795534442,106.34077854704566,1.9606535542631889,155953.6384962987,0.7006480006416702,3249.93,52093.49316066433,-37423.829612025984,128004.8387592388,135.98280062282623
2,Shahab_3,116.0,-0.526,-6.146,-0.526,-6.146,0.90731,1.01664,67.028,339.569,6.169,265.108,51767.324,251.395,0.717368,-34774.046449944755,118979.44720747921,5654.65335294724,-169.59599431739537,578.3788622351041,-255.86126477114408,4.150679446346138,-14.221241349518275,-3.5540132699520597,-23.00137294774216,106.342533864072,1.924155050132826,153785.7120282525,0.7173679262758385,3249.93,51369.33652203183,-37423.829612025984,128004.8387592388,135.98280062282623
2,Shahab_3,117.0,-0.526,-6.146,-0.526,-6.146,0.90731,1.01664,67.028,339.569,6.169,265.108,53375.677,253.069,0.734762,-34941.580089131836,119550.76011668208,5397.034968143953,-165.48442769793007,564.2921714625718,-259.3557111922292,4.0729832464536715,-13.953980817458554,-3.434629377935549,-23.79932928008002,106.34431253234801,1.8886570476617421,151756.2320006155,0.7347615558199174,3249.93,50691.42541358455,-37423.829612025984,128004.8387592388,135.98280062282623
2,Shahab_3,118.0,-0.526,-6.146,-0.526,-6.146,0.90731,1.01664,67.028,339.569,6.169,265.108,55056.452,254.766,0.752851,-35105.04051171251,120108.11822202097,5135.98206271685,-161.44905535796013,550.4674958981855,-262.7300461956505,3.998253809166934,-13.697071948541858,-3.313753239074389,-24.607447420518426,106.34611959758827,1.854121298030173,149857.74347773718,0.7528509470371338,3249.93,50057.269648860216,-37423.829612025984,128004.8387592388,135.98280062282623
2,Shahab_3,119.0,-0.526,-6.146,-0.526,-6.146,0.90731,1.01664,67.028,339.569,6.169,265.108,56812.508,256.484,0.771659,-35264.50246430679,120651.77850256562,4871.615532293214,-157.4870192029534,536.8948910209205,-265.9827021435385,3.926271258108716,-13.449715487294602,-3.1912925910760963,-25.42547395870146,106.34796039872488,1.8205114384418295,148083.27509860956,0.7716587488494987,3249.93,49464.540570762474,-37423.829612025984,128004.8387592388,135.98280062282623
2,Shahab_3,120.0,-0.526,-6.146,-0.526,-6.146,0.90731,1.01664,67.028,339.569,6.169,265.108,58646.797,258.224,0.791208,-35420.03794684563,121181.98837458975,4604.057837362478,-153.59567928011816,523.565160011269,-269.1121137444491,3.856826246890772,-13.211203253522125,-3.0672628965715183,-26.25313943692798,106.34984075269954,1.7877929165963258,146426.30346970767,0.7912081857412543,3249.93,48911.059157633,-37423.829612025984,128004.8387592388,135.98280062282623
2,Shahab_3,121.0,-0.526,-6.146,-0.526,-6.146,0.90731,1.01664,67.028,339.569,6.169,265.108,60562.366,259.983,0.811523,-35571.716419941586,121698.98640415305,4333.433007055214,-149.7725977624132,510.46980221022017,-272.1167112407592,3.789721642444139,-12.980856325605039,-2.941663486954314,-27.090157205739704,106.35176689055203,1.7559328099996043,144880.70283317412,0.811523039212864,3249.93,48394.77921081861,-37423.829612025984,128004.8387592388,135.98280062282623
2,Shahab_3,122.0,-0.526,-6.146,-0.526,-6.146,0.90731,1.01664,67.028,339.569,6.169,265.108,62562.355,261.761,0.832628,-35719.60500263754,122203.00298804819,4059.8666371749787,-146.0155275843139,497.6009737789317,-274.9949326242789,3.7247720320406095,-12.758036396658419,-2.8145094300561975,-27.936223553179417,106.35374549618122,1.7248997054256,143440.70625341524,0.8326276258749653,3249.93,47913.77438975552,-37423.829612025984,128004.8387592388,135.98280062282623
2,Shahab_3,123.0,-0.526,-6.146,-0.526,-6.146,0.90731,1.01664,67.028,339.569,6.169,265.108,64649.997,263.557,0.854547,-35863.768658052846,122694.26099299984,3783.4858767387245,-142.32240213973463,484.95145214075626,-277.74523532372604,3.6618021043690843,-12.542139824147068,-2.6858250186606067,-28.791017814558316,106.35578374511893,1.6946635912689707,142100.870622679,0.8545467723860707,3249.93,47466.226522715355,-37423.829612025984,128004.8387592388,135.98280062282623
2,Shahab_3,124.0,-0.526,-6.146,-0.526,-6.146,0.90731,1.01664,67.028,339.569,6.169,265.108,66828.614,265.371,0.877306,-36004.27036895373,123172.97636025088,3504.4194020731,-138.6913262491739,472.51460550492,-280.3661134062144,3.600651448264767,-12.332610930825664,-2.555673507397418,-29.65420289441029,106.35788932338976,1.6651957746181028,140856.0473225129,0.8773057871437152,3249.93,47050.41580679559,-37423.829612025984,128004.8387592388,135.98280062282623
2,Shahab_3,125.0,-0.526,-6.146,-0.526,-6.146,0.90731,1.01664,67.028,339.569,6.169,265.108,69101.618,267.202,0.90093,-36141.171304511205,123639.35868053611,3222.7973728534375,-135.1205646206045,460.28435239428114,-282.8560934310941,3.5411475802880505,-12.12886473147881,-2.4240182205398435,-30.525424603955244,106.36007049680539,1.6364687447142605,139701.34523963206,0.900930429066348,3249.93,46664.70845403904,-37423.829612025984,128004.8387592388,135.98280062282623
2,Shahab_3,126.0,-0.526,-6.146,-0.526,-6.146,0.90731,1.01664,67.028,339.569,6.169,265.108,71472.504,269.048,0.925447,-36274.53097425881,124093.61172253534,2938.7514149252397,-131.60853330919466,448.25513133685234,-285.21373236461864,3.483153484759984,-11.930421520209272,-2.2909815023271785,-31.404310837539192,106.36233619163819,1.6084560672657198,138632.09927660786,0.9254468695155678,3249.93,46307.54617299876,-37423.829612025984,128004.8387592388,135.98280062282623
2,Shahab_3,127.0,-0.526,-6.146,-0.526,-6.146,0.90731,1.01664,67.028,339.569,6.169,265.108,73944.852,270.909,0.950882,-36404.407378549666,124535.93395264918,2652.414546861028,-128.1537968878198,436.4218956837832,-287.4376887337779,3.426530583029512,-11.73680225810376,-2.156641283737409,-32.2904760155911,106.36469588456889,1.5811324582075361,137643.87140961527,0.9508816540505964,3249.93,45977.44652205937,-37423.829612025984,128004.8387592388,135.98280062282623
2,Shahab_3,128.0,-0.526,-6.146,-0.526,-6.146,0.90731,1.01664,67.028,339.569,6.169,265.108,76522.319,272.785,0.977262,-36530.857147010145,124966.51901138207,2363.921131046901,-124.75505046370226,424.78004462974593,-289.5266264255125,3.371133846610607,-11.547510691243552,-2.021023243970021,-33.183514314396355,106.36715991571167,1.5544734413152768,136732.38049202712,0.9772616571950155,3249.93,45672.97946159696,-37423.829612025984,128004.8387592388,135.98280062282623
2,Shahab_3,129.0,-0.526,-6.146,-0.526,-6.146,0.90731,1.01664,67.028,339.569,6.169,265.108,79208.637,274.673,1.004614,-36653.93568093492,125385.55620793786,2073.4067392458387,-121.41113386924916,413.3254862572266,-291.47944015625416,3.3168597300158544,-11.362182278747593,-1.8843301276328694,-34.08301424653643,106.36973900970177,1.5284558512335087,135893.58114313567,1.0046140399929688,3249.93,45392.79370533014,-37423.829612025984,128004.8387592388,135.98280062282623
2,Shahab_3,130.0,-0.526,-6.146,-0.526,-6.146,0.90731,1.01664,67.028,339.569,6.169,265.108,82007.608,276.573,1.032966,-36773.69727398184,125793.23093682667,1781.008069911476,-118.12099624284305,402.0544983960068,-293.2949970980127,3.263559112140015,-11.180311874827837,-1.746523245808763,-34.98854174623781,106.37244499256349,1.503057059545919,135123.51941985803,1.0329661982471365,3249.93,45135.56851006286,-37423.829612025984,128004.8387592388,135.98280062282623
2,Shahab_3,131.0,-0.526,-6.146,-0.526,-6.146,0.90731,1.01664,67.028,339.569,6.169,265.108,84923.099,278.485,1.062346,-36890.19523054366,126189.72508426674,1486.8628853818516,-114.88370882737586,390.9637835991933,-294.9723176882649,3.2111657338926465,-11.001651631558506,-1.6079373609766665,-35.89965143952804,106.3752904434364,1.4782553936194047,134418.39727476423,1.06234570346924,3249.93,44900.03520672317,-37423.829612025984,128004.8387592388,135.98280062282623
2,Shahab_3,132.0,-0.526,-6.146,-0.526,-6.146,0.90731,1.01664,67.028,339.569,6.169,265.108,87959.035,280.408,1.09278,-37003.481981889636,126575.21743266367,1191.1098492323435,-111.69845118962996,380.0504195493218,-296.5105382619215,3.159478708947202,-10.825542374806835,-1.4682764305374063,-36.815884630737166,106.37828885273035,1.4540299474728349,133774.53254495762,1.0927802483937132,3249.93,44684.963835372204,-37423.829612025984,128004.8387592388,135.98280062282623
2,Shahab_3,133.0,-0.526,-6.146,-0.526,-6.146,0.90731,1.01664,67.028,339.569,6.169,265.108,91119.392,282.34,1.124298,-37113.609183953864,126949.88399587852,893.8884697528657,-108.56451296176844,369.3118633911744,-297.90890725094744,3.108542688555643,-10.65208259784371,-1.3283239414240438,-37.736766783898375,106.38145475744068,1.430360580757792,133188.35131829517,1.1242975768515269,3249.93,44489.16059527803,-37423.829612025984,128004.8387592388,135.98280062282623
2,Shahab_3,134.0,-0.526,-6.146,-0.526,-6.146,0.90731,1.01664,67.028,339.569,6.169,265.108,94408.191,284.28,1.156925,-37220.62772416448,127313.89804959805,595.3388775679008,-105.48126745222123,358.7458617372991,-299.166755895145,3.058044894004378,-10.480268677835523,-1.1873075506691182,-38.66180963716111,106.38480383488638,1.4072276409231537,132656.33122287222,1.1569254257129644,3249.93,44311.4489017935,-37423.829612025984,128004.8387592388,135.98280062282623
2,Shahab_3,135.0,-0.526,-6.146,-0.526,-6.146,0.90731,1.01664,67.028,339.569,6.169,265.108,97829.496,286.229,1.190691,-37324.586470779665,127667.42584355256,295.60136295072806,-102.44821816733592,348.3506137004187,-300.2835723223354,3.0081239441909293,-10.310494770453442,-1.0463528056371745,-39.59050382894703,106.38835278255756,1.3846124830487025,132175.09707163525,1.190691491144295,3249.93,44150.70133470973,-37423.829612025984,128004.8387592388,135.98280062282623
2,Shahab_3,135.98,-0.526,-6.146,-0.526,-6.146,0.90731,1.01664,67.028,339.569,6.169,265.108,101325.0,288.15,1.225012,-37423.829612025984,128004.8387592388,9.158761709628094e-07,-99.51573116297726,338.2986887656559,-301.24380549885416,2.9594346836614442,-10.145011914586153,-0.9075945567898225,-40.50634622356438,106.3920525922252,1.3628731748297191,131748.3627051519,1.225012265882754,3249.93,44008.158435318845,-37423.829612025984,128004.8387592388,135.98280062282623
3,Shahab_3,1.0,-10.981,-6.733,-10.981,-6.733,0.95967,0.96956,72.694,321.403,12.881,211.514,101202.706,288.084,1.223814,-1.977584601582087,2.477393567972058,10.16861493641061,-4.0180677005596035,5.026759915654439,20.360699416266247,-5.804370495512307,7.039140259675546,19.701847185476566,72.4600613891598,128.63658580386831,0.0627489969161825,279.01211374191837,1.223814462713427,14577.25,98.57736269541479,-95395.79274166115,894929.071883922,360.7966459762183
3,Shahab_3,2.0,-10.981,-6.733,-10.981,-6.733,0.95967,0.96956,72.694,321.403,12.881,211.514,100839.702,287.887,1.220258,-8.899339531046513,11.081158191397783,40.424639969552786,-9.757774565836396,12.241522146947347,40.207924533593484,-5.438594908945896,7.473336051671601,20.01391607089875,68.72688551651521,128.55851301042526,0.1267938799852033,1135.905159666043,1.2202577825804464,14411.04,401.32499413830885,-95395.79274166115,894929.071883922,360.7966459762183
3,Shahab_3,3.0,-10.981,-6.733,-10.981,-6.733,0.95967,0.96956,72.694,321.403,12.881,211.514,100239.609,287.561,1.214374,-21.151603398835526,27.259670228484477,90.68139140139083,-14.466959275503111,20.37718352790843,60.3331665863737,-3.7598121804003175,9.05618694015822,20.16796517750106,67.50029561053256,125.3731795947658,0.19190128819497604,2589.4179765532376,1.214374043863842,14244.83,914.8634861095136,-95395.79274166115,894929.071883922,360.7966459762183
3,Shahab_3,4.0,-10.981,-6.733,-10.981,-6.733,0.95967,0.96956,72.694,321.403,12.881,211.514,99405.459,287.103,1.206187,-37.07760507285934,52.63525882820611,161.04207886982022,-16.94082126636299,30.910783206602225,80.28835981533625,-1.1264229093158704,12.261657487500699,19.561130775214977,66.29728642534776,118.7251817854188,0.2576701965210357,4636.99782221231,1.206186912741665,14078.62,1638.2909329911179,-95395.79274166115,894929.071883922,360.7966459762183
3,Shahab_3,5.0,-10.981,-6.733,-10.981,-6.733,0.95967,0.96956,72.694,321.403,12.881,211.514,98350.542,286.519,1.195819,-54.19482875961665,90.33748171507497,250.87484971626822,-16.984243187745303,45.14972158244737,99.1122043971264,0.6817111952141323,16.150537186904767,18.002032637246653,64.04749265987019,110.61509679348502,0.3239139127991076,7264.7121911468685,1.1958186055443578,13912.41,2566.684861600312,-95395.79274166115,894929.071883922,360.7966459762183
3,Shahab_3,6.0,-10.981,-6.733,-10.981,-6.733,0.95967,0.96956,72.694,321.403,12.881,211.514,97098.399,285.818,1.183491,-70.89809392084452,144.03642238278965,358.7617979600667,-16.62536131354674,62.601260729920256,116.50003843944552,-0.5148957505642668,18.235816712482084,17.0603614348548,60.92696459367424,104.87303291449355,0.3916987484015522,10513.88293285528,1.183490747094415,13746.2,3714.6446342752265,-95395.79274166115,894929.071883922,360.7966459762183
3,Shahab_3,7.0,-10.981,-6.733,-10.981,-6.733,0.95967,0.96956,72.694,321.403,12.881,211.514,95666.326,285.005,1.169363,-88.25350666137624,215.6935591086796,483.87051621662584,-18.530379483893945,80.55138779967307,133.8525220503053,-3.0685860432186187,17.35356613956822,17.823746784807554,58.304240900853905,102.9551696716275,0.46228691706178704,14469.929474670425,1.1693628868977282,13579.98,5112.349664219463,-95395.79274166115,894929.071883922,360.7966459762183
3,Shahab_3,8.0,-10.981,-6.733,-10.981,-6.733,0.95967,0.96956,72.694,321.403,12.881,211.514,94056.609,284.076,1.153445,-108.3338007407989,304.8186808179557,626.7540546351497,-21.4491058319786,97.75520061675505,151.95133266363638,-2.0471516046350087,17.737408651939802,18.000461512057242,56.629643179941006,102.3755269879746,0.5346716396103656,19092.608642346462,1.1534454782003039,13413.77,6745.581694274066,-95395.79274166115,894929.071883922,360.7966459762183
3,Shahab_3,9.0,-10.981,-6.733,-10.981,-6.733,0.95967,0.96956,72.694,321.403,12.881,211.514,92278.641,283.032,1.135818,-130.42256219630076,411.9444012239637,787.4422948676101,-22.500951808228905,116.99737228311926,169.13660432810943,-0.8118589998434316,20.573501127694254,16.39692238826158,54.83877200408087,100.88621519180538,0.6079521756850426,24307.562548714166,1.1358178129335736,13247.56,8588.069447846627,-95395.79274166115,894929.071883922,360.7966459762183
3,Shahab_3,10.0,-10.981,-6.733,-10.981,-6.733,0.95967,0.96956,72.694,321.403,12.881,211.514,90355.426,281.879,1.116694,-153.7171368400723,539.2663519926177,964.7812982581229,-24.492486177849635,137.52126004641528,185.66435040564662,-2.9722830145571835,20.00154951231991,17.016420742039287,53.043886230875614,100.09847306666911,0.6827590783564144,30141.367685371188,1.1166937497465543,13081.35,10649.202626395834,-95395.79274166115,894929.071883922,360.7966459762183
3,Shahab_3,11.0,-10.981,-6.733,-10.981,-6.733,0.95967,0.96956,72.694,321.403,12.881,211.514,88295.434,280.617,1.096143,-179.49198208853167,686.8610166667813,1158.9690134636376,-26.713416992417798,157.95834451691275,202.56512369781709,-1.2309609344172638,21.595265470404268,16.214849330604657,51.660831010531346,99.59885843627816,0.7589120414980856,36554.76272576273,1.0961429103514322,12915.14,12915.109867937472,-95395.79274166115,894929.071883922,360.7966459762183
3,Shahab_3,12.0,-10.981,-6.733,-10.981,-6.733,0.95967,0.96956,72.694,321.403,12.881,211.514,86115.168,279.248,1.074315,-206.9876687595143,855.8455214707686,1369.492915915301,-28.611451904533375,180.00883333366863,218.51310933558838,-2.8498199442354526,21.74360659790123,16.291973163563757,50.167480648186405,99.03131283333748,0.836179497971543,43493.514311664105,1.0743148226892745,12748.93,15366.630063829312,-95395.79274166115,894929.071883922,360.7966459762183
3,Shahab_3,13.0,-10.981,-6.733,-10.981,-6.733,0.95967,0.96956,72.694,321.403,12.881,211.514,83827.967,277.775,1.051328,-236.83876317871673,1046.808659577965,1596.1498507729118,-30.809980278249423,202.19867596437183,234.6328695204732,-1.5856396699320177,23.179584748835435,15.458676290047437,48.920911754236286,98.66379022552411,0.9146793706429865,50929.55184223951,1.0513278847668268,12582.72,17993.845631058353,-95395.79274166115,894929.071883922,360.7966459762183
3,Shahab_3,14.0,-10.981,-6.733,-10.981,-6.733,0.95967,0.96956,72.694,321.403,12.881,211.514,81449.405,276.2,1.027324,-268.721694377415,1260.6250282287185,1838.5165740297928,-33.17222429517341,225.35495947566375,250.20655234937448,-2.5421015735469306,23.040334228198667,15.822106265664829,47.68585926033831,98.37379714547637,0.9943038526231204,58808.4052384944,1.0273235776266108,12416.51,20777.511825512665,-95395.79274166115,894929.071883922,360.7966459762183
3,Shahab_3,15.0,-10.981,-6.733,-10.981,-6.733,0.95967,0.96956,72.694,321.403,12.881,211.514,78992.273,274.523,1.002416,-302.9454215600181,1497.7878843433891,2096.437943235081,-35.28166326335164,249.18833333518623,265.4828619568105,-2.5637109784313026,24.125794346453,15.117350365665414,46.52956032287082,98.05873410049293,1.0749785912146292,67072.05554164272,1.0024162157679142,12250.3,23697.130053540666,-95395.79274166115,894929.071883922,360.7966459762183
3,Shahab_3,16.0,-10.981,-6.733,-10.981,-6.733,0.95967,0.96956,72.694,321.403,12.881,211.514,76471.275,272.748,0.976741,-339.509279171915,1759.0304783518754,2369.5394537277043,-37.69795069426566,273.4573991717228,280.6286826210851,-2.087476554377694,24.901730225204112,14.708605127590449,45.47190823309785,97.84913702428912,1.1567443948478953,75674.21556674074,0.9767405492399053,12084.09,26736.34665738479,-95395.79274166115,894929.071883922,360.7966459762183
3,Shahab_3,17.0,-10.981,-6.733,-10.981,-6.733,0.95967,0.96956,72.694,321.403,12.881,211.514,73899.775,270.876,0.950419,-378.4322981315743,2044.947807709258,2657.548966948604,-40.20425136815501,298.3835667611453,295.43133203739006,-2.339534679722738,25.163116289350278,14.73571161294933,44.45745832593262,97.67382635093847,1.2395418207261464,84553.4661647326,0.9504190775783699,11917.87,29873.461727131744,-95395.79274166115,894929.071883922,360.7966459762183
3,Shahab_3,18.0,-10.981,-6.733,-10.981,-6.733,0.95967,0.96956,72.694,321.403,12.881,211.514,71290.438,268.909,0.923569,-419.80849261035263,2356.0803264171323,2960.2274562365965,-42.655561182734246,323.9387538438713,309.9089772311998,-2.7002876040806716,25.626048451103262,14.540768084535719,43.48606074527948,97.50142827616942,1.323339787554178,93649.57539884682,0.92356862257765,11751.66,33087.19480510769,-95395.79274166115,894929.071883922,360.7966459762183
3,Shahab_3,19.0,-10.981,-6.733,-10.981,-6.733,0.95967,0.96956,72.694,321.403,12.881,211.514,68655.67,266.847,0.896305,-463.71425933842926,2692.98113267965,3277.311984820458,-45.1490366232779,350.00042160273523,324.16721320561027,-2.680175564824892,26.319154773153183,14.125894279929549,42.569952960428445,97.3503974868471,1.4081400502722627,102906.1592270022,0.8963048884379382,11585.45,36357.62492769592,-95395.79274166115,894929.071883922,360.7966459762183
3,Shahab_3,20.0,-10.981,-6.733,-10.981,-6.733,0.95967,0.96956,72.694,321.403,12.881,211.514,66007.315,264.694,0.86874,-510.19241414265343,3056.195528678334,3608.539274236848,-47.75210548492062,376.54805404420375,338.21649251139104,-2.5468489070983553,26.92145434962067,13.807634672026754,41.703151727272264,97.22740989871568,1.4939427730562544,112266.8223798834,0.868739571933873,11419.24,39664.82716460203,-95395.79274166115,894929.071883922,360.7966459762183
3,Shahab_3,21.0,-10.981,-6.733,-10.981,-6.733,0.95967,0.96956,72.694,321.403,12.881,211.514,63356.423,262.451,0.840978,-559.2878734909973,3446.240682331062,3953.669002398893,-50.43150677148644,403.6109010242601,352.0240122568866,-2.572872199501989,27.369653442323145,13.64363410547996,40.874769338799965,97.1222409998084,1.5807449480146167,121675.21449815725,0.8409779577751161,11253.03,42988.892452611864,-95395.79274166115,894929.071883922,360.7966459762183
3,Shahab_3,22.0,-10.981,-6.733,-10.981,-6.733,0.95967,0.96956,72.694,321.403,12.881,211.514,60713.273,260.119,0.813119,-611.0573649600567,3863.614810260121,4312.4784731653235,-53.14657918959397,431.1919244160246,365.5881946235795,-2.716367686613419,27.790392592379295,13.50354173663363,40.0801803489753,97.02655476226549,1.6685508584244046,131077.15291824882,0.8131191691948775,11086.82,46310.67759393592,-95395.79274166115,894929.071883922,360.7966459762183
3,Shahab_3,23.0,-10.981,-6.733,-10.981,-6.733,0.95967,0.96956,72.694,321.403,12.881,211.514,58087.42,257.699,0.785257,-665.5592351798916,4308.809619213114,4684.75375316655,-55.89510497330316,459.27025774632125,378.9356075333872,-2.837404788402675,28.26438166004281,13.309312262383248,39.31879650386907,96.93900952033337,1.7573752695479985,140421.8067400399,0.7852566681248175,10920.61,49612.22359743978,-95395.79274166115,894929.071883922,360.7966459762183
3,Shahab_3,24.0,-10.981,-6.733,-10.981,-6.733,0.95967,0.96956,72.694,321.403,12.881,211.514,55487.68,255.193,0.757478,-722.84715372235,4782.314073856858,5070.289563575131,-58.69296725339437,487.829110917914,392.091675219746,-2.887306566821461,28.778357558755236,13.082435753782958,38.58962351997281,96.86054246035864,1.8472404647422502,149661.75293880413,0.7574780600154486,10754.4,52876.77550347,-95395.79274166115,894929.071883922,360.7966459762183
3,Shahab_3,25.0,-10.981,-6.733,-10.981,-6.733,0.95967,0.96956,72.694,321.403,12.881,211.514,52922.096,252.602,0.729865,-782.9715958145748,5284.614382369088,5468.8930032679555,-61.55012714641024,516.8651591203459,405.0707479584034,-2.900312890936525,29.291929361881664,12.871559886462133,37.89035336057928,96.79100330060838,1.9381742685475414,158752.9890631003,0.7298647035013999,10588.19,56088.7868701283,-95395.79274166115,894929.071883922,360.7966459762183
3,Shahab_3,26.0,-10.981,-6.733,-10.981,-6.733,0.95967,0.96956,72.694,321.403,12.881,211.514,50397.927,249.927,0.702492,-845.9829369027159,5816.1951536295655,5880.385884532807,-64.46612478405069,546.3833462164026,417.8818026178774,-2.920365625626312,29.787134429178344,12.69941428494271,37.218334237520345,96.72904661080234,2.0302100618259447,167655.1693715231,0.7024915336488233,10421.98,59234.00320240231,-95395.79274166115,894929.071883922,360.7966459762183
3,Shahab_3,27.0,-10.981,-6.733,-10.981,-6.733,0.95967,0.96956,72.694,321.403,12.881,211.514,47921.666,247.17,0.675427,-911.9328257507915,6377.542248465123,6304.6051312152495,-67.43647137784444,576.3907387912857,430.5351320892131,-2.9650863486622216,30.270118381287805,12.561423195873376,36.57133910116832,96.67314436005918,2.1233873704510935,176331.88230688006,0.6754270991204281,10255.76,62299.559986162036,-95395.79274166115,894929.071883922,360.7966459762183
3,Shahab_3,28.0,-10.981,-6.733,-10.981,-6.733,0.95967,0.96956,72.694,321.403,12.881,211.514,45499.054,244.331,0.648734,-980.8741707599961,6969.14602631086,6741.402638361812,-70.45808753222104,606.8944138062047,443.0445895252077,-3.0284773135609675,30.755747668081867,12.443235316267424,35.947695652915634,96.62217206475019,2.217752140293684,184750.81624441338,0.6487336854183414,10089.55,65274.041248422276,-95395.79274166115,894929.071883922,360.7966459762183
3,Shahab_3,29.0,-10.981,-6.733,-10.981,-6.733,0.95967,0.96956,72.694,321.403,12.881,211.514,43135.111,241.411,0.622467,-1052.8607606386847,7591.5043228341765,7190.645286316348,-73.53100139357748,637.9021214752242,455.4266845598233,-3.097334031012418,31.25504199381905,12.335357763447835,35.346097676429764,96.5754659884735,2.3133566921479107,192883.80435313325,0.622467467909533,9923.34,68147.49540723475,-95395.79274166115,894929.071883922,360.7966459762183
3,Shahab_3,30.0,-10.981,-6.733,-10.981,-6.733,0.95967,0.96956,72.694,321.403,12.881,211.514,40834.16,238.411,0.596679,-1127.947173665033,8245.124983131398,7652.215400845211,-76.65700960110195,669.4238642034699,467.6986379822241,-3.163018927405111,31.77296061303379,12.235448851043934,34.765375742304265,96.53259475720313,2.4102595600669248,200706.78197497228,0.596678675436803,9757.13,70911.4202133794,-95395.79274166115,894929.071883922,360.7966459762183
3,Shahab_3,31.0,-10.981,-6.733,-10.981,-6.733,0.95967,0.96956,72.694,321.403,12.881,211.514,38599.862,235.331,0.571412,-1206.188951226236,8930.528265647114,8126.011245509944,-79.8388613628337,701.4722904568149,479.87775909911704,-3.2234880624165236,32.30949445625415,12.14726641792361,34.20443405059669,96.49324202980023,2.508525264665929,208199.67959831574,0.5714117880761147,9590.92,73558.72493699852,-95395.79274166115,894929.071883922,360.7966459762183
3,Shahab_3,32.0,-10.981,-6.733,-10.981,-6.733,0.95967,0.96956,72.694,321.403,12.881,211.514,36435.244,232.172,0.546706,-1287.6429877765968,9648.249050877037,8611.94767829483,-83.07869548039872,734.0631064564975,491.98098171155004,-3.280187789999503,32.86493979774037,12.073834410992468,33.66221092255576,96.45706018849447,2.6082242993065514,215346.30436017006,0.5467057570401411,9424.71,76083.68850130095,-95395.79274166115,894929.071883922,360.7966459762183
3,Shahab_3,33.0,-10.981,-6.733,-10.981,-6.733,0.95967,0.96956,72.694,321.403,12.881,211.514,34342.738,228.935,0.522594,-1372.367837110953,10398.83923030142,9109.956513753958,-86.37879924814345,767.2144891548907,504.02539879176766,-3.335659581456107,33.43929345673952,12.018635564275195,33.13772401315847,96.42374020389157,2.7094329992643384,222134.17243688385,0.5225942654391866,9258.5,78481.90026477218,-95395.79274166115,894929.071883922,360.7966459762183
3,Shahab_3,34.0,-10.981,-6.733,-10.981,-6.733,0.95967,0.96956,72.694,321.403,12.881,211.514,32324.224,225.62,0.499106,-1460.423930039882,11182.86996348916,9619.986977477774,-89.74096229951809,800.947294379332,516.02804050825,-3.393655188187512,34.03409247752762,11.982754461135913,32.63004652922833,96.39295849644112,2.812233638689854,228554.350655827,0.49910600217842493,9092.29,80750.20406122803,-95395.79274166115,894929.071883922,360.7966459762183
3,Shahab_3,35.0,-10.981,-6.733,-10.981,-6.733,0.95967,0.96956,72.694,321.403,12.881,211.514,30381.06,222.227,0.476265,-1551.8739352294797,12000.93400441322,10142.006035245106,-93.16727648128786,835.2843639055174,528.0066581769644,-3.454960667186779,34.65171845948042,11.966403641078816,32.13835966923592,96.36444131296882,2.91671430486411,234601.2445816726,0.47626495499368193,8926.08,82886.62332888803,-95395.79274166115,894929.071883922,360.7966459762183
3,Shahab_3,36.0,-10.981,-6.733,-10.981,-6.733,0.95967,0.96956,72.694,321.403,12.881,211.514,28514.132,218.756,0.454091,-1646.7828952320526,12853.648014206035,10675.998698790061,-96.66011565208738,870.2508796847527,539.9793220971643,-3.520935722732218,35.29439682099233,11.969924200968347,31.66190946917476,96.33795279522312,3.022969156603343,240272.4372575654,0.45409071216797875,8759.87,84890.3041362532,-95395.79274166115,894929.071883922,360.7966459762183
3,Shahab_3,37.0,-10.981,-6.733,-10.981,-6.733,0.95967,0.96956,72.694,321.403,12.881,211.514,26723.885,216.65,0.429718,-1745.218673143786,13741.65626001643,11221.96930839476,-100.22317620456438,905.88527982315,551.9714596888958,-3.5966271690979763,36.022473475033806,12.027854900378127,31.20001850838233,96.31327873789647,3.131136764234911,243939.04585669792,0.4297177996576013,8593.65,86185.74826909519,-95395.79274166115,894929.071883922,360.7966459762183
3,Shahab_3,38.0,-10.981,-6.733,-10.981,-6.733,0.95967,0.96956,72.694,321.403,12.881,211.514,25010.256,216.65,0.402163,-1847.2578899068264,14665.692104153128,11779.977380182065,-103.87025458020713,942.3275302596652,564.0680064595324,-3.687269027618942,36.8740466246847,12.162497885610932,30.752075567659123,96.29016791863211,3.2417024936847656,244704.583407899,0.40216279562447127,8427.44,86456.21922402839,-95395.79274166115,894929.071883922,360.7966459762183
3,Shahab_3,39.0,-10.981,-6.733,-10.981,-6.733,0.95967,0.96956,72.694,321.403,12.881,211.514,23372.717,216.65,0.375831,-1952.988560742149,15626.604917129373,12350.151023463713,-107.60805530321826,979.64680205813,576.3073536963909,-3.785638888793741,37.770821861339385,12.323908227990612,30.317539721935027,96.26845156815396,3.354901914381486,244932.5531415487,0.37583130513979207,8261.23,86536.76287790842,-95395.79274166115,894929.071883922,360.7966459762183
3,Shahab_3,40.0,-10.981,-6.733,-10.981,-6.733,0.95967,0.96956,72.694,321.403,12.881,211.514,21810.457,216.65,0.35071,-2062.503384038289,16625.296038644396,12932.645248670842,-111.44008813561942,1017.8925069607023,588.7130908494781,-3.8897460642190405,38.71787337438338,12.5094211294925,29.895860448827893,96.24792688076263,3.4708978590061816,244639.22956146454,0.35071030803153885,8095.02,86433.12915192683,-95395.79274166115,894929.071883922,360.7966459762183
3,Shahab_3,41.0,-10.981,-6.733,-10.981,-6.733,0.95967,0.96956,72.694,321.403,12.881,211.514,20322.424,216.65,0.326783,-2175.9014026432587,17662.715478212234,13527.64167851328,-115.37243639852598,1057.114717006171,601.3122058732858,-3.991681666217127,39.723703518583235,12.711310152923696,29.486693205670512,96.22855169156772,3.5898604866205477,243841.88305468851,0.3267828523830909,7928.81,86151.41982132375,-95395.79274166115,894929.071883922,360.7966459762183
3,Shahab_3,42.0,-10.981,-6.733,-10.981,-6.733,0.95967,0.96956,72.694,321.403,12.881,211.514,18907.354,216.65,0.304029,-2293.2860217978127,18739.866674500587,14135.346528067375,-119.41193095063839,1097.3667563391332,614.1321795378136,-4.093886502209219,40.788630564178916,12.934496617995135,29.089700606156974,96.21030761223142,3.7119689087376746,242558.81576326618,0.3040286430995957,7762.6,85698.10118919385,-95395.79274166115,894929.071883922,360.7966459762183
3,Shahab_3,43.0,-10.981,-6.733,-10.981,-6.733,0.95967,0.96956,72.694,321.403,12.881,211.514,17563.801,216.65,0.282424,-2414.76618394628,19857.80904436663,14755.992267951977,-123.56490499919438,1138.7060171723913,627.2000342286293,-4.202421971814872,41.91104573239234,13.18775900160975,28.704502173840943,96.19312951371936,3.8374116632025284,240809.1312721907,0.2824244333441385,7596.39,85079.92271526983,-95395.79274166115,894929.071883922,360.7966459762183
3,Shahab_3,44.0,-10.981,-6.733,-10.981,-6.733,0.95967,0.96956,72.694,321.403,12.881,211.514,16290.162,216.65,0.261944,-2540.4567843333816,21017.661255544408,15389.838533891378,-127.8368629287293,1181.1943300748715,640.5420781418818,-4.324024987153287,43.09039060896571,13.478641680016935,28.330666846872393,96.17689605255633,3.9663873988914196,238612.5730697194,0.26194442640522597,7430.18,84303.85994257285,-95395.79274166115,894929.071883922,360.7966459762183
3,Shahab_3,45.0,-10.981,-6.733,-10.981,-6.733,0.95967,0.96956,72.694,321.403,12.881,211.514,15084.697,216.65,0.242561,-2670.4792813432387,22220.604706950526,16037.173265016525,-132.23297353487425,1224.897596693343,654.185023437457,-4.4601284192939765,44.331368774823716,13.80684278165741,27.96777001675855,96.16146470671833,4.099105808016055,235989.40077182808,0.24256064435022076,7263.97,83377.07076645491,-95395.79274166115,894929.071883922,360.7966459762183
3,Shahab_3,46.0,-10.981,-6.733,-10.981,-6.733,0.95967,0.96956,72.694,321.403,12.881,211.514,13945.551,216.65,0.224243,-2804.9621653019735,23467.88740465601,16698.31368649124,-136.75912108584987,1269.885166963504,668.1575136307075,-4.60439369688438,45.64424642360344,14.163410984898375,27.615458619338373,96.14672632325342,4.235788466168086,232960.26952616946,0.224243276612284,7097.76,82306.85282698757,-95395.79274166115,894929.071883922,360.7966459762183
3,Shahab_3,47.0,-10.981,-6.733,-10.981,-6.733,0.95967,0.96956,72.694,321.403,12.881,211.514,12870.777,216.65,0.206961,-2944.0411639195067,24760.828368088707,17373.607088750636,-141.42318979440088,1316.2296038331583,682.4913405426026,-4.7491460456416945,47.039153051879985,14.540410490418342,27.273486132034133,96.13265678545577,4.376670146148426,229546.17693875884,0.20696100671626527,6931.54,81100.62475770664,-95395.79274166115,894929.071883922,360.7966459762183
3,Shahab_3,48.0,-10.981,-6.733,-10.981,-6.733,0.95967,0.96956,72.694,321.403,12.881,211.514,11858.353,216.65,0.190681,-3087.859492390551,26100.82231131093,18063.431837794244,-146.23469459272238,1364.0075083003248,697.2207113831752,-4.890975416796772,48.52228421791094,14.936974605461396,26.941660875734563,96.11928402482262,4.521999720704067,225768.3607075709,0.19068130464040298,6765.33,79765.89001868771,-95395.79274166115,894929.071883922,360.7966459762183
3,Shahab_3,49.0,-10.981,-6.733,-10.981,-6.733,0.95967,0.96956,72.694,321.403,12.881,211.514,10906.195,216.65,0.175371,-3236.5680338411084,27489.344803033768,18768.19842703198,-151.20438842381066,1413.300574775385,712.3815889536487,-5.038997125381253,50.09061664511319,15.369044814329838,26.619801698276813,96.10665877346634,4.672041871278676,221648.28350786207,0.17537069262768576,6599.12,78310.23155640144,-95395.79274166115,894929.071883922,360.7966459762183
3,Shahab_3,50.0,-10.981,-6.733,-10.981,-6.733,0.95967,0.96956,72.694,321.403,12.881,211.514,10012.178,216.65,0.160995,-3390.326144238888,28927.95737616863,19488.351595862885,-156.3407318134793,1464.198483654219,728.0075748948916,-5.209253709236643,51.73938893991385,15.857271622697493,26.307570655246867,96.09470161814052,4.827078335941988,217207.53788582116,0.16099496597938026,6432.91,76741.27820182801,-95395.79274166115,894929.071883922,360.7966459762183
3,Shahab_3,51.0,-10.981,-6.733,-10.981,-6.733,0.95967,0.96956,72.694,321.403,12.881,211.514,9174.14,216.65,0.147519,-3549.3029587932483,30418.31274697457,20224.373144168017,-161.64819990525243,1516.7999533128402,744.1290311066838,-5.405913031383127,53.47711446748603,16.399551122716407,26.004460384703673,96.08315747277375,4.98740946575728,212467.76779044606,0.14751938807821935,6266.7,75066.67694699916,-95395.79274166115,894929.071883922,360.7966459762183
3,Shahab_3,52.0,-10.981,-6.733,-10.981,-6.733,0.95967,0.96956,72.694,321.403,12.881,211.514,8389.9,216.65,0.134909,-3713.6788746131774,31962.161157192637,20976.784415699938,-167.13642134574204,1571.206201571159,760.7863834075084,-5.6005430823122415,55.33246805051266,16.959858272346167,25.710294870463272,96.07198135789054,5.15335698383037,207450.6988243894,0.13490888211253746,6100.49,73294.10363288008,-95395.79274166115,894929.071883922,360.7966459762183
3,Shahab_3,53.0,-10.981,-6.733,-10.981,-6.733,0.95967,0.96956,72.694,321.403,12.881,211.514,7657.27,216.65,0.123128,-3883.6439997890034,33561.359217260324,21746.145567029867,-172.82215840801004,1627.522291206629,778.0288226343416,-5.788596107683223,57.31237304396258,17.543642956761797,25.425123771104293,96.06136870823241,5.325265786402711,202178.14525649507,0.12312825613285996,5934.28,71431.26542695872,-95395.79274166115,894929.071883922,360.7966459762183
3,Shahab_3,54.0,-10.981,-6.733,-10.981,-6.733,0.95967,0.96956,72.694,321.403,12.881,211.514,6974.062,216.65,0.112142,-4059.3991078220365,35217.87743198717,22533.0591159987,-178.71876455786565,1685.8655121993274,795.9014557258188,-5.9882770108610925,59.4120717818272,18.17778229644331,25.148738687958378,96.05133005001657,5.503506629778546,196671.97108555853,0.11214233119591549,5768.07,69485.88706673957,-95395.79274166115,894929.071883922,360.7966459762183
3,Shahab_3,55.0,-10.981,-6.733,-10.981,-6.733,0.95967,0.96956,72.694,321.403,12.881,211.514,6338.097,216.65,0.101916,-4241.157333044412,36933.80841854216,23338.17369162812,-184.83740186614293,1746.364725969205,814.4485107171913,-6.21999140701718,61.629568448004775,18.887736172308866,24.88080776852326,96.04176246829736,5.688479290224565,190954.06460413107,0.10191606378801828,5601.86,67465.70187291851,-95395.79274166115,894929.071883922,360.7966459762183
3,Shahab_3,56.0,-10.981,-6.733,-10.981,-6.733,0.95967,0.96956,72.694,321.403,12.881,211.514,5747.21,216.65,0.092415,-4429.146284551824,38711.376041263946,24162.188790836524,-191.18737053334254,1809.1602855399071,833.7154623396772,-6.479517640376085,63.983450765307246,19.662612030684876,24.620954928903426,96.03247964752741,5.8806153722280206,185046.2496754908,0.0924146526408494,5435.65,65378.420402779026,-95395.79274166115,894929.071883922,360.7966459762183
3,Shahab_3,57.0,-10.981,-6.733,-10.981,-6.733,0.95967,0.96956,72.694,321.403,12.881,211.514,5199.26,216.65,0.083604,-4623.608699029038,40552.9470751006,25005.857493463398,-197.78317684957113,1874.4010255768221,853.7581729700205,-6.746847461704406,66.50110406770466,20.478201083104253,24.369028279497694,96.02345084890185,6.080383529733396,178970.38313287272,0.08360366519957073,5269.43,63231.76486217188,-95395.79274166115,894929.071883922,360.7966459762183
3,Shahab_3,58.0,-10.981,-6.733,-10.981,-6.733,0.95967,0.96956,72.694,321.403,12.881,211.514,4692.136,216.65,0.075449,-4824.802889897535,42461.04426739806,25869.98961099758,-204.64528696892907,1942.2460268409186,874.6422315184122,-7.007057122269465,69.2045651434727,21.32533917599854,24.12503303329037,96.01479266268163,6.288293140608956,172748.29872099773,0.07544914428822595,5103.22,61033.449299578664,-95395.79274166115,894929.071883922,360.7966459762183
3,Shahab_3,59.0,-10.981,-6.733,-10.981,-6.733,0.95967,0.96956,72.694,321.403,12.881,211.514,4223.76,216.65,0.067918,-5033.002957607795,44438.360386770146,26755.455249768846,-211.7963321579454,2012.869931113592,896.4370662889252,-7.281108623335715,72.09268747883705,22.241522803358865,23.888918390824674,96.00662103449112,6.504900103694097,166401.8403819591,0.06791769835428652,4937.01,58791.1913662997,-95395.79274166115,894929.071883922,360.7966459762183
3,Shahab_3,60.0,-10.981,-6.733,-10.981,-6.733,0.95967,0.96956,72.694,321.403,12.881,211.514,3792.094,216.65,0.060977,-5248.5019933130625,46487.77376887295,27663.19293762721,-219.2532224854168,2086.46942108999,919.208635671578,-7.5924766929794165,75.17152153526163,23.25658790265524,23.660364882555857,95.99881714194747,6.7308134812732385,159952.80011833983,0.060976547771183894,4770.8,56512.69036296273,-95395.79274166115,894929.071883922,360.7966459762183
3,Shahab_3,61.0,-10.981,-6.733,-10.981,-6.733,0.95967,0.96956,72.694,321.403,12.881,211.514,3395.142,216.65,0.054594,-5471.614689552011,48612.36554755776,28594.21644575385,-227.0344320289315,2163.259824987378,943.0304396166795,-7.941362651736989,78.46551327739596,24.370032108722462,23.439101929100378,95.99126759544264,6.96670195627362,153422.8385737627,0.0545935893280354,4604.59,54205.59917995299,-95395.79274166115,894929.071883922,360.7966459762183
3,Shahab_3,62.0,-10.981,-6.733,-10.981,-6.733,0.95967,0.96956,72.694,321.403,12.881,211.514,3030.953,216.65,0.048737,-5702.678883541424,50815.440902468974,29549.62125418174,-235.16280357655353,2243.4770957527744,967.9872781677353,-8.31878011200738,82.0065786080231,25.573162703693132,23.224966127991287,95.98393074266781,7.213304240567522,146833.5523675145,0.04873746127371156,4438.38,51877.548087311,-95395.79274166115,894929.071883922,360.7966459762183
3,Shahab_3,63.0,-10.981,-6.733,-10.981,-6.733,0.95967,0.96956,72.694,321.403,12.881,211.514,2697.626,216.65,0.043378,-5942.0574359341745,53100.553014315126,30530.592157237064,-243.6660301910546,2327.381101951852,994.1753810119295,-8.719335504652626,85.82736496360458,26.867456988743257,23.01786318369345,95.9768288340103,7.47143801641871,140206.382622472,0.04337759666168349,4272.17,49536.11241686762,-95395.79274166115,894929.071883922,360.7966459762183
3,Shahab_3,64.0,-10.981,-6.733,-10.981,-6.733,0.95967,0.96956,72.694,321.403,12.881,211.514,2393.313,216.65,0.038484,-6190.140932245772,55471.53083471043,31538.413266858264,-252.57485727854785,2415.2619146735537,1021.7013802709156,-9.14675268685493,89.9575813685778,28.266366914665035,22.817689919103184,95.96997955965944,7.742015071851859,133562.66997687693,0.03848426218826191,4105.96,47188.83199837393,-95395.79274166115,894929.071883922,360.7966459762183
3,Shahab_3,65.0,-10.981,-6.733,-10.981,-6.733,0.95967,0.96956,72.694,321.403,12.881,211.514,2116.217,216.65,0.034029,-6447.351259868894,57932.51043979578,32574.479608162772,-261.92342830084436,2507.4434683543714,1050.6837047529864,-9.604718780867996,94.43469050403485,29.785661277747096,22.624338787274603,95.96339585977236,8.026052897985235,126923.46590329528,0.03402859240595686,3939.75,44843.14449687816,-95395.79274166115,894929.071883922,360.7966459762183
3,Shahab_3,66.0,-10.981,-6.733,-10.981,-6.733,0.95967,0.96956,72.694,321.403,12.881,211.514,1864.601,216.65,0.029983,-6714.14528870548,60487.97273649016,33640.31056635175,-271.74912425981046,2604.291600182614,1081.2543982172383,-10.101118558728333,99.29847227540984,31.445564277673967,22.437676957106255,95.95706489439708,8.324698441436414,120309.66054601347,0.029982619840734397,3773.54,42506.43057876954,-95395.79274166115,894929.071883922,360.7966459762183
3,Shahab_3,67.0,-10.981,-6.733,-10.981,-6.733,0.95967,0.96956,72.694,321.403,12.881,211.514,1636.781,216.65,0.026319,-6991.019714423473,63142.78679758647,34737.565864872115,-282.09390331596455,2706.218601418171,1113.5623338678781,-10.632354858689157,104.60797695062509,33.25443614306973,22.25758169992428,95.95097094295575,8.6392444622291,113741.71368942707,0.02631930022794945,3607.33,40185.91886061236,-95395.79274166115,894929.071883922,360.7966459762183
3,Shahab_3,68.0,-10.981,-6.733,-10.981,-6.733,0.95967,0.96956,72.694,321.403,12.881,211.514,1431.135,216.65,0.023013,-7278.515973392279,65902.26241428057,35868.064083994555,-293.00260028634835,2813.6967088944634,1147.7737269470863,-11.191683864922103,110.43383541183269,35.21015592152957,22.08386188008947,95.94503378072619,8.971166175463939,107239.84297462796,0.023012535117306453,3441.11,37888.75240767367,-95395.79274166115,894929.071883922,360.7966459762183
3,Shahab_3,69.0,-10.981,-6.733,-10.981,-6.733,0.95967,0.96956,72.694,321.403,12.881,211.514,1246.101,216.65,0.020037,-7577.225553725873,68772.21255537384,37033.80340733628,-304.5252152862388,2927.26643773993,1184.073384894379,-11.843218049736228,116.82187497145334,37.3991211265782,21.916243826073337,95.93914925644229,9.322146062151628,100823.6931435797,0.020037193506324446,3274.9,35621.871875065655,-95395.79274166115,894929.071883922,360.7966459762183
3,Shahab_3,70.0,-10.981,-6.733,-10.981,-6.733,0.95967,0.96956,72.694,321.403,12.881,211.514,1080.175,216.65,0.017369,-7887.799921760666,71759.0273560894,38236.990795300524,-316.74331802090563,3047.5360455892855,1222.7092306255797,-8.26322303681501,80.67106113072757,22.605413367047767,21.75510250330947,95.93368815960757,9.69412860199553,94512.4988669084,0.017369118967232023,3108.69,33392.07303619473,-95395.79274166115,894929.071883922,360.7966459762183
3,Shahab_3,71.0,-10.981,-6.733,-10.981,-6.733,0.95967,0.96956,72.694,321.403,12.881,211.514,934.923,216.65,0.015033,-8204.156863184513,74801.82756175267,39452.95376657183,-315.9933134897728,3038.2971117897773,1209.3146464110146,0.6818884969479397,-8.558319583300658,-13.10855681922549,21.598042083362618,95.93761038123624,9.654283870412455,81132.29629279247,0.015033487351566493,3108.69,28664.73319278281,-95395.79274166115,894929.071883922,360.7966459762183
3,Shahab_3,72.0,-10.981,-6.733,-10.981,-6.733,0.95967,0.96956,72.694,321.403,12.881,211.514,810.465,216.65,0.013032,-8519.830880916561,77836.05008528763,40655.80370565534,-315.3742262351826,3030.345400081381,1196.468408880722,0.5619453265057585,-7.3761578246904955,-12.601058660012237,21.4403368537457,95.94149946364361,9.618640330005086,69813.48415121346,0.013032209091014591,3108.69,24665.700194546123,-95395.79274166115,894929.071883922,360.7966459762183
3,Shahab_3,73.0,-10.981,-6.733,-10.981,-6.733,0.95967,0.96956,72.694,321.403,12.881,211.514,703.628,216.65,0.011314,-8834.939082607672,80862.88390222378,41846.04087631785,-314.85880215820515,3023.489979970498,1184.0763325559637,0.47338072028898437,-6.360933442635668,-12.196595188176893,21.281872949718732,95.94521200441352,9.586569749422432,60207.03917976189,0.011314279288093277,3108.69,21271.661142032925,-95395.79274166115,894929.071883922,360.7966459762183
3,Shahab_3,74.0,-10.981,-6.733,-10.981,-6.733,0.95967,0.96956,72.694,321.403,12.881,211.514,611.76,216.65,0.009837,-9149.579981481658,83883.33958450216,43024.08653031148,-314.43603552676166,3017.56498722338,1172.0732235133698,0.37568592652029403,-5.510210128314701,-11.822913617369789,21.122802470460062,95.94886067122694,9.557547951616604,52029.71530626679,0.00983704313582858,3108.69,18382.542778874584,-95395.79274166115,894929.071883922,360.7966459762183
3,Shahab_3,75.0,-10.981,-6.733,-10.981,-6.733,0.95967,0.96956,72.694,321.403,12.881,211.514,532.634,216.65,0.008565,-9463.838369070612,86898.27748619189,44190.299007192094,-314.0924207994601,3012.4333271241253,1160.4015639723666,0.3032419637011812,-4.777947434164851,-11.516258617264544,20.963193111422797,95.9524565480882,9.531136522417187,45050.11276206737,0.008564708752504502,3108.69,15916.589590527346,-95395.79274166115,894929.071883922,360.7966459762183
3,Shahab_3,76.0,-10.981,-6.733,-10.981,-6.733,0.95967,0.96956,72.694,321.403,12.881,211.514,464.378,216.65,0.007467,-9777.78597833201,89908.43291843652,45344.982217729885,-313.81429072918166,3007.9815852010033,1149.0092261098885,0.2463135175025803,-4.1473494665593575,-11.262511707221286,20.803026045430464,95.95596194622085,9.506967340311633,39078.07805349976,0.007467157118858941,3108.69,13806.618723668784,-95395.79274166115,894929.071883922,360.7966459762183
3,Shahab_3,77.0,-10.981,-6.733,-10.981,-6.733,0.95967,0.96956,72.694,321.403,12.881,211.514,405.411,216.65,0.006519,-10091.483990767214,92914.43571310362,46488.394910513474,-313.59237410870736,3004.112810616022,1137.8552158848022,0.19572638750884175,-3.60686034645576,-11.044095087563791,20.642337831006483,95.9593901095187,9.484730256779867,33956.519714159025,0.006518974782814269,3108.69,11997.12842157418,-95395.79274166115,894929.071883922,360.7966459762183
3,Shahab_3,78.0,-10.981,-6.733,-10.981,-6.733,0.95967,0.96956,72.694,321.403,12.881,211.514,354.397,216.65,0.005699,-10404.984850439385,95916.82646345688,47620.75819730201,-313.4188760772337,3000.7448619408183,1126.9053174445933,0.14992131408238557,-3.1432498406200033,-10.854172925969044,20.48116530543135,95.96275356272756,9.464163098779874,29555.04082187367,0.00569866633273259,3108.69,10442.048337981954,-95395.79274166115,894929.071883922,360.7966459762183
3,Shahab_3,79.0,-10.981,-6.733,-10.981,-6.733,0.95967,0.96956,72.694,321.403,12.881,211.514,310.201,216.65,0.004988,-10718.333533935334,98916.07017210175,48742.261432261446,-313.2867183565681,2997.8082732197413,1116.1301512526254,0.10902699771949696,-2.744391497109595,-10.689573387087933,20.319530623082066,95.96605383178884,9.445043596646673,25764.94044393184,0.0049880098981274915,3108.69,9102.973505001795,-95395.79274166115,894929.071883922,360.7966459762183
3,Shahab_3,80.0,-10.981,-6.733,-10.981,-6.733,0.95967,0.96956,72.694,321.403,12.881,211.514,271.863,216.65,0.004372,-11031.56872087989,101912.56758116354,49853.067204038256,-313.18972057344024,2995.243979583191,1105.504781742882,0.07515057955044373,-2.398945624914662,-10.550362846507392,20.15745158519286,95.9692892239496,9.427182812425551,22495.254368748676,0.004371526826150734,3108.69,7947.7654897984985,-95395.79274166115,894929.071883922,360.7966459762183
3,Shahab_3,81.0,-10.981,-6.733,-10.981,-6.733,0.95967,0.96956,72.694,321.403,12.881,211.514,238.561,216.65,0.003836,-11344.723749182958,104906.66469336633,50953.31541517019,-313.1235315854527,2993.0010305593073,1095.0093512528535,0.05142069825165583,-2.0970943387496543,-10.437160780091716,19.994968319811417,95.97247690981163,9.410419756960003,19669.595582525173,0.003836043616629127,3108.69,6949.436108011548,-95395.79274166115,894929.071883922,360.7966459762183
3,Shahab_3,82.0,-10.981,-6.733,-10.981,-6.733,0.95967,0.96956,72.694,321.403,12.881,211.514,209.599,216.65,0.00337,-11657.826917916747,107898.66104449492,52043.12608169701,-313.08551758995964,2991.0354478127992,1084.6278896625397,0.03133922722073371,-1.8361620752596717,-10.337750635064012,19.83213269059433,95.9756530765255,9.394616964447158,17223.616252620242,0.0033703288855315284,3108.69,6085.250720804466,-95395.79274166115,894929.071883922,360.7966459762183
3,Shahab_3,83.0,-10.981,-6.733,-10.981,-6.733,0.95967,0.96956,72.694,321.403,12.881,211.514,184.379,216.65,0.002965,-11970.90218526779,110888.8163124539,53122.60253053664,-313.0700257327897,2989.3115966492082,1074.342128248548,0.00452686489679772,-1.614985643887848,-10.23976936244774,19.668900501304478,95.97878040110619,9.379656743991132,15102.952254278862,0.0029647908133381205,3108.69,5336.002018603049,-95395.79274166115,894929.071883922,360.7966459762183
3,Shahab_3,84.0,-10.981,-6.733,-10.981,-6.733,0.95967,0.96956,72.694,321.403,12.881,211.514,162.39,216.65,0.002611,-12283.971453424725,113877.35511325051,54191.83586329547,-313.0716569701365,2987.79862941771,1064.1372355678718,-0.013821645508787643,-1.4191536894265808,-10.163414233745954,19.50524879030253,95.98181694303007,9.365438165237446,13261.549265372398,0.0026112241811234796,3108.69,4685.4186160710815,-95395.79274166115,894929.071883922,360.7966459762183
3,Shahab_3,85.0,-10.981,-6.733,-10.981,-6.733,0.95967,0.96956,72.694,321.403,12.881,211.514,143.197,216.65,0.002303,-12597.052957236494,116864.47319727797,55250.903798685555,-313.0928505855832,2986.46638603153,1054.0087444528217,-0.024838579870748712,-1.2470040273764493,-10.100530549316442,19.341314703332245,95.98486821435584,9.351874628486511,11660.303006280086,0.002302600431036035,3108.69,4119.684637247408,-95395.79274166115,894929.071883922,360.7966459762183
3,Shahab_3,86.0,-10.981,-6.733,-10.981,-6.733,0.95967,0.96956,72.694,321.403,12.881,211.514,126.424,216.65,0.002033,-12910.161218342415,119850.34138154228,56299.87293714768,-313.12715365054333,2985.2940073559034,1043.940884245633,-0.04388449699526727,-1.101791173303743,-10.0347620300596,19.17698845972292,95.98785271448209,9.338891503893635,10265.933621193864,0.0020328900462004812,3108.69,3627.0420248475425,-95395.79274166115,894929.071883922,360.7966459762183
3,Shahab_3,87.0,-10.981,-6.733,-10.981,-6.733,0.95967,0.96956,72.694,321.403,12.881,211.514,111.749,216.65,0.001797,-13223.311363063407,122835.10723021235,57338.80429303826,-313.1739935746571,2984.2598420582494,1033.9289683062577,-0.05034418320571816,-0.9695937919506972,-9.990099435591498,19.012344753547396,95.99080216170773,9.326424522965027,9050.054560963634,0.0017969125220119529,3108.69,3197.4615686206766,-95395.79274166115,894929.071883922,360.7966459762183
3,Shahab_3,88.0,-10.981,-6.733,-10.981,-6.733,0.95967,0.96956,72.694,321.403,12.881,211.514,98.894,216.65,0.00159,-13536.513159883,125818.9013049357,58367.74697575741,-313.232146916888,2983.346634328977,1023.9650991214485,-0.06470681309950078,-0.8590535733199303,-9.939178510969192,18.847374181009286,95.99372728612455,9.31441822558876,7988.413865694398,0.0015902125837244329,3108.69,2822.3748440113977,-95395.79274166115,894929.071883922,360.7966459762183
3,Shahab_3,89.0,-10.981,-6.733,-10.981,-6.733,0.95967,0.96956,72.694,321.403,12.881,211.514,87.622,216.65,0.001409,-13849.778368106696,128801.83582064803,59386.74841299142,-313.29889541195723,2982.5393229223973,1014.0432740857938,-0.06922274355314145,-0.7579021399729867,-9.905121359283985,18.68208418808453,95.99660612240916,9.302824618569225,7060.244882558739,0.00140895199121277,3108.69,2494.4448152176265,-95395.79274166115,894929.071883922,360.7966459762183
3,Shahab_3,90.0,-10.981,-6.733,-10.981,-6.733,0.95967,0.96956,72.694,321.403,12.881,211.514,77.726,216.65,0.00125,-14163.11368853539,131784.0108717114,60395.845637910075,-313.3736585256704,2981.824852527653,1004.157826026062,-0.08009032214668707,-0.6730993348434506,-9.86602165053186,18.51647192208358,95.99945337035774,9.291602210195077,6247.743233448013,0.0012498216776616893,3108.69,2207.381043394814,-95395.79274166115,894929.071883922,360.7966459762183
3,Shahab_3,91.0,-10.981,-6.733,-10.981,-6.733,0.95967,0.96956,72.694,321.403,12.881,211.514,69.028,216.65,0.00111,-14476.52821069921,134765.5123491913,61395.075518850295,-313.45587698485906,2981.1910391337055,994.3063856692855,-0.08354584136011105,-0.5957138746093062,-9.838707482488784,18.350583450749205,96.00228246301484,9.280715007981563,5535.611890814764,0.0011099639093898944,3108.69,1955.778958065772,-95395.79274166115,894929.071883922,360.7966459762183
3,Shahab_3,92.0,-10.981,-6.733,-10.981,-6.733,0.95967,0.96956,72.694,321.403,12.881,211.514,61.375,216.65,0.000987,-14790.026706602122,137746.41711411322,62384.46692435221,-313.54226230505714,2980.6295220931534,984.4811205743313,-0.09015970423829262,-0.5293863143280358,-9.810797415395735,18.184348334169112,96.00504735913266,9.270131758914312,4910.693595328812,0.000986909025260149,3108.69,1734.9899871392242,-95395.79274166115,894929.071883922,360.7966459762183
3,Shahab_3,93.0,-10.981,-6.733,-10.981,-6.733,0.95967,0.96956,72.694,321.403,12.881,211.514,54.635,216.65,0.000879,-15103.615184963039,140726.7918329901,63364.04727749178,-313.6355363679099,2980.1296168041436,974.6837877592053,-0.0952222259601211,-0.4711434344832167,-9.785642449295935,18.017868900440636,96.00782096255617,9.259825372355094,4361.651101639925,0.0008785195425995909,3108.69,1541.0085850068876,-95395.79274166115,894929.071883922,360.7966459762183
3,Shahab_3,94.0,-10.981,-6.733,-10.981,-6.733,0.95967,0.96956,72.694,321.403,12.881,211.514,48.691,216.65,0.000783,-15417.298579521617,143706.6949838005,64333.841348747825,-313.731543441807,2979.685494970903,964.90738646452,-0.09712961360472154,-0.4183642438035376,-9.767198126281656,17.851071350452475,96.01053574253204,9.249772186596909,3878.702539410926,0.0007829436367282051,3108.69,1370.3787333363123,-95395.79274166115,894929.071883922,360.7966459762183
3,Shahab_3,95.0,-10.981,-6.733,-10.981,-6.733,0.95967,0.96956,72.694,321.403,12.881,211.514,43.444,216.65,0.000699,-15731.079415405695,146686.17907180966,65293.86849681729,-313.830957208279,2979.2901379743835,955.1503786491356,-0.10190090288166266,-0.37351065693223523,-9.746622133883411,17.683978492980824,96.01321839775204,9.239951668220804,3453.398052299234,0.0006985754804540734,3108.69,1220.1150257154422,-95395.79274166115,894929.071883922,360.7966459762183
3,Shahab_3,96.0,-10.981,-6.733,-10.981,-6.733,0.95967,0.96956,72.694,321.403,12.881,211.514,38.807,216.65,0.000624,-16044.961954146092,149665.28926020372,66244.14872589929,-313.9345758670253,2978.936909281725,945.4129730977905,-0.10467253134106401,-0.3334818614030991,-9.729253171492829,17.516640010769958,96.0158972722687,9.230345899445064,3078.4263503476136,0.0006240205802208469,3108.69,1087.6343209601184,-95395.79274166115,894929.071883922,360.7966459762183
3,Shahab_3,97.0,-10.981,-6.733,-10.981,-6.733,0.95967,0.96956,72.694,321.403,12.881,211.514,34.706,216.65,0.000558,-16358.94898587578,152644.06566368017,67184.69932263206,-314.0396046347602,2978.6219507115734,935.6903855349674,-0.10549191622291486,-0.29722252046755865,-9.716082841793515,17.349004504217852,96.0185268212534,9.220939198213028,2747.4547659394943,0.0005580669864308947,3108.69,970.6992335170905,-95395.79274166115,894929.071883922,360.7966459762183
3,Shahab_3,98.0,-10.981,-6.733,-10.981,-6.733,0.95967,0.96956,72.694,321.403,12.881,211.514,31.074,216.65,0.0005,-16673.041660482573,155622.54441482938,68115.53392880557,-314.14615246001154,2978.3407472177714,925.981168817465,-0.10784507870919048,-0.2659958907704184,-9.702135193984027,17.18107941169913,96.02111806266257,9.211717905789866,2454.991840951609,0.0004996603533294119,3108.69,867.3695843314637,-95395.79274166115,894929.071883922,360.7966459762183
3,Shahab_3,99.0,-10.981,-6.733,-10.981,-6.733,0.95967,0.96956,72.694,321.403,12.881,211.514,27.854,216.65,0.000448,-16987.242176266365,158600.7568438837,69036.66636512407,-314.2552585853086,2978.0886662957437,916.2859454858554,-0.11009506921910982,-0.23863744680573057,-9.68873753184276,17.012907542512096,96.02369997365437,9.202670084110041,2196.2687662137646,0.00044788227670657316,3108.69,775.9605123952667,-95395.79274166115,894929.071883922,360.7966459762183
3,Shahab_3,100.0,-10.981,-6.733,-10.981,-6.733,0.95967,0.96956,72.694,321.403,12.881,211.514,24.996,216.65,0.000402,-17301.55262780942,161578.73043781988,69948.10979841399,-314.365716240307,2977.862676546166,906.6026423473417,-0.11059987440818647,-0.21373618169599606,-9.678321881505301,16.844476572164474,96.0262556028044,9.193785242733671,1967.1397948089734,0.0004019320257075737,3108.69,695.0072899158658,-95395.79274166115,894929.071883922,360.7966459762183
3,Shahab_3,101.0,-10.981,-6.733,-10.981,-6.733,0.95967,0.96956,72.694,321.403,12.881,211.514,22.457,216.65,0.000361,-17615.973645986294,164556.49007766283,70849.8747823916,-314.4763433840496,2977.660312473465,896.9288155208957,-0.11076425694357782,-0.19149112699702664,-9.669333208296681,16.6757638977827,96.02876733894783,9.1850542006175,1763.9972343230147,0.0003611108608466409,3108.69,623.2352883517236,-95395.79274166115,894929.071883922,360.7966459762183
3,Shahab_3,102.0,-10.981,-6.733,-10.981,-6.733,0.95967,0.96956,72.694,321.403,12.881,211.514,20.2,216.65,0.000325,-17930.50549553311,167534.05798135744,71741.97046674919,-314.5875153222805,2977.478711260132,887.2641167975919,-0.11166919740499064,-0.17216343741709603,-9.66000862101234,16.506784250111696,96.0312480130899,9.17646892362791,1583.6978244861007,0.00032480837684341633,3108.69,559.5339670044259,-95395.79274166115,894929.071883922,360.7966459762183
3,Shahab_3,103.0,-10.981,-6.733,-10.981,-6.733,0.95967,0.96956,72.694,321.403,12.881,211.514,18.19,216.65,0.000292,-18245.149021730034,170511.4535243705,72624.40612756537,-314.69969379547393,2977.3152057603284,877.6087192348356,-0.11258921954428248,-0.15516261750116767,-9.650958223360634,16.33755997359622,96.03371172135202,9.168022361925198,1423.49968637647,0.00029249075628123123,3108.69,502.9345966338245,-95395.79274166115,894929.071883922,360.7966459762183
3,Shahab_3,104.0,-10.981,-6.733,-10.981,-6.733,0.95967,0.96956,72.694,321.403,12.881,211.514,16.399,216.65,0.000264,-18559.90507048083,173488.69376917268,73497.19071548892,-314.81242073407356,2977.1678458985143,867.961731364077,-0.11271835403739579,-0.1397956885892723,-9.64328334974453,16.16809103968045,96.036153622932,9.159708298504457,1281.008615460159,0.0002636907294002925,3108.69,452.5912843303023,-95395.79274166115,894929.071883922,360.7966459762183
3,Shahab_3,105.0,-10.981,-6.733,-10.981,-6.733,0.95967,0.96956,72.694,321.403,12.881,211.514,14.801,216.65,0.000238,-18874.773786369922,176465.79409869388,74360.33191246066,-314.9249269987297,2977.035137159733,858.3217214546586,-0.11225772430535103,-0.1258723559369738,-9.636872148340842,15.99836528784507,96.0385620455214,9.151521271912355,1154.131947475387,0.000237998912870294,3108.69,407.76467393771725,-95395.79274166115,894929.071883922,360.7966459762183
3,Shahab_3,106.0,-10.981,-6.733,-10.981,-6.733,0.95967,0.96956,72.694,321.403,12.881,211.514,13.374,216.65,0.000215,-19189.754760069773,179442.76842983544,75213.8361982185,-315.03695024897,2976.915588920901,848.6878471908902,-0.1118387375132849,-0.11348815648703582,-9.630876065651906,15.828380277954999,96.04093495920056,9.143456483212514,1041.0386499831193,0.00021505628857062343,3108.69,367.80784605737716,-95395.79274166115,894929.071883922,360.7966459762183
3,Shahab_3,107.0,-10.981,-6.733,-10.981,-6.733,0.95967,0.96956,72.694,321.403,12.881,211.514,12.099,216.65,0.000195,-19504.84759377438,182419.62914871864,76057.70960854804,-315.14870043113734,2976.807659427507,839.0599893995709,-0.11169677734841563,-0.10260490788070654,-9.624830171970752,15.658146055746698,96.04327943206027,9.135509713728833,940.1248660784349,0.00019454768612326304,3108.69,332.1541443469907,-95395.79274166115,894929.071883922,360.7966459762183
3,Shahab_3,108.0,-10.981,-6.733,-10.981,-6.733,0.95967,0.96956,72.694,321.403,12.881,211.514,10.958,216.65,0.000176,-19820.052130856973,185396.38715699303,76891.95818047988,-315.2603622574978,2976.7099591290034,829.4381475209052,-0.11159867210515459,-0.09297669281171518,-9.618917115202189,15.487673774320992,96.04560175142552,9.127677245163692,849.9842618640321,0.0001761961570378789,3108.69,300.30669902980895,-95395.79274166115,894929.071883922,360.7966459762183
3,Shahab_3,109.0,-10.981,-6.733,-10.981,-6.733,0.95967,0.96956,72.694,321.403,12.881,211.514,9.935,216.65,0.00016,-20135.368249923704,188373.05210530828,77716.5877996298,-315.37181515288637,2976.6213803324436,819.8219909334963,-0.11124605895470155,-0.0843222610089538,-9.613508571874554,15.316967270101141,96.04790183053005,9.119955790117091,769.3824892760398,0.00015975811556662587,3108.69,271.82940439288393,-95395.79274166115,894929.071883922,360.7966459762183
3,Shahab_3,110.0,-10.981,-6.733,-10.981,-6.733,0.95967,0.96956,72.694,321.403,12.881,211.514,9.019,216.65,0.000145,-20450.795587312474,191349.63266449198,78531.60385776154,-315.48274206179775,2976.5410485256534,810.2109151937741,-0.11056252791255276,-0.07646863446230573,-9.608741840039366,15.146024253015943,96.05017537593332,9.11234244738766,697.2351140318518,0.00014501912602258866,3108.69,246.3391205425308,-95395.79274166115,894929.071883922,360.7966459762183
3,Shahab_3,111.0,-10.981,-6.733,-10.981,-6.733,0.95967,0.96956,72.694,321.403,12.881,211.514,8.196,216.65,0.000132,-20766.333467087068,194326.13669467575,79337.01112936619,-315.592867828197,2976.4681979031557,800.604335553184,-0.10967452149483697,-0.06935698071155813,-9.60448378034106,14.974842031562735,96.05241867514597,9.104834658980383,632.5884791818971,0.0001317902399118527,3108.69,223.4989123337336,-95395.79274166115,894929.071883922,360.7966459762183
3,Shahab_3,112.0,-10.981,-6.733,-10.981,-6.733,0.95967,0.96956,72.694,321.403,12.881,211.514,7.457,216.65,0.00012,-21081.98101670495,197302.57130846631,80132.81389321634,-315.7020781172456,2976.402093785115,791.0018247194743,-0.10875368452562965,-0.06297172156372612,-9.600772715838684,14.803420313076886,96.05463101671161,9.097430130731656,574.6030990983766,0.0001199048096031449,3108.69,203.01218232454147,-95395.79274166115,894929.071883922,360.7966459762183
3,Shahab_3,113.0,-10.981,-6.733,-10.981,-6.733,0.95967,0.96956,72.694,321.403,12.881,211.514,6.792,216.65,0.000109,-21397.737325117218,200278.94289306362,80919.01561333209,-315.8103971064105,2976.3420235006647,781.4018587686096,-0.10789620602982632,-0.05727926060480792,-9.599270628890363,14.631738815678426,96.0568142840172,9.090125863102502,522.5391880645063,0.00010921572434508905,3108.69,184.61755790305506,-95395.79274166115,894929.071883922,360.7966459762183
3,Shahab_3,114.0,-10.981,-6.733,-10.981,-6.733,0.95967,0.96956,72.694,321.403,12.881,211.514,6.194,216.65,0.0001,-21713.601535853988,203255.25714596536,81695.61807850278,-315.9178923896741,2976.2873264886844,771.8032947757323,-0.1070972003946882,-0.052210299299173764,-9.597716056494884,14.459783552632262,96.05897108419417,9.08291933952195,475.74438781161757,9.959300955189777e-05,3108.69,168.08455532147048,-95395.79274166115,894929.071883922,360.7966459762183
3,Shahab_3,115.0,-10.981,-6.733,-10.981,-6.733,0.95967,0.96956,72.694,321.403,12.881,211.514,5.654,216.65,9.1e-05,-22029.572844878356,206231.51914339027,82462.62275280996,-316.02459208671524,2976.2374239235714,762.2063589906857,-0.10629355240130456,-0.047675272165212446,-9.596232703669324,14.28756457215399,96.06110311003228,9.075809286755865,433.6428708956187,9.09217080571897e-05,3108.69,153.2097298259206,-95395.79274166115,894929.071883922,360.7966459762183
3,Shahab_3,116.0,-10.981,-6.733,-10.981,-6.733,0.95967,0.96956,72.694,321.403,12.881,211.514,5.168,216.65,8.3e-05,-22345.650442197148,209207.73342793746,83220.0312397903,-316.1304567089293,2976.1918264126757,752.6108073190566,-0.1054195719926788,-0.043587730764262235,-9.594901354869336,14.115083025395126,96.06321058841786,9.068794312432649,395.7257241442766,8.310004830642051e-05,3108.69,139.81327804626883,-95395.79274166115,894929.071883922,360.7966459762183
3,Shahab_3,117.0,-10.981,-6.733,-10.981,-6.733,0.95967,0.96956,72.694,321.403,12.881,211.514,4.729,216.65,7.6e-05,-22661.833450322552,212183.9040931563,83967.84478745532,-316.23539603401827,2976.150122154184,743.0164841570421,-0.10444086241957667,-0.03987950737340277,-9.593768743792715,13.942341242625906,96.06529262509422,9.061873293326604,361.54281621881023,7.603785608359638e-05,3108.69,127.7361647361652,-95395.79274166115,894929.071883922,360.7966459762183
3,Shahab_3,118.0,-10.981,-6.733,-10.981,-6.733,0.95967,0.96956,72.694,321.403,12.881,211.514,4.332,216.65,7e-05,-22978.12089068238,215160.03485118647,84706.06455181104,-316.3393041019101,2976.1119565957374,733.4232023155462,-0.10336026138253505,-0.03650433982327261,-9.592835456000142,13.769340667475541,96.06734791169195,9.055045241250834,330.69561692864914,6.965515889303486e-05,3108.69,116.83758577562345,-95395.79274166115,894929.071883922,360.7966459762183
3,Shahab_3,119.0,-10.981,-6.733,-10.981,-6.733,0.95967,0.96956,72.694,321.403,12.881,211.514,3.973,216.65,6.4e-05,-23294.51168511593,218136.12907972778,85434.69147513958,-316.44209156196234,2976.0770123833145,723.8307598647722,-0.10220554931058859,-0.03343294435079444,-9.592066321327964,13.596082243008247,96.06937538187647,9.048309269544063,302.83096094462303,6.38809696354131e-05,3108.69,106.99276483762982,-95395.79274166115,894929.071883922,360.7966459762183
3,Shahab_3,120.0,-10.981,-6.733,-10.981,-6.733,0.95967,0.96956,72.694,321.403,12.881,211.514,3.648,216.65,5.9e-05,-23611.004681897546,221112.18985199466,86153.7263153589,-316.54370205543546,2976.044996317398,714.2390279273983,-0.10101192533815816,-0.030644864067927095,-9.591411326457353,13.422568057931604,96.07137454949213,9.041664621975679,277.6355990474762,5.86522208455475e-05,3108.69,98.09102829770792,-95395.79274166115,894929.071883922,360.7966459762183
3,Shahab_3,121.0,-10.981,-6.733,-10.981,-6.733,0.95967,0.96956,72.694,321.403,12.881,211.514,3.353,216.65,5.4e-05,-23927.598689443148,224088.21995725585,86863.16973768637,-316.6441119820132,2976.0156343968624,704.6479141301696,-0.09980844637050183,-0.028121627256985585,-9.590824315235539,13.248800721038585,96.07334551406333,9.035110631181697,254.8314290066975,5.391283102210366e-05,3108.69,90.0341202626787,-95395.79274166115,894929.071883922,360.7966459762183
3,Shahab_3,122.0,-10.981,-6.733,-10.981,-6.733,0.95967,0.96956,72.694,321.403,12.881,211.514,3.085,216.65,5e-05,-24244.292505474157,227064.22192028284,87563.02233247906,-316.7433211566837,2975.988671523418,695.0573670274756,-0.09861146649995067,-0.02584307571624748,-9.590273795580597,13.074783456984322,96.07528878344675,9.028646716658947,234.171329063184,4.961288690293463e-05,3108.69,82.73473050450107,-95395.79274166115,894929.071883922,360.7966459762183
3,Shahab_3,123.0,-10.981,-6.733,-10.981,-6.733,0.95967,0.96956,72.694,321.403,12.881,211.514,2.843,216.65,4.6e-05,-24561.084934198025,230040.19802178192,88253.28465139025,-316.84133856277674,2975.9638741185745,685.467359282829,-0.0974245011835158,-0.023786673109366416,-9.589745469665447,12.900519805973996,96.07720499722197,9.022272375361808,215.43550858645034,4.570792602433271e-05,3108.69,76.11520511629685,-95395.79274166115,894929.071883922,360.7966459762183
3,Shahab_3,124.0,-10.981,-6.733,-10.981,-6.733,0.95967,0.96956,72.694,321.403,12.881,211.514,2.622,216.65,4.2e-05,-24877.974787960567,233016.15032001227,88933.9572235028,-316.9381720275656,2975.9410319112394,675.8778694653051,-0.09624256554809894,-0.021928885296456754,-9.589237998130914,12.72601329761317,96.07909472642619,9.015987171096189,198.4283103687754,4.2158306959005054e-05,3108.69,70.10641673556255,-95395.79274166115,894929.071883922,360.7966459762183
3,Shahab_3,125.0,-10.981,-6.733,-10.981,-6.733,0.95967,0.96956,72.694,321.403,12.881,211.514,2.421,216.65,3.9e-05,-25194.960883944354,235992.08067471988,89605.04055526874,-317.03382236840883,2975.9199578332978,666.2888742615808,-0.09505648171086374,-0.020246635142303595,-9.588757845510836,12.55126731793466,96.08095836222779,9.009790727470316,182.97540619281483,3.8928656003872836e-05,3108.69,64.64677371425563,-95395.79274166115,894929.071883922,360.7966459762183
3,Shahab_3,126.0,-10.981,-6.733,-10.981,-6.733,0.95967,0.96956,72.694,321.403,12.881,211.514,2.238,216.65,3.6e-05,-25512.042035377915,238967.99076992643,90266.53512630361,-317.12828052600344,2975.9004872141677,656.7003417959485,-0.09385686278736845,-0.01871865650879987,-9.588313919696118,12.376284996865113,96.08279606289294,9.003682720839915,168.92133466541858,3.598738056077758e-05,3108.69,59.68135021445403,-95395.79274166115,894929.071883922,360.7966459762183
3,Shahab_3,127.0,-10.981,-6.733,-10.981,-6.733,0.95967,0.96956,72.694,321.403,12.881,211.514,2.071,216.65,3.3e-05,-25829.217041938475,241943.88213517348,90918.44137980134,-317.2215292288304,2975.8824753211297,647.1122318869968,-0.09263672726496543,-0.017326355409735324,-9.587913590455788,12.201069225925382,96.08460779037772,8.99766287454745,156.1273377609646,3.3306240821305256e-05,3108.69,55.16112184063881,-95395.79274166115,894929.071883922,360.7966459762183
3,Shahab_3,128.0,-10.981,-6.733,-10.981,-6.733,0.95967,0.96956,72.694,321.403,12.881,211.514,1.919,216.65,3.1e-05,-26146.48468320619,244919.75616408238,91560.75971571742,-317.31354589185827,2975.8657945382815,637.5244987229771,-0.09139244131382432,-0.016054049902231013,-9.58756080803307,12.025622720536969,96.08639337116338,8.991730953942671,144.46945804118172,3.0859972428094825e-05,3108.69,51.04229337120702,-95395.79274166115,894929.071883922,360.7966459762183
3,Shahab_3,129.0,-10.981,-6.733,-10.981,-6.733,0.95967,0.96956,72.694,321.403,12.881,211.514,1.78,216.65,2.9e-05,-26463.843714862975,247895.61413002663,92193.49048686387,-317.40430591180575,2975.8503315546145,627.937094366793,-0.09012365068152466,-0.014888829567873492,-9.58725563716272,11.849948097022112,96.0881525646358,8.985886761879023,133.83686374453254,2.8625953779815558e-05,3108.69,47.285706998245836,-95395.79274166115,894929.071883922,360.7966459762183
3,Shahab_3,130.0,-10.981,-6.733,-10.981,-6.733,0.95967,0.96956,72.694,321.403,12.881,211.514,1.653,216.65,2.7e-05,-26781.292868290413,250871.45719911624,92816.63399864869,-317.49378571608787,2975.8359847285874,618.3499726130365,-0.08883252578885983,-0.013820142791752532,-9.58699484728897,11.674047955282296,96.08988512642908,8.980130134634281,124.13037323036188,2.6583912462184528e-05,3108.69,43.856321001048364,-95395.79274166115,894929.071883922,360.7966459762183
3,Shahab_3,131.0,-10.981,-6.733,-10.981,-6.733,0.95967,0.96956,72.694,321.403,12.881,211.514,1.537,216.65,2.5e-05,-27098.83085271312,253847.28644082052,93430.19051237515,-317.5819647409384,2975.8226620033215,608.7630916791636,-0.08752276937553602,-0.012839276166415567,-9.586772993812477,11.497924938265161,96.09159085027572,8.974460938165421,115.2611539854253,2.4715665998859878e-05,3108.69,40.72275009400888,-95395.79274166115,894929.071883922,360.7966459762183
3,Shahab_3,132.0,-10.981,-6.733,-10.981,-6.733,0.95967,0.96956,72.694,321.403,12.881,211.514,1.431,216.65,2.3e-05,-27416.45635872472,256823.1028365663,94034.16025043261,-317.6688264833247,2975.810279349953,599.1764158272144,-0.08619869805548076,-0.0119388535434442,-9.586583551068113,11.321581769963533,96.09326959115928,8.968879064809926,107.14957463060249,2.300489273367341e-05,3108.69,37.85685983079027,-95395.79274166115,894929.071883922,360.7966459762183
3,Shahab_3,133.0,-10.981,-6.733,-10.981,-6.733,0.95967,0.96956,72.694,321.403,12.881,211.514,1.333,216.65,2.1e-05,-27734.168062529694,259798.9072871839,94628.54340270131,-317.75435876313105,2975.7987596341122,589.5899159820704,-0.08486451641348888,-0.011112416297464124,-9.58641988452706,11.145021273457461,96.09492127257893,8.963384430282911,99.72419111041475,2.1436929183160064e-05,3108.69,35.23340841642205,-95395.79274166115,894929.071883922,360.7966459762183
3,Shahab_3,134.0,-10.981,-6.733,-10.981,-6.733,0.95967,0.96956,72.694,321.403,12.881,211.514,1.244,216.65,2e-05,-28051.964630293143,262774.7006196969,95213.34013341305,-317.83855335162116,2975.788031819184,580.0035694767989,-0.08352382621337937,-0.010354111064872771,-9.586275969550348,10.968246371611514,96.09654588106945,8.957976970909383,92.92085065811291,1.9998590660845464e-05,3108.69,32.829730130513326,-95395.79274166115,894929.071883922,360.7966459762183
3,Shahab_3,135.0,-10.981,-6.733,-10.981,-6.733,0.95967,0.96956,72.694,321.403,12.881,211.514,1.162,216.65,1.9e-05,-28369.844721602687,265750.4835929134,95788.5505869707,-317.921405187096,2975.7780305187484,570.417359149933,-0.08217940604253134,-0.00965850058956581,-9.586146782885274,10.791260074414632,96.09814345215615,8.952656641376404,86.68189923045298,1.8678012378255864e-05,3108.69,30.62545530719009,-95395.79274166115,894929.071883922,360.7966459762183
3,Shahab_3,136.0,-10.981,-6.733,-10.981,-6.733,0.95967,0.96956,72.694,321.403,12.881,211.514,1.086,216.65,1.7e-05,-28687.806992160946,268726.25690281764,96354.1748928316,-318.0029115689225,2975.7686956290136,560.8312723081201,-0.0808331700722703,-0.009020464553821442,-9.586028446403775,10.61406546325886,96.09971405573748,8.947423412674395,80.95547988443998,1.746450857308671e-05,3108.69,28.602262445606623,-95395.79274166115,894929.071883922,360.7966459762183
3,Shahab_3,137.0,-10.981,-6.733,-10.981,-6.733,0.95967,0.96956,72.694,321.403,12.881,211.514,1.017,216.65,1.6e-05,-29005.850095838552,271702.02118787146,96910.2131695811,-318.0830713022508,2975.7599720170897,551.245299568393,-0.07948623126584053,-0.008435156428223995,-9.585918214102573,10.43666567252553,96.10125778041751,8.942277270167173,75.6949111564277,1.6348447520500685e-05,3108.69,26.74365858597243,-95395.79274166115,894929.071883922,360.7966459762183
3,Shahab_3,138.0,-10.981,-6.733,-10.981,-6.733,0.95967,0.96956,72.694,321.403,12.881,211.514,0.953,216.65,1.5e-05,-29323.972685731675,274677.77703375526,97456.66552759378,-318.16188395954435,2975.751809267143,541.6594337778123,-0.07813905324245175,-0.007898003188325125,-9.58581432280012,10.259063872084782,96.10277471994614,8.937218211959904,70.85813588675873,1.5321140550848935e-05,3108.69,25.034784574590265,-95395.79274166115,894929.071883922,360.7966459762183
3,Shahab_3,139.0,-10.981,-6.733,-10.981,-6.733,0.95967,0.96956,72.694,321.403,12.881,211.514,0.894,216.65,1.4e-05,-29642.173414655903,277653.52497799584,97993.53207083936,-318.23934932772505,2975.7441613900214,532.0736691414527,-0.07679162055518471,-0.00740471881728278,-9.585715793768303,10.081263253468537,96.10426496326883,8.932246247378465,66.40723210768047,1.4374743426182036e-05,3108.69,23.46224225637954,-95395.79274166115,894929.071883922,360.7966459762183
3,Shahab_3,140.0,-10.981,-6.733,-10.981,-6.733,0.95967,0.96956,72.694,321.403,12.881,211.514,0.84,216.65,1.4e-05,-29960.450935152145,280629.2655142278,98520.81289788487,-318.31546700597465,2975.7369865326737,522.4880005364981,-0.07544360503041929,-0.0069513202266940684,-9.585622221145057,9.903267019227108,96.10572858744652,8.92736139563016,62.30797866249495,1.3502168631259171e-05,3108.69,22.013941004412178,-95395.79274166115,894929.071883922,360.7966459762183
3,Shahab_3,141.0,-10.981,-6.733,-10.981,-6.733,0.95967,0.96956,72.694,321.403,12.881,211.514,0.79,216.65,1.3e-05,-30278.803899163155,283604.9990960991,99038.50810229225,-318.39023617631113,2975.7302466743286,512.902423053043,-0.07409451075334428,-0.006534138332365734,-9.585533574337692,9.725078376294578,96.10716565389299,8.922563684624135,58.529469125718784,1.26970073107555e-05,3108.69,20.67896131460773,-95395.79274166115,894929.071883922,360.7966459762183
3,Shahab_3,142.0,-10.981,-6.733,-10.981,-6.733,0.95967,0.96956,72.694,321.403,12.881,211.514,0.743,216.65,1.2e-05,-30597.23095755576,286580.72614104213,99546.61777269842,-318.4636554855885,2975.723907303906,503.3169316882963,-0.07274378856132634,-0.006149820770248425,-9.585450032459564,9.54670053207196,96.10857620677315,8.917853149867243,55.04376838193836,1.1953459738207992e-05,3108.69,19.447433472109985,-95395.79274166115,894929.071883922,360.7966459762183
3,Shahab_3,143.0,-10.981,-6.733,-10.981,-6.733,0.95967,0.96956,72.694,321.403,12.881,211.514,0.701,216.65,1.1e-05,-30915.730759556718,289556.4470337043,100045.1419926294,-318.5357230383449,2975.7179370968793,493.7315212032916,-0.07139092003677538,-0.005795326811335308,-9.585371853482803,9.368136693361889,96.10996027351412,8.913229833482552,51.825606913113326,1.1266273337133843e-05,3108.69,18.31042954038029,-95395.79274166115,894929.071883922,360.7966459762183
3,Shahab_3,144.0,-10.981,-6.733,-10.981,-6.733,0.95967,0.96956,72.694,321.403,12.881,211.514,0.661,216.65,1.1e-05,-31234.301952261525,292532.16212878446,100534.08084023856,-318.6064364630218,2975.7123076266,484.1461861102983,-0.07003546711961041,-0.0054679136628478465,-9.585299286322355,9.18939006749507,96.11131786664399,8.908693783415194,48.85210844351926,1.0630687392097602e-05,3108.69,17.259867135829765,-95395.79274166115,894929.071883922,360.7966459762183
3,Shahab_3,145.0,-10.981,-6.733,-10.981,-6.733,0.95967,0.96956,72.694,321.403,12.881,211.514,0.625,216.65,1e-05,-31552.943180191098,295507.8717538981,101013.43438807919,-318.6757930006415,2975.7069930666257,474.5609206992686,-0.06867710172485364,-0.005165118694619311,-9.585232511553997,9.010463864113909,96.11264898607774,8.904245052634566,46.10254711401568,1.0042383690528532e-05,3108.69,16.28842363541432,-95395.79274166115,894929.071883922,360.7966459762183
3,Shahab_3,146.0,-10.981,-6.733,-10.981,-6.733,0.95967,0.96956,72.694,321.403,12.881,211.514,0.591,216.65,9e-06,-31871.653084961294,298483.5762120293,101483.20270291847,-318.74378962460196,2975.701969920785,464.9757191281965,-0.06731561518786613,-0.00488473795688092,-9.585171610082124,8.831361297970886,96.11395362194004,8.899883698450491,43.558130820722184,9.497442426305146e-06,3108.69,15.38945962833855,-95395.79274166115,894929.071883922,360.7966459762183
3,Shahab_3,147.0,-10.981,-6.733,-10.981,-6.733,0.95967,0.96956,72.694,321.403,12.881,211.514,0.559,216.65,9e-06,-32190.430305078367,301459.2757837183,101943.38584566,-318.8104231581033,2975.697216778095,455.390575529698,-0.06595091395610994,-0.004624802810274449,-9.585116552846202,8.652085591886642,96.11523175729332,8.895609781899882,41.201807752115656,8.992302774978415e-06,3108.69,14.556950563959884,-95395.79274166115,894929.071883922,360.7966459762183
3,Shahab_3,148.0,-10.981,-6.733,-10.981,-6.733,0.95967,0.96956,72.694,321.403,12.881,211.514,0.53,216.65,9e-06,-32509.273475841772,304434.9707290487,102393.98387137265,-318.87569038296164,2975.6927140879866,445.80548411855074,-0.06458300734717945,-0.004383556296580063,-9.585067204164433,8.472639979606459,96.1164833706612,8.891423367181634,39.01809351095024,8.523727619835368e-06,3108.69,13.785425672486452,-95395.79274166115,894929.071883922,360.7966459762183
3,Shahab_3,149.0,-10.981,-6.733,-10.981,-6.733,0.95967,0.96956,72.694,321.403,12.881,211.514,0.503,216.65,8e-06,-32828.18122935279,307410.6612893969,102834.99682942397,-318.93958813502184,2975.6884439608534,436.2204392939801,-0.06321199029707063,-0.0041594299731919785,-9.58502333449385,8.293027708432666,96.11770843824613,8.887324521150248,36.99291651586361,8.088771968772475e-06,3108.69,13.069913344044236,-95395.79274166115,894929.071883922,360.7966459762183
3,Shahab_3,150.0,-10.981,-6.733,-10.981,-6.733,0.95967,0.96956,72.694,321.403,12.881,211.514,0.478,216.65,8e-06,-33147.15219460827,310386.3476890068,103266.42476370966,-319.00211337988776,2975.684389990363,426.63543572432263,-0.06183802444197091,-0.003951022003333643,-9.584984638061929,8.113252041419468,96.11890693572843,8.883313312851511,35.11347964758898,7.684754655342067e-06,3108.69,12.405892247102134,-95395.79274166115,894929.071883922,360.7966459762183
3,Shahab_3,151.0,-10.981,-6.733,-10.981,-6.733,0.95967,0.96956,72.694,321.403,12.881,211.514,0.455,216.65,7e-06,-33466.18499766144,313362.0301364,103688.26771295915,-319.06326327063266,2975.6805370962657,417.0504684140485,-0.060461319461434605,-0.003757076921599531,-9.584950752327169,7.9333162591370625,96.12007883968131,8.879389813098408,33.36813634218701,7.309232964279537e-06,3108.69,11.789247551152592,-95395.79274166115,894929.071883922,360.7966459762183
3,Shahab_3,152.0,-10.981,-6.733,-10.981,-6.733,0.95967,0.96956,72.694,321.403,12.881,211.514,0.433,216.65,7e-06,-33785.27826182697,316337.7088256087,104100.5257110906,-319.1230351862854,2975.6768713899874,407.465532749851,-0.05908211602351645,-0.003576467314046268,-9.584921277188538,7.753223660941918,96.12122412857367,8.875554094093571,31.746279542238504,6.959979863113099e-06,3108.69,11.216231692219553,-95395.79274166115,894929.071883922,360.7966459762183
3,Shahab_3,153.0,-10.981,-6.733,-10.981,-6.733,0.95967,0.96956,72.694,321.403,12.881,211.514,0.413,216.65,7e-06,-34104.43060792198,319313.3839373201,104503.19878761256,-319.18142675575126,2975.6733800533307,397.88062452988726,-0.057700671001268904,-0.003408177519031694,-9.58489579246593,7.572977565857848,96.12234278346963,8.87180622907488,30.238242099890876,6.634963557789824e-06,3108.69,10.683429184404158,-95395.79274166115,894929.071883922,360.7966459762183
3,Shahab_3,154.0,-10.981,-6.733,-10.981,-6.733,0.95967,0.96956,72.694,321.403,12.881,211.514,0.394,216.65,6e-06,-34423.640654523,322289.0556399019,104896.2869680451,-319.2384358680726,2975.670051233026,388.2957399765489,-0.05631724529453945,-0.003251289324221024,-9.584873872983243,7.392581313070141,96.12343478843582,8.868146291993767,28.835207387281482,6.33232912230308e-06,3108.69,10.187725037783897,-95395.79274166115,894929.071883922,360.7966459762183
3,Shahab_3,155.0,-10.981,-6.733,-10.981,-6.733,0.95967,0.96956,72.694,321.403,12.881,211.514,0.376,216.65,6e-06,-34742.90701822414,325264.72409030795,105279.7902743401,-319.29406067113797,2975.666873951036,378.7108757346687,-0.05493209430894067,-0.0031049695763651366,-9.584855100904592,7.212038262071836,96.12450013069714,8.864574357228616,27.529129011725935,6.050381980537885e-06,3108.69,9.72627639310294,-95395.79274166115,894929.071883922,360.7966459762183
3,Shahab_3,156.0,-10.981,-6.733,-10.981,-6.733,0.95967,0.96956,72.694,321.403,12.881,211.514,0.36,216.65,6e-06,-35062.22831389263,328240.38943491585,105653.70872529977,-319.3482995625891,2975.6638380246172,369.1260288593332,-0.053545460849584114,-0.002968459552718114,-9.584839075307675,7.031351792557625,96.12553880062435,8.861090499319548,26.31265865798777,5.787573043450688e-06,3108.69,9.296487027829764,-95395.79274166115,894929.071883922,360.7966459762183
3,Shahab_3,157.0,-10.981,-6.733,-10.981,-6.733,0.95967,0.96956,72.694,321.403,12.881,211.514,0.345,216.65,6e-06,-35381.60315491867,331216.05181030993,106018.04233698905,-319.4011511739706,2975.6609339943134,359.54119679450673,-0.052157570049163986,-0.002841065888515619,-9.58482541933619,6.850525304094315,96.12655079157705,8.85769479272094,25.179081190362776,5.542485326703737e-06,3108.69,8.895984427169273,-95395.79274166115,894929.071883922,360.7966459762183
3,Shahab_3,158.0,-10.981,-6.733,-10.981,-6.733,0.95967,0.96956,72.694,321.403,12.881,211.514,0.33,216.65,5e-06,-35701.03015342717,334191.7113439317,106372.79112309079,-319.45261435203,2975.6581530665226,349.95637734725653,-0.05076862656949175,-0.0027221530149121338,-9.584813784549256,6.669562215644682,96.12753609966288,8.854387311594413,24.122256244924813,5.313821893340036e-06,3108.69,8.522599148104423,-95395.79274166115,894929.071883922,360.7966459762183
3,Shahab_3,159.0,-10.981,-6.733,-10.981,-6.733,0.95967,0.96956,72.694,321.403,12.881,211.514,0.317,216.65,5e-06,-36020.5079204896,337167.36815474206,106717.95509526576,-319.50268813726706,2975.655487056683,340.37156865772266,-0.049378812857116976,-0.0026111366941122998,-9.584803853819901,6.48846596498257,96.12849472344345,8.851168129602382,23.136565627496243,5.1003949831910386e-06,3108.69,8.174346234649915,-95395.79274166115,894929.071883922,360.7966459762183
3,Shahab_3,160.0,-10.981,-6.733,-10.981,-6.733,0.95967,0.96956,72.694,321.403,12.881,211.514,0.305,216.65,5e-06,-36340.03506630599,340143.02235380345,107053.53426346906,-319.5513717411954,2975.652928340908,330.7867691668514,-0.04798828873338558,-0.0025074786173917103,-9.584795342477602,6.307240008020615,96.1294266635985,8.848037319726258,22.216865909595136,4.901116205990772e-06,3108.69,7.849408469595496,-95395.79274166115,894929.071883922,360.7966459762183
3,Shahab_3,161.0,-10.981,-6.733,-10.981,-6.733,0.95967,0.96956,72.694,321.403,12.881,211.514,0.293,216.65,5e-06,-36659.61020036337,343118.67404481414,107379.52863623262,-319.59866452406783,2975.650469812788,321.2019775841069,-0.046597191885809096,-0.0024106818616065066,-9.584787998178253,6.125887818102008,96.13033192258865,8.844994954101317,21.35844568136868,4.714987688588635e-06,3108.69,7.546121271602247,-95395.79274166115,894929.071883922,360.7966459762183
3,Shahab_3,162.0,-10.981,-6.733,-10.981,-6.733,0.95967,0.96956,72.694,321.403,12.881,211.514,0.282,216.65,5e-06,-36979.23193157478,346094.32332460996,107695.93822091934,-319.6445659731685,2975.648104843632,311.617192855503,-0.045205638939725595,-0.002320287035470319,-9.584781599897825,5.9444128852684495,96.13121050432197,8.842041103863421,20.556986979986245,4.54109407858274e-06,3108.69,7.262959067524429,-95395.79274166115,894929.071883922,360.7966459762183
3,Shahab_3,163.0,-10.981,-6.733,-10.981,-6.733,0.95967,0.96956,72.694,321.403,12.881,211.514,0.272,216.65,4e-06,-37298.89886839529,349069.9702836207,108002.76302394342,-319.689075682496,2975.6458272468276,302.03241413310593,-0.043813726984742916,-0.002235869004003811,-9.584775956223105,5.762818715526265,96.13206241383882,8.839175839010153,19.808530464649003,4.378595317275448e-06,3108.69,6.998522988442962,-95395.79274166115,894929.071883922,360.7966459762183
3,Shahab_3,164.0,-10.981,-6.733,-10.981,-6.733,0.95967,0.96956,72.694,321.403,12.881,211.514,0.263,216.65,4e-06,-37618.60961891956,352045.61500629736,108300.00305096219,-319.7321933341064,2975.64363124494,292.44764074647395,-0.042421535339443574,-0.0021570340691092053,-9.584770903215798,5.581108830124057,96.13288765702276,8.836399228272622,19.1094439559309,4.22672010422622e-06,3108.69,6.751529754345892,-95395.79274166115,894929.071883922,360.7966459762183
3,Shahab_3,165.0,-10.981,-6.733,-10.981,-6.733,0.95967,0.96956,72.694,321.403,12.881,211.514,0.254,216.65,4e-06,-37938.362790961226,355021.2575715052,108587.65830704023,-319.7739186812696,2975.6415114395486,282.862872176354,-0.041029127441914316,-0.002083417518800194,-9.58476630201294,5.399286764849507,96.13368624034051,8.833711338997922,18.4563939985415,4.0847599840080146e-06,3108.69,6.520801627009647,-95395.79274166115,894929.071883922,360.7966459762183
3,Shahab_3,166.0,-10.981,-6.733,-10.981,-6.733,0.95967,0.96956,72.694,321.403,12.881,211.514,0.246,216.65,4e-06,-38258.156992116514,357996.89805288904,108865.72879678836,-319.81425153355354,2975.639462783365,273.27810803086794,-0.039636552762727824,-0.002014681470176348,-9.584762036309453,5.217356069352071,96.13445817061405,8.831112237040983,17.8463201432747,3.952063993171171e-06,3108.69,6.305257323591864,-95395.79274166115,894929.071883922,360.7966459762183
3,Shahab_3,167.0,-10.981,-6.733,-10.981,-6.733,0.95967,0.96956,72.694,321.403,12.881,211.514,0.238,216.65,4e-06,-38577.99082981384,360972.536519211,109134.2145244804,-319.8531917437867,2975.63748055436,263.69334802420656,-0.03824384866686257,-0.0019505129471094078,-9.584758009834491,5.035320306493825,96.13520345482452,8.828601986664815,17.27641167648904,3.828033811997388e-06,3108.69,6.103903794958037,-95395.79274166115,894929.071883922,360.7966459762183
3,Shahab_3,168.0,-10.981,-6.733,-10.981,-6.733,0.95967,0.96956,72.694,321.403,12.881,211.514,0.231,216.65,4e-06,-38897.86291135155,363948.17303466593,109393.11549414991,-319.89073919678395,2975.635560331609,254.1085919577292,-0.0368510421754351,-0.0018906221470947318,-9.584754143901579,4.853183051728243,96.1359220999461,8.826180650448192,16.74408655441947,3.7121193714797913e-06,3108.69,5.915828782993964,-95395.79274166115,894929.071883922,360.7966459762183
3,Shahab_3,169.0,-10.981,-6.733,-10.981,-6.733,0.95967,0.96956,72.694,321.403,12.881,211.514,0.224,216.65,4e-06,-39217.77184392443,366923.80765916547,109642.43170966757,-319.9268938000128,2975.6336979733273,244.5238397038669,-0.03545815159495373,-0.0018347408631766578,-9.58475037507987,4.670947892514892,96.13661411281261,8.823848289202138,16.24697232538292,3.6038148711776533e-06,3108.69,5.740194080258025,-95395.79274166115,894929.071883922,360.7966459762183
3,Shahab_3,170.0,-10.981,-6.733,-10.981,-6.733,0.95967,0.96956,72.694,321.403,12.881,211.514,0.218,216.65,4e-06,-39537.716234642634,369899.44044861005,109882.16317480589,-319.96165547551846,2975.631889595765,234.9390911917703,-0.034065187993087956,-0.001782621032866059,-9.584746653042966,4.488618427753338,96.13727950000624,8.82160496189071,15.782888845824546,3.50265516823579e-06,3108.69,5.576229423412724,-95395.79274166115,894929.071883922,360.7966459762183
3,Shahab_3,171.0,-10.981,-6.733,-10.981,-6.733,0.95967,0.96956,72.694,321.403,12.881,211.514,0.212,216.65,3e-06,-39857.69469054306,372875.07145513885,110112.30989329031,-319.99502415328595,2975.630131553597,225.35434639508568,-0.032672156516772154,-0.0017340333966166077,-9.584742938600346,4.306198267243318,96.13791826777073,8.81945072555806,15.349832616608975,3.408212502003876e-06,3108.69,5.423226959102593,-95395.79274166115,894929.071883922,360.7966459762183
3,Shahab_3,172.0,-10.981,-6.733,-10.981,-6.733,0.95967,0.96956,72.694,321.403,12.881,211.514,0.206,216.65,3e-06,-40177.70581859427,375850.70072735735,110332.87186883778,-320.02699976598456,2975.62842042189,215.76960532184336,-0.03127905755310614,-0.0016887662519590825,-9.58473920191816,4.12369103117174,96.13853042194764,8.817385635261775,14.945962584148505,3.320093522386399e-06,3108.69,5.280536227371531,-95395.79274166115,894929.071883922,360.7966459762183
3,Shahab_3,173.0,-10.981,-6.733,-10.981,-6.733,0.95967,0.96956,72.694,321.403,12.881,211.514,0.201,216.65,3e-06,-40497.74822569707,378826.3283105487,110543.84910518686,-320.0575822447175,2975.626752979129,206.18486800589815,-0.02988588773472779,-0.0016466242919259192,-9.584735420940628,3.941100349617584,96.13911596792967,8.815409744010765,14.569587267188407,3.237936593354841e-06,3108.69,5.1475596134461,-95395.79274166115,894929.071883922,360.7966459762183
3,Shahab_3,174.0,-10.981,-6.733,-10.981,-6.733,0.95967,0.96956,72.694,321.403,12.881,211.514,0.197,216.65,3e-06,-40817.82051868111,381801.95424687,110745.24160611986,-320.0867715157072,2975.6251261913617,196.60013449985692,-0.028492640800536515,-0.001607427521025266,-9.584731580001797,3.758429862074118,96.13967491062951,8.813523102707624,14.219153084587077,3.1614093460075633e-06,3108.69,5.023748223840572,-95395.79274166115,894929.071883922,360.7966459762183
3,Shahab_3,175.0,-10.981,-6.733,-10.981,-6.733,0.95967,0.96956,72.694,321.403,12.881,211.514,0.192,216.65,3e-06,-41137.921304298885,384777.57857552974,110937.04937547851,-320.1145674977988,2975.6235371975713,187.0154048693654,-0.027099308318567158,-0.001571010242672921,-9.584727668622161,3.575683216986577,96.14020725446187,8.81172576009577,13.89323377239154,3.090206458204404e-06,3108.69,4.908598147319315,-95395.79274166115,894929.071883922,360.7966459762183
3,Shahab_3,176.0,-10.981,-6.733,-10.981,-6.733,0.95967,0.96956,72.694,321.403,12.881,211.514,0.188,216.65,3e-06,-41458.049189217054,387753.2013329598,111119.2724171749,-320.1409701005293,2975.6219832953684,177.43067918828,-0.02570588030753659,-0.001537220118121187,-9.584723680451509,3.3928640712981046,96.14071300333556,8.810017762708396,13.590520790100522,3.0240476401699375e-06,3108.69,4.801647065347604,-95395.79274166115,894929.071883922,360.7966459762183
3,Shahab_3,177.0,-10.981,-6.733,-10.981,-6.733,0.95967,0.96956,72.694,321.403,12.881,211.514,0.184,216.65,3e-06,-41778.202780006635,390728.8225529636,111291.91073519763,-320.16597922290623,2975.6204619284126,167.84595753514068,-0.02431234572699946,-0.0015059172864607775,-9.58471961238865,3.2099760900106844,96.1411921606557,8.808399154823448,13.309814626424522,2.962675807582372e-06,3108.69,4.7024711803424,-95395.79274166115,894929.071883922,360.7966459762183
3,Shahab_3,178.0,-10.981,-6.733,-10.981,-6.733,0.95967,0.96956,72.694,321.403,12.881,211.514,0.181,216.65,3e-06,-42098.38068313208,393704.4422668531,111454.96433361463,-320.18959475256554,2975.618970674551,158.26123999035664,-0.022918692876402746,-0.0014769735478181638,-9.58471546383573,3.0270229457518374,96.14164472933153,8.806869978421417,13.050016924146162,2.9058554255703598e-06,3108.69,4.610682433318253,-95395.79274166115,894929.071883922,360.7966459762183
3,Shahab_3,179.0,-10.981,-6.733,-10.981,-6.733,0.95967,0.96956,72.694,321.403,12.881,211.514,0.177,216.65,3e-06,-42418.58150493957,396680.0605035824,111608.43321657444,-320.21181656523174,2975.617507234178,148.67652663390206,-0.021524909728634082,-0.0014502716094679628,-9.584711236055556,2.844008318344164,96.14207071178971,8.805430273144406,12.81012335205906,2.8533710087530215e-06,3108.69,4.5259259854824325,-95395.79274166115,894929.071883922,360.7966459762183
3,Shahab_3,180.0,-10.981,-6.733,-10.981,-6.733,0.95967,0.96956,72.694,321.403,12.881,211.514,0.174,216.65,3e-06,-42738.80385164491,399655.67728986224,111752.31738830457,-320.2326445245554,2975.6160694198697,139.09181754380054,-0.020130984177427345,-0.0014257043874703467,-9.58470693165182,2.660935894382357,96.14247010999225,8.804080076259572,12.589217159509088,2.805025764002102e-06,3108.69,4.447877940999302,-95395.79274166115,894929.071883922,360.7966459762183
3,Shahab_3,181.0,-10.981,-6.733,-10.981,-6.733,0.95967,0.96956,72.694,321.403,12.881,211.514,0.172,216.65,3e-06,-43059.04632932156,402631.29265026795,111886.61685310914,-320.2520784821208,2975.6146551464426,129.5071127949799,-0.01873690423173991,-0.0014031743653403113,-9.584702554134912,2.477809366811126,96.14284292545656,8.80281942262433,12.386463355816074,2.7606403639943954e-06,3108.69,4.376243290530295,-95395.79274166115,894929.071883922,360.7966459762183
3,Shahab_3,182.0,-10.981,-6.733,-10.981,-6.733,0.95967,0.96956,72.694,321.403,12.881,211.514,0.169,216.65,3e-06,-43379.3075438886,405606.906607337,112011.33161536537,-320.2701182776402,2975.6132624216852,119.92241245855362,-0.01734265815836007,-0.0013825930062156394,-9.584698107568371,2.2946324345052234,96.14318915927804,8.801648344654026,12.201103462986937,2.720051840880179e-06,3108.69,4.310754057322654,-95395.79274166115,894929.071883922,360.7966459762183
3,Shahab_3,183.0,-10.981,-6.733,-10.981,-6.733,0.95967,0.96956,72.694,321.403,12.881,211.514,0.167,216.65,3e-06,-43699.58610109902,408582.5191816574,112126.46167951942,-320.28676373926606,2975.6118893376665,110.33771660141896,-0.015948234582738745,-0.001363880216674617,-9.584693596283024,2.111408801849978,96.14350881215351,8.800566872291745,12.03245079565397,2.683112590529664e-06,3108.69,4.2511676295713166,-95395.79274166115,894929.071883922,360.7966459762183
3,Shahab_3,184.0,-10.981,-6.733,-10.981,-6.733,0.95967,0.96956,72.694,321.403,12.881,211.514,0.165,216.65,3e-06,-44019.880606528306,411558.1303919479,112232.0070500822,-320.30201468398417,2975.6105340625295,100.7530252861051,-0.014553622556590179,-0.0013469638601158959,-9.584689024646718,1.9281421783215054,96.14380188440538,8.799575032979948,11.879886227184308,2.649689478851242e-06,3108.69,4.1972652645492206,-95395.79274166115,894929.071883922,360.7966459762183
3,Shahab_3,185.0,-10.981,-6.733,-10.981,-6.733,0.95967,0.96956,72.694,321.403,12.881,211.514,0.163,216.65,3e-06,-44340.18966556356,414533.74025513016,112327.967731625,-320.3158709180633,2975.6091948327594,91.16833857083363,-0.013158811597967888,-0.0013317793174058594,-9.584684396881183,1.744836278066199,96.1440683760057,8.798672851633935,11.742854405460692,2.6196630426137034e-06,3108.69,4.1488507516103414,-95395.79274166115,894929.071883922,360.7966459762183
3,Shahab_3,186.0,-10.981,-6.733,-10.981,-6.733,0.95967,0.96956,72.694,321.403,12.881,211.514,0.161,216.65,3e-06,-44660.511883393,417509.34878639365,112414.34372877527,-320.3283322375317,2975.607869945868,81.58365650973928,-0.011763791710233982,-0.0013182690927787276,-9.584679716916307,1.5614948194788885,96.14430828660021,8.797860350616874,11.620860385979926,2.5929267780601852e-06,3108.69,4.105749222634611,-95395.79274166115,894929.071883922,360.7966459762183
3,Shahab_3,187.0,-10.981,-6.733,-10.981,-6.733,0.95967,0.96956,72.694,321.403,12.881,211.514,0.16,216.65,3e-06,-44980.84586499595,420484.95599925274,112491.13504621269,-320.3393984286656,2975.606557753451,71.99897915322205,-0.010368553384805726,-0.001306382462849078,-9.584674988274703,1.378121524779422,96.14452161553149,8.797137549716307,11.513466653709568,2.569386511385231e-06,3108.69,4.06780609982446,-95395.79274166115,894929.071883922,360.7966459762183
3,Shahab_3,188.0,-10.981,-6.733,-10.981,-6.733,0.95967,0.96956,72.694,321.403,12.881,211.514,0.159,216.65,3e-06,-45301.190215133334,423460.56190559774,112558.34168866566,-320.3490692684736,2975.6052566545695,62.4143065484022,-0.008973087592075019,-0.001296075166772463,-9.584670213979445,1.1947201195874382,96.14470836186175,8.796504466121972,11.42029050862452,2.5489598458661475e-06,3108.69,4.034886171992562,-95395.79274166115,894929.071883922,360.7966459762183
3,Shahab_3,189.0,-10.981,-6.733,-10.981,-6.733,0.95967,0.96956,72.694,321.403,12.881,211.514,0.157,216.65,3e-06,-45621.54353833863,426436.16651573934,112615.96366090825,-320.35734452516647,2975.6039650894313,52.82963873965851,-0.007577385764276182,-0.0012873091356267279,-9.584665396478968,1.0112943324952195,96.14486852439441,8.795961114404848,11.34100179305586,2.531575681104519e-06,3108.69,4.006872791614765,-95395.79274166115,894929.071883922,360.7966459762183
3,Shahab_3,190.0,-10.981,-6.733,-10.981,-6.733,0.95967,0.96956,72.694,321.403,12.881,211.514,0.157,216.65,3e-06,-45941.90443890933,429411.7698384459,112664.00096775778,-320.3642239586096,2975.602681533314,43.24497576923535,-0.0061814397734728495,-0.001280052259258639,-9.584660537583908,0.8278478946386212,96.14500210169514,8.795507506497284,11.275320941958338,2.5171738004499495e-06,3108.69,3.9836671859729513,-95395.79274166115,894929.071883922,360.7966459762183
3,Shahab_3,191.0,-10.981,-6.733,-10.981,-6.733,0.95967,0.96956,72.694,321.403,12.881,211.514,0.156,216.65,3e-06,-46262.27152089883,432387.37188097666,112702.4536140731,-320.36970732075036,2975.601404490709,33.66031767790885,-0.00478524190746161,-0.0012742781889179833,-9.584655638411144,0.6443845392661248,96.14510909211178,8.79514365167411,11.223017339976998,2.5057045232535936e-06,3108.69,3.965187876692637,-95395.79274166115,894929.071883922,360.7966459762183
3,Shahab_3,192.0,-10.981,-6.733,-10.981,-6.733,0.95967,0.96956,72.694,321.403,12.881,211.514,0.155,216.65,2e-06,-46582.643388108634,435362.97264910745,112731.32160475332,-320.3737943560216,2975.6001324896465,24.07566450570719,-0.003388784845910919,-0.0012699661741911456,-9.584650699330902,0.46090800130614534,96.14518949379347,8.794869556534644,11.183907971795092,2.4971284191391515e-06,3108.69,3.9513702028993682,-95395.79274166115,894929.071883922,360.7966459762183
3,Shahab_3,193.0,-10.981,-6.733,-10.981,-6.733,0.95967,0.96956,72.694,321.403,12.881,211.514,0.155,216.65,2e-06,-46903.0186440811,438338.5721471517,112750.60494473758,-320.3764848017228,2975.598864076164,14.491016292683867,-0.0019920616387539185,-0.0012671009328914793,-9.58464571991324,0.27742201693277946,96.14524330470921,8.794685224985466,11.15785635470275,2.491416081989699e-06,3108.69,3.942165944086113,-95395.79274166115,894929.071883922,360.7966459762183
3,Shahab_3,194.0,-10.981,-6.733,-10.981,-6.733,0.95967,0.96956,72.694,321.403,12.881,211.514,0.155,216.65,2e-06,-47223.39589209249,441314.1703779752,112760.30363900539,-320.377778388381,2975.597597808887,4.906373079745978,-0.0005950656885880003,-0.001265672552577869,-9.584640698870599,0.09393032313022329,96.14527052266561,8.7945906582239,11.144771744669994,2.4885479618361666e-06,3108.69,3.9375430396120796,-95395.79274166115,894929.071883922,360.7966459762183
3,Shahab_3,195.0,-10.981,-6.733,-10.981,-6.733,0.95967,0.96956,72.694,321.403,12.881,211.514,0.155,216.65,2e-06,-47543.7737351463,444289.76734300685,112760.41769257796,-320.3776748400965,2975.5963322536995,-4.6782650904562475,0.0008022092613865256,-0.0012656764235717322,-9.584635633993443,-0.08956334274384263,96.14527114532429,8.794585854722088,11.144608609456652,2.4885142533013365e-06,3108.69,3.9374854025479453,-95395.79274166115,894929.071883922,360.7966459762183
3,Shahab_3,196.0,-10.981,-6.733,-10.981,-6.733,0.95967,0.96956,72.694,321.403,12.881,211.514,0.155,216.65,2e-06,-47864.15077596711,447265.36304224265,112750.94711052047,-320.3761738748805,2975.595065978462,-14.262898172571925,0.0021997691327440977,-0.0012671132005733859,-9.584630522076276,-0.27305524339560894,96.14524517021903,8.794670810211596,11.157366364475259,2.491314839707838e-06,3108.69,3.941992826353966,-95395.79274166115,894929.071883922,360.7966459762183
3,Shahab_3,197.0,-10.981,-6.733,-10.981,-6.733,0.95967,0.96956,72.694,321.403,12.881,211.514,0.155,216.65,2e-06,-48184.52561699457,450240.9574742454,112731.89189794516,-320.373275204992,2975.593797547751,-23.847526117511674,0.003597619509200589,-0.001269988794182218,-9.584625358831644,-0.4565416420328498,96.14519259477277,8.794845517668419,11.183089369261157,2.4969592924039857e-06,3108.69,3.951080983632832,-95395.79274166115,894929.071883922,360.7966459762183
3,Shahab_3,198.0,-10.981,-6.733,-10.981,-6.733,0.95967,0.96956,72.694,321.403,12.881,211.514,0.156,216.65,3e-06,-48504.896860377885,453216.5506361385,112703.25206001576,-320.3689785372784,2975.5925255175966,-33.43214887131591,0.004995765625053401,-0.001274314392238152,-9.584620138789239,-0.640018802802596,96.1451134163148,8.795109967298368,11.22186718451871,2.5054669253018094e-06,3108.69,3.9647815169462897,-95395.79274166115,894929.071883922,360.7966459762183
3,Shahab_3,199.0,-10.981,-6.733,-10.981,-6.733,0.95967,0.96956,72.694,321.403,12.881,211.514,0.157,216.65,3e-06,-48825.26310797052,456192.142523595,112665.02760195285,-320.36328357353653,2975.591248430186,-43.016766373915395,0.006394212343974739,-0.0012801065081603242,-9.584614855178696,-0.8234829912283829,96.14500763209836,8.795464146522695,11.273835091829385,2.5168669050627017e-06,3108.69,3.9831422224324498,-95395.79274166115,894929.071883922,360.7966459762183
3,Shahab_3,200.0,-10.981,-6.733,-10.981,-6.733,0.95967,0.96956,72.694,321.403,12.881,211.514,0.157,216.65,3e-06,-49145.622961325374,459167.7331308211,112617.21852904077,-320.35619001089765,2975.5899648084956,-52.601378557764576,0.007792964127298065,-0.0012873870585718118,-9.584609499793451,-1.006930474646591,96.14487523931872,8.79590803996389,11.339174880242245,2.5311984178107483e-06,3108.69,4.006227327714917,-95395.79274166115,894929.071883922,360.7966459762183
3,Shahab_3,201.0,-10.981,-6.733,-10.981,-6.733,0.95967,0.96956,72.694,321.403,12.881,211.514,0.158,216.65,3e-06,-49465.97502169035,462143.3224505338,112559.82484663567,-320.34769754225,2975.5886731508426,-62.18598534632877,0.009192024991314147,-0.0012961834694039053,-9.584604062833831,-1.1903575226414245,96.14471623513248,8.796441629431591,11.418115906150744,2.5485108937084993e-06,3108.69,4.034117866366326,-95395.79274166115,894929.071883922,360.7966459762183
3,Shahab_3,202.0,-10.981,-6.733,-10.981,-6.733,0.95967,0.96956,72.694,321.403,12.881,211.514,0.16,216.65,3e-06,-49786.31789000428,465118.9104739339,112492.8465601755,-320.3378058567102,2975.5873719253086,-71.77058665240328,0.010591398453185791,-0.0013065288109982067,-9.584598532727577,-1.3737604074780272,96.14453061667757,8.797064893908463,11.510936435105593,2.5688642911974153e-06,3108.69,4.066912151982277,-95395.79274166115,894929.071883922,360.7966459762183
3,Shahab_3,203.0,-10.981,-6.733,-10.981,-6.733,0.95967,0.96956,72.694,321.403,12.881,211.514,0.161,216.65,3e-06,-50106.65016689345,468094.49719067285,112416.28367519149,-320.32651464015396,2975.5860595640147,-81.35518237624107,0.011991087465233832,-0.0013184619628339655,-9.584592895926129,-1.5571354045332246,96.1443183810951,8.797777809536,11.617965276553864,2.59232944319207e-06,3108.69,4.104726355748625,-95395.79274166115,894929.071883922,360.7966459762183
3,Shahab_3,204.0,-10.981,-6.733,-10.981,-6.733,0.95967,0.96956,72.694,321.403,12.881,211.514,0.163,216.65,3e-06,-50426.97045266868,471070.0825888138,112330.1361973217,-320.313823575819,2975.5847344572185,-90.93977240346372,0.013391094337649583,-0.0013320278087194692,-9.58458713667506,-1.7404787927233578,96.14407952555275,8.798580349600163,11.739583724948346,2.618988468027305e-06,3108.69,4.147695192251995,-95395.79274166115,894929.071883922,360.7966459762183
3,Shahab_3,205.0,-10.981,-6.733,-10.981,-6.733,0.95967,0.96956,72.694,321.403,12.881,211.514,0.165,216.65,3e-06,-50747.277347322946,474045.6666547864,112234.40413232708,-320.2997323449939,2975.5833949471707,-100.52435660271838,0.014791420650261775,-0.001347277463637179,-9.584581236757577,-1.9237868549284882,96.14381404727025,8.799472484516588,11.876227823266813,2.648935248496705e-06,3108.69,4.195972719200474,-95395.79274166115,894929.071883922,360.7966459762183
3,Shahab_3,206.0,-10.981,-6.733,-10.981,-6.733,0.95967,0.96956,72.694,321.403,12.881,211.514,0.167,216.65,3e-06,-51067.56945052985,477021.24937333603,112129.08748610932,-320.2842406277933,2975.5820393217855,-110.10893482308681,0.01619206715321686,-0.0013642685337763847,-9.584575175209846,-2.1070558784130173,96.14352194354703,8.800454181815615,12.028390967751202,2.6822759828954994e-06,3108.69,4.2497332577002,-95395.79274166115,894929.071883922,360.7966459762183
3,Shahab_3,207.0,-10.981,-6.733,-10.981,-6.733,0.95967,0.96956,72.694,321.403,12.881,211.514,0.169,216.65,3e-06,-51387.84536164299,479996.8307274664,112014.18626473192,-320.2673481040328,2975.580665808076,-119.69350689121309,0.01759303365783565,-0.001383065411639776,-9.584568928007538,-2.2902821552420836,96.14320321179204,8.80152540612692,12.196626875640442,2.7191298125955663e-06,3108.69,4.309172440780725,-95395.79274166115,894929.071883922,360.7966459762183
3,Shahab_3,208.0,-10.981,-6.733,-10.981,-6.733,0.95967,0.96956,72.694,321.403,12.881,211.514,0.172,216.65,3e-06,-51708.10367969591,482972.41069837485,111889.70047444434,-320.2490544542389,2975.5792725650927,-129.2780726080296,0.018994318920871396,-0.0014037396082841565,-9.584562467723421,-2.473461982691623,96.14285784955733,8.80268611916295,12.381552940872966,2.7596295313438567e-06,3108.69,4.374508398993365,-95395.79274166115,894929.071883922,360.7966459762183
3,Shahab_3,209.0,-10.981,-6.733,-10.981,-6.733,0.95967,0.96956,72.694,321.403,12.881,211.514,0.174,216.65,3e-06,-52028.343003403585,485947.9892653804,111755.63012170947,-320.2293593607603,2975.577857676653,-138.86263174518317,0.020395920522908412,-0.0014263701256935408,-9.584555763157503,-2.65659166365388,96.14248585457386,8.80393627970205,12.58385400621126,2.8039223821938715e-06,3108.69,4.445983093135025,-95395.79274166115,894929.071883922,360.7966459762183
3,Shahab_3,210.0,-10.981,-6.733,-10.981,-6.733,0.95967,0.96956,72.694,321.403,12.881,211.514,0.177,216.65,3e-06,-52348.56193116472,488923.5664058455,111611.97521323482,-320.2082625090042,2975.5764191436588,-148.447184041072,0.021797834744686957,-0.0014510438724547217,-9.584548778940265,-2.8396675070368316,96.1420872247906,8.805275843570591,12.804286584017714,2.852170948761269e-06,3108.69,4.5238638054843525,-95395.79274166115,894929.071883922,360.7966459762183
3,Shahab_3,211.0,-10.981,-6.733,-10.981,-6.733,0.95967,0.96956,72.694,321.403,12.881,211.514,0.181,216.65,3e-06,-52668.75906106551,491899.1420950883,111458.73575600798,-320.18576358879767,2975.57495487596,-158.03172919646514,0.023200056445730297,-0.0014778561266130127,-9.584541475111738,-3.022685828157079,96.14166195841683,8.806704763624015,13.043683562048493,2.904554148348548e-06,3108.69,4.608444802398899,-95395.79274166115,894929.071883922,360.7966459762183
3,Shahab_3,212.0,-10.981,-6.733,-10.981,-6.733,0.95967,0.96956,72.694,321.403,12.881,211.514,0.184,216.65,3e-06,-52988.93299088481,494874.71630628797,111295.91175733651,-320.1618622958665,2975.5734626837298,-167.6162668696933,0.024602578950838366,-0.0015069110503149615,-9.584533806680358,-3.205642949126139,96.14121005396773,8.80822298972662,13.30295943516985,2.9612683354196874e-06,3108.69,4.700049182725181,-95395.79274166115,894929.071883922,360.7966459762183
3,Shahab_3,213.0,-10.981,-6.733,-10.981,-6.733,0.95967,0.96956,72.694,321.403,12.881,211.514,0.188,216.65,3e-06,-53309.08231810082,497850.28901038,111123.50322489307,-320.1365583334213,2975.571940268304,-177.20079667139063,0.026005393951457092,-0.0015383222615739781,-9.584525723167285,-3.3885351992298745,96.14073151031303,8.809830468729952,13.583116108894867,3.0225285249342176e-06,3108.69,4.7990309282377694,-95395.79274166115,894929.071883922,360.7966459762183
3,Shahab_3,214.0,-10.981,-6.733,-10.981,-6.733,0.95967,0.96956,72.694,321.403,12.881,211.514,0.192,216.65,3e-06,-53629.20563989938,500825.86017594294,110941.51016676586,-320.1098514138292,2975.570385212411,-186.785318158778,0.02740849143073237,-0.0015722134694152164,-9.584517168143,-3.571358915301133,96.14022632672864,8.81152714444954,13.885249326149946,3.0885697461845512e-06,3108.69,4.905777174270784,-95395.79274166115,894929.071883922,360.7966459762183
3,Shahab_3,215.0,-10.981,-6.733,-10.981,-6.733,0.95967,0.96956,72.694,321.403,12.881,211.514,0.196,216.65,3e-06,-53949.30155318385,503801.4297690758,110749.93259151437,-320.08174126032696,2975.568794969866,-196.36983082955567,0.028811859617959356,-0.0016087191797470703,-9.584508078760862,-3.7541104420869513,96.13969450295,8.813312957640159,14.210555774776475,3.159648539033122e-06,3108.69,5.020710720858933,-95395.79274166115,894929.071883922,360.7966459762183
3,Shahab_3,216.0,-10.981,-6.733,-10.981,-6.733,0.95967,0.96956,72.694,321.403,12.881,211.514,0.201,216.65,3e-06,-54269.36865458719,506776.9977532602,110548.77050823417,-320.05222760883225,2975.567166854029,-205.9543341150518,0.030215485009138364,-0.0016479854796876822,-9.584498385327043,-3.9367861326046314,96.13913603922985,8.815187845967525,14.560340940013212,3.2360446058313937e-06,3108.69,5.144292807086601,-95395.79274166115,894929.071883922,360.7966459762183
3,Shahab_3,217.0,-10.981,-6.733,-10.981,-6.733,0.95967,0.96956,72.694,321.403,12.881,211.514,0.206,216.65,3e-06,-54589.40554048541,509752.56408921524,110338.02392662568,-320.0213102096087,2975.5654980260283,-215.53882737330193,0.031619352431639026,-0.0016901709111249278,-9.584488010879593,-4.119382348498671,96.13855093639374,8.817151743979354,14.936027773733398,3.318062633843942e-06,3108.69,5.2770261740033595,-95395.79274166115,894929.071883922,360.7966459762183
3,Shahab_3,218.0,-10.981,-6.733,-10.981,-6.733,0.95967,0.96956,72.694,321.403,12.881,211.514,0.212,216.65,3e-06,-54909.41080701239,512728.12873474206,110117.69285706998,-319.9889888288425,2975.5637854819824,-225.12330988168523,0.03302344518920037,-0.0017354474435508987,-9.584476870814836,-4.301895460392502,96.13793919589571,8.819204583073486,15.339166260517384,3.406034304705958e-06,3108.69,5.419458444399135,-95395.79274166115,894929.071883922,360.7966459762183
3,Shahab_3,219.0,-10.981,-6.733,-10.981,-6.733,0.95967,0.96956,72.694,321.403,12.881,211.514,0.218,216.65,4e-06,-55229.383050076896,515703.69164454826,109887.77731071498,-319.9552632500886,2975.5620260387814,-234.70778082897573,0.03442774532954442,-0.001784001558478407,-9.584464872609814,-4.484321848233359,96.13730081987461,8.821346291461753,15.771443969925935,3.5003205093423546e-06,3108.69,5.572185851012477,-95395.79274166115,894929.071883922,360.7966459762183
3,Shahab_3,220.0,-10.981,-6.733,-10.981,-6.733,0.95967,0.96956,72.694,321.403,12.881,211.514,0.224,216.65,4e-06,-55549.32086538035,518679.25277006294,109648.27729956726,-319.9201332753234,2975.5602163191115,-244.29223930740122,0.03583223402568998,-0.0018360354601465122,-9.584451915629137,-4.666657901641064,96.13663581120431,8.82357679413157,16.234697694713415,3.601313788895614e-06,3108.69,5.735857348410679,-95395.79274166115,894929.071883922,360.7966459762183
3,Shahab_3,221.0,-10.981,-6.733,-10.981,-6.733,0.95967,0.96956,72.694,321.403,12.881,211.514,0.231,216.65,4e-06,-55869.22284843566,521654.8120592341,109399.1928365928,-319.88359872556873,2975.558352735031,-253.8766843044653,0.03723689212091239,-0.0018917684278900828,-9.584437891073199,-4.848900020257436,96.13594417353862,8.82589601280324,16.73092628624532,3.7094410245659414e-06,3108.69,5.911179147852415,-95395.79274166115,894929.071883922,360.7966459762183
3,Shahab_3,222.0,-10.981,-6.733,-10.981,-6.733,0.95967,0.96956,72.694,321.403,12.881,211.514,0.238,216.65,4e-06,-56189.08759458631,524630.3694563085,109140.52393582596,-319.84565944087257,2975.5564314701537,-263.46111469482906,0.03864170086148818,-0.0019514383280459136,-9.584422682097417,-5.031044614102415,96.13522591134694,8.828303865883074,17.262304811307086,3.825166401902384e-06,3108.69,6.098919719009195,-95395.79274166115,894929.071883922,360.7966459762183
3,Shahab_3,223.0,-10.981,-6.733,-10.981,-6.733,0.95967,0.96956,72.694,321.403,12.881,211.514,0.246,216.65,4e-06,-56508.913699024975,527605.9249015953,108872.27061248607,-319.8063152794464,2975.5544484602437,-273.0455292324179,0.040046642852002594,-0.0020153033052067227,-9.584406164144394,-5.2130881039409305,96.13448102993692,8.83080026841183,17.83120016892662,3.9489946780260515e-06,3108.69,6.299915307522143,-95395.79274166115,894929.071883922,360.7966459762183
3,Shahab_3,224.0,-10.981,-6.733,-10.981,-6.733,0.95967,0.96956,72.694,321.403,12.881,211.514,0.254,216.65,4e-06,-56828.69975681092,530581.478331206,108594.43288310205,-319.7655661157235,2975.5523993719958,-282.6299265429764,0.041451703270542074,-0.0020836436748327527,-9.584388205536293,-5.395026921665753,96.13370953546021,8.833385132007761,18.44018832199774,4.081474783557468e-06,3108.69,6.515076023081725,-95395.79274166115,894929.071883922,360.7966459762183
3,Shahab_3,225.0,-10.981,-6.733,-10.981,-6.733,0.95967,0.96956,72.694,321.403,12.881,211.514,0.263,216.65,4e-06,-57148.444362884635,533557.0296767746,108307.010765644,-319.72341183705663,2975.5502795798348,-292.21430511737225,0.042856871379007046,-0.0021567640417680164,-9.58436866837402,-5.57685751070302,96.1329114348965,8.836058364803913,19.092073316608374,4.223203794704329e-06,3108.69,6.7453925591188355,-95395.79274166115,894929.071883922,360.7966459762183
3,Shahab_3,226.0,-10.981,-6.733,-10.981,-6.733,0.95967,0.96956,72.694,321.403,12.881,211.514,0.272,216.65,4e-06,-57468.146112078415,536532.5788651532,108010.00427966104,-319.67985233874185,2975.548084140458,-301.79866330597014,0.044262142364268744,-0.0022349956718599054,-9.584347409791809,-5.75857632644782,96.13208673600994,8.838819871378863,19.78990828229475,4.37483131509352e-06,3108.69,6.991943612373959,-95395.79274166115,894929.071883922,360.7966459762183
3,Shahab_3,227.0,-10.981,-6.733,-10.981,-6.733,0.95967,0.96956,72.694,321.403,12.881,211.514,0.282,216.65,5e-06,-57787.803599121,539508.1258180806,107703.41344642383,-319.63488751702465,2975.5458077648714,-311.382999314457,0.04566751954048751,-0.0023186991468752698,-9.584324283612451,-5.9401798367383565,96.13123544727242,8.841669552680349,20.53701862924941,4.537064311559311e-06,3108.69,7.255904078668873,-95395.79274166115,894929.071883922,360.7966459762183
3,Shahab_3,228.0,-10.981,-6.733,-10.981,-6.733,0.95967,0.96956,72.694,321.403,12.881,211.514,0.293,216.65,5e-06,-58107.415418634046,542483.6704518201,107387.23828907094,-319.5885172597109,2975.5434447876214,-320.96731120154055,0.04707301693501145,-0.002408267336301206,-9.584299142440207,-6.121664522378217,96.13035757774685,8.84460730594102,21.337027684127857,4.7106724532923835e-06,3108.69,7.538554110256088,-95395.79274166115,894929.071883922,360.7966459762183
3,Shahab_3,229.0,-10.981,-6.733,-10.981,-6.733,0.95967,0.96956,72.694,321.403,12.881,211.514,0.305,216.65,5e-06,-58426.98016511788,545459.212676768,107061.47883275567,-319.54074143399805,2975.540989132867,-330.5515968789678,0.048478662266733835,-0.0025041287234016133,-9.584271840214717,-6.303026877716908,96.12945313692381,8.847633024585468,22.193885034906103,4.896494009587783e-06,3108.69,7.841289130299088,-95395.79274166115,894929.071883922,360.7966459762183
3,Shahab_3,230.0,-10.981,-6.733,-10.981,-6.733,0.95967,0.96956,72.694,321.403,12.881,211.514,0.317,216.65,5e-06,-58746.49643292342,548434.752397024,106726.1351047921,-319.49155987113426,2975.538434276944,-340.13585411433064,0.049884500305625176,-0.0026067511270472478,-9.584242235226052,-6.484263411299304,96.12852213450489,8.850746598127772,23.11189788764166,5.095442367983074e-06,3108.69,8.1656309114838,-95395.79274166115,894929.071883922,360.7966459762183
3,Shahab_3,231.0,-10.981,-6.733,-10.981,-6.733,0.95967,0.96956,72.694,321.403,12.881,211.514,0.33,216.65,5e-06,-59065.96281620721,551410.2895099228,106381.20713479636,-319.4409723475432,2975.5357732069897,-349.7200805371043,0.051290596573748175,-0.0027166458655987014,-9.584210193557173,-6.665370646594572,96.12756458012682,8.853947912058528,24.095765774479148,5.308513241950702e-06,3108.69,8.5132398386534,-95395.79274166115,894929.071883922,360.7966459762183
3,Shahab_3,232.0,-10.981,-6.733,-10.981,-6.733,0.95967,0.96956,72.694,321.403,12.881,211.514,0.344,216.65,6e-06,-59385.37790886546,554385.8239055234,106026.69495482036,-319.3889785621054,2975.53299837515,-359.30427364831127,0.052697041309378245,-0.002834372413923627,-9.584175592872034,-6.846345122814233,96.12658048302102,8.857236847720323,25.1506189933494,5.53679264560487e-06,3108.69,8.885928489882295,-95395.79274166115,894929.071883922,360.7966459762183
3,Shahab_3,233.0,-10.981,-6.733,-10.981,-6.733,0.95967,0.96956,72.694,321.403,12.881,211.514,0.36,216.65,6e-06,-59704.74030444291,557361.3554660452,105662.598599474,-319.3355781092614,2975.530101647629,-368.8884308341705,0.05410395355487748,-0.002960543609452177,-9.584138326392832,-7.027183395829295,96.1255698516043,8.860613282169803,26.282061206159632,5.7814657222280175e-06,3108.69,9.285676686780528,-95395.79274166115,894929.071883922,360.7966459762183
3,Shahab_3,234.0,-10.981,-6.733,-10.981,-6.733,0.95967,0.96956,72.694,321.403,12.881,211.514,0.376,216.65,6e-06,-60024.0485960139,560336.8840652581,105288.91810603133,-319.28077044831247,2975.5270742487182,-378.4725493835599,0.05551148520193147,-0.0030958314673838086,-9.584098306858369,-7.207882039184257,96.12453269300693,8.864077088027088,27.496216674592333,6.043826523954967e-06,3108.69,9.714648183304945,-95395.79274166115,894929.071883922,360.7966459762183
3,Shahab_3,235.0,-10.981,-6.733,-10.981,-6.733,0.95967,0.96956,72.694,321.403,12.881,211.514,0.393,216.65,6e-06,-60343.301376031515,563312.4095678166,104905.65351451615,-319.2245548690175,2975.5239066990507,-388.05662650918543,0.05691982472601933,-0.0032409736680091184,-9.584055470128423,-7.388437645209189,96.12346901254215,8.867628133310713,28.799782671673388,6.325288851831498e-06,3108.69,10.17520918321383,-95395.79274166115,894929.071883922,360.7966459762183
3,Shahab_3,236.0,-10.981,-6.733,-10.981,-6.733,0.95967,0.96956,72.694,321.403,12.881,211.514,0.412,216.65,7e-06,-60662.49723613721,566287.9318285113,104512.80486776817,-319.16693045290504,2975.5205887454213,-397.64065937244715,0.05832920018745424,-0.0033967807788574233,-9.584009777923823,-7.568846826238089,96.12237881311066,8.871266281250447,30.200087673945227,6.627398278868369e-06,3108.69,10.669948899858671,-95395.79274166115,894929.071883922,360.7966459762183
3,Shahab_3,237.0,-10.981,-6.733,-10.981,-6.733,0.95967,0.96956,72.694,321.403,12.881,211.514,0.432,216.65,7e-06,-60981.6347669324,569263.4506914566,104110.37221148136,-319.1078960327343,2975.517109283954,-407.22464510997645,0.05973988109210864,-0.0035641442656362903,-9.58396121911771,-7.749106215892935,96.12126209458351,8.874991390083508,31.70515601464128,6.9518454938611545e-06,3108.69,11.20170239870287,-95395.79274166115,894929.071883922,360.7966459762183
3,Shahab_3,238.0,-10.981,-6.733,-10.981,-6.733,0.95967,0.96956,72.694,321.403,12.881,211.514,0.454,216.65,7e-06,-61300.71255768323,572238.9659890037,103698.35559425838,-319.047450145711,2975.513456259247,-416.808580861073,0.06115217828049338,-0.00374404533994056,-9.583909808635273,-7.929212470467319,96.1201188531148,8.878803312782386,33.32377976302854,7.3004811208189165e-06,3108.69,11.773575992907361,-95395.79274166115,894929.071883922,360.7966459762183
3,Shahab_3,239.0,-10.981,-6.733,-10.981,-6.733,0.95967,0.96956,72.694,321.403,12.881,211.514,0.477,216.65,8e-06,-61619.72919605551,575214.4775411496,103276.75506750081,-318.9855910035393,2975.509616602233,-426.39246379116736,0.06256644183291042,-0.0039375646240893646,-9.583855583245732,-8.109162270154048,96.11894908069527,8.882701896901223,35.06559869435148,7.67533218839131e-06,3108.69,12.388975497394767,-95395.79274166115,894929.071883922,360.7966459762183
3,Shahab_3,240.0,-10.981,-6.733,-10.981,-6.733,0.95967,0.96956,72.694,321.403,12.881,211.514,0.502,216.65,8e-06,-61938.6832677656,578189.985154417,102845.57068538925,-318.9223164543785,2975.505576121356,-435.97629110972645,0.06398305580510481,-0.0041458926973551875,-9.583798593365605,-8.288952320309754,96.11775276464692,8.886686984284854,36.94118931966354,8.078620445241988e-06,3108.69,13.051637683849254,-95395.79274166115,894929.071883922,360.7966459762183
3,Shahab_3,241.0,-10.981,-6.733,-10.981,-6.733,0.95967,0.96956,72.694,321.403,12.881,211.514,0.529,216.65,9e-06,-62257.57335616822,581165.4886203944,102404.8025049018,-318.8576239462622,2975.501319365025,-445.56006007767684,0.06540242871568612,-0.004370341434637948,-9.583738889212166,-8.468579352630732,96.1165298872037,8.890758410693316,38.96216407194898,8.51278274234918e-06,3108.69,13.765665324020445,-95395.79274166115,894929.071883922,360.7966459762183
3,Shahab_3,242.0,-10.981,-6.733,-10.981,-6.733,0.95967,0.96956,72.694,321.403,12.881,211.514,0.558,216.65,9e-06,-62576.3980419509,584140.9877150429,101954.45058565678,-318.7915105244443,2975.4968295462504,-455.1437679966424,0.0668249812521464,-0.004612356098460962,-9.583676502120749,-8.648040125840764,96.11528042561044,8.894916005610792,41.14128188885396,8.980493731525803e-06,3108.69,14.535566259546778,-95395.79274166115,894929.071883922,360.7966459762183
3,Shahab_3,243.0,-10.981,-6.733,-10.981,-6.733,0.95967,0.96956,72.694,321.403,12.881,211.514,0.59,216.65,9e-06,-62895.15590246385,587116.4821957885,101494.51499012909,-318.7239727912536,2975.4920882771457,-464.7274121797188,0.06825112158729664,-0.004873527512891676,-9.58361141016224,-8.827331426611584,96.11400435189577,8.899159591486457,43.4925715799827,9.484691160586247e-06,3108.69,15.366296988674845,-95395.79274166115,894929.071883922,360.7966459762183
3,Shahab_3,244.0,-10.981,-6.733,-10.981,-6.733,0.95967,0.96956,72.694,321.403,12.881,211.514,0.624,216.65,1e-05,-63213.84551150789,590091.9718011512,101024.99578344732,-318.65500696320913,2975.487075526455,-474.3109898774788,0.06968122293980553,-0.005155604890732911,-9.58354350327639,-9.006450069045115,96.11270163404068,8.9034889836299,46.03146957195406,1.0028604083128181e-05,3108.69,16.26331133276431,-95395.79274166115,894929.071883922,360.7966459762183
3,Shahab_3,245.0,-10.981,-6.733,-10.981,-6.733,0.95967,0.96956,72.694,321.403,12.881,211.514,0.66,216.65,1.1e-05,-63532.4654389774,593067.456249023,100545.89303351581,-318.584608922254,2975.481769454386,-483.89449816546977,0.07111559324678636,-0.005460508694139991,-9.583472537033014,-9.185392893817113,96.11137223728514,8.907903989729954,48.77497380477795,1.0615784340470247e-05,3108.69,17.23261480919202,-95395.79274166115,894929.071883922,360.7966459762183
3,Shahab_3,246.0,-10.981,-6.733,-10.981,-6.733,0.95967,0.96956,72.694,321.403,12.881,211.514,0.7,216.65,1.1e-05,-63851.01425048329,596042.935234307,100057.20681134205,-318.512774286269,2975.4761461965154,-493.4779337844562,0.072554438123375,-0.005790343269514912,-9.583398075212706,-9.364156766645545,96.11001612590485,8.912404409206237,51.74181580175537,1.12501417207886e-05,3108.69,18.280825425117307,-95395.79274166115,894929.071883922,360.7966459762183
3,Shahab_3,247.0,-10.981,-6.733,-10.981,-6.733,0.95967,0.96956,72.694,321.403,12.881,211.514,0.742,216.65,1.2e-05,-64169.490507175164,599018.4084269714,99558.93719144767,-318.4394985342584,2975.4701796880654,-503.06129291771765,0.07399782346654947,-0.006147409599669395,-9.583319427780111,-9.542738575521206,96.10863326594583,8.91699003265736,54.95265320464366,1.1935983253682926e-05,3108.69,19.41524170180017,-95395.79274166115,894929.071883922,360.7966459762183
3,Shahab_3,248.0,-10.981,-6.733,-10.981,-6.733,0.95967,0.96956,72.694,321.403,12.881,211.514,0.788,216.65,1.3e-05,-64487.89276567816,601993.8754697442,99051.08425256486,-318.36477716477,2975.4638414602455,-512.6445709045431,0.07544563931914666,-0.0065342185123185605,-9.583235586009192,-9.721135226898904,96.1072236286478,8.92166064119773,58.430285364382264,1.2678057158462377e-05,3108.69,20.643918844645984,-95395.79274166115,894929.071883922,360.7966459762183
3,Shahab_3,249.0,-10.981,-6.733,-10.981,-6.733,0.95967,0.96956,72.694,321.403,12.881,211.514,0.838,216.65,1.3e-05,-64806.21957820322,604969.3359755871,98533.64807865265,-318.2886058865409,2975.4571004220884,-522.2277618904433,0.07689757121351787,-0.006953505371999402,-9.583145161735416,-9.899343640835031,96.10578719451026,8.92641600571791,62.199894928487296,1.3481602033443732e-05,3108.69,21.97575409809526,-95395.79274166115,894929.071883922,360.7966459762183
3,Shahab_3,250.0,-10.981,-6.733,-10.981,-6.733,0.95967,0.96956,72.694,321.403,12.881,211.514,0.893,216.65,1.4e-05,-65124.46949286322,607944.7895249642,98006.62876028792,-318.2109808312591,2975.449922627698,-531.8108584226982,0.07835308717227724,-0.007408248033178261,-9.5830463405456,-10.07736074524962,96.10432395780812,8.9312558860659,66.28931876248804,1.4352401951959434e-05,3108.69,23.420582464480983,-95395.79274166115,894929.071883922,360.7966459762183
3,Shahab_3,251.0,-10.981,-6.733,-10.981,-6.733,0.95967,0.96956,72.694,321.403,12.881,211.514,0.951,216.65,1.5e-05,-65442.64105420321,610920.2356628499,97470.02639648509,-318.1318987675553,2975.442271021455,-541.3938510105086,0.07981145055142436,-0.0079016906786292,-9.582936861731262,-10.255183469716247,96.10283393117516,8.936180030128483,70.72935199546292,1.5296848220216613e-05,3108.69,24.989284125913194,-95395.79274166115,894929.071883922,360.7966459762183
3,Shahab_3,252.0,-10.981,-6.733,-10.981,-6.733,0.95967,0.96956,72.694,321.403,12.881,211.514,1.015,216.65,1.6e-05,-65760.73280390687,613895.6738948193,96923.84109717104,-318.05135729845074,2975.434105099462,-550.9767276417788,0.08127177422339964,-0.008437377275342568,-9.58281404423322,-10.432808738863114,96.10131715004195,8.941188172623788,75.55408949271015,1.6322008653880662e-05,3108.69,26.693905089489853,-95395.79274166115,894929.071883922,360.7966459762183
3,Shahab_3,253.0,-10.981,-6.733,-10.981,-6.733,0.95967,0.96956,72.694,321.403,12.881,211.514,1.084,216.65,1.7e-05,-66078.7432817625,616871.1036848151,96368.07298548592,-317.96935493549296,2975.425380704508,-560.5594734891016,0.08273311671183453,-0.00901919812809137,-9.582674866491665,-10.610233469019025,96.09977367445316,8.946280034320731,80.80130967413568,1.7435705348822052e-05,3108.69,28.547792793611325,-95395.79274166115,894929.071883922,360.7966459762183
3,Shahab_3,254.0,-10.981,-6.733,-10.981,-6.733,0.95967,0.96956,72.694,321.403,12.881,211.514,1.16,216.65,1.9e-05,-66396.67102654898,619846.5244511248,95802.72220077946,-317.88589108107163,2975.416049633815,-570.1420706315783,0.08419463739549576,-0.009651453174359349,-9.582516119143163,-10.787454565938699,96.09820358951676,8.951455320689808,86.51290623462475,1.8646602051866457e-05,3108.69,30.565748638474794,-95395.79274166115,894929.071883922,360.7966459762183
3,Shahab_3,255.0,-10.981,-6.733,-10.981,-6.733,0.95967,0.96956,72.694,321.403,12.881,211.514,1.242,216.65,2e-05,-66714.5145767828,622821.9355611795,95227.78890203209,-317.80096584476496,2975.406059109771,-579.7244979192702,0.08565581812735659,-0.010338935781459474,-9.58233464613411,-10.964468925870571,96.09660700297025,8.956713720180987,92.73537412191446,1.9964302391642895e-05,3108.69,32.76419968620711,-95395.79274166115,894929.071883922,360.7966459762183
3,Shahab_3,256.0,-10.981,-6.733,-10.981,-6.733,0.95967,0.96956,72.694,321.403,12.881,211.514,1.331,216.65,2.1e-05,-67032.27247123481,625797.3363288677,94643.27327015478,-317.7145795782754,2975.395351426862,-589.3067312927595,0.08711671450841159,-0.011087034883411753,-9.582127639286634,-11.1412734446773,96.09498403702837,8.962054903179858,99.52035705265519,2.1399460407629183e-05,3108.69,35.161392102965394,-95395.79274166115,894929.071883922,360.7966459762183
3,Shahab_3,257.0,-10.981,-6.733,-10.981,-6.733,0.95967,0.96956,72.694,321.403,12.881,211.514,1.428,216.65,2.3e-05,-67349.94324889156,628772.7260041276,94049.17551283602,-317.6267321710659,2975.383862830744,-598.8887440468282,0.08857832672272006,-0.011901870460464042,-9.581893105814716,-11.317865028914593,96.09333481723348,8.967478518682412,106.92526472828933,2.2963905003419634e-05,3108.69,37.777609226578335,-95395.79274166115,894929.071883922,360.7966459762183
3,Shahab_3,258.0,-10.981,-6.733,-10.981,-6.733,0.95967,0.96956,72.694,321.403,12.881,211.514,1.534,216.65,2.5e-05,-67667.52544795416,631748.10377098,93445.4958648989,-317.53742193839616,2975.371523121942,-608.4705080806817,0.09004284218763291,-0.012790430221386803,-9.581630212211277,-11.494240622858511,96.09165945206757,8.972984193527555,115.01396936415378,2.4670780205455847e-05,3108.69,40.63541765622681,-95395.79274166115,894929.071883922,360.7966459762183
3,Shahab_3,259.0,-10.981,-6.733,-10.981,-6.733,0.95967,0.96956,72.694,321.403,12.881,211.514,1.65,216.65,2.7e-05,-67985.01760360743,634723.4687406356,92832.23458900578,-317.446644314582,2975.358254708164,-618.0519952405117,0.09151381442993502,-0.01376071591472215,-9.581339576981016,-11.670397239363046,96.08995800997265,8.97857153012276,123.85759218847848,2.6534703345291128e-05,3108.69,43.7599451292572,-95395.79274166115,894929.071883922,360.7966459762183
3,Shahab_3,260.0,-10.981,-6.733,-10.981,-6.733,0.95967,0.96956,72.694,321.403,12.881,211.514,1.777,216.65,2.9e-05,-68302.41824445932,637698.8199419545,92209.39197563165,-317.354390485834,2975.3439713759963,-627.6331787452933,0.09299617089849321,-0.01482188690050157,-9.581023379083451,-11.846331993479227,96.08823049578464,8.984240103485615,133.53539226208116,2.857194359855803e-05,3108.69,47.17919454877054,-95395.79274166115,894929.071883922,360.7966459762183
3,Shahab_3,261.0,-10.981,-6.733,-10.981,-6.733,0.95967,0.96956,72.694,321.403,12.881,211.514,1.915,216.65,3.1e-05,-68619.72588735726,640674.1563112299,91576.96834103031,-317.26064605163856,2975.3285769586128,-637.2140347247704,0.09449585669932656,-0.01598437142674852,-9.580685029062137,-12.022042138723995,96.08647682791486,8.989989458159828,144.13577176160706,3.08006236638435e-05,3108.69,50.92439915877673,-95395.79274166115,894929.071883922,360.7966459762183
3,Shahab_3,262.0,-10.981,-6.733,-10.981,-6.733,0.95967,0.96956,72.694,321.403,12.881,211.514,2.067,216.65,3.3e-05,-68936.93903195676,643649.4766849619,90934.96402304679,-317.16539055890854,2975.3119643885334,-646.7945429399263,0.09601910883850058,-0.017259927735397366,-9.580328328129584,-12.197525086717626,96.08469683135998,8.995819106090638,155.7574139380217,3.3240947762924145e-05,3108.69,55.03042459464882,-95395.79274166115,894929.071883922,360.7966459762183
3,Shahab_3,263.0,-10.981,-6.733,-10.981,-6.733,0.95967,0.96956,72.694,321.403,12.881,211.514,2.234,216.65,3.6e-05,-69254.05615552474,646624.7797914421,90283.3793772489,-317.0685979126208,2975.2940147081413,-656.3746864066204,0.09757138622900621,-0.018661643855907798,-9.579956128538276,-12.372778406733227,96.08289024748088,9.001728524008303,168.51057220624816,3.591545959407174e-05,3108.69,59.53622432950138,-95395.79274166115,894929.071883922,360.7966459762183
3,Shahab_3,264.0,-10.981,-6.733,-10.981,-6.733,0.95967,0.96956,72.694,321.403,12.881,211.514,2.416,216.65,3.9e-05,-69571.07570520097,649600.0642249532,89622.2147766745,-316.9702372033526,2975.2745943763853,-665.9544498651937,0.09915559364219138,-0.020203787797138273,-9.579568026497416,-12.547799811182454,96.08105675517074,9.00771714533587,182.51853132922685,3.884933439078346e-05,3108.69,64.48535592299805,-95395.79274166115,894929.071883922,360.7966459762183
3,Shahab_3,265.0,-10.981,-6.733,-10.981,-6.733,0.95967,0.96956,72.694,321.403,12.881,211.514,2.616,216.65,4.2e-05,-69887.99609667936,652575.3284409107,88951.47061017586,-316.87027657931867,2975.253555288571,-675.5338150748801,0.10077053923283757,-0.021901586938879537,-9.579158047226873,-12.72258707180755,96.07919604448212,9.013784358652565,197.91926555607824,4.2070709880075596e-05,3108.69,69.92656685572585,-95395.79274166115,894929.071883922,360.7966459762183
3,Shahab_3,266.0,-10.981,-6.733,-10.981,-6.733,0.95967,0.96956,72.694,321.403,12.881,211.514,2.837,216.65,4.6e-05,-70204.81571572917,655550.570741097,88271.14728870985,-316.76868809069674,2975.230733973774,-685.1127540611403,0.102409865091905,-0.023770996235912823,-9.578712718822816,-12.897137902109957,96.07730791043895,9.019929502517954,214.86732114573653,4.561106157397126e-05,3108.69,75.91445964087266,-95395.79274166115,894929.071883922,360.7966459762183
3,Shahab_3,267.0,-10.981,-6.733,-10.981,-6.733,0.95967,0.96956,72.694,321.403,12.881,211.514,3.079,216.65,5e-05,-70521.53292397023,658525.7892545501,87581.24525949475,-316.6654526522071,2975.205950552632,-694.6912213480491,0.10406215747626478,-0.025828618658888396,-9.578210405277147,-13.071449823360629,96.07539234958945,9.026151858628772,233.53595535204892,4.950562866243413e-05,3108.69,82.51024754593092,-95395.79274166115,894929.071883922,360.7966459762183
3,Shahab_3,268.0,-10.981,-6.733,-10.981,-6.733,0.95967,0.96956,72.694,321.403,12.881,211.514,3.345,216.65,5.4e-05,-70838.14607033311,661500.9819187766,86881.76502863709,-316.56056448631017,2975.179007812934,-704.2691459723951,0.10571336532743965,-0.028092097995919454,-9.577623382741741,-13.245520027717992,96.07344964643414,9.032450644612283,254.1195687141851,5.379389770001946e-05,3108.69,89.78261394167225,-95395.79274166115,894929.071883922,360.7966459762183
3,Shahab_3,269.0,-10.981,-6.733,-10.981,-6.733,0.95967,0.96956,72.694,321.403,12.881,211.514,3.639,216.65,5.9e-05,-71154.65350491345,664476.1464687441,86172.70718603705,-316.45403104871167,2975.1496902850736,-713.8464287677972,0.10735152876804747,-0.030581196607929635,-9.57692310054548,-13.41934534028523,96.07148037383067,9.038825008644434,276.83647332312347,5.852015239414055e-05,3108.69,97.80869035433956,-95395.79274166115,894929.071883922,360.7966459762183
3,Shahab_3,270.0,-10.981,-6.733,-10.981,-6.733,0.95967,0.96956,72.694,321.403,12.881,211.514,3.964,216.65,6.4e-05,-71471.0535893423,667451.2804232981,85454.07242899886,-316.34586749785234,2975.1177618494503,-723.422946163661,0.10897308071380533,-0.033319507939233356,-9.576087955686269,-13.592922308693975,96.06948529247038,9.04527402263245,301.9320459009572,6.373409904954997e-05,3108.69,106.67517047549477,-95395.79274166115,894929.071883922,360.7966459762183
3,Shahab_3,271.0,-10.981,-6.733,-10.981,-6.733,0.95967,0.96956,72.694,321.403,12.881,211.514,4.322,216.65,6.9e-05,-71787.3447005114,670426.3810357322,84725.86159466,-316.2360857793851,2975.082958359969,-732.9985589425467,0.11059107112393733,-0.03633690779819308,-9.575114372783338,-13.766247407070328,96.06746515787559,9.051796663345606,329.68232085964183,6.949157856911497e-05,3108.69,116.4795796203611,-95395.79274166115,894929.071883922,360.7966459762183
3,Shahab_3,272.0,-10.981,-6.733,-10.981,-6.733,0.95967,0.96956,72.694,321.403,12.881,211.514,4.717,216.65,7.6e-05,-72103.52521787422,673401.4452833845,83988.07565591481,-316.12467523815474,2975.0449823402564,-742.5731361593437,0.11223799486713801,-0.03967140123005014,-9.57402281423434,-13.939317509505843,96.06542036180187,9.058391808184528,360.3980916111071,7.585537802179559e-05,3108.69,127.33172375571264,-95395.79274166115,894929.071883922,360.7966459762183
3,Shahab_3,273.0,-10.981,-6.733,-10.981,-6.733,0.95967,0.96956,72.694,321.403,12.881,211.514,5.155,216.65,8.3e-05,-72419.59349131271,676376.4698301388,83240.71570082496,-316.0115845729702,2975.0034943838377,-752.1465788678574,0.11396027607088177,-0.04336950755286664,-9.572853907467145,-14.112130372571317,96.06335060580933,9.065058223229856,394.42959380950975,8.289615636457461e-05,3108.69,139.35534412936002,-95395.79274166115,894929.071883922,360.7966459762183
3,Shahab_3,274.0,-10.981,-6.733,-10.981,-6.733,0.95967,0.96956,72.694,321.403,12.881,211.514,5.64,216.65,9.1e-05,-72735.54779476156,679351.4509723821,82483.78289518849,-315.89671530620484,2974.9581045899504,-761.718831882529,0.11580082491186774,-0.04748413217452956,-9.571648832430553,-14.28468489604086,96.061254793966,9.071794547556815,432.1718578960837,9.069350130744512e-05,3108.69,152.69000836995912,-95395.79274166115,894929.071883922,360.7966459762183
3,Shahab_3,275.0,-10.981,-6.733,-10.981,-6.733,0.95967,0.96956,72.694,321.403,12.881,211.514,6.178,216.65,9.9e-05,-73051.38628643402,682326.3845913046,81717.27844308504,-315.7799387163819,2974.9083691491946,-771.2898676133657,0.11777349882131402,-0.052069733115843515,-9.570416412130568,-14.456980847478018,96.0591313619224,9.078599279416434,474.07083156064556,9.93371368012942e-05,3108.69,167.49327360495028,-95395.79274166115,894929.071883922,360.7966459762183
3,Shahab_3,276.0,-10.981,-6.733,-10.981,-6.733,0.95967,0.96956,72.694,321.403,12.881,211.514,6.774,216.65,0.000109,-73367.10699680449,685301.2660972024,80941.20358188388,-315.6611364432652,2974.8537915314346,-780.8596368324371,0.11984145150838375,-0.05717623225185251,-9.569101779513158,-14.62901796357307,96.05697904755122,9.085470757176925,520.6303857060211,0.00010892830332223911,3108.69,183.9431617276248,-95395.79274166115,894929.071883922,360.7966459762183
3,Shahab_3,277.0,-10.981,-6.733,-10.981,-6.733,0.95967,0.96956,72.694,321.403,12.881,211.514,7.437,216.65,0.00012,-73682.70786478103,688276.0903798923,80155.55963805136,-315.54025235363883,2974.7938288911014,-790.4280013986571,0.12191984515292975,-0.0628462734714397,-9.56760917943271,-14.800794704612152,96.0547978656308,9.09240714222986,572.4203360935446,0.00011958133647620933,3108.69,202.2409935129887,-95395.79274166115,894929.071883922,360.7966459762183
3,Shahab_3,278.0,-10.981,-6.733,-10.981,-6.733,0.95967,0.96956,72.694,321.403,12.881,211.514,8.173,216.65,0.000131,-73998.18681895947,691250.8517657188,79360.34791133973,-315.417322637378,2974.72789686327,-799.9954091897322,0.12392135472487649,-0.06912299180014378,-9.567588378900654,-14.972320302264416,96.05258967133946,9.099406950709442,630.0857268797565,0.00013142547721171143,3108.69,222.61466857056456,-95395.79274166115,894929.071883922,360.7966459762183
3,Shahab_3,279.0,-10.981,-6.733,-10.981,-6.733,0.95967,0.96956,72.694,321.403,12.881,211.514,8.993,216.65,0.000145,-74313.54185869877,694225.5439725653,78555.56871901292,-315.29243931743906,2974.6553595292744,-809.5630645652972,0.12583575270996744,-0.07607054844491515,-9.5676218762312,-15.143617792857562,96.05035748556836,9.106469170463841,694.357526960971,0.00014460696187023562,3108.69,245.32244445427952,-95395.79274166115,894929.071883922,360.7966459762183
3,Shahab_3,280.0,-10.981,-6.733,-10.981,-6.733,0.95967,0.96956,72.694,321.403,12.881,211.514,9.906,216.65,0.000159,-74628.77105925823,697200.160043971,77741.22184926638,-315.1656385140278,2974.575496651404,-819.1305745834601,0.12778897325656152,-0.08379607985492825,-9.567333128467201,-15.314682194574301,96.04810343270336,9.113591341041548,766.0644966715131,0.00015929140083874142,3108.69,270.6571292683003,-95395.79274166115,894929.071883922,360.7966459762183
3,Shahab_3,281.0,-10.981,-6.733,-10.981,-6.733,0.95967,0.96956,72.694,321.403,12.881,211.514,10.925,216.65,0.000176,-74943.87244948732,700174.6922418989,76917.30768587066,-315.03677442673506,2974.4874576677685,-828.6976877529838,0.1300005882285375,-0.09245061453810902,-9.566937442522244,-15.485511977207887,96.04582643249373,9.120770684283718,846.147173289331,0.00017566649329593646,3108.69,298.95102286560984,-95395.79274166115,894929.071883922,360.7966459762183
3,Shahab_3,282.0,-10.981,-6.733,-10.981,-6.733,0.95967,0.96956,72.694,321.403,12.881,211.514,12.061,216.65,0.000194,-75258.84380740485,703149.1318987039,76083.82659046674,-314.90550518784954,2974.3902323002817,-838.26446001975,0.13260473169232234,-0.10219385371648765,-9.566594958187263,-15.656112178240702,96.04352198868737,9.1280041570785,935.673964249176,0.00019394517704083937,3108.69,330.5816027176678,-95395.79274166115,894929.071883922,360.7966459762183
3,Shahab_3,283.0,-10.981,-6.733,-10.981,-6.733,0.95967,0.96956,72.694,321.403,12.881,211.514,13.331,216.65,0.000214,-75573.6825416123,706123.4692620549,75240.7788973921,-314.77148388150016,2974.2826698751524,-847.8308413570084,0.1354519242650074,-0.11313744671622394,-9.566121075658412,-15.826486872201894,96.04118578757361,9.135288246604034,1035.8595736806017,0.00021436924148026572,3108.69,365.97803416765845,-95395.79274166115,894929.071883922,360.7966459762183
3,Shahab_3,284.0,-10.981,-6.733,-10.981,-6.733,0.95967,0.96956,72.694,321.403,12.881,211.514,14.752,216.65,0.000237,-75888.38583627694,709097.693384399,74388.16515230425,-314.63465183615125,2974.163542212527,-857.3964688008036,0.1381594436957891,-0.12533055263729784,-9.564972796423518,-15.9966350799275,96.03881915806745,9.142619064002366,1148.0862539123582,0.00023721348006357757,3108.69,405.62867876849214,-95395.79274166115,894929.071883922,360.7966459762183
3,Shahab_3,285.0,-10.981,-6.733,-10.981,-6.733,0.95967,0.96956,72.694,321.403,12.881,211.514,16.343,216.65,0.000263,-76202.95099614665,712071.7920648237,73525.98651727533,-314.4952751260305,2974.0315654259284,-866.9604233130899,0.14054519339664215,-0.13885814120259576,-9.562744662357153,-16.166546395855097,96.03642972411946,9.149992205030815,1273.9282134517398,0.000262790466135763,3108.69,450.0897178303657,-95395.79274166115,894929.071883922,360.7966459762183
3,Shahab_3,286.0,-10.981,-6.733,-10.981,-6.733,0.95967,0.96956,72.694,321.403,12.881,211.514,18.125,216.65,0.000291,-76517.3755965265,715045.7517524736,72654.24519515505,-314.35351364848526,2973.8852912766606,-876.5217204882285,0.14305970368216378,-0.1539890512352548,-9.559794963367967,-16.336210524464803,96.03402341451871,9.157402700409834,1415.1797544080498,0.0002914560525957719,3108.69,499.9950936127809,-95395.79274166115,894929.071883922,360.7966459762183
3,Shahab_3,287.0,-10.981,-6.733,-10.981,-6.733,0.95967,0.96956,72.694,321.403,12.881,211.514,20.125,216.65,0.000324,-76831.65704382164,718019.5571903399,71772.94407805552,-314.2088585541912,2973.722899946022,-886.0800662006087,0.1464043416802273,-0.17113812175198614,-9.556947958489308,-16.50563202459503,96.03159415962423,9.164844899433986,1573.8878314641963,0.0003236157394389363,3108.69,556.0680126872803,-95395.79274166115,894929.071883922,360.7966459762183
3,Shahab_3,288.0,-10.981,-6.733,-10.981,-6.733,0.95967,0.96956,72.694,321.403,12.881,211.514,22.372,216.65,0.00036,-77145.79201741093,720993.191264486,70882.08600912195,-314.0604621001373,2973.5422251406812,-895.6356285275074,0.15042102677701744,-0.19057353336683283,-9.554086362200033,-16.674825984410123,96.02913012103413,9.172312480485402,1752.3897990899438,0.0003597320481352049,3108.69,619.1342823502697,-95395.79274166115,894929.071883922,360.7966459762183
3,Shahab_3,289.0,-10.981,-6.733,-10.981,-6.733,0.95967,0.96956,72.694,321.403,12.881,211.514,24.896,216.65,0.0004,-77459.77663763135,723966.6346793695,69981.67397441911,-313.90817122275354,2973.3409839742094,-905.1877283826876,0.15401007190235952,-0.21228560844519886,-9.549737352323266,-16.843793261710914,96.02663292212324,9.179798308853814,1953.3568473172986,0.00040033301564853244,3108.69,690.1376568534267,-95395.79274166115,894929.071883922,360.7966459762183
3,Shahab_3,290.0,-10.981,-6.733,-10.981,-6.733,0.95967,0.96956,72.694,321.403,12.881,211.514,27.738,216.65,0.000446,-77773.607303797,726939.8656037061,69071.71239460514,-313.75267866911656,2973.116850694638,-914.7343312882462,0.15696935739672171,-0.23643264239646872,-9.54318085397235,-17.012511232754186,96.02412038428767,9.18729421586184,2179.843889533398,0.0004460219590715982,3108.69,770.1574631869961,-95395.79274166115,894929.071883922,360.7966459762183
3,Shahab_3,291.0,-10.981,-6.733,-10.981,-6.733,0.95967,0.96956,72.694,321.403,12.881,211.514,30.939,216.65,0.000497,-78087.28088695387,729912.8598235679,68152.20763919382,-313.59380738765253,2972.8670271985984,-924.2740279059981,0.16111811366886727,-0.2638387981808406,-9.536357535541162,-17.18097191407599,96.02159469682178,9.194790957172653,2435.3474078925046,0.0004974887915040287,3108.69,860.4290383578779,-95395.79274166115,894929.071883922,360.7966459762183
3,Shahab_3,292.0,-10.981,-6.733,-10.981,-6.733,0.95967,0.96956,72.694,321.403,12.881,211.514,34.548,216.65,0.000556,-78400.79320907047,732885.5898711168,67223.16646746329,-313.42987240243184,2972.587844287864,-933.8072695324088,0.16683451116641965,-0.29518442914801524,-9.53000339596506,-17.349206101075108,96.01903104529761,9.202278029756293,2723.8729172375606,0.0005555232475764643,3108.69,962.36756496929,-95395.79274166115,894929.071883922,360.7966459762183
3,Shahab_3,293.0,-10.981,-6.733,-10.981,-6.733,0.95967,0.96956,72.694,321.403,12.881,211.514,38.621,216.65,0.000621,-78714.13882558254,735858.024437196,66284.5955826442,-313.26060551654166,2972.2754549494,-943.3329303204652,0.17132854907201028,-0.3301763609571237,-9.52050598764435,-17.5172179055647,96.01643195876626,9.209743513764494,3050.012936792697,0.0006210301827733774,3108.69,1077.5956192856506,-95395.79274166115,894929.071883922,360.7966459762183
3,Shahab_3,294.0,-10.981,-6.733,-10.981,-6.733,0.95967,0.96956,72.694,321.403,12.881,211.514,43.225,216.65,0.000695,-79027.31315469017,738830.1284842964,65336.504474399175,-313.08740155845476,2971.9261252874994,-952.8471352309016,0.1754410202192477,-0.36933764543289455,-9.50783666035641,-17.684962848921167,96.01383143397217,9.217173844005464,3419.0360546770503,0.0006950470758751454,3108.69,1207.974638485968,-95395.79274166115,894929.071883922,360.7966459762183
3,Shahab_3,295.0,-10.981,-6.733,-10.981,-6.733,0.95967,0.96956,72.694,321.403,12.881,211.514,48.431,216.65,0.000779,-79340.31170655756,741801.8626763391,64378.90533213319,-312.9084228388434,2971.534724090883,-962.3493296029629,0.18300050109229246,-0.4145452887881899,-9.496808478760173,-17.852464929280497,96.0112046326259,9.224553525983623,3836.990821312034,0.0007787645024261736,3108.69,1355.6416270919333,-95395.79274166115,894929.071883922,360.7966459762183
3,Shahab_3,296.0,-10.981,-6.733,-10.981,-6.733,0.95967,0.96956,72.694,321.403,12.881,211.514,54.326,216.65,0.000874,-79653.1273962519,744773.1818593562,63411.80972300287,-312.72189302852445,2971.0951659191264,-971.8394456746098,0.189305935884307,-0.46537976459476516,-9.481999584192033,-18.019762936577305,96.00852976869086,9.231864916804154,4310.827814625954,0.0008735502484466165,3108.69,1523.0522836472137,-95395.79274166115,894929.071883922,360.7966459762183
3,Shahab_3,297.0,-10.981,-6.733,-10.981,-6.733,0.95967,0.96956,72.694,321.403,12.881,211.514,61.006,216.65,0.000981,-79965.75389745565,747744.0351775604,62435.23262266627,-312.5302626719711,2970.6020117414328,-981.3113394596901,0.1947589857241335,-0.5222728857585087,-9.461970386136965,-18.18678542718745,96.00586435301022,9.239087899916623,4848.537750185603,0.000980976674362335,3108.69,1713.0297962064762,-95395.79274166115,894929.071883922,360.7966459762183
3,Shahab_3,298.0,-10.981,-6.733,-10.981,-6.733,0.95967,0.96956,72.694,321.403,12.881,211.514,68.586,216.65,0.001103,-80278.18506762042,750714.3654137468,61449.19314376036,-312.3301950871616,2970.0474204354923,-990.7648712211037,0.20557573883039523,-0.5884102359534024,-9.444936419440685,-18.353583559849078,96.00316031487392,9.246199423363443,5459.3123671368585,0.0011028527473009692,3108.69,1928.8216847122521,-95395.79274166115,894929.071883922,360.7966459762183
3,Shahab_3,299.0,-10.981,-6.733,-10.981,-6.733,0.95967,0.96956,72.694,321.403,12.881,211.514,77.193,216.65,0.001241,-80590.41124937646,753684.1066839896,60453.70975930518,-312.12122817471953,2969.422900882449,-1000.1973556805453,0.2115732364504073,-0.6618269412899439,-9.418010826185247,-18.520168049200674,96.00042567790493,9.253173187183709,6153.734690368689,0.0012412620692861674,3108.69,2174.167022242421,-95395.79274166115,894929.071883922,360.7966459762183
3,Shahab_3,300.0,-10.981,-6.733,-10.981,-6.733,0.95967,0.96956,72.694,321.403,12.881,211.514,86.978,216.65,0.001399,-80902.42518799866,756653.18515198,59448.80812119355,-311.90461563844957,2968.7199179430327,-1009.6016260367602,0.22359025559378248,-0.7465516481152246,-9.392145543530702,-18.686473466767854,95.99770127847432,9.259979062729874,6943.990765017626,0.0013986054705436536,3108.69,2453.3712426189613,-95395.79274166115,894929.071883922,360.7966459762183
3,Shahab_3,301.0,-10.981,-6.733,-10.981,-6.733,0.95967,0.96956,72.694,321.403,12.881,211.514,98.113,216.65,0.001578,-81214.21584883299,759621.5161515992,58434.51499318199,-311.67510988232164,2967.92611146235,-1018.9791416387843,0.23321266826319845,-0.8423504580173973,-9.35907241811186,-18.852611354620876,95.99491149311847,9.266582513743677,7844.124187962524,0.0015776525501058228,3108.69,2771.3960685588877,-95395.79274166115,894929.071883922,360.7966459762183
3,Shahab_3,302.0,-10.981,-6.733,-10.981,-6.733,0.95967,0.96956,72.694,321.403,12.881,211.514,110.797,216.65,0.001782,-81525.7729188397,762589.0037031284,57410.86317820191,-311.436784796732,2967.030802869059,-1028.3182581509502,0.24671146594808782,-0.9516105925438025,-9.321939659339673,-19.018454782877598,95.99215523297616,9.272944007378507,8870.322159929872,0.0017816000485822794,3108.69,3133.9605763260865,-95395.79274166115,894929.071883922,360.7966459762183
3,Shahab_3,303.0,-10.981,-6.733,-10.981,-6.733,0.95967,0.96956,72.694,321.403,12.881,211.514,125.258,216.65,0.002014,-81837.08347112007,765555.538352986,56377.88997531657,-311.1823229931877,2966.0177632057603,-1037.620758877595,0.2588166168443808,-1.0759796921065223,-9.277428250205881,-19.184150078023062,95.98932496625518,9.279018106649751,10041.250508318977,0.002014140930329155,3108.69,3547.65956215673,-95395.79274166115,894929.071883922,360.7966459762183
3,Shahab_3,304.0,-10.981,-6.733,-10.981,-6.733,0.95967,0.96956,72.694,321.403,12.881,211.514,141.763,216.65,0.00228,-82148.13431364197,768520.9954618026,55335.63941360766,-310.91602438434853,2964.8726335929396,-1046.8725918566927,0.2780549972772228,-1.2188397997095148,-9.23020734576541,-19.349556984967816,95.98653125077941,9.284752736933214,11378.436702083874,0.0022795441624529817,3108.69,4020.0988646882015,-95395.79274166115,894929.071883922,360.7966459762183
3,Shahab_3,305.0,-10.981,-6.733,-10.981,-6.733,0.95967,0.96956,72.694,321.403,12.881,211.514,160.62,216.65,0.002583,-82458.90863932756,771485.2324699451,54284.16099122092,-310.63107544019067,2963.574744727127,-1056.073002231528,0.28958308563324675,-1.379309582496637,-9.164984652603358,-19.514811413708326,95.98368489054039,9.290088004494574,12906.714022637701,0.002582748563925049,3108.69,4560.052294333063,-95395.79274166115,894929.071883922,360.7966459762183
3,Shahab_3,306.0,-10.981,-6.733,-10.981,-6.733,0.95967,0.96956,72.694,321.403,12.881,211.514,182.182,216.65,0.002929,-82769.39033830255,774448.0873537394,53223.51504675761,-310.3273578626644,2962.103571094611,-1065.2096355694985,0.3161707809477307,-1.5670033577711446,-9.105537929262336,-19.679850187014477,95.98082425366599,9.294955101953535,14654.722298010147,0.002929470290789043,3108.69,5177.638546933422,-95395.79274166115,894929.071883922,360.7966459762183
3,Shahab_3,307.0,-10.981,-6.733,-10.981,-6.733,0.95967,0.96956,72.694,321.403,12.881,211.514,206.862,216.65,0.003326,-83079.55807736077,777409.3739917923,52153.76784708451,-310.00480371861886,2960.434682500726,-1074.2707250660555,0.33755796318512027,-1.7779957325907743,-9.02386525844052,-19.844648931795533,95.97799648983204,9.29927494967001,16655.496357144773,0.0033263312820855403,3108.69,5884.529109689872,-95395.79274166115,894929.071883922,360.7966459762183
3,Shahab_3,308.0,-10.981,-6.733,-10.981,-6.733,0.95967,0.96956,72.694,321.403,12.881,211.514,235.138,216.65,0.003781,-83389.38948744858,780368.8802730261,51074.998755822504,-309.6556689277177,2958.5380209284035,-1083.2502313905704,0.3561807811496962,-2.018455830551837,-8.92511675436396,-20.009325853449713,95.97511300758138,9.30295649578672,18947.116444734453,0.0037810049123678906,3108.69,6694.178058277751,-95395.79274166115,894929.071883922,360.7966459762183
3,Shahab_3,309.0,-10.981,-6.733,-10.981,-6.733,0.95967,0.96956,72.694,321.403,12.881,211.514,267.563,216.65,0.004302,-83698.85961309141,783326.3635126934,49987.299876852914,-309.2785373368815,2956.3816433510983,-1092.13176295289,0.38832588164578313,-2.297603087463709,-8.82440273100912,-20.173837118190214,95.97220994463585,9.305895038501966,21573.458520990982,0.004302387983526822,3108.69,7622.0871441636955,-95395.79274166115,894929.071883922,360.7966459762183
3,Shahab_3,310.0,-10.981,-6.733,-10.981,-6.733,0.95967,0.96956,72.694,321.403,12.881,211.514,304.778,216.65,0.004901,-84007.9388894041,786281.5454798915,48890.77656336255,-308.8718335952482,2953.928453931167,-1100.8974679807898,0.4282083319218978,-2.6178524772740284,-8.709693210626895,-20.338153837741235,95.96933068790618,9.307970104624347,24585.0399874493,0.004900800874754375,3108.69,8686.104596755213,-95395.79274166115,894929.071883922,360.7966459762183
3,Shahab_3,311.0,-10.981,-6.733,-10.981,-6.733,0.95967,0.96956,72.694,321.403,12.881,211.514,347.528,216.65,0.005588,-84316.59385669557,789234.1075769345,47785.55130295228,-308.43034111615384,2951.1347178736764,-1109.5305858620784,0.4694051996049157,-2.9831718643717497,-8.570857722809887,-20.502318265897483,95.96646202726207,9.309043037322343,28039.95793894154,0.0055882185040459454,3108.69,9906.756615836284,-95395.79274166115,894929.071883922,360.7966459762183
3,Shahab_3,312.0,-10.981,-6.733,-10.981,-6.733,0.95967,0.96956,72.694,321.403,12.881,211.514,396.677,216.65,0.006379,-84624.78676899643,792183.6848131642,46671.76648270607,-307.94824973508184,2947.950358171218,-1118.011072346145,0.5136721758684145,-3.401180301897521,-8.407061212102212,-20.666367397595067,95.96359186687178,9.30895429933172,32004.93082947591,0.006378538687116523,3108.69,11307.615401018742,-95395.79274166115,894929.071883922,360.7966459762183
3,Shahab_3,313.0,-10.981,-6.733,-10.981,-6.733,0.95967,0.96956,72.694,321.403,12.881,211.514,453.23,216.65,0.007288,-84932.47458042444,795129.858754366,45549.5870747046,-307.419565151765,2944.318070366141,-1126.31489281288,0.5642102501421276,-3.880794632076202,-8.218021126474795,-20.830328277368608,95.9607188463501,9.30752040996038,36556.439466243864,0.007287893081383794,3108.69,12915.702274669702,-95395.79274166115,894929.071883922,360.7966459762183
3,Shahab_3,314.0,-10.981,-6.733,-10.981,-6.733,0.95967,0.96956,72.694,321.403,12.881,211.514,518.349,216.65,0.008335,-85239.60804774506,798072.1495535697,44419.204094929606,-306.83751386823576,2940.1720403946124,-1134.414236272629,0.6208983525064452,-4.430923689610297,-7.998971505136629,-20.994232411455016,95.95784347110649,9.304530466343955,41781.95429260834,0.008335006111340105,3108.69,14761.921291472941,-95395.79274166115,894929.071883922,360.7966459762183
3,Shahab_3,315.0,-10.981,-6.733,-10.981,-6.733,0.95967,0.96956,72.694,321.403,12.881,211.514,593.387,216.65,0.009542,-85546.13080192437,801010.0068646986,43280.83865576114,-306.19517246796005,2935.4369755399644,-1142.276177048582,0.6759223720208725,-5.05856186428925,-7.73439102524714,-21.15810149843237,95.95498218501517,9.299742257450331,47781.227898671044,0.009541608193948366,3108.69,16881.51589345105,-95395.79274166115,894929.071883922,360.7966459762183
3,Shahab_3,316.0,-10.981,-6.733,-10.981,-6.733,0.95967,0.96956,72.694,321.403,12.881,211.514,679.911,216.65,0.010933,-85851.97872007298,803942.7996380404,42134.74709143435,-305.48681167923826,2930.027524974683,-1149.8597758927688,0.7318972887285228,-5.774050771065316,-7.415987398490676,-21.321904154851747,95.95219464106894,9.292877930575402,54667.61261469708,0.010932909193910675,3108.69,19314.534426975286,-95395.79274166115,894929.071883922,360.7966459762183
3,Shahab_3,317.0,-10.981,-6.733,-10.981,-6.733,0.95967,0.96956,72.694,321.403,12.881,211.514,779.739,216.65,0.012538,-86157.07911176016,806869.8046097637,40981.22694621992,-304.7010128486892,2923.8447589309444,-1157.122430082772,0.8365916097609976,-6.6078030110641155,-7.093410119876332,-21.485694003236553,95.94945782552443,9.283619156065942,62569.343095360506,0.012538138443195209,3108.69,22106.28329073348,-95395.79274166115,894929.071883922,360.7966459762183
3,Shahab_3,318.0,-10.981,-6.733,-10.981,-6.733,0.95967,0.96956,72.694,321.403,12.881,211.514,894.978,216.65,0.014391,-86461.34720564145,809790.1922924671,39820.62057038227,-303.81911910031397,2916.7725468549975,-1164.0244274815095,0.9302902730398034,-7.558545771404145,-6.702642809493574,-21.64971575569544,95.94664240474812,9.271601965394574,71630.72407368675,0.014391162626794383,3108.69,25307.74657934194,-95395.79274166115,894929.071883922,360.7966459762183
3,Shahab_3,319.0,-10.981,-6.733,-10.981,-6.733,0.95967,0.96956,72.694,321.403,12.881,211.514,1028.064,216.65,0.016531,-86764.68754212528,812703.0128748412,38653.324760729,-302.843686145578,2908.6879892901197,-1170.4903669514936,1.0337126592955954,-8.638333297581578,-6.22975502570696,-21.81366942899215,95.94404436373732,9.256411389828067,82013.04435507195,0.01653117543208881,3108.69,28975.909005238453,-95395.79274166115,894929.071883922,360.7966459762183
3,Shahab_3,320.0,-10.981,-6.733,-10.981,-6.733,0.95967,0.96956,72.694,321.403,12.881,211.514,1181.814,216.65,0.019003,-87066.99081968848,815607.1796181739,37479.79814139174,-301.74284051663614,2899.43880920716,-1176.474682782751,1.1436806731522158,-9.877201031027338,-5.694133520774015,-21.978010501359662,95.94134952436715,9.237575242334088,93895.08234807564,0.019003472508716514,3108.69,33173.93450702888,-95395.79274166115,894929.071883922,360.7966459762183
3,Shahab_3,321.0,-10.981,-6.733,-10.981,-6.733,0.95967,0.96956,72.694,321.403,12.881,211.514,1359.479,216.65,0.02186,-87368.13287525995,818501.4502771923,36300.56950427434,-300.513506706902,2888.8650945304603,-1181.8860033701155,1.324055344207885,-11.307288652592154,-5.130605437313057,-22.14248893734581,95.93881972781351,9.214558744624513,107472.98015812431,0.021860309328982516,3108.69,37971.12176571726,-95395.79274166115,894929.071883922,360.7966459762183
3,Shahab_3,322.0,-10.981,-6.733,-10.981,-6.733,0.95967,0.96956,72.694,321.403,12.881,211.514,1564.799,216.65,0.025162,-87667.9710123697,821384.4068322461,35116.24663851231,-299.134484646102,2876.7791509390836,-1186.643962449488,1.494798826650083,-12.921985001153892,-4.438512664994316,-22.30728295854796,95.93642014241978,9.18675852810668,122959.1631838678,0.025161839856344688,3108.69,43442.52248887138,-95395.79274166115,894929.071883922,360.7966459762183
3,Shahab_3,323.0,-10.981,-6.733,-10.981,-6.733,0.95967,0.96956,72.694,321.403,12.881,211.514,1802.069,216.65,0.028977,-87966.34407613563,824254.4345311243,33927.52925248423,-297.58180029157984,2862.971522356199,-1190.6555472406187,1.6814934908199124,-14.756334529174161,-3.64185417220896,-22.47255642862552,95.9341050081649,9.153497595440186,140579.88882917722,0.02897711533911054,3108.69,49668.07534963629,-95395.79274166115,894929.071883922,360.7966459762183
3,Shahab_3,324.0,-10.981,-6.733,-10.981,-6.733,0.95967,0.96956,72.694,321.403,12.881,211.514,2076.201,216.65,0.033385,-88263.06897430003,827109.6984692764,32735.219116238084,-295.8321164524693,2847.2100574218503,-1193.813085259593,1.8771078391052234,-16.83256299560828,-2.72220996362911,-22.638436288523955,95.9318869616587,9.114021394927454,160571.0344008767,0.03338514102389452,3108.69,56731.11781502938,-95395.79274166115,894929.071883922,360.7966459762183
3,Shahab_3,325.0,-10.981,-6.733,-10.981,-6.733,0.95967,0.96956,72.694,321.403,12.881,211.514,2392.795,216.65,0.038476,-88557.93849939747,829948.1198055538,31540.23247661016,-293.86556741798967,2829.240795190085,-1195.98966265678,2.0506848166138805,-19.151430057694906,-1.6038332072378203,-22.804933347406276,95.92989350081598,9.067495633711559,183171.51805151568,0.03847594824736003,3108.69,64716.06170883321,-95395.79274166115,894929.071883922,360.7966459762183
3,Shahab_3,326.0,-10.981,-6.733,-10.981,-6.733,0.95967,0.96956,72.694,321.403,12.881,211.514,2758.201,216.65,0.044352,-88850.72013120433,832767.3523459726,30343.614384547232,-291.6542794909293,2808.785157737093,-1197.0490909887105,2.3797785067580715,-21.811109642472413,-0.49310388844610464,-22.972148104723342,95.92814548602932,9.013006605725703,208613.72530354184,0.044351631197443585,3108.69,73705.01082082329,-95395.79274166115,894929.071883922,360.7966459762183
3,Shahab_3,327.0,-10.981,-6.733,-10.981,-6.733,0.95967,0.96956,72.694,321.403,12.881,211.514,3179.576,216.65,0.051127,-89141.150832474,835564.7582042079,29146.547873335505,-289.1613989753453,2785.5364854646673,-1196.8578314966041,2.592179743308808,-24.726924444927306,0.936381377918137,-23.14051452989464,95.92654150568306,8.949565512707244,237110.5059122148,0.05112731566730491,3108.69,83773.16678738188,-95395.79274166115,894929.071883922,360.7966459762183
3,Shahab_3,328.0,-10.981,-6.733,-10.981,-6.733,0.95967,0.96956,72.694,321.403,12.881,211.514,3664.939,216.65,0.058932,-89428.93912806945,838337.388532949,27950.370960639022,-286.35909432377616,2759.176702527037,-1195.2496512247435,2.933532280807962,-28.01578467604253,2.40404836581754,-23.310068659141066,95.92518673372747,8.876117800565483,268837.91512283194,0.05893190789357668,3108.69,94982.73143027702,-95395.79274166115,894929.071883922,360.7966459762183
3,Shahab_3,329.0,-10.981,-6.733,-10.981,-6.733,0.95967,0.96956,72.694,321.403,12.881,211.514,4223.194,216.65,0.067909,-89713.76001985605,841081.9652389907,26756.583414966342,-283.21864772338455,2729.3716292445283,-1192.0530144291586,3.287363911803657,-31.63106465948253,4.080569642259309,-23.48096665430187,95.9242075068799,8.7915588734664,303913.82061085134,0.06790859891834482,3108.69,107375.34840590012,-95395.79274166115,894929.071883922,360.7966459762183
3,Shahab_3,330.0,-10.981,-6.733,-10.981,-6.733,0.95967,0.96956,72.694,321.403,12.881,211.514,4864.137,216.65,0.078215,-89995.25591162138,843794.8711745776,25566.85769602603,-279.7071426660908,2695.779650698427,-1187.0920675914817,3.665223624313518,-35.57765985142774,5.960970027037636,-23.653451466033584,95.92366569300506,8.694757710583081,342372.13083563425,0.0782149072193803,3108.69,120962.99786253957,-95395.79274166115,894929.071883922,360.7966459762183
3,Shahab_3,331.0,-10.981,-6.733,-10.981,-6.733,0.95967,0.96956,72.694,321.403,12.881,211.514,5598.422,216.65,0.090022,-90273.03625155802,846472.1482773125,24383.043625561375,-275.7834824133245,2658.0594954533585,-1180.1976360121728,4.1938960436584365,-39.91883644670667,7.850932066839069,-23.82800426902401,95.92345426266222,8.584589688207952,384133.6646037731,0.09002215026387435,3108.69,135717.70440831542,-95395.79274166115,894929.071883922,360.7966459762183
3,Shahab_3,332.0,-10.981,-6.733,-10.981,-6.733,0.95967,0.96956,72.694,321.403,12.881,211.514,6437.483,216.65,0.103514,-90546.67747984397,849109.5070188644,23207.16668317112,-271.4257325659921,2615.892619194808,-1171.1866969616503,4.573224568654921,-44.47899258524385,10.152076446536569,-24.004791010882553,95.92382739671199,8.459979787083112,428975.40696342377,0.10351417890838764,3108.69,151560.67495607596,-95395.79274166115,894929.071883922,360.7966459762183
3,Shahab_3,333.0,-10.981,-6.733,-10.981,-6.733,0.95967,0.96956,72.694,321.403,12.881,211.514,7393.393,216.65,0.118885,-90815.72768652243,851702.3524992443,22041.424271440013,-266.59864901067715,2568.989022469943,-1159.9016729899965,5.033802706483323,-49.33633783970881,12.523528293362853,-24.184346903206354,95.92470220581956,8.319955520237798,476500.6356200382,0.11888513979070021,3108.69,168351.74413094006,-95395.79274166115,894929.071883922,360.7966459762183
3,Shahab_3,334.0,-10.981,-6.733,-10.981,-6.733,0.95967,0.96956,72.694,321.403,12.881,211.514,8478.665,216.65,0.136336,-91079.70924128995,854245.8264879963,20888.168557716494,-261.2849095353539,2517.1158569149047,-1146.191619272158,5.549228932620403,-54.407750532979556,14.991568229483807,-24.366983458456907,95.92626587141096,8.163709601610313,526114.475901629,0.13633622152578823,3108.69,185880.73763075157,-95395.79274166115,894929.071883922,360.7966459762183
3,Shahab_3,335.0,-10.981,-6.733,-10.981,-6.733,0.95967,0.96956,72.694,321.403,12.881,211.514,9705.972,216.65,0.156071,-91338.12577565562,856734.8710179147,19749.88316065159,-255.4643958918468,2460.1097306475435,-1129.9472130173144,6.114175946141278,-59.62339073838718,17.48894499630413,-24.553341477839773,95.92849882573377,7.990668942314762,577009.495644334,0.15607120436862032,3108.69,203862.38277612207,-95395.79274166115,894929.071883922,360.7966459762183
3,Shahab_3,336.0,-10.981,-6.733,-10.981,-6.733,0.95967,0.96956,72.694,321.403,12.881,211.514,11087.799,216.65,0.178291,-91590.47039347452,859164.3130162389,18629.14781299665,-249.141395929121,2397.9091647477712,-1111.0824400232655,6.555999032242068,-64.77764540317376,20.221484512252626,-24.74373665670584,95.93171547372492,7.800566337406198,628167.2189461648,0.17829086717900922,3108.69,221936.84333255846,-95395.79274166115,894929.071883922,360.7966459762183
3,Shahab_3,337.0,-10.981,-6.733,-10.981,-6.733,0.95967,0.96956,72.694,321.403,12.881,211.514,12636.032,216.65,0.203186,-91836.2368082633,861528.9707550112,17528.593790503,-242.3115926014849,2330.5608302840355,-1089.5837441148954,7.0673284893977435,-69.86489174628156,22.82841343991263,-24.939055370296916,95.93579303087198,7.593507812494604,678380.3704622089,0.20318632809932216,3108.69,239677.5786099359,-95395.79274166115,894929.071883922,360.7966459762183
3,Shahab_3,338.0,-10.981,-6.733,-10.981,-6.733,0.95967,0.96956,72.694,321.403,12.881,211.514,14361.497,216.65,0.230932,-92074.93111900061,863823.7783092944,16450.847254788463,-234.99953852940874,2258.250470362082,-1065.4806525182216,7.582907792376074,-74.7191165231272,25.316578749791827,-25.13985599816177,95.9409675042224,7.37002918339957,726299.5897544782,0.2309316620289034,3108.69,256607.84804126437,-95395.79274166115,894929.071883922,360.7966459762183
3,Shahab_3,339.0,-10.981,-6.733,-10.981,-6.733,0.95967,0.96956,72.694,321.403,12.881,211.514,16273.48,216.65,0.261676,-92306.08563543342,866043.9243225352,15398.465736892249,-227.23762887454183,2181.3035595079136,-1038.878678824818,7.939234780732993,-79.10453097249655,27.838516227888405,-25.34698901251882,95.9473439827804,7.1311323814550125,770504.323896369,0.2616761733877291,3108.69,272225.7581453047,-95395.79274166115,894929.071883922,360.7966459762183
3,Shahab_3,340.0,-10.981,-6.733,-10.981,-6.733,0.95967,0.96956,72.694,321.403,12.881,211.514,18379.258,216.65,0.295537,-92529.27362678028,868184.9973652279,14373.869820976794,-219.07414260583525,2100.1942654815193,-1009.9459941120308,8.37331531246396,-83.02916917952692,29.95228289718481,-25.561189696531656,95.95506486633118,6.878294840556952,809593.8617658113,0.29553690989685966,3108.69,286036.42571981886,-95395.79274166115,894929.071883922,360.7966459762183
3,Shahab_3,341.0,-10.981,-6.733,-10.981,-6.733,0.95967,0.96956,72.694,321.403,12.881,211.514,20683.701,216.65,0.332592,-92744.12244758749,870243.1275285541,13379.272066687521,-210.57042446104847,2015.53057344117,-978.9267761245836,8.700306013644132,-86.24899960926346,31.86876137172572,-25.78345721558583,95.96427910606826,6.613446122916124,842289.8077007531,0.3325921565873901,3108.69,297588.1826592316,-95395.79274166115,894929.071883922,360.7966459762183
3,Shahab_3,342.0,-10.981,-6.733,-10.981,-6.733,0.95967,0.96956,72.694,321.403,12.881,211.514,23188.957,216.65,0.372876,-92950.32669828676,872215.1155638581,12416.611897378749,-201.7983067880945,1928.0400146753607,-946.1256755402582,8.91597318426833,-88.66933298187334,33.50409209892287,-26.01482519914724,95.97510747070217,6.338910124392672,867537.1136699113,0.37287646462085444,3108.69,306508.2714834249,-95395.79274166115,894929.071883922,360.7966459762183
3,Shahab_3,343.0,-10.981,-6.733,-10.981,-6.733,0.95967,0.96956,72.694,321.403,12.881,211.514,25894.284,216.65,0.416378,-93147.65819754398,874098.5378815993,11487.498112567364,-192.83935901525152,1838.5407129377932,-911.8976443050401,8.980827523001002,-90.19213197538924,34.868833282592064,-26.256383652605667,95.98769951049975,6.057315634874236,884589.8800587371,0.41637788525157804,3108.69,312533.15948820295,-95395.79274166115,894929.071883922,360.7966459762183
3,Shahab_3,344.0,-10.981,-6.733,-10.981,-6.733,0.95967,0.96956,72.694,321.403,12.881,211.514,28796.096,219.295,0.457455,-93335.97691165959,875891.8582118518,10593.146149997201,-183.80485007537757,1748.1570889964314,-876.7544277663579,8.99828012256681,-89.8498398674181,35.07856142623368,-26.509162316959234,96.00214391630641,5.772305598426187,882552.9057988785,0.45745482810304416,3108.69,311813.47908536193,-95395.79274166115,894929.071883922,360.7966459762183
3,Shahab_3,345.0,-10.981,-6.733,-10.981,-6.733,0.95967,0.96956,72.694,321.403,12.881,211.514,31890.019,224.88,0.494022,-93515.3306617425,877595.445274835,9733.857480988168,-174.94122765883222,1659.382645924397,-841.9200476404528,8.74710438882864,-87.61749449599208,34.57874437617703,-26.774284926199552,96.0182047880737,5.492074049728893,862806.1136452695,0.4940222881054319,3108.69,304836.7687694871,-95395.79274166115,894929.071883922,360.7966459762183
3,Shahab_3,346.0,-10.981,-6.733,-10.981,-6.733,0.95967,0.96956,72.694,321.403,12.881,211.514,35171.935,230.241,0.532177,-93685.93958998159,879211.4168549307,8909.073329530218,-166.32159848479412,1572.9880572835918,-807.7787882664735,8.452927722186983,-85.05461405130909,33.79729635930462,-27.052700997231668,96.03580439680088,5.2191601498451945,839365.5662866664,0.5321768758673413,3108.69,296555.02319307305,-95395.79274166115,894929.071883922,360.7966459762183
3,Shahab_3,347.0,-10.981,-6.733,-10.981,-6.733,0.95967,0.96956,72.694,321.403,12.881,211.514,38636.552,235.383,0.571829,-93848.0668460067,880742.331914379,8118.011669827543,-157.98183151173004,1489.321787779663,-774.5033092167313,8.21780181204652,-82.23268532438351,32.72641950496757,-27.34512424294372,96.05508438713677,4.9547107925427225,812823.7382120169,0.5718285786637641,3108.69,287177.5686531092,-95395.79274166115,894929.071883922,360.7966459762183
3,Shahab_3,348.0,-10.981,-6.733,-10.981,-6.733,0.95967,0.96956,72.694,321.403,12.881,211.514,42277.567,240.312,0.612883,-94002.00585861685,882191.0633008722,7359.724644763611,-149.94984335574904,1408.663149399217,-742.2507803872106,7.864454926692307,-79.04027537887049,31.76865690803585,-27.652667789649023,96.07615897576649,4.6996699159924304,783801.2840678139,0.6128826906140777,3108.69,276923.687736919,-95395.79274166115,894929.071883922,360.7966459762183
3,Shahab_3,349.0,-10.981,-6.733,-10.981,-6.733,0.95967,0.96956,72.694,321.403,12.881,211.514,46087.926,245.035,0.655242,-94148.07416460499,883560.7332423156,6633.125857582686,-142.24324992139074,1331.2287235244246,-711.1471816955842,7.519988485597393,-75.76210308789527,30.50517592646618,-27.976343116767367,96.0989761725995,4.454773888864931,752917.3199673764,0.6552424934307358,3108.69,266012.11945491575,-95395.79274166115,894929.071883922,360.7966459762183
3,Shahab_3,350.0,-10.981,-6.733,-10.981,-6.733,0.95967,0.96956,72.694,321.403,12.881,211.514,50060.094,249.559,0.698812,-94286.6068574127,884854.6490326859,5937.0178810555635,-134.8794325484263,1257.175392547147,-681.2833327209553,7.204908317332836,-72.35347355604604,29.165460715068132,-28.316838123292808,96.12370706517575,4.22055639828932,720764.7225020499,0.6988117578401066,3108.69,254652.33217030016,-95395.79274166115,894929.071883922,360.7966459762183
3,Shahab_3,351.0,-10.981,-6.733,-10.981,-6.733,0.95967,0.96956,72.694,321.403,12.881,211.514,54186.306,253.894,0.743497,-94417.95050711765,886076.2418472486,5270.11963825528,-127.8662397073273,1186.5948411849351,-652.735575974516,6.847389243747864,-68.84716340514358,27.83239765458113,-28.67535539641423,96.15040139936075,3.9973603886268148,687891.1004935553,0.7434969293210633,3108.69,243037.80075665392,-95395.79274166115,894929.071883922,360.7966459762183
3,Shahab_3,352.0,-10.981,-6.733,-10.981,-6.733,0.95967,0.96956,72.694,321.403,12.881,211.514,58458.799,258.048,0.789209,-94542.45771663598,887229.0103857755,4631.0922670204,-121.20678546122805,1119.5289897031473,-625.5483721138987,6.482422432659738,-65.32667790228362,26.461682685342463,-29.05278778555409,96.17910988540487,3.7853553872462355,654785.7643433256,0.7892089606353687,3108.69,231341.40275777192,-95395.79274166115,894929.071883922,360.7966459762183
3,Shahab_3,353.0,-10.981,-6.733,-10.981,-6.733,0.95967,0.96956,72.694,321.403,12.881,211.514,62870.007,262.029,0.835865,-94660.48208051911,888316.4705655442,4018.5625058296705,-114.90014437054452,1055.9727081347455,-599.7442184683537,6.1229625061517625,-61.80163235919799,25.132634190253714,-29.45001448430151,96.2099097762015,3.5845583459806107,621872.3392793051,0.835864786955703,3108.69,219712.8085846693,-95395.79274166115,894929.071883922,360.7966459762183
3,Shahab_3,354.0,-10.981,-6.733,-10.981,-6.733,0.95967,0.96956,72.694,321.403,12.881,211.514,67412.732,265.848,0.883388,-94772.3739655024,889342.1123292723,3431.1438356083163,-108.94080905422629,995.8813632938239,-575.3258733037345,5.7811988450192215,-58.39110547088639,23.714568541039828,-29.867863683690963,96.24284018741747,3.394856050732202,589506.124406755,0.8833883974561754,3108.69,208277.54844567648,-95395.79274166115,894929.071883922,360.7966459762183
3,Shahab_3,355.0,-10.981,-6.733,-10.981,-6.733,0.95967,0.96956,72.694,321.403,12.881,211.514,72080.275,269.512,0.931712,-94878.47695772749,890309.3632682128,2867.454128441025,-103.32079312340808,939.1761348631521,-552.2821849964437,5.448541956043231,-55.04967829580287,22.356870203445098,-30.307273547179616,96.27798674970158,3.2160278499652537,557975.3433900045,0.9317116023436199,3108.69,197137.45422298275,-95395.79274166115,894929.071883922,360.7966459762183
3,Shahab_3,356.0,-10.981,-6.733,-10.981,-6.733,0.95967,0.96956,72.694,321.403,12.881,211.514,76866.521,273.03,0.980774,-94979.12472661899,891221.5566095718,2326.1323940063908,-98.02902782768096,885.7540711295438,-530.5858974433738,5.133707766443836,-51.821007882092296,21.033209369003025,-30.76899699260847,96.31539268242193,3.0477679023793627,527505.2239789278,0.9807743073820392,3108.69,186372.10080418226,-95395.79274166115,894929.071883922,360.7966459762183
3,Shahab_3,357.0,-10.981,-6.733,-10.981,-6.733,0.95967,0.96956,72.694,321.403,12.881,211.514,81766.054,276.412,1.030525,-95074.64003009463,892081.9207774,1805.8457959671982,-93.05304250826732,835.4902368195795,-510.201824093225,4.822693952268643,-48.729100791897764,19.74336722424216,-31.25394176191255,96.35514814437508,2.889703226802485,498263.3940051202,1.0305251462399088,3108.69,176040.71253380764,-95395.79274166115,894929.071883922,360.7966459762183
3,Shahab_3,358.0,-10.981,-6.733,-10.981,-6.733,0.95967,0.96956,72.694,321.403,12.881,211.514,86774.19,279.666,1.080921,-95165.33260748991,892893.5568789059,1305.3016626114181,-88.37860175321256,788.2479207564662,-491.08231002848225,4.5284477663626,-45.77892039485358,18.503524093273512,-31.762707675133957,96.39730311889801,2.7414124974135192,470366.88509584486,1.080921262283811,3108.69,166184.6376852827,-95395.79274166115,894929.071883922,360.7966459762183
3,Shahab_3,359.0,-10.981,-6.733,-10.981,-6.733,0.95967,0.96956,72.694,321.403,12.881,211.514,91886.788,282.799,1.131926,-95251.49362412617,893659.3831371858,823.2732385875978,-83.99101978626575,743.8819349792647,-473.17657717594795,4.249329069644095,-42.978727227186624,17.317329720371568,-32.29594615894234,96.44193090840781,2.6024486896037087,443890.9874287068,1.1319260989091908,3108.69,156830.47692137302,-95395.79274166115,894929.071883922,360.7966459762183
3,Shahab_3,360.0,-10.981,-6.733,-10.981,-6.733,0.95967,0.96956,72.694,321.403,12.881,211.514,97100.609,285.819,1.183513,-95333.4032655175,894382.2100585563,358.5701217413563,-79.87491968683464,702.2404804043958,-456.4286233140232,3.9855967240392194,-40.33127198496338,16.18900726459187,-32.85423308733282,96.48910399011304,2.4723405720382954,418873.9521380822,1.1835125298623546,3108.69,147991.74469453856,-95395.79274166115,894929.071883922,360.7966459762183
3,Shahab_3,360.8,-10.981,-6.733,-10.981,-6.733,0.95967,0.96956,72.694,321.403,12.881,211.514,101324.999,288.15,1.225012,-95395.79274166115,894929.071883922,0.00010041780479913553,-76.77964155872185,670.9128140411553,-443.8751242278331,3.786637797858808,-38.33201196951767,15.332275865689214,-33.317260603967675,96.52855950660083,2.374703288289713,399993.6002808573,1.2250122541559605,3108.69,141321.1551352327,-95395.79274166115,894929.071883922,360.7966459762183
4,Shahab_3,1.0,5.015,-5.816,5.015,-5.816,0.90249,0.99756,76.199,327.89,7.68,310.767,101206.494,288.086,1.223852,-1.2866087467702512,2.0502085785455506,9.85346629600776,-2.586735462389529,4.122063729699198,19.75360898630438,-3.539780403380803,5.654818678267035,19.480877790857836,76.1602584609029,122.10967203209042,0.05978321949127789,253.2685414368853,1.223851566817586,14992.4,84.15037398971663,-430439.8046767139,611269.2622054663,319.5084649370624
4,Shahab_3,2.0,5.015,-5.816,5.015,-5.816,0.90249,0.99756,76.199,327.89,7.68,310.767,100852.59,287.894,1.220384,-5.766390642249706,9.193238861052816,39.348533422838386,-6.403072446568335,10.20035000472681,39.27914635675121,-3.9505114552578386,6.239204225451228,19.642001009176532,72.95373857990414,122.1177523582203,0.12072886742138783,1029.94182373915,1.2203840946854323,14821.39,342.2059019394578,-430439.8046767139,611269.2622054663,319.5084649370624
4,Shahab_3,3.0,5.015,-5.816,5.015,-5.816,0.90249,0.99756,76.199,327.89,7.68,310.767,100266.058,287.575,1.214633,-14.252784689882342,22.643914166516087,88.46000673952592,-10.712151712862898,16.874710794394108,58.938171732614364,-4.812739439140453,7.292100860798094,19.6010220220604,71.26670552352847,122.40758672854291,0.1828831972128116,2352.267780657582,1.2146334759979216,14650.38,781.5586268365039,-430439.8046767139,611269.2622054663,319.5084649370624
4,Shahab_3,4.0,5.015,-5.816,5.015,-5.816,0.90249,0.99756,76.199,327.89,7.68,310.767,99451.801,287.129,1.206642,-27.634038236014078,43.493224406536214,157.11766920780042,-16.3527908341015,25.205412718183236,78.26239249010902,-6.624968294988481,9.579884127867663,18.903938318510228,68.99789823179808,122.9747377887337,0.24634601648812557,4239.9763542531255,1.20664201745594,14479.37,1408.7639700285063,-430439.8046767139,611269.2622054663,319.5084649370624
4,Shahab_3,5.0,5.015,-5.816,5.015,-5.816,0.90249,0.99756,76.199,327.89,7.68,310.767,98423.838,286.56,1.19654,-47.691033274605914,73.9968672813782,244.6021881915012,-24.159837613105676,36.32529337364279,96.44432065812465,-8.990894569839268,12.688448011284084,17.347527394445432,65.66068924992352,123.62775292958167,0.3110561421268821,6703.452123515511,1.196539518362911,14308.36,2227.2722858340617,-430439.8046767139,611269.2622054663,319.5084649370624
4,Shahab_3,6.0,5.015,-5.816,5.015,-5.816,0.90249,0.99756,76.199,327.89,7.68,310.767,97205.913,285.879,1.18455,-76.67169345355147,117.11727836015444,349.4437493019123,-34.067105605265326,50.296144011441626,113.00320828904881,-10.561018330619909,14.93980168346731,15.973869071088775,61.73867852083708,124.11097789003827,0.37701002506143066,9748.844889730233,1.184550173498095,14137.35,3239.126891892231,-430439.8046767139,611269.2622054663,319.5084649370624
4,Shahab_3,7.0,5.015,-5.816,5.015,-5.816,0.90249,0.99756,76.199,327.89,7.68,310.767,95819.147,285.092,1.170872,-116.05112125005314,174.97143281207613,470.430817244403,-44.649333790988244,65.40040394692556,129.05454561659178,-10.332321565057683,14.896227032878603,16.448544095022395,58.466604534593074,124.32163907191804,0.4449393225530754,13421.61865632649,1.1708719830445853,13966.34,4459.433544606597,-430439.8046767139,611269.2622054663,319.5084649370624
4,Shahab_3,8.0,5.015,-5.816,5.015,-5.816,0.90249,0.99756,76.199,327.89,7.68,310.767,94267.397,284.199,1.155532,-165.73599037385253,247.66301017949525,607.9052622879765,-54.635592760512004,79.87193168179427,146.04509019028038,-9.884839979789199,14.31367736094134,17.288199742821345,56.47120389312671,124.37368758088337,0.5148289601928845,17733.80170723297,1.1555320822231663,13795.33,5892.188731599789,-430439.8046767139,611269.2622054663,319.5084649370624
4,Shahab_3,9.0,5.015,-5.816,5.015,-5.816,0.90249,0.99756,76.199,327.89,7.68,310.767,92553.01,283.194,1.138541,-225.5095460546229,334.9254557888119,762.4445983201305,-65.18599374347905,94.99587529409318,162.78112083423687,-11.456204377978878,16.283212281192206,15.840351153895853,54.71057098959978,124.45784182094863,0.5860328758456751,22640.53268785349,1.138541270674498,13624.32,7522.4869310666245,-430439.8046767139,611269.2622054663,319.5084649370624
4,Shahab_3,10.0,5.015,-5.816,5.015,-5.816,0.90249,0.99756,76.199,327.89,7.68,310.767,90698.143,282.086,1.120106,-296.6399297033763,438.37246895522753,932.9047924839717,-77.1732226342049,112.06435963036772,178.04201130536399,-12.039130094301813,17.255599102554516,15.289365873946377,52.61153084705806,124.55327650865277,0.658485933702265,28121.988974518747,1.1201060081171221,13453.31,9343.741927499383,-430439.8046767139,611269.2622054663,319.5084649370624
4,Shahab_3,11.0,5.015,-5.816,5.015,-5.816,0.90249,0.99756,76.199,327.89,7.68,310.767,88717.601,280.878,1.10036,-379.7077001861951,558.9173466905598,1118.8064283286953,-88.90466304947638,128.9464738475133,193.89799241530065,-11.794980916255446,16.923717617615313,15.970288707785867,51.06984932776002,124.58507940539675,0.7324543490864376,34181.405278229366,1.1003602339692664,13282.3,11357.028477908578,-430439.8046767139,611269.2622054663,319.5084649370624
4,Shahab_3,12.0,5.015,-5.816,5.015,-5.816,0.90249,0.99756,76.199,327.89,7.68,310.767,86618.825,279.567,1.079364,-474.7712656652942,696.6563112623598,1320.3907524923845,-101.45836629711414,146.84921323224884,208.98389578131219,-13.06143152254096,18.634292913873576,14.473425375756173,49.499942247322224,124.64065961235109,0.807617514338525,40763.688577872614,1.0793644628393537,13111.29,13544.041512487442,-430439.8046767139,611269.2622054663,319.5084649370624
4,Shahab_3,13.0,5.015,-5.816,5.015,-5.816,0.90249,0.99756,76.199,327.89,7.68,310.767,84421.14,278.161,1.057298,-582.6725238097664,852.7361218037838,1536.7790815441294,-114.2700264772162,165.22087927328633,223.95514284242833,-12.780999065378326,18.31335299589544,15.201940111178384,48.10800577509461,124.66850037136022,0.8840765954143383,47848.81764812204,1.0572982694350834,12940.28,15898.128828836916,-430439.8046767139,611269.2622054663,319.5084649370624
4,Shahab_3,14.0,5.015,-5.816,5.015,-5.816,0.90249,0.99756,76.199,327.89,7.68,310.767,82133.768,276.658,1.034241,-703.5505021155235,1027.389661029736,1768.0647683454379,-127.65766597681258,184.323289543352,238.39508126442462,-13.67276887933825,19.545522355503522,14.108664879558809,46.75593055001472,124.70549796208775,0.9617018001175823,55385.53860075346,1.0342406966260789,12769.26,18402.26093786995,-430439.8046767139,611269.2622054663,319.5084649370624
4,Shahab_3,15.0,5.015,-5.816,5.015,-5.816,0.90249,0.99756,76.199,327.89,7.68,310.767,79772.597,275.061,1.010339,-837.9782904895217,1221.4102992626242,2013.66932694271,-141.22349784301716,203.74434436516364,252.83503039918912,-13.876257105246678,19.793228955852047,14.130365373600815,45.56433237379375,124.72740503446738,1.0405299506155465,63338.82434146404,1.01033855116168,12598.25,21044.79982458225,-430439.8046767139,611269.2622054663,319.5084649370624
4,Shahab_3,16.0,5.015,-5.816,5.015,-5.816,0.90249,0.99756,76.199,327.89,7.68,310.767,77349.332,273.373,0.985698,-986.2608725781321,1435.225920721647,2273.4103425049934,-155.35107195466196,223.9216158378667,266.6705954439927,-14.054439129035858,20.127299671261646,14.096888767728737,44.37696771251963,124.75192079230798,1.1204756161401537,71654.32129338462,0.9856975215297095,12427.24,23807.68610506744,-430439.8046767139,611269.2622054663,319.5084649370624
4,Shahab_3,17.0,5.015,-5.816,5.015,-5.816,0.90249,0.99756,76.199,327.89,7.68,310.767,74876.364,271.594,0.960431,-1148.748451218847,1669.3434402915616,2547.0070175619067,-169.75545753396818,244.48668536582008,280.3493900101155,-14.682949287122806,20.96477952184966,13.332169029464461,43.28632682599736,124.77356818866313,1.2015409307137175,80285.54159739315,0.9604312876128431,12256.23,26675.47383918267,-430439.8046767139,611269.2622054663,319.5084649370624
4,Shahab_3,18.0,5.015,-5.816,5.015,-5.816,0.90249,0.99756,76.199,327.89,7.68,310.767,72366.333,269.728,0.934657,-1325.8279522553291,1924.2991949154966,2834.1045719868307,-184.44944720784963,265.4819755149078,293.8239946755033,-14.963707663949325,21.335955168426917,13.169982123904504,42.26824298074259,124.79049152474227,1.2837098043352049,89182.59136503033,0.9346574426884258,12085.22,29631.58540797126,-430439.8046767139,611269.2622054663,319.5084649370624
4,Shahab_3,19.0,5.015,-5.816,5.015,-5.816,0.90249,0.99756,76.199,327.89,7.68,310.767,69830.44,267.776,0.90848,-1517.8152746354288,2200.5372636887028,3134.455775724567,-199.53537626033585,287.0197727393455,306.9089205375662,-15.135414372869349,21.618797335661693,13.160054693721493,41.282398802023046,124.80692307257934,1.366955694359677,98292.02796260583,0.9084803037153554,11914.21,32658.264095235776,-430439.8046767139,611269.2622054663,319.5084649370624
4,Shahab_3,20.0,5.015,-5.816,5.015,-5.816,0.90249,0.99756,76.199,327.89,7.68,310.767,67279.375,265.739,0.882,-1725.0175552404178,2498.4952907616484,3447.8169909631592,-214.93995876856437,308.9974129089621,319.73080330600567,-15.521824283002891,22.165331056765424,12.750315538490758,40.345881977962264,124.82264437239888,1.451274704102337,107562.76109893824,0.8820004126383846,11743.2,35738.53476823462,-430439.8046767139,611269.2622054663,319.5084649370624
4,Shahab_3,21.0,5.015,-5.816,5.015,-5.816,0.90249,0.99756,76.199,327.89,7.68,310.767,64723.575,263.62,0.855317,-1947.7579938843983,2818.6272336929383,3773.9084907888478,-230.61550774143217,331.36384624386386,332.36789707317513,-15.9003207915566,22.67228821630767,12.368713142257421,39.46374960477144,124.83631755381435,1.5366683116229332,116944.93950133315,0.8553173069824493,11572.19,38855.833967418905,-430439.8046767139,611269.2622054663,319.5084649370624
4,Shahab_3,22.0,5.015,-5.816,5.015,-5.816,0.90249,0.99756,76.199,327.89,7.68,310.767,62172.679,261.419,0.828524,-2186.344479976348,3161.363948386838,4112.475450466038,-246.5941945429398,354.1606215160787,344.7548405759425,-16.14951784923213,23.022762131325145,12.234479636651363,38.62028213560503,124.84863974755768,1.6231368149768364,126388.97481854704,0.8285238834232522,11401.18,41993.68559086534,-430439.8046767139,611269.2622054663,319.5084649370624
4,Shahab_3,23.0,5.015,-5.816,5.015,-5.816,0.90249,0.99756,76.199,327.89,7.68,310.767,59635.486,259.139,0.801706,-2441.0682703102007,3527.1158121568933,4463.29364510369,-262.88661738013064,377.3945474070077,356.8737432580542,-16.39629537224048,23.385046889760147,12.096394273590803,37.80895240307423,124.86041252074637,1.710687015321616,135847.0260076842,0.801705964676561,11230.17,45136.194092964935,-430439.8046767139,611269.2622054663,319.5084649370624
4,Shahab_3,24.0,5.015,-5.816,5.015,-5.816,0.90249,0.99756,76.199,327.89,7.68,310.767,57120.161,256.78,0.774944,-2712.219910349929,3916.2926014620316,4826.142212368141,-279.4700318915745,401.0352316068506,368.7749766115111,-16.706571159145778,23.823601335560678,11.83470617327738,37.032292283321524,124.87154220646717,1.7993342111886033,145274.07774302157,0.7749444097975845,11059.16,48268.40279384986,-430439.8046767139,611269.2622054663,319.5084649370624
4,Shahab_3,25.0,5.015,-5.816,5.015,-5.816,0.90249,0.99756,76.199,327.89,7.68,310.767,54634.235,254.345,0.748315,-3000.0918243727324,4329.305274277376,5200.8021505453125,-296.33257599698754,425.07011184256703,380.4889590572596,-17.025475112990332,24.263796583251562,11.569795384140994,36.28973284308507,124.8818225069041,1.8890989152016302,154627.87191619768,0.7483150488476983,10888.15,51376.27111981704,-430439.8046767139,611269.2622054663,319.5084649370624
4,Shahab_3,26.0,5.015,-5.816,5.015,-5.816,0.90249,0.99756,76.199,327.89,7.68,310.767,52184.514,251.834,0.721888,-3304.973786055468,4766.560662657246,5587.068998216604,-313.480263078534,449.5076755838282,392.0130219136168,-17.31344584576977,24.664193128990274,11.385216028032268,35.577080584356715,124.89137084884777,1.9800062816334751,163868.95295294246,0.7218876967038312,10717.14,54446.68966015179,-430439.8046767139,611269.2622054663,319.5084649370624
4,Shahab_3,27.0,5.015,-5.816,5.015,-5.816,0.90249,0.99756,76.199,327.89,7.68,310.767,49777.079,249.249,0.695726,-3627.153325222893,5228.462932745066,5984.755389606224,-330.9205350945698,474.3564219251341,403.3454492658403,-17.5841804339401,25.047851580591445,11.251574389796167,34.8908420867364,124.90039905177964,2.072086894139643,172960.96833048042,0.6957260706971413,10546.13,57467.580016290776,-430439.8046767139,611269.2622054663,319.5084649370624
4,Shahab_3,28.0,5.015,-5.816,5.015,-5.816,0.90249,0.99756,76.199,327.89,7.68,310.767,47417.334,246.591,0.669888,-3966.9189524660246,5715.418020240581,6393.687522263393,-348.6550294127474,499.6178172815669,414.50070995442314,-17.86537559797911,25.44796390168318,11.111445535945014,34.2295110496719,124.90900979182173,2.1653774974263262,181870.99680531202,0.6698881663632211,10375.12,60428.00385796615,-430439.8046767139,611269.2622054663,319.5084649370624
4,Shahab_3,29.0,5.015,-5.816,5.015,-5.816,0.90249,0.99756,76.199,327.89,7.68,310.767,45110.038,243.861,0.644427,-4324.562721337724,6227.836844328794,6813.703027665542,-366.68355870644234,525.2921803218586,425.50045168900306,-18.166766379592524,25.873050428304374,10.9480539544958,33.5923224752322,124.91721292157347,2.25992046856468,190569.60124371754,0.6444265300926659,10204.11,63318.180476537025,-430439.8046767139,611269.2622054663,319.5084649370624
4,Shahab_3,30.0,5.015,-5.816,5.015,-5.816,0.90249,0.99756,76.199,327.89,7.68,310.767,42859.325,241.06,0.619388,-4700.381465465194,6766.1369231057315,7244.651559792494,-385.0088371323266,551.3842906702743,436.36296791817904,-18.479572895348532,26.310836483545657,10.786176608146842,32.978197762504585,124.92500339764712,2.3557638543513995,199030.87889184675,0.6193883756041438,10033.1,66129.50348760406,-430439.8046767139,611269.2622054663,319.5084649370624
4,Shahab_3,31.0,5.015,-5.816,5.015,-5.816,0.90249,0.99756,76.199,327.89,7.68,310.767,40668.728,238.188,0.594816,-5094.677426877054,7330.743400628945,7686.396765452516,-403.6372321303975,577.9036060999459,447.1014005457785,-18.79418798873906,26.750558361327926,10.651814932068659,32.38568791954722,124.93240434374563,2.452960999954261,207232.36507242257,0.5948156605374484,9862.09,68854.50883351646,-430439.8046767139,611269.2622054663,319.5084649370624
4,Shahab_3,32.0,5.015,-5.816,5.015,-5.816,0.90249,0.99756,76.199,327.89,7.68,310.767,38541.201,235.248,0.570745,-5507.759361074144,7922.0906993391545,8138.817066475278,-422.5781628357307,604.8632210287419,457.72520015924346,-19.10637943262786,27.189678020844518,10.55728786829466,31.813176413987296,124.93946857175725,2.5515709386358862,215155.0387322483,0.570745274796363,9691.08,71486.8766265728,-430439.8046767139,611269.2622054663,319.5084649370624
4,Shahab_3,33.0,5.015,-5.816,5.015,-5.816,0.90249,0.99756,76.199,327.89,7.68,310.767,36479.153,232.238,0.547209,-5939.943583752714,8540.624181137448,8601.80655771179,-441.8415780619954,632.2766719975133,468.2460711192543,-19.42483445113852,27.63992532397121,10.483982457073209,31.25937653069062,124.9462541898777,2.6516579934029374,222783.15492863077,0.5472092497634449,9520.07,74021.37549137778,-430439.8046767139,611269.2622054663,319.5084649370624
4,Shahab_3,34.0,5.015,-5.816,5.015,-5.816,0.90249,0.99756,76.199,327.89,7.68,310.767,34484.49,229.161,0.524235,-6391.5557819276255,9186.802613325126,9075.273983444902,-461.4371656473956,660.1575596231942,478.67988380086365,-19.757816722394786,28.110832853477138,10.414983367548112,30.723403925520618,124.95279246585716,2.753292404660494,230104.2586213289,0.5242350816608712,9349.06,76453.86714732065,-430439.8046767139,611269.2622054663,319.5084649370624
4,Shahab_3,35.0,5.015,-5.816,5.015,-5.816,0.90249,0.99756,76.199,327.89,7.68,310.767,32558.65,226.016,0.501846,-6862.932481481338,9861.100152145716,9559.1425865653,-481.3750586980289,688.5206701068674,489.0444507860827,-20.107313069000348,28.60412495658203,10.349253812245257,30.204559224850403,124.9590886762254,2.8565498490561216,237108.97376762616,0.5018460079908943,9178.05,78781.2363338299,-430439.8046767139,611269.2622054663,319.5084649370624
4,Shahab_3,36.0,5.015,-5.816,5.015,-5.816,0.90249,0.99756,76.199,327.89,7.68,310.767,30702.636,222.803,0.480061,-7354.422117204481,10564.007900952061,10053.350818710289,-501.6670323070033,717.3829428595934,499.35723094533745,-20.474052630513196,29.120403663569576,10.28858443978912,29.70214544505975,124.96515503189688,2.961511701675924,243790.88218743072,0.48006124865782274,9007.04,81001.35056239353,-430439.8046767139,611269.2622054663,319.5084649370624
4,Shahab_3,37.0,5.015,-5.816,5.015,-5.816,0.90249,0.99756,76.199,327.89,7.68,310.767,28917.052,219.524,0.458896,-7866.386396196696,11296.035832217973,10557.852383155629,-522.3262444855743,746.7633770400184,509.6356882985129,-20.85522237095149,29.655893003653176,10.24511835636649,29.21549506635211,124.9709992582487,3.0682651614148795,250146.3794680042,0.4588962841879251,8836.03,83113.01223982363,-430439.8046767139,611269.2622054663,319.5084649370624
4,Shahab_3,38.0,5.015,-5.816,5.015,-5.816,0.90249,0.99756,76.199,327.89,7.68,310.767,27202.137,216.65,0.437408,-8399.20161947846,12057.714591730877,11072.61677196726,-543.3694904896968,776.6859659495241,519.8943305758572,-21.25585768028212,30.2203092655896,10.24772157343348,28.743737253373403,124.97663533149289,3.1769087098856357,255617.25017180885,0.43740806400812876,8665.02,84930.75009689291,-430439.8046767139,611269.2622054663,319.5084649370624
4,Shahab_3,39.0,5.015,-5.816,5.015,-5.816,0.90249,0.99756,76.199,327.89,7.68,310.767,25557.74,216.65,0.410966,-8953.278984538432,12849.624585375992,11597.648627567116,-564.8643895846974,807.2466199549538,530.190260075083,-21.738472033867748,30.90469719567317,10.351268339210911,28.28590662949177,124.98209918464343,3.2878280568687335,257228.03955273738,0.4109663004258749,8494.0,85465.94695969626,-430439.8046767139,611269.2622054663,319.5084649370624
4,Shahab_3,40.0,5.015,-5.816,5.015,-5.816,0.90249,0.99756,76.199,327.89,7.68,310.767,23983.278,216.65,0.385649,-9529.100895372383,13672.447905702762,12133.020614015666,-586.8650414246467,838.5218005494963,540.5710451637003,-22.253075439772985,31.634846501511902,10.455875799271961,27.841449143009495,124.98742402645301,3.4013346006414475,258335.99364687913,0.38564908344398013,8322.99,85834.07302405668,-430439.8046767139,611269.2622054663,319.5084649370624
4,Shahab_3,41.0,5.015,-5.816,5.015,-5.816,0.90249,0.99756,76.199,327.89,7.68,310.767,22477.92,216.65,0.361443,-10127.184786871345,14526.916533505379,12678.833306659848,-609.3954950468737,870.5461834039942,551.0660253447866,-22.806753263201745,32.41665908157455,10.550353384649178,27.41034277456376,124.99260178894329,3.5175806717824596,258953.57495293664,0.36144304797619764,8151.98,86039.26904871476,-430439.8046767139,611269.2622054663,319.5084649370624
4,Shahab_3,42.0,5.015,-5.816,5.015,-5.816,0.90249,0.99756,76.199,327.89,7.68,310.767,21040.643,216.65,0.338332,-10748.076031766945,15413.801891731166,13235.206208429288,-632.4831788278261,903.3597542085791,561.6999902262504,-23.385937255232268,33.233276248651386,10.682380185104819,26.992262393358516,124.99761106286051,3.6367280680708785,259094.57728128266,0.3383317570310393,7980.97,86086.11813070663,-430439.8046767139,611269.2622054663,319.5084649370624
4,Shahab_3,43.0,5.015,-5.816,5.015,-5.816,0.90249,0.99756,76.199,327.89,7.68,310.767,19670.248,216.65,0.316296,-11392.349021650198,16333.916549547723,13802.282151436644,-656.161349756675,937.0093225847603,572.4869274824308,-23.98468916480889,34.081475632451884,10.872336887538053,26.586325674064117,125.00247647851654,3.7589475055230164,258773.63422119003,0.3162959281842715,7809.96,85979.4823899116,-430439.8046767139,611269.2622054663,319.5084649370624
4,Shahab_3,44.0,5.015,-5.816,5.015,-5.816,0.90249,0.99756,76.199,327.89,7.68,310.767,18365.382,216.65,0.295314,-12060.610131036095,17288.118771646954,14380.229349426852,-680.4647902231692,971.5431772855359,583.4438623161149,-24.6176618740105,34.98074573314868,11.080091058585472,26.191854081152535,125.00723844167055,3.8844198599511035,258006.082610036,0.29531377856761987,7638.95,85724.45760567042,-430439.8046767139,611269.2622054663,319.5084649370624
4,Shahab_3,45.0,5.015,-5.816,5.015,-5.816,0.90249,0.99756,76.199,327.89,7.68,310.767,17124.563,216.65,0.275362,-12753.498583312667,18277.313670862084,14969.238748067202,-705.4255216178096,1007.0070249666929,594.6033240033536,-25.299861643455266,35.946164576915336,11.27060216056378,25.808923223259303,125.01189514638423,4.01333652221964,256807.85336561702,0.2753615157141438,7467.94,85326.3369450024,-430439.8046767139,611269.2622054663,319.5084649370624
4,Shahab_3,46.0,5.015,-5.816,5.015,-5.816,0.90249,0.99756,76.199,327.89,7.68,310.767,15946.211,216.65,0.256414,-13471.690531001175,19302.458510379412,15569.52218816122,-731.0779116168269,1043.4509720792455,605.9973026756227,-26.02049932569479,36.96330899800385,11.489319942377035,25.437508201812534,125.01641764832675,4.145900522094849,255195.45235250093,0.2564137284853146,7296.93,84790.60460530744,-430439.8046767139,611269.2622054663,319.5084649370624
4,Shahab_3,47.0,5.015,-5.816,5.015,-5.816,0.90249,0.99756,76.199,327.89,7.68,310.767,14828.657,216.65,0.238444,-14215.899668101203,20364.563656250204,16181.316694317968,-757.4639797792161,1080.9344912663867,617.642282115672,-26.769001789652027,38.023538818808696,11.775238396915682,25.076847355908644,125.02081944609678,4.282327059322361,253185.68335715297,0.2384435481160648,7125.92,84122.84377077199,-430439.8046767139,611269.2622054663,319.5084649370624
4,Shahab_3,48.0,5.015,-5.816,5.015,-5.816,0.90249,0.99756,76.199,327.89,7.68,310.767,13770.149,216.65,0.221423,-14986.881051985185,21464.698476318732,16804.889002226624,-784.6286658960978,1119.5200977236664,629.5567340284008,-27.55936116717466,39.14647933459895,12.089598171899679,24.726289788394364,125.0251390134255,4.422845647242269,250795.5695792955,0.22142282699288787,6954.91,83328.71052728427,-430439.8046767139,611269.2622054663,319.5084649370624
4,Shahab_3,49.0,5.015,-5.816,5.015,-5.816,0.90249,0.99756,76.199,327.89,7.68,310.767,12768.881,216.65,0.205323,-15785.431476148695,22603.991843970052,17440.53237821544,-812.6146331119378,1159.2684057262645,641.7767967714473,-28.409257418461305,40.35056367620102,12.389513109422824,24.38591807619299,125.0293779958674,4.567700205188486,248042.2604565889,0.20532252397464623,6783.9,82413.90290423488,-430439.8046767139,611269.2622054663,319.5084649370624
4,Shahab_3,50.0,5.015,-5.816,5.015,-5.816,0.90249,0.99756,76.199,327.89,7.68,310.767,11823.008,216.65,0.190113,-16612.396699122084,23783.641857971954,18088.5656715632,-841.4672837421597,1200.2451590227522,654.3405745036144,-29.31205225037867,41.626109479651156,12.713625522551345,24.055800631640047,125.03350999887373,4.717151860606975,244943.18291096477,0.1901129665877524,6612.89,81384.21112724651,-430439.8046767139,611269.2622054663,319.5084649370624
4,Shahab_3,51.0,5.015,-5.816,5.015,-5.816,0.90249,0.99756,76.199,327.89,7.68,310.767,10930.653,216.65,0.175764,-17468.67216587987,25004.91687962046,18749.337161322277,-871.2402659122698,1242.526623618203,667.271592199114,-30.256157466705012,42.96308775909393,13.11241976204102,23.73536494378097,125.03753864542067,4.87147979987711,241515.815499777,0.17576397299935512,6441.88,80245.44257819837,-430439.8046767139,611269.2622054663,319.5084649370624
4,Shahab_3,52.0,5.015,-5.816,5.015,-5.816,0.90249,0.99756,76.199,327.89,7.68,310.767,10089.914,216.65,0.162245,-18355.206064881597,26269.160345054468,19423.229878404916,-901.992239347634,1286.1948292446912,680.5924063482868,-31.252375536027532,44.37824089484264,13.559712433180472,23.423993364915148,125.04149570236682,5.030983141850804,237777.54074059735,0.1622449561188855,6270.87,79003.37272903127,-430439.8046767139,611269.2622054663,319.5084649370624
4,Shahab_3,53.0,5.015,-5.816,5.015,-5.816,0.90249,0.99756,76.199,327.89,7.68,310.767,9298.876,216.65,0.149525,-19273.00461571269,27577.79832700597,20110.66162390886,-933.7824777786104,1331.3333127320655,694.3411445004705,-32.32231444312567,45.896447745061465,13.999289875025237,23.12160582487855,125.04539550316548,5.195983990833956,233745.7539004698,0.14952514054705196,6099.86,77663.7812877938,-430439.8046767139,611269.2622054663,319.5084649370624
4,Shahab_3,54.0,5.015,-5.816,5.015,-5.816,0.90249,0.99756,76.199,327.89,7.68,310.767,8555.629,216.65,0.137574,-20223.135257972346,28932.343671398732,20812.081910256857,-966.6716669885694,1378.0294718206223,708.567996767185,-33.469409414587275,47.51852552565489,14.446653909773357,22.828451209944973,125.04921381756738,5.366828760476196,229437.86881417644,0.13757379593901964,5928.85,76232.4541318049,-430439.8046767139,611269.2622054663,319.5084649370624
4,Shahab_3,55.0,5.015,-5.816,5.015,-5.816,0.90249,0.99756,76.199,327.89,7.68,310.767,7858.269,216.65,0.12636,-21206.735190124677,30334.40781108053,21527.976990377338,-1000.7298889559147,1426.3836634812558,723.3105873407796,-34.6795349284801,49.230363756663294,14.973727208492194,22.54422576675098,125.05293732303593,5.543892348585237,224871.3396368923,0.12636029394907708,5757.84,74715.1905351368,-430439.8046767139,611269.2622054663,319.5084649370624
4,Shahab_3,56.0,5.015,-5.816,5.015,-5.816,0.90249,0.99756,76.199,327.89,7.68,310.767,7204.899,216.65,0.115854,-22225.013194934458,31785.70380519084,22258.87635326555,-1036.0368155091746,1476.5078226361316,738.5978857113311,-35.9562690126393,51.04226558823868,15.587011252648686,22.268278130615258,125.05659214791179,5.727580982549946,220063.49661930633,0.11585415924591135,5586.83,73117.7486036661,-430439.8046767139,611269.2622054663,319.5084649370624
4,Shahab_3,57.0,5.015,-5.816,5.015,-5.816,0.90249,0.99756,76.199,327.89,7.68,310.767,6593.641,216.65,0.106025,-23279.25660276335,33288.056497375626,23005.35541108974,-1072.6760661088292,1528.5195706820464,754.4724138924674,-37.321578464089725,52.982005899187484,16.233941631943342,22.00034182117252,125.06019935836106,5.918335568150062,215031.51899039137,0.10602518732684071,5415.82,71445.83626517063,-430439.8046767139,611269.2622054663,319.5084649370624
4,Shahab_3,58.0,5.015,-5.816,5.015,-5.816,0.90249,0.99756,76.199,327.89,7.68,310.767,6022.642,216.65,0.096844,-24370.83927440493,34843.41353969353,23768.03574352717,-1110.7354873306058,1582.5438497563707,770.9921863141745,-38.79307125401721,55.06905296969011,16.886622386031785,21.740516453643192,125.06375445323987,6.116637105892805,209792.5951912266,0.09684357715926699,5244.81,69705.16450821969,-430439.8046767139,611269.2622054663,319.5084649370624
4,Shahab_3,59.0,5.015,-5.816,5.015,-5.816,0.90249,0.99756,76.199,327.89,7.68,310.767,5490.079,216.65,0.08828,-25501.229865936,36453.85686643905,24547.58812239612,-1150.3116653148495,1638.7185908812585,788.2177482143298,-40.374351832437846,57.30784127938828,17.574323583356623,21.488821850880097,125.0672439514214,6.3230117096507685,204363.92259181157,0.08828000626274576,5073.8,67901.44728808344,-430439.8046767139,611269.2622054663,319.5084649370624
4,Shahab_3,60.0,5.015,-5.816,5.015,-5.816,0.90249,0.99756,76.199,327.89,7.68,310.767,4994.16,216.65,0.080306,-26672.000425601065,38121.6149667789,25344.73903908729,-1191.5130011056308,1697.1979325597083,806.2059596156116,-42.06554772529153,59.70180162057114,18.33979289157252,21.245022139847265,125.07066535267604,6.538036228519321,198762.62435707837,0.08030566342404731,4902.79,66040.37390484133,-430439.8046767139,611269.2622054663,319.5084649370624
4,Shahab_3,61.0,5.015,-5.816,5.015,-5.816,0.90249,0.99756,76.199,327.89,7.68,310.767,4533.126,216.65,0.072892,-27884.836344990443,39849.07716928522,26160.277475717583,-1234.460196172057,1758.1527518440894,825.015478154064,-43.875360067648124,62.26591568248957,19.196879993633726,21.00879150443172,125.07402776290849,6.762346592859171,193005.79080853116,0.07289228840865751,4731.78,64127.62274609737,-430439.8046767139,611269.2622054663,319.5084649370624
4,Shahab_3,62.0,5.015,-5.816,5.015,-5.816,0.90249,0.99756,76.199,327.89,7.68,310.767,4105.26,216.65,0.066012,-29141.547920933655,41638.8100969496,26995.060249941147,-1279.2857256766388,1821.7705336481872,844.714059139908,-45.821869052582606,65.02556671684103,20.135276166133153,20.779903222333676,125.07734064205101,6.996644562790694,187110.3967070344,0.06601222835550273,4560.77,62168.83380356559,-430439.8046767139,611269.2622054663,319.5084649370624
4,Shahab_3,63.0,5.015,-5.816,5.015,-5.816,0.90249,0.99756,76.199,327.89,7.68,310.767,3708.88,216.65,0.059638,-30444.08468611166,43493.57791710897,27850.018352514464,-1326.135791657651,1888.2586306122028,865.3814279428956,-47.92369162052482,68.00575340033205,21.149703570950248,20.558252354362264,125.08060669044522,7.241710954727766,181093.49716192612,0.059638481944563435,4389.75,60169.6737653435,-430439.8046767139,611269.2622054663,319.5084649370624
4,Shahab_3,64.0,5.015,-5.816,5.015,-5.816,0.90249,0.99756,76.199,327.89,7.68,310.767,3342.352,216.65,0.053745,-31794.550658040436,45416.36391933917,28726.16477287294,-1375.1733130974862,1957.8481611396724,887.1043780794153,-50.200574727213166,71.23411971950163,22.24589085590082,20.34370104520631,125.08382773817586,7.4984139229853595,174972.02579742201,0.05374473139175408,4218.74,58135.76895518479,-430439.8046767139,611269.2622054663,319.5084649370624
4,Shahab_3,65.0,5.015,-5.816,5.015,-5.816,0.90249,0.99756,76.199,327.89,7.68,310.767,3004.081,216.65,0.048305,-33195.222736596144,47410.39661839334,29624.60409288342,-1426.5814568526855,2030.7989873794156,909.9797370221697,-52.671687892555866,74.7386298674724,23.438606578611875,20.136104991038174,125.08700536515441,7.76772891165875,168763.06070584612,0.048305365162462574,4047.73,56072.79369745658,-430439.8046767139,611269.2622054663,319.5084649370624
4,Shahab_3,66.0,5.015,-5.816,5.015,-5.816,0.90249,0.99756,76.199,327.89,7.68,310.767,2692.52,216.65,0.043295,-34648.57182436253,49479.179719268555,30546.543537147205,-1480.5657688128022,2107.4029021128304,934.115228806813,-55.354335394709196,78.54686550242525,24.77218459127953,19.93531205514034,125.0901387906048,8.050750164404086,162483.52526058446,0.04329549719407172,3876.72,53986.370909997466,-430439.8046767139,611269.2622054663,319.5084649370624
4,Shahab_3,67.0,5.015,-5.816,5.015,-5.816,0.90249,0.99756,76.199,327.89,7.68,310.767,2406.168,216.65,0.038691,-36157.28766213941,51626.52747415412,31493.306392427923,-1537.3572336620362,2187.9886137956414,959.6435449477897,-58.27013840801977,82.68835301489645,26.306828425016988,19.741399011763303,125.09321734325411,8.348720902354628,156150.54944497926,0.038690979862074426,3705.71,51882.19215835486,-430439.8046767139,611269.2622054663,319.5084649370624
4,Shahab_3,68.0,5.015,-5.816,5.015,-5.816,0.90249,0.99756,76.199,327.89,7.68,310.767,2143.569,216.65,0.034468,-37724.307837333596,53856.60597771508,32466.350951173754,-1597.2190575227164,2272.928705391346,986.713774060707,-61.499119847067824,87.25714920751503,27.8826541375979,19.554420777607227,125.09625407301903,8.663050963549058,149781.02042899834,0.03446840156160218,3534.7,49765.86833150992,-430439.8046767139,611269.2622054663,319.5084649370624
4,Shahab_3,69.0,5.015,-5.816,5.015,-5.816,0.90249,0.99756,76.199,327.89,7.68,310.767,1903.314,216.65,0.030605,-39352.85541079733,56173.9855772735,33467.28122958822,-1660.4658692550831,2362.667229085173,1015.442206805085,-65.04144608067337,92.29043403377835,29.648029987912473,19.373342838618804,125.09927811982679,8.995362106219629,143392.17342596463,0.030605131090721282,3363.69,47643.125958461016,-430439.8046767139,611269.2622054663,319.5084649370624
4,Shahab_3,70.0,5.015,-5.816,5.015,-5.816,0.90249,0.99756,76.199,327.89,7.68,310.767,1684.044,216.65,0.027079,-41046.48115291345,58583.702451795216,34497.87711311375,-1727.4315974920341,2457.6813450937457,1046.0628118857405,-14.996478989041034,21.104936267891752,-1.0237627812136303,19.199109543204802,125.10225045699151,9.347497683027134,137000.40761308259,0.027079286954307197,3192.68,45519.41378893069,-430439.8046767139,611269.2622054663,319.5084649370624
4,Shahab_3,71.0,5.015,-5.816,5.015,-5.816,0.90249,0.99756,76.199,327.89,7.68,310.767,1488.573,216.65,0.023936,-42770.264867858146,61036.08907790496,35536.73734576843,-1720.2965117489334,2447.3205319827525,1031.761445861833,6.655261152215169,-9.680131689183506,-14.03847307170751,19.029466599162923,125.10455740952126,9.298808539896877,119840.18001465201,0.023936130204689942,3192.68,39817.799360371886,-430439.8046767139,611269.2622054663,319.5084649370624
4,Shahab_3,72.0,5.015,-5.816,5.015,-5.816,0.90249,0.99756,76.199,327.89,7.68,310.767,1317.981,216.65,0.021193,-44487.37237973845,63478.76914868026,36561.5919493341,-1714.0558176423467,2438.23539923748,1018.0412228376272,5.831391493588886,-8.505163053544683,-13.476489679430909,18.85888287817693,125.10684609334109,9.255086266229686,105110.93342477911,0.02119302976015022,3192.68,34923.89661946065,-430439.8046767139,611269.2622054663,319.5084649370624
4,Shahab_3,73.0,5.015,-5.816,5.015,-5.816,0.90249,0.99756,76.199,327.89,7.68,310.767,1168.808,216.65,0.018794,-46198.63460481583,65912.92765356784,37572.97792222582,-1708.5865014315668,2430.2502638780093,1004.8121354541194,5.128227069833535,-7.4968736672419745,-12.9705662054837,18.6873169972537,125.10912059451692,9.215649118788885,92421.4161817545,0.01879433028562592,3192.68,30707.709264760768,-430439.8046767139,611269.2622054663,319.5084649370624
4,Shahab_3,74.0,5.015,-5.816,5.015,-5.816,0.90249,0.99756,76.199,327.89,7.68,310.767,1038.121,216.65,0.016693,-47904.76752482447,68339.58601491917,38571.35634446784,-1703.7829149605282,2423.214190728038,992.0075715598778,4.500598664908676,-6.602349770183691,-12.622126516937827,18.51490953740297,125.11138520537286,9.179921766426991,81452.31638200174,0.016692891742116918,3192.68,27063.14351947358,-430439.8046767139,611269.2622054663,319.5084649370624
4,Shahab_3,75.0,5.015,-5.816,5.015,-5.816,0.90249,0.99756,76.199,327.89,7.68,310.767,923.428,216.65,0.014849,-49606.39094316177,70759.62853121392,39557.121009865834,-1699.5531930608095,2416.998176225877,979.5791546074698,3.966893338281565,-5.84289737875988,-12.262201366644364,18.341930925643435,125.11361886877631,9.147417846947285,71941.22705083987,0.014848647688229136,3192.68,23903.012696568654,-430439.8046767139,611269.2622054663,319.5084649370624
4,Shahab_3,76.0,5.015,-5.816,5.015,-5.816,0.90249,0.99756,76.199,327.89,7.68,310.767,822.605,216.65,0.013227,-51304.042105795146,73173.82189884501,40530.61388285099,-1695.8269022541754,2411.499598755246,967.4554660353742,3.497094303308327,-5.170312977520854,-11.989157992201408,18.168020484042806,125.11584661625798,9.117724232780182,63671.04866460255,0.013227421558272211,3192.68,21155.18384970427,-430439.8046767139,611269.2622054663,319.5084649370624
4,Shahab_3,77.0,5.015,-5.816,5.015,-5.816,0.90249,0.99756,76.199,327.89,7.68,310.767,733.834,216.65,0.0118,-52998.18880195494,75582.83401514578,41492.128246970526,-1692.5345223299869,2406.621763448758,955.6147366602614,3.09793774009023,-4.59909778750177,-11.694536352254849,17.993626629289647,125.11804226290869,9.090488757394109,56461.14688973173,0.011799981463442643,3192.68,18759.639865669065,-430439.8046767139,611269.2622054663,319.5084649370624
4,Shahab_3,78.0,5.015,-5.816,5.015,-5.816,0.90249,0.99756,76.199,327.89,7.68,310.767,655.554,216.65,0.010541,-54689.23844326728,77987.24681983166,42441.921420092025,-1689.6235094161264,2402.2880512680595,944.0108642803953,2.7339601743327657,-4.082737576078243,-11.507000010693725,17.818598053397672,125.12022538345427,9.065409915759767,50160.37995166175,0.01054124777691234,3192.68,16666.162755355468,-430439.8046767139,611269.2622054663,319.5084649370624
4,Shahab_3,79.0,5.015,-5.816,5.015,-5.816,0.90249,0.99756,76.199,327.89,7.68,310.767,586.425,216.65,0.00943,-56377.54788098751,80387.57004319804,43380.21397384099,-1687.0470052840458,2398.432144735909,932.6083256073505,2.4200789066276025,-3.633353524333582,-11.326899693574584,17.642880997347632,125.12239105819063,9.042228809640303,44641.70727424113,0.009429657264280565,3192.68,14832.542333738658,-430439.8046767139,611269.2622054663,319.5084649370624
4,Shahab_3,80.0,5.015,-5.816,5.015,-5.816,0.90249,0.99756,76.199,327.89,7.68,310.767,525.29,216.65,0.008447,-58063.42952279268,82784.25031770612,44307.1989800471,-1684.762558617495,2394.9941654295403,921.3872416085825,2.1493360128178094,-3.2442245100501803,-11.146300023599347,17.466636670137607,125.12453263318048,9.020722431528755,39797.84599874718,0.008446621336635367,3192.68,13223.133065715929,-430439.8046767139,611269.2622054663,319.5084649370624
4,Shahab_3,81.0,5.015,-5.816,5.015,-5.816,0.90249,0.99756,76.199,327.89,7.68,310.767,471.152,216.65,0.007576,-59747.157533735895,85177.67983405308,45223.04561782808,-1682.734679322442,2391.9234093526575,910.3257220934373,1.9105360678818188,-2.901684927526605,-10.989225909044938,17.28991110889268,125.12665177882462,9.000698100018264,35537.83279475516,0.007576081663465331,3192.68,11807.711701960045,-430439.8046767139,611269.2622054663,319.5084649370624
4,Shahab_3,82.0,5.015,-5.816,5.015,-5.816,0.90249,0.99756,76.199,327.89,7.68,310.767,423.145,216.65,0.006804,-61428.97315441602,87568.2038627825,46127.9016067426,-1680.9330168150825,2389.1765008276343,899.402615004557,1.6986975945432867,-2.598215754330184,-10.857594437186176,17.112699951259547,125.12875011239825,8.98198891394293,31784.258724111925,0.006804138658126604,3192.68,10560.558541718687,-430439.8046767139,611269.2622054663,319.5084649370624
4,Shahab_3,83.0,5.015,-5.816,5.015,-5.816,0.90249,0.99756,76.199,327.89,7.68,310.767,380.521,216.65,0.006119,-63109.088995748396,89956.12691922947,47021.89630982279,-1679.3309490156603,2386.715524993607,888.6006150885574,1.5105823586314,-2.328918749880863,-10.74723324714794,16.935018980594347,125.13082760138677,8.964449942393776,28471.02299293448,0.00611873827072866,3192.68,9459.711100055056,-430439.8046767139,611269.2622054663,319.5084649370624
4,Shahab_3,84.0,5.015,-5.816,5.015,-5.816,0.90249,0.99756,76.199,327.89,7.68,310.767,342.627,216.65,0.005509,-64787.69273700108,92341.71803326673,47905.14329891567,-1677.9051499342866,2384.50731769743,877.9053583422474,1.3435286940509432,-2.089911985741435,-10.653475700151581,16.75689459526194,125.13288360805993,8.947955058690104,25541.502669276786,0.005509408229676783,3192.68,8486.355982804129,-430439.8046767139,611269.2622054663,319.5084649370624
4,Shahab_3,85.0,5.015,-5.816,5.015,-5.816,0.90249,0.99756,76.199,327.89,7.68,310.767,308.897,216.65,0.004967,-66464.95032947992,94725.21530717718,48777.7423965144,-1676.635131519417,2382.5228282028693,867.3049103065421,1.1956615273041677,-1.8784276783753615,-10.56985436666689,16.578360661757426,125.13491670792891,8.932394261650067,22947.0523917645,0.004967035190511005,3192.68,7624.330403504975,-430439.8046767139,611269.2622054663,319.5084649370624
4,Shahab_3,86.0,5.015,-5.816,5.015,-5.816,0.90249,0.99756,76.199,327.89,7.68,310.767,278.837,216.65,0.004484,-68141.00876290932,97106.82982584137,49639.781388605414,-1675.5032197554397,2380.7369585498586,856.7875700439483,1.0663364590329767,-1.6927096507198856,-10.486909728311,16.399421103090425,125.13692610211024,8.917671414687305,20645.76757483959,0.004483675764494195,3192.68,6859.711249059587,-430439.8046767139,611269.2622054663,319.5084649370624
4,Shahab_3,87.0,5.015,-5.816,5.015,-5.816,0.90249,0.99756,76.199,327.89,7.68,310.767,252.016,216.65,0.004052,-69815.99832170582,99486.74889785702,50491.338122685695,-1674.4943718672137,2379.1280866368515,846.3411678189327,0.9531784178957181,-1.5288016277917602,-10.4066691455223,16.220040843057216,125.13891406316351,8.90370233480216,18601.458273103326,0.004052395505549274,3192.68,6180.474138458417,-430439.8046767139,611269.2622054663,319.5084649370624
4,Shahab_3,88.0,5.015,-5.816,5.015,-5.816,0.90249,0.99756,76.199,327.89,7.68,310.767,228.057,216.65,0.003667,-71490.03452359197,101865.13890266899,51332.482236013515,-1673.5950226519922,2377.676657544316,835.9573028288654,0.8507105665465141,-1.380324456756437,-10.346223234058563,16.040233308491946,125.14088331492299,8.890413190930001,16782.796033348768,0.003667131828351346,3192.68,5576.209957964212,-430439.8046767139,611269.2622054663,319.5084649370624
4,Shahab_3,89.0,5.015,-5.816,5.015,-5.816,0.90249,0.99756,76.199,327.89,7.68,310.767,206.629,216.65,0.003323,-73163.22016236883,104242.1481410693,52163.274835762386,-1672.7921149032697,2376.3644623009295,825.6338183438667,0.7569880789627605,-1.245963992081043,-10.303352670147834,15.860112909332145,125.14282957533551,8.877739120508947,15162.604255024176,0.003322577654100912,3192.68,5037.889078049268,-430439.8046767139,611269.2622054663,319.5084649370624
4,Shahab_3,90.0,5.015,-5.816,5.015,-5.816,0.90249,0.99756,76.199,327.89,7.68,310.767,187.444,216.65,0.003014,-74835.64708021814,106617.90913215133,52983.76861913477,-1672.0751066834825,2375.1768311849646,815.3631332442318,0.6763581091647176,-1.1294640340548938,-10.24942116328569,15.679668108050858,125.14474900361853,8.865623052302716,13717.260483651506,0.003014081276062445,3192.68,4557.662760897176,-430439.8046767139,611269.2622054663,319.5084649370624
4,Shahab_3,91.0,5.015,-5.816,5.015,-5.816,0.90249,0.99756,76.199,327.89,7.68,310.767,170.247,216.65,0.002738,-76507.39672564747,108992.53969124302,53794.012689283365,-1671.4360051911076,2374.101663118827,805.1333103722801,0.6047842377454757,-1.0247323263857961,-10.202194899550227,15.498784817775839,125.14664976012634,8.854014654927541,12426.185222618524,0.0027375587445952173,3192.68,4128.693314283646,-430439.8046767139,611269.2622054663,319.5084649370624
4,Shahab_3,92.0,5.015,-5.816,5.015,-5.816,0.90249,0.99756,76.199,327.89,7.68,310.767,154.816,216.65,0.002489,-78178.54166400924,111366.14521897485,54594.05084814621,-1670.8651246344025,2373.1255321006674,794.9472396956667,0.5379861954418935,-0.9286039648283319,-10.173093192258158,15.31762700110402,125.14852779356134,8.842869529092603,11271.421291001083,0.0024894209810615037,3192.68,3745.01433005552,-430439.8046767139,611269.2622054663,319.5084649370624
4,Shahab_3,93.0,5.015,-5.816,5.015,-5.816,0.90249,0.99756,76.199,327.89,7.68,310.767,140.953,216.65,0.002267,-79849.14735635996,113738.8206051941,55383.91919180316,-1670.3555804822427,2372.238933000627,784.7971033182073,0.48153022516330807,-0.8458240821118691,-10.130082646736065,15.136134864944294,125.15037974822518,8.832148435797338,10237.276017232532,0.00226651079406697,3192.68,3401.411800291642,-430439.8046767139,611269.2622054663,319.5084649370624
4,Shahab_3,94.0,5.015,-5.816,5.015,-5.816,0.90249,0.99756,76.199,327.89,7.68,310.767,128.486,216.65,0.002066,-81519.27146699543,116110.65000649926,56163.65447547356,-1669.901520817669,2371.432811699316,774.6771885783539,0.42850593530293646,-0.768531202774756,-10.105979311251843,14.954279258832482,125.15221384838998,8.821816610464346,9310.003480825862,0.00206604554041041,3192.68,3093.31853972987,-430439.8046767139,611269.2622054663,319.5084649370624
4,Shahab_3,95.0,5.015,-5.816,5.015,-5.816,0.90249,0.99756,76.199,327.89,7.68,310.767,117.263,216.65,0.001886,-83188.96636865,118481.70986199523,56933.28521506132,-1669.4959103671947,2370.6980575428674,764.5897818530208,0.38261157927427636,-0.7013492247729581,-10.073967326425779,14.772179443039033,125.15401988521451,8.811843295676288,8477.554749592957,0.0018855722152235032,3192.68,2816.731200208388,-430439.8046767139,611269.2622054663,319.5084649370624
4,Shahab_3,96.0,5.015,-5.816,5.015,-5.816,0.90249,0.99756,76.199,327.89,7.68,310.767,107.148,216.65,0.001723,-84858.27839749782,120852.06805033016,57692.840652362414,-1669.1351818425005,2370.0286948011385,754.5245426103828,0.3404466767185399,-0.6392204917384159,-10.052692359726707,14.58969701986975,125.15580803541569,8.802201143097967,7729.343404165547,0.001722924009624294,3192.68,2568.1323644277677,-430439.8046767139,611269.2622054663,319.5084649370624
4,Shahab_3,97.0,5.015,-5.816,5.015,-5.816,0.90249,0.99756,76.199,327.89,7.68,310.767,98.022,216.65,0.001576,-86527.24951970398,123221.78631013441,58442.34405860714,-1668.813220846774,2369.416887253126,744.486610509988,0.3034447396542438,-0.5847215366202799,-10.027114983795325,14.406992120950457,125.15756851718572,8.792865910546276,7056.061415218744,0.0015761863025441363,3192.68,2344.4293697764056,-430439.8046767139,611269.2622054663,319.5084649370624
4,Shahab_3,98.0,5.015,-5.816,5.015,-5.816,0.90249,0.99756,76.199,327.89,7.68,310.767,89.781,216.65,0.001444,-88195.91699670389,125590.91959227201,59181.819267578634,-1668.5274374628802,2368.8581299571883,734.4664216504336,0.2692773687623029,-0.5341107565499718,-10.010879712604073,14.223927999863859,125.15931061240613,8.783815982525383,6449.507897613888,0.0014436643050266197,3192.68,2142.897410609079,-430439.8046767139,611269.2622054663,319.5084649370624
4,Shahab_3,99.0,5.015,-5.816,5.015,-5.816,0.90249,0.99756,76.199,327.89,7.68,310.767,82.33,216.65,0.001324,-89864.31475598198,127959.51814704553,59911.28448558835,-1668.272976160222,2368.3462993115454,724.4679140987191,0.2397990285944361,-0.4900460354344495,-9.988169176746151,14.040629160894268,125.16102542901093,8.775032163236062,5902.452883856359,0.0013238573548857598,3192.68,1961.1342759557467,-430439.8046767139,611269.2622054663,319.5084649370624
4,Shahab_3,100.0,5.015,-5.816,5.015,-5.816,0.90249,0.99756,76.199,327.89,7.68,310.767,75.587,216.65,0.001215,-91532.47264944526,130327.62651208248,60630.760247214275,-1668.0474936329772,2367.877369130735,714.4854220280588,0.21181679027647182,-0.448544730851468,-9.976555750425106,13.857025412206346,125.16272082250622,8.766497288835613,5408.5085437674825,0.0012154340866666943,3192.68,1797.0175612908859,-430439.8046767139,611269.2622054663,319.5084649370624
4,Shahab_3,101.0,5.015,-5.816,5.015,-5.816,0.90249,0.99756,76.199,327.89,7.68,310.767,69.479,216.65,0.001117,-93200.41830908087,132695.2858205141,61340.26040074846,-1667.8477504934403,2367.447238836014,704.518156468183,0.18815249461237296,-0.41248509181943965,-9.957540817246073,13.673138610598672,125.16439102161873,8.75819608871998,4962.030092564361,0.0011172134675717124,3192.68,1648.6717444992064,-430439.8046767139,611269.2622054663,319.5084649370624
4,Shahab_3,102.0,5.015,-5.816,5.015,-5.816,0.90249,0.99756,76.199,327.89,7.68,310.767,63.94,216.65,0.001028,-94868.17575705102,135062.53247112155,62039.80217268865,-1667.6708987701847,2367.051664166403,694.5672464357835,0.16570850972807996,-0.3789283904890798,-9.946005154799398,13.489024851340778,125.16603823483064,8.75011488619927,4558.017289287303,0.0010281454437079626,3192.68,1514.4354579887852,-430439.8046767139,611269.2622054663,319.5084649370624
4,Shahab_3,103.0,5.015,-5.816,5.015,-5.816,0.90249,0.99756,76.199,327.89,7.68,310.767,58.912,216.65,0.000947,-96535.76726212427,137429.39992184285,62729.3980002557,-1667.5154105919714,2366.688298343917,684.6263456067309,0.14589057543174908,-0.34856098669506935,-9.93439596645521,13.304588962266871,125.16766441350272,8.74224146215356,4192.040279807289,0.0009472965360530832,3192.68,1392.8368494736571,-430439.8046767139,611269.2622054663,319.5084649370624
4,Shahab_3,104.0,5.015,-5.816,5.015,-5.816,0.90249,0.99756,76.199,327.89,7.68,310.767,54.343,216.65,0.000874,-98203.21266862622,139795.91850501794,63409.05971280475,-1667.3782972098495,2366.353335795779,674.6994784368435,0.12848165932281674,-0.32169849166957326,-9.920271128559767,13.119938023032804,125.1692645125946,8.73456489352412,3860.167839909078,0.0008738356005168054,3192.68,1282.5697401995521,-430439.8046767139,611269.2622054663,319.5084649370624
4,Shahab_3,105.0,5.015,-5.816,5.015,-5.816,0.90249,0.99756,76.199,327.89,7.68,310.767,50.188,216.65,0.000807,-99870.52954324898,142162.11528028775,64078.80048676494,-1667.2582205948788,2366.044437586001,664.7832868613677,0.11192108429645732,-0.29640881427350174,-9.912654045538934,12.935030487408065,125.17084348471755,8.727075358441429,3558.9065550610926,0.0008070217327882111,3192.68,1182.4734169659064,-430439.8046767139,611269.2622054663,319.5084649370624
4,Shahab_3,106.0,5.015,-5.816,5.015,-5.816,0.90249,0.99756,76.199,327.89,7.68,310.767,46.405,216.65,0.000746,-101537.73429860134,144528.01541370736,64738.628858025186,-1667.1536763969568,2365.759594837586,654.8751085264271,0.097573114492985,-0.27379675512856855,-9.902848942222604,12.749836220172313,125.17239983663518,8.719764077569756,3285.1512502841324,0.0007461944205536504,3192.68,1091.5161620776564,-430439.8046767139,611269.2622054663,319.5084649370624
4,Shahab_3,107.0,5.015,-5.816,5.015,-5.816,0.90249,0.99756,76.199,327.89,7.68,310.767,42.958,216.65,0.000691,-103204.84134750038,146893.64154615643,65388.55448279546,-1667.062546320381,2365.496036400236,644.977954888811,0.08479928838304232,-0.253564291488979,-9.892139156868486,12.56443538934555,125.173930839314,8.71262316652582,3036.1365581021237,0.0006907637483610086,3192.68,1008.7791614333339,-430439.8046767139,611269.2622054663,319.5084649370624
4,Shahab_3,108.0,5.015,-5.816,5.015,-5.816,0.90249,0.99756,76.199,327.89,7.68,310.767,39.814,216.65,0.00064,-104871.86355077453,149259.01402252875,66028.58753177483,-1666.9838828995503,2365.252090491289,635.0891389035183,0.07269305868576223,-0.23454559890079127,-9.885976031162109,12.378793599628326,125.17544018085309,8.705645517941818,2809.397470460954,0.0006402024413124285,3192.68,933.4433976039901,-430439.8046767139,611269.2622054663,319.5084649370624
4,Shahab_3,109.0,5.015,-5.816,5.015,-5.816,0.90249,0.99756,76.199,327.89,7.68,310.767,36.943,216.65,0.000594,-106538.81293390371,151624.15180164602,66658.73468168617,-1666.9166548933179,2365.0263389077204,625.206301114571,0.06205398549247544,-0.21731648644503707,-9.879144470588864,12.192881306705646,125.17692730692369,8.698824761594235,2602.735795210733,0.0005940390820643493,3192.68,864.7785047476414,-430439.8046767139,611269.2622054663,319.5084649370624
4,Shahab_3,110.0,5.015,-5.816,5.015,-5.816,0.90249,0.99756,76.199,327.89,7.68,310.767,34.319,216.65,0.000552,-108205.70014583536,153989.07210213612,67279.00286695347,-1666.8593104788815,2364.816814054349,615.3315401853355,0.0527767353391306,-0.20197524658829474,-9.870496266199648,12.006755832406332,125.17838950935015,8.692155166830375,2414.188075621018,0.0005518515377007683,3192.68,802.1321096273983,-430439.8046767139,611269.2622054663,319.5084649370624
4,Shahab_3,111.0,5.015,-5.816,5.015,-5.816,0.90249,0.99756,76.199,327.89,7.68,310.767,31.919,216.65,0.000513,-109872.53453746997,156353.7903414278,67889.4003200074,-1666.8109264025143,2364.6220445992267,605.4643663998463,0.04406805950559149,-0.1876999593809341,-9.864430416196615,11.820422036485008,125.17982859753577,8.685631548434811,2241.9985351784717,0.0005132614155731744,3192.68,744.9208423174053,-430439.8046767139,611269.2622054663,319.5084649370624
4,Shahab_3,112.0,5.015,-5.816,5.015,-5.816,0.90249,0.99756,76.199,327.89,7.68,310.767,29.722,216.65,0.000478,-111539.3248012976,158718.32079991288,68489.93319013498,-1666.7709321209877,2364.4410873908832,595.6020887968152,0.036094541684426065,-0.17442363993654691,-9.860038765391867,11.633840053727393,125.18124606805638,8.67924924274678,2084.5965047441687,0.0004779294386893088,3192.68,692.6228362064169,-430439.8046767139,611269.2622054663,319.5084649370624
4,Shahab_3,113.0,5.015,-5.816,5.015,-5.816,0.90249,0.99756,76.199,327.89,7.68,310.767,27.709,216.65,0.000446,-113206.07887700104,161082.67671964588,69080.60616046078,-1666.73836355518,2364.2727365124665,585.7448428005481,0.029213719999872153,-0.16250632732708511,-9.854160520764012,11.447024995264766,125.18264004876195,8.673004049422925,1940.5753521465242,0.00044555108964159745,3192.68,644.7707271968894,-430439.8046767139,611269.2622054663,319.5084649370624
4,Shahab_3,114.0,5.015,-5.816,5.015,-5.816,0.90249,0.99756,76.199,327.89,7.68,310.767,25.862,216.65,0.000416,-114872.80367410886,163446.87003626517,69661.42501271248,-1666.7122485620625,2364.1156906754077,575.8939207725352,0.02309604271135069,-0.15172964545656695,-9.847884138396216,11.26001402250086,125.184009628751,8.666892171549291,1808.6735683892032,0.00041585267809868666,3192.68,600.9453694555873,-430439.8046767139,611269.2622054663,319.5084649370624
4,Shahab_3,115.0,5.015,-5.816,5.015,-5.816,0.90249,0.99756,76.199,327.89,7.68,310.767,24.166,216.65,0.000389,-116539.50534366013,165810.91156489024,70232.39582136378,-1666.692046496851,2363.969045313573,566.0484260153928,0.01737079291514872,-0.14166329960397234,-9.843445038927321,11.0728001814737,125.18535635815894,8.660910162680262,1687.7589388925785,0.0003885880551928274,3192.68,560.7705761897423,-430439.8046767139,611269.2622054663,319.5084649370624
4,Shahab_3,116.0,5.015,-5.816,5.015,-5.816,0.90249,0.99756,76.199,327.89,7.68,310.767,22.608,216.65,0.000364,-118206.18960073122,168174.81137326694,70793.52308928862,-1666.6773376036685,2363.832134242171,556.2066637316647,0.012157447659570305,-0.13229440430871758,-9.840061292525325,10.885359994593074,125.18668102598774,8.655054917584105,1576.8147294576838,0.0003635357367526261,3192.68,523.9085298298852,-430439.8046767139,611269.2622054663,319.5084649370624
4,Shahab_3,117.0,5.015,-5.816,5.015,-5.816,0.90249,0.99756,76.199,327.89,7.68,310.767,21.175,216.65,0.00034,-119872.86164124554,170538.57881438933,71344.81036210104,-1666.6674939405823,2363.7041632826677,546.368578317242,0.007646089635782489,-0.12379763953063722,-9.835918038859463,10.697701829707562,125.1879825139046,8.64932363009059,1474.9269341753743,0.00034049623124724827,3192.68,490.0555450519449,-430439.8046767139,611269.2622054663,319.5084649370624
4,Shahab_3,118.0,5.015,-5.816,5.015,-5.816,0.90249,0.99756,76.199,327.89,7.68,310.767,19.856,216.65,0.000319,-121539.5259867402,172902.22238961677,71886.26177415202,-1666.661850443159,2363.584266220379,536.5350549736065,0.003712124004929408,-0.11611040736147944,-9.831150786902116,10.509852146673554,125.1892599270978,8.64371375653646,1381.2728873639012,0.00031928964340499595,3192.68,458.9382850080249,-430439.8046767139,611269.2622054663,319.5084649370624
4,Shahab_3,119.0,5.015,-5.816,5.015,-5.816,0.90249,0.99756,76.199,327.89,7.68,310.767,18.641,216.65,0.0003,-123206.18659156824,175265.7498060709,72417.8819772262,-1666.6599593736014,2363.471752366433,526.7060231987998,0.00011189110050383043,-0.10899343565463794,-9.827132215415565,10.321817996176014,125.19051388768749,8.638222980998021,1295.1115033072256,0.00029975362059314744,3192.68,430.3105184061956,-430439.8046767139,611269.2622054663,319.5084649370624
4,Shahab_3,120.0,5.015,-5.816,5.015,-5.816,0.90249,0.99756,76.199,327.89,7.68,310.767,17.521,216.65,0.000282,-124872.84706178692,177629.16819227423,72939.67495278298,-1666.6615359825796,2363.3661330223904,516.8804002511285,-0.0032095251226373694,-0.10232164106860496,-9.824240328302913,10.133585930818914,125.19174535233928,8.63284920591403,1215.7747887016494,0.0002817415638111668,3192.68,403.950299457178,-430439.8046767139,611269.2622054663,319.5084649370624
4,Shahab_3,121.0,5.015,-5.816,5.015,-5.816,0.90249,0.99756,76.199,327.89,7.68,310.767,16.488,216.65,0.000265,-126539.51071039106,179992.48421650095,73451.6436621052,-1666.6662511339746,2363.266945507601,507.05745491317515,-0.006146615787888876,-0.09614480812311171,-9.821591340601803,9.94514906769746,125.1929542633886,8.627590532607988,1142.660151133126,0.0002651210000260679,3192.68,379.6574123081948,-430439.8046767139,611269.2622054663,319.5084649370624
4,Shahab_3,122.0,5.015,-5.816,5.015,-5.816,0.90249,0.99756,76.199,327.89,7.68,310.767,15.533,216.65,0.00025,-128206.18046983787,182355.7040507676,73953.7908202169,-1666.673683676507,2363.1736601653497,497.2373959511921,-0.008649741479009012,-0.09051656037327392,-9.818424906329158,9.756518796002075,125.19413983941308,8.622445238241342,1075.2234183468113,0.0002497720984613027,3192.68,357.25105164288044,-430439.8046767139,611269.2622054663,319.5084649370624
4,Shahab_3,123.0,5.015,-5.816,5.015,-5.816,0.90249,0.99756,76.199,327.89,7.68,310.767,14.651,216.65,0.000236,-129872.8588497995,184718.83332724497,74446.11957942061,-1666.6834332686562,2363.085746817455,487.42071592258554,-0.010802911298459433,-0.08538299938980408,-9.814941386823666,9.567711818621447,125.19530164323682,8.617411755600651,1012.9726752437666,0.00023558635799826347,3192.68,336.56777497717417,-430439.8046767139,611269.2622054663,319.5084649370624
4,Shahab_3,124.0,5.015,-5.816,5.015,-5.816,0.90249,0.99756,76.199,327.89,7.68,310.767,13.835,216.65,0.000222,-131539.54801303675,187081.87718887537,74928.63336901997,-1666.6952134657429,2363.0027681837064,477.6073871675349,-0.01272783776618109,-0.08062710528503529,-9.81183570740687,9.378734261523856,125.19644002225034,8.612488651649532,955.4628979956134,0.00022246546390260416,3192.68,317.4597198036366,-430439.8046767139,611269.2622054663,319.5084649370624
4,Shahab_3,125.0,5.015,-5.816,5.015,-5.816,0.90249,0.99756,76.199,327.89,7.68,310.767,13.08,216.65,0.00021,-133206.2498885636,189444.8403980631,75401.3352691829,-1666.7088292473993,2362.9243935498835,467.79680960754405,-0.014472447776180305,-0.07616917822960807,-9.809428426609182,9.189580655913366,125.19755558819176,8.60767462398329,902.2912254776388,0.00021032027815499018,3192.68,299.793032489605,-430439.8046767139,611269.2622054663,319.5084649370624
4,Shahab_3,126.0,5.015,-5.816,5.015,-5.816,0.90249,0.99756,76.199,327.89,7.68,310.767,12.38,216.65,0.000199,-134872.96621901682,191807.7274136435,75864.22770779782,-1666.724087815181,2362.8503325225665,457.9883947909118,-0.01600343426989333,-0.07200515956814471,-9.807415490284248,9.000245533330286,125.19864852912346,8.602968491626537,853.0926964845617,0.00019906992679859963,3192.68,283.4464519351343,-430439.8046767139,611269.2622054663,319.5084649370624
4,Shahab_3,127.0,5.015,-5.816,5.015,-5.816,0.90249,0.99756,76.199,327.89,7.68,310.767,11.731,216.65,0.000189,-136539.69853233648,194170.54239798314,76317.31273547544,-1666.740751541316,2362.780277055915,448.1820110832304,-0.017279803686670796,-0.06816125006181305,-9.805298509076826,8.810732276656985,125.19971850961517,8.598369178960628,807.5363866333681,0.0001886409703291995,3192.68,268.3100260299664,-430439.8046767139,611269.2622054663,319.5084649370624
4,Shahab_3,128.0,5.015,-5.816,5.015,-5.816,0.90249,0.99756,76.199,327.89,7.68,310.767,11.13,216.65,0.000179,-138206.4481050453,196533.2891946139,76760.59248796995,-1666.7585648333195,2362.713903024053,438.37790108037666,-0.0183097784191726,-0.06463771098283354,-9.802878875170213,8.621051505257308,125.20076508777926,8.593875705965813,765.3219526585902,0.00017896665959120958,3192.68,254.28396346969777,-430439.8046767139,611269.2622054663,319.5084649370624
4,Shahab_3,129.0,5.015,-5.816,5.015,-5.816,0.90249,0.99756,76.199,327.89,7.68,310.767,10.571,216.65,0.00017,-139873.21597089677,198895.97132974432,77194.06937233766,-1666.7773055386579,2362.6509069773515,428.5762936662494,-0.019145317517241935,-0.06139600342610912,-9.800352610267508,8.43121340970151,125.20178812775886,8.589487176438434,726.1765788201719,0.0001699862776318825,3192.68,241.27761917687107,-430439.8046767139,611269.2622054663,319.5084649370624
4,Shahab_3,130.0,5.015,-5.816,5.015,-5.816,0.90249,0.99756,76.199,327.89,7.68,310.767,10.053,216.65,0.000162,-141540.00297003915,201258.59204949802,77617.74588827188,-1666.7968087177337,2362.591034632585,418.77712332497316,-0.01984152103103424,-0.0583819820763538,-9.798052092706794,8.241222207601327,125.20278785913537,8.585202768312621,689.8522804875922,0.00016164455795145293,3192.68,229.2085983965609,-430439.8046767139,611269.2622054663,319.5084649370624
4,Shahab_3,131.0,5.015,-5.816,5.015,-5.816,0.90249,0.99756,76.199,327.89,7.68,310.767,9.57,216.65,0.000154,-143206.8098011389,203621.15437142347,78031.62432052835,-1666.8169508772462,2362.5340803752124,408.9800561060279,-0.020423857341082916,-0.05555597369862412,-9.796148846547272,8.051076667459089,125.20376462718927,8.58102173150445,656.1234997460797,0.0001538911647048477,3192.68,218.00195781848996,-430439.8046767139,611269.2622054663,319.5084649370624
4,Shahab_3,132.0,5.015,-5.816,5.015,-5.816,0.90249,0.99756,76.199,327.89,7.68,310.767,9.122,216.65,0.000147,-144873.63704618008,205983.66112278533,78435.70657765004,-1666.837616473913,2362.4798644242173,399.18472024662526,-0.020885374687038223,-0.052905455844023314,-9.794555251212298,7.860774690024806,125.20471861127547,8.576943383559069,624.7849368833491,0.000146680222922885,3192.68,207.58948507222036,-430439.8046767139,611269.2622054663,319.5084649370624
4,Shahab_3,133.0,5.015,-5.816,5.015,-5.816,0.90249,0.99756,76.199,327.89,7.68,310.767,8.705,216.65,0.00014,-146540.48516524438,208346.11495387513,78829.99427129613,-1666.8586754103956,2362.4282095881526,389.3909186646805,-0.02120786513641275,-0.05043509537750154,-9.793038504636241,7.670317533171739,125.20564972591778,8.572967101993006,595.6495882633452,0.00013996989250306832,3192.68,197.90904679597642,-430439.8046767139,611269.2622054663,319.5084649370624
4,Shahab_3,134.0,5.015,-5.816,5.015,-5.816,0.90249,0.99756,76.199,327.89,7.68,310.767,8.316,216.65,0.000134,-148207.35448015487,210708.51833470017,79214.48893468182,-1666.8799836304552,2362.37893302767,379.59868111680976,-0.02138479872822665,-0.04814850005322929,-9.791408391977862,7.479710858168305,125.20655772453745,8.56909231722035,568.5469793391624,0.00013372198375724583,3192.68,188.90400154192395,-430439.8046767139,611269.2622054663,319.5084649370624
4,Shahab_3,135.0,5.015,-5.816,5.015,-5.816,0.90249,0.99756,76.199,327.89,7.68,310.767,7.954,216.65,0.000128,-149874.2451687121,213070.87355235248,79589.19220231826,-1666.9014006055852,2362.331853886795,369.80815263461614,-0.02142920532390385,-0.046037599882626436,-9.789631515109978,7.288962528820145,125.20744239540198,8.565318507507207,543.3215847439507,0.0001279016131215079,3192.68,180.52267483951456,-430439.8046767139,611269.2622054663,319.5084649370624
4,Shahab_3,136.0,5.015,-5.816,5.015,-5.816,0.90249,0.99756,76.199,327.89,7.68,310.767,7.617,216.65,0.000122,-151541.1572773621,215433.18271925047,79954.10584288668,-1666.9228060951887,2362.2868055041954,360.01942960849084,-0.021366426574146676,-0.04408306358190197,-9.787842556914844,7.098079374598596,125.20830369346214,8.561645191199316,519.8314201624429,0.0001224768960702731,3192.68,172.71789133423084,-430439.8046767139,611269.2622054663,319.5084649370624
4,Shahab_3,137.0,5.015,-5.816,5.015,-5.816,0.90249,0.99756,76.199,327.89,7.68,310.767,7.302,216.65,0.000117,-153208.09074544022,217795.44779189402,80309.23152903888,-1666.94410587653,2362.243643340504,350.2320916311494,-0.021221084500014645,-0.042261414107595145,-9.7870437631787,6.907058025981626,125.20914174250878,8.558071792356836,497.9467779096128,0.00011741867442567357,3192.68,165.44655467410428,-430439.8046767139,611269.2622054663,319.5084649370624
4,Shahab_3,138.0,5.015,-5.816,5.015,-5.816,0.90249,0.99756,76.199,327.89,7.68,310.767,7.009,216.65,0.000113,-154875.0454288964,220157.67059362237,80654.57019668905,-1666.9652255457195,2362.20224486679,340.4452824562123,-0.021007243670163545,-0.040553266346689834,-9.786584577423657,6.7158864740553055,125.20995673601685,8.554597683266062,477.54913285005193,0.00011270027575600049,3192.68,158.66928399321597,-430439.8046767139,611269.2622054663,319.5084649370624
4,Shahab_3,139.0,5.015,-5.816,5.015,-5.816,0.90249,0.99756,76.199,327.89,7.68,310.767,6.735,216.65,0.000108,-156542.0211141269,222519.85283356943,80990.12222475151,-1666.9860982592236,2362.1625026792285,330.65884107633684,-0.020726450959234845,-0.03894795026300674,-9.786320164930046,6.52456620202109,125.2107488172819,8.551222546548017,458.53014145068266,0.00010829728484959108,3192.68,152.35008133944714,-430439.8046767139,611269.2622054663,319.5084649370624
4,Shahab_3,140.0,5.015,-5.816,5.015,-5.816,0.90249,0.99756,76.199,327.89,7.68,310.767,6.479,216.65,0.000104,-158209.01751986262,224881.99611734806,81315.88794089887,-1667.0066543128987,2362.124315844141,320.8726128308854,-0.020372717086226313,-0.03744254040336824,-9.78615797834191,6.333098787301644,125.21151800954947,8.547946079944738,440.79065239082206,0.00010418733408767411,3192.68,146.45600294224613,-430439.8046767139,611269.2622054663,319.5084649370624
4,Shahab_3,141.0,5.015,-5.816,5.015,-5.816,0.90249,0.99756,76.199,327.89,7.68,310.767,6.241,216.65,0.0001,-159876.03429184505,227244.10195033642,81631.86750016604,-1667.026817541081,2362.087584347967,311.08653074493196,-0.019940333703691505,-0.036037216276738046,-9.785985068531648,6.141487510588758,125.21226422111225,8.544768002323323,424.23988475126566,0.00010034992265593292,3192.68,140.95688615978284,-430439.8046767139,611269.2622054663,319.5084649370624
4,Shahab_3,142.0,5.015,-5.816,5.015,-5.816,0.90249,0.99756,76.199,327.89,7.68,310.767,6.018,216.65,9.7e-05,-161543.07099762323,229606.171737895,81938.06107595461,-1667.046508762428,2362.052208465776,301.3006700802218,-0.019429404484030507,-0.03473076387361781,-9.78572249975884,5.949738427434276,125.21298730831091,8.54168807032475,408.79467194314293,9.676624954348082e-05,3192.68,135.82509826863577,-430439.8046767139,611269.2622054663,319.5084649370624
4,Shahab_3,143.0,5.015,-5.816,5.015,-5.816,0.90249,0.99756,76.199,327.89,7.68,310.767,5.81,216.65,9.3e-05,-163210.12712680543,231968.20678683123,82234.46894293139,-1667.0656524097942,2362.018091388744,291.515122570639,-0.018846847868406878,-0.03351850241149569,-9.785356331091384,5.757857897826249,125.21368715284726,8.538706051799405,394.3787815448175,9.34190641337048e-05,3192.68,131.03531047449653,-430439.8046767139,611269.2622054663,319.5084649370624
4,Shahab_3,144.0,5.015,-5.816,5.015,-5.816,0.90249,0.99756,76.199,327.89,7.68,310.767,5.615,216.65,9e-05,-164877.2020977526,234330.2083100534,82521.09145610382,-1667.0841822528373,2361.9851426597716,281.72997646279464,-0.01820382225329735,-0.0323925292486405,-9.784932636777585,5.565852184152875,125.21436371516566,8.535821737209778,380.92230994412296,9.029253233988861e-05,3192.68,126.56429677750866,-430439.8046767139,611269.2622054663,319.5084649370624
4,Shahab_3,145.0,5.015,-5.816,5.015,-5.816,0.90249,0.99756,76.199,327.89,7.68,310.767,5.434,216.65,8.7e-05,-166544.29526840014,236692.17743432228,82797.92903641114,-1667.1020436906551,2361.9532807130936,271.9452520139221,-0.017511744605818096,-0.03134332666342084,-9.78452632519852,5.373726179920646,125.21501704253191,8.533034932053008,368.36113323487405,8.737211541669815e-05,3192.68,122.39075152851206,-430439.8046767139,611269.2622054663,319.5084649370624
4,Shahab_3,146.0,5.015,-5.816,5.015,-5.816,0.90249,0.99756,76.199,327.89,7.68,310.767,5.264,216.65,8.5e-05,-168211.4059473884,239054.11520960677,83064.98208375904,-1667.119192182165,2361.922433432296,262.160896092138,-0.016778900033125873,-0.030361847144456812,-9.784203144592771,5.181483303722405,125.21564723721944,8.53034545752727,356.63641461273335,8.464446099539724e-05,3192.68,118.49512575762172,-430439.8046767139,611269.2622054663,319.5084649370624
4,Shahab_3,147.0,5.015,-5.816,5.015,-5.816,0.90249,0.99756,76.199,327.89,7.68,310.767,5.106,216.65,8.2e-05,-169878.5334021942,241416.0226179744,83322.25091823799,-1667.1355891435237,2361.892536759079,252.37680771618076,-0.016008848249175516,-0.02944122546777724,-9.78399260165529,4.989126006899865,125.21625440596172,8.52775315048605,345.69415732915246,8.209730407556751e-05,3192.68,114.8594786398193,-430439.8046767139,611269.2622054663,319.5084649370624
4,Shahab_3,148.0,5.015,-5.816,5.015,-5.816,0.90249,0.99756,76.199,327.89,7.68,310.767,4.958,216.65,8e-05,-171545.67686273056,243777.90058040054,83569.73575193284,-1667.151197328733,2361.8635320891212,242.59287758725708,-0.015200973981318927,-0.028577403464681198,-9.783880562211202,4.7966565595787625,125.21683861490314,8.525257861534442,335.4847987220927,7.971937702484324e-05,3192.68,111.46734260861267,-430439.8046767139,611269.2622054663,319.5084649370624
4,Shahab_3,149.0,5.015,-5.816,5.015,-5.816,0.90249,0.99756,76.199,327.89,7.68,310.767,4.82,216.65,7.8e-05,-173212.83552090186,246139.74996087098,83807.43670029425,-1667.1659776366298,2361.835363681799,232.80902879024876,-0.01435262195130446,-0.02776851221817229,-9.783820553783602,4.604077859456321,125.21739986749233,8.522859453486731,325.96284129510644,7.75003276692927e-05,3192.68,108.30360077929144,-430439.8046767139,611269.2622054663,319.5084649370624
4,Shahab_3,150.0,5.015,-5.816,5.015,-5.816,0.90249,0.99756,76.199,327.89,7.68,310.767,4.691,216.65,7.5e-05,-174880.0085281589,248501.5715683517,84035.35382830196,-1667.1798883577885,2361.8079770981267,223.02523789780366,-0.013461608451147154,-0.027013593101040848,-9.783755770550709,4.411393852154538,125.21793811013353,8.520557799552217,317.08651752001464,7.543064477514979e-05,3192.68,105.35437557710054,-430439.8046767139,611269.2622054663,319.5084649370624
4,Shahab_3,151.0,5.015,-5.816,5.015,-5.816,0.90249,0.99756,76.199,327.89,7.68,310.767,4.571,216.65,7.4e-05,-176547.19499346957,250863.36615784702,84253.4872045686,-1667.1928866176067,2361.781318900635,213.24153384137264,-0.012527948868269783,-0.02631147140898066,-9.78364150098788,4.218609510374043,125.21845325897581,8.518352782187609,308.817486251438,7.35015904726798e-05,3192.68,102.60692786868948,-430439.8046767139,611269.2622054663,319.5084649370624
4,Shahab_3,152.0,5.015,-5.816,5.015,-5.816,0.90249,0.99756,76.199,327.89,7.68,310.767,4.459,216.65,7.2e-05,-178214.3939833839,253225.13443163168,84461.8369449812,-1667.2049308938012,2361.7553371958375,203.45797765387462,-0.011554282509439191,-0.025660207861841186,-9.783459710756004,4.025730433809159,125.21894523446828,8.516244291901309,301.1205583073772,7.170513911754972e-05,3192.68,100.0495657842001,-430439.8046767139,611269.2622054663,319.5084649370624
4,Shahab_3,153.0,5.015,-5.816,5.015,-5.816,0.90249,0.99756,76.199,327.89,7.68,310.767,4.355,216.65,7e-05,-179881.60452461476,255586.87704119462,84660.40323047513,-1667.2159833545752,2361.7299824373004,193.67463334920592,-0.010545189735276536,-0.025057060453814724,-9.78322198063543,3.832762273328732,125.21941399003204,8.514232225840729,293.9634489056353,7.003392209866199e-05,3192.68,97.6715624624098,-430439.8046767139,611269.2622054663,319.5084649370624
4,Shahab_3,154.0,5.015,-5.816,5.015,-5.816,0.90249,0.99756,76.199,327.89,7.68,310.767,4.259,216.65,6.8e-05,-181548.82560850884,257948.59458995794,84849.18629602455,-1667.2260112112308,2361.705208131918,183.89154142309746,-0.009505937618668412,-0.024498718258862014,-9.782961713683587,3.639710206767165,125.21985952588042,8.512316486700767,287.31655448504563,6.848117804493676e-05,3192.68,95.46308189790916,-430439.8046767139,611269.2622054663,319.5084649370624
4,Shahab_3,155.0,5.015,-5.816,5.015,-5.816,0.90249,0.99756,76.199,327.89,7.68,310.767,4.169,216.65,6.7e-05,-183216.05619620899,260310.2876365576,85028.18639845496,-1667.2349867332932,2361.680971232914,174.10870383150842,-0.008441181633550586,-0.02398166862551521,-9.782719969001691,3.446578641793425,125.22028188476382,8.510496982222307,281.15275135007215,6.704070786181061e-05,3192.68,93.41511203925911,-430439.8046767139,611269.2622054663,319.5084649370624
4,Shahab_3,156.0,5.015,-5.816,5.015,-5.816,0.90249,0.99756,76.199,327.89,7.68,310.767,4.086,216.65,6.6e-05,-184883.29522322398,262671.9566983186,85197.403776614,-1667.2428861182761,2361.6572321258895,164.3260839475973,-0.007354008778508276,-0.023502632019780506,-9.782530629827233,3.2533712153908128,125.2206811338218,8.508773625168415,275.4472136706711,6.570683405120107e-05,3192.68,91.51940431807864,-430439.8046767139,611269.2622054663,319.5084649370624
4,Shahab_3,157.0,5.015,-5.816,5.015,-5.816,0.90249,0.99756,76.199,327.89,7.68,310.767,4.01,216.65,6.4e-05,-186550.5416024826,265033.60225450323,85356.83861841445,-1667.249687679669,2361.6339541944494,154.54361955719975,-0.006245557121748185,-0.023058942134623783,-9.78240977612626,3.060091051794916,125.22105734020262,8.50714633318574,270.17724860896726,6.447436382748227e-05,3192.68,89.7684188686456,-430439.8046767139,611269.2622054663,319.5084649370624
4,Shahab_3,158.0,5.015,-5.816,5.015,-5.816,0.90249,0.99756,76.199,327.89,7.68,310.767,3.939,216.65,6.3e-05,-188217.79422548745,267395.2247489624,85506.4910451603,-1667.2553699816908,2361.6111031011314,144.76124314423987,-0.00511529046624859,-0.022648705629564336,-9.782352042046503,2.866741165067271,125.22141054907603,8.505615028189078,265.32214674899734,6.333855562928912e-05,3192.68,88.15527483205607,-430439.8046767139,611269.2622054663,319.5084649370624
4,Shahab_3,159.0,5.015,-5.816,5.015,-5.816,0.90249,0.99756,76.199,327.89,7.68,310.767,3.874,216.65,6.2e-05,-189885.05196184514,269756.8245920478,85646.36111668518,-1667.2599105265656,2361.5886460550228,134.9789021707952,-0.003961784284862136,-0.022270676556859995,-9.782334102235989,2.6733248615896135,125.22174077074527,8.504179635438266,260.86304644764965,6.2295088720427e-05,3192.68,86.67370528580598,-430439.8046767139,611269.2622054663,319.5084649370624
4,Shahab_3,160.0,5.015,-5.816,5.015,-5.816,0.90249,0.99756,76.199,327.89,7.68,310.767,3.815,216.65,6.1e-05,-191552.31365794674,272118.4021618543,85776.44885364399,-1667.263285361281,2361.5665513201743,125.19657269594526,-0.002783677689655021,-0.021923956215318303,-9.7823232086443,2.479846010398731,125.22204797989475,8.502840082692245,256.7828110905275,6.134003565491597e-05,3192.68,85.31801646113031,-430439.8046767139,611269.2622054663,319.5084649370624
4,Shahab_3,161.0,5.015,-5.816,5.015,-5.816,0.90249,0.99756,76.199,327.89,7.68,310.767,3.761,216.65,6e-05,-193219.57813566594,274479.9578051566,85896.754268968,-1667.2654695161523,2361.54478798939,115.41426398462693,-0.0015804481733819656,-0.021607734664841897,-9.78228771077364,2.286309134790255,125.22233212527287,8.501596299538965,253.06591844023018,6.046983743214441e-05,3192.68,84.08305097813884,-430439.8046767139,611269.2622054663,319.5084649370624
4,Shahab_3,162.0,5.015,-5.816,5.015,-5.816,0.90249,0.99756,76.199,327.89,7.68,310.767,3.712,216.65,6e-05,-194886.84419179498,276841.49183825497,86007.27740025162,-1667.2664381034713,2361.5233259677607,105.6320124241987,-0.0003527804556923507,-0.021321180353847172,-9.782206884680393,2.0927192918638857,125.22259314766482,8.500448216923436,249.69836134288138,5.968128118568658e-05,3192.68,82.96415485481496,-430439.8046767139,611269.2622054663,319.5084649370624
4,Shahab_3,163.0,5.015,-5.816,5.015,-5.816,0.90249,0.99756,76.199,327.89,7.68,310.767,3.667,216.65,5.9e-05,-196554.11059879776,279203.0045477718,86108.01832903594,-1667.2661674955725,2361.502136016074,95.84986708673136,0.0008975932931789732,-0.02106346075007062,-9.78207591986779,1.8990817864564125,125.22283099846753,8.49939576650254,246.66755928371498,5.89714803064002e-05,3192.68,81.9571481206951,-430439.8046767139,611269.2622054663,319.5084649370624
4,Shahab_3,164.0,5.015,-5.816,5.015,-5.816,0.90249,0.99756,76.199,327.89,7.68,310.767,3.628,216.65,5.8e-05,-198221.3761065088,281564.4961914889,86198.97718514255,-1667.264636122637,2361.4811896959322,86.06787371084577,0.0021683323283753896,-0.02083379133547316,-9.781906051760641,1.7054018536846558,125.22304565323107,8.498438879841995,243.9622800184991,5.8337856829557074e-05,3192.68,81.0582987783212,-430439.8046767139,611269.2622054663,319.5084649370624
4,Shahab_3,165.0,5.015,-5.816,5.015,-5.816,0.90249,0.99756,76.199,327.89,7.68,310.767,3.593,216.65,5.8e-05,-199888.63944438432,283925.96699913905,86280.15413661506,-1667.2618248427264,2361.4604593284052,76.28606033298922,0.003457030678748507,-0.020631433835949096,-9.7817204732574,1.5116843739914787,125.22323711812007,8.497577488003683,241.5725705704305,5.777812592176276e-05,3192.68,80.26429987644082,-430439.8046767139,611269.2622054663,319.5084649370624
4,Shahab_3,166.0,5.015,-5.816,5.015,-5.816,0.90249,0.99756,76.199,327.89,7.68,310.767,3.563,216.65,5.7e-05,-201555.89932389217,286287.4171731389,86351.54936669978,-1667.2577167232616,2361.439917964471,66.50442885898863,0.00476175542203847,-0.02045566541298117,-9.78154675205154,1.3179337058205316,125.22340542671085,8.496811521422275,239.48969691797188,5.7290282319604796e-05,3192.68,79.57224947083844,-430439.8046767139,611269.2622054663,319.5084649370624
4,Shahab_3,167.0,5.015,-5.816,5.015,-5.816,0.90249,0.99756,76.199,327.89,7.68,310.767,3.537,216.65,5.7e-05,-203223.1544404011,288648.84688931727,86413.16304709282,-1667.2522963596746,2361.4195393725226,56.72295491016236,0.006081423627317948,-0.02030577297848625,-9.78140866094521,1.124153682244671,125.2235506290997,8.496140910018319,237.70609157523762,5.687258853985565e-05,3192.68,78.97963320752511,-430439.8046767139,611269.2622054663,319.5084649370624
4,Shahab_3,168.0,5.015,-5.816,5.015,-5.816,0.90249,0.99756,76.199,327.89,7.68,310.767,3.515,216.65,5.7e-05,-204890.40347425186,291010.25629762316,86464.99531474976,-1667.245548934209,2361.3992980206294,46.941595123292494,0.007415949644102749,-0.020181077944761268,-9.781319487429808,0.9303477553614956,125.22367277686381,8.495565583223257,236.2153084011865,5.652356471525995e-05,3192.68,78.48430930775352,-430439.8046767139,611269.2622054663,319.5084649370624
4,Shahab_3,169.0,5.015,-5.816,5.015,-5.816,0.90249,0.99756,76.199,327.89,7.68,310.767,3.498,216.65,5.6e-05,-206557.64509085595,293371.64552280476,86507.04625885862,-1667.2374592593337,2361.3791690292433,37.16029970989174,0.00876610999394038,-0.02008095251856957,-9.781278558912613,0.7365192449718175,125.22377190811024,8.495085469670704,235.01198407462994,5.624197993144615e-05,3192.68,78.08449576780035,-430439.8046767139,611269.2622054663,319.5084649370624
4,Shahab_3,170.0,5.015,-5.816,5.015,-5.816,0.90249,0.99756,76.199,327.89,7.68,310.767,3.484,216.65,5.6e-05,-208224.8779399411,295733.0146650416,86539.31592162576,-1667.2280110943677,2361.359128130022,27.37902652520002,0.010133154028765646,-0.020004795700536714,-9.781271820350515,0.5426716171659717,125.22384803687883,8.494700496658202,234.09180583601838,5.602684497393167e-05,3192.68,77.77875964093259,-430439.8046767139,611269.2622054663,319.5084649370624
4,Shahab_3,171.0,5.015,-5.816,5.015,-5.816,0.90249,0.99756,76.199,327.89,7.68,310.767,3.475,216.65,5.6e-05,-209892.10065436384,298094.3638005462,86561.80431182176,-1667.2171869226772,2361.339151658372,17.597752498139972,0.01151830049092168,-0.019951992763783486,-9.781275980670333,0.3488087105411019,125.2239011496165,8.49441058958409,233.4514852817608,5.587740643626194e-05,3192.68,77.56600833037353,-430439.8046767139,611269.2622054663,319.5084649370624
4,Shahab_3,172.0,5.015,-5.816,5.015,-5.816,0.90249,0.99756,76.199,327.89,7.68,310.767,3.47,216.65,5.6e-05,-211559.31184878398,300455.692982,86574.51142762013,-1667.2049682188372,2361.3192165695045,7.816479843974145,0.012922286670470925,-0.019921939115804196,-9.781265160649742,0.15493485893537015,125.22393120931636,8.494215671548051,233.08873810359722,5.5793142165298576e-05,3192.68,77.44548285755721,-430439.8046767139,611269.2622054663,319.5084649370624
4,Shahab_3,173.0,5.015,-5.816,5.015,-5.816,0.90249,0.99756,76.199,327.89,7.68,310.767,3.469,216.65,5.6e-05,-213226.51011895004,302817.00223917776,86577.437282227,-1667.1913360733483,2361.2993003725014,-1.96476496912002,0.014345133652783506,-0.01991416734873904,-9.78121818855045,-0.038945129513997416,125.22393816638375,8.49411566300496,233.0022697734635,5.577375804857178e-05,3192.68,77.41675310581726,-430439.8046767139,611269.2622054663,319.5084649370624
4,Shahab_3,174.0,5.015,-5.816,5.015,-5.816,0.90249,0.99756,76.199,327.89,7.68,310.767,3.471,216.65,5.6e-05,-214893.69404281047,305178.29158074333,86570.58192246362,-1667.17627188938,2361.279380888467,-11.745939976495594,0.015786220715303168,-0.01992850280005124,-9.781123777312507,-0.2328261464473541,125.22392197268047,8.494110481272784,233.19176730538825,5.581918618025126e-05,3192.68,77.47971508321537,-430439.8046767139,611269.2622054663,319.5084649370624
4,Shahab_3,175.0,5.015,-5.816,5.015,-5.816,0.90249,0.99756,76.199,327.89,7.68,310.767,3.478,216.65,5.6e-05,-216560.86217944336,307539.5609924185,86553.94544161059,-1667.1597579201882,2361.259435898892,-21.5269975627044,0.017244473017731462,-0.019965240778786315,-9.780984134692186,-0.42670297902276166,125.22388259424484,8.494200040053618,233.6578969872502,5.592958437959543e-05,3192.68,77.63459016890052,-430439.8046767139,611269.2622054663,319.5084649370624
4,Shahab_3,176.0,5.015,-5.816,5.015,-5.816,0.90249,0.99756,76.199,327.89,7.68,310.767,3.489,216.65,5.6e-05,-218228.01307007458,309900.81043667713,86527.5279790722,-1667.1417776090798,2361.2394426658657,-31.307898740588687,0.01871871884186522,-0.020025153657688956,-9.780814843092422,-0.6205705936041461,125.22382002228036,8.494384249041556,234.4023082677928,5.610533710604994e-05,3192.68,77.88192640459891,-430439.8046767139,611269.2622054663,319.5084649370624
4,Shahab_3,177.0,5.015,-5.816,5.015,-5.816,0.90249,0.99756,76.199,327.89,7.68,310.767,3.504,216.65,5.6e-05,-219895.1452407073,312262.0398537442,86491.32970206915,-1667.1223154288846,2361.2193775051023,-41.088625396086556,0.020208104863455964,-0.02010929147032782,-9.78063956563623,-0.8144243791882875,125.22373427543675,8.494663013576728,235.42764396435774,5.634705781100606e-05,3192.68,78.22260188620999,-430439.8046767139,611269.2622054663,319.5084649370624
4,Shahab_3,178.0,5.015,-5.816,5.015,-5.816,0.90249,0.99756,76.199,327.89,7.68,310.767,3.523,216.65,5.7e-05,-221562.2572019993,314623.2491594242,86445.35078380676,-1667.1013564325679,2361.1992156269484,-50.8691844309692,0.02171235649006347,-0.020218769094013673,-9.780483746649924,-1.0082602302326233,125.2236253943497,8.495036234765283,236.73755650789485,5.6655592651749045e-05,3192.68,78.6578301613329,-430439.8046767139,611269.2622054663,319.5084649370624
4,Shahab_3,179.0,5.015,-5.816,5.015,-5.816,0.90249,0.99756,76.199,327.89,7.68,310.767,3.547,216.65,5.7e-05,-223229.34744963617,316984.4382441421,86389.59137876332,-1667.0788855949656,2361.1789311937573,-60.64960604572646,0.023231937227147895,-0.02035453921183804,-9.780367313041582,-1.2020745133054072,125.22349343032403,8.495503809651284,238.33673033134167,5.703202559639465e-05,3192.68,79.18916766797365,-430439.8046767139,611269.2622054663,319.5084649370624
4,Shahab_3,180.0,5.015,-5.816,5.015,-5.816,0.90249,0.99756,76.199,327.89,7.68,310.767,3.575,216.65,5.7e-05,-224896.41446396557,319345.60697208927,86324.05160271373,-1667.0548870631844,2361.1584975746514,-70.42993504940434,0.0247680186419007,-0.020517215782099925,-9.780298508192073,-1.3958638955298197,125.22333843028036,8.496065631106628,240.23091036583267,5.747768491291157e-05,3192.68,79.81852320262456,-430439.8046767139,611269.2622054663,319.5084649370624
4,Shahab_3,181.0,5.015,-5.816,5.015,-5.816,0.90249,0.99756,76.199,327.89,7.68,310.767,3.607,216.65,5.8e-05,-226563.4567087776,321706.7551805595,86248.7315244791,-1667.0293435304184,2361.1378877343764,-80.21021698453123,0.026322218685837163,-0.020706976087792813,-9.780270924456863,-1.5896250703269394,125.22316042216602,8.496721587311681,242.42693667808183,5.799415104844108e-05,3192.68,80.54816942879467,-430439.8046767139,611269.2622054663,319.5084649370624
4,Shahab_3,182.0,5.015,-5.816,5.015,-5.816,0.90249,0.99756,76.199,327.89,7.68,310.767,3.643,216.65,5.9e-05,-228230.47262972407,324067.8826798178,86163.63117346237,-1667.0022360379583,2361.1170746772227,-89.99048428515948,0.027896186636521162,-0.02092356687063872,-9.780265104862421,-1.7833544838601811,125.22295940666937,8.497471561270077,244.93278543414826,5.8583265932998385e-05,3192.68,81.38075648752813,-430439.8046767139,611269.2622054663,319.5084649370624
4,Shahab_3,183.0,5.015,-5.816,5.015,-5.816,0.90249,0.99756,76.199,327.89,7.68,310.767,3.685,216.65,5.9e-05,-229897.4606527337,326428.98925331683,86068.7505577761,-1666.973544144336,2361.0960318385237,-99.7707452863524,0.029491181895179856,-0.02116643817147282,-9.780253361519549,-1.9770481180605388,125.2227353554786,8.498315430284421,247.75761665472712,5.924714381453018e-05,3192.68,82.31932786445842,-430439.8046767139,611269.2622054663,319.5084649370624
4,Shahab_3,184.0,5.015,-5.816,5.015,-5.816,0.90249,0.99756,76.199,327.89,7.68,310.767,3.731,216.65,6e-05,-231564.4191827584,328790.07465822704,85964.08969148269,-1666.943246459559,2361.074733208994,-109.55097969180184,0.0311078051610355,-0.021435091557492278,-9.780207679772479,-2.170701401719416,125.22248821850705,8.49925306547417,250.91182918634405,5.9988183719424265e-05,3192.68,83.36733865439997,-430439.8046767139,611269.2622054663,319.5084649370624
4,Shahab_3,185.0,5.015,-5.816,5.015,-5.816,0.90249,0.99756,76.199,327.89,7.68,310.767,3.782,216.65,6.1e-05,-233231.3466031756,331151.13862589246,85849.64862198308,-1666.9113213332741,2361.0531530527865,-119.33114262822446,0.03274601226674109,-0.021729568785693747,-9.780108201324696,-2.364309291845739,125.22221793825739,8.500284331351642,254.40712359468333,6.080908369967185e-05,3192.68,84.52867645812879,-430439.8046767139,611269.2622054663,319.5084649370624
4,Shahab_3,186.0,5.015,-5.816,5.015,-5.816,0.90249,0.99756,76.199,327.89,7.68,310.767,3.838,216.65,6.2e-05,-234898.2412758126,333512.180861751,85725.42744920767,-1666.8777473741359,2361.0312651273057,-129.11117630177463,0.034405390239295806,-0.022050902059561766,-9.779949765908786,-2.5578665058597885,125.22192446715005,8.501409085157272,258.2565737408854,6.171285704415642e-05,3192.68,85.80768516414449,-430439.8046767139,611269.2622054663,319.5084649370624
4,Shahab_3,187.0,5.015,-5.816,5.015,-5.816,0.90249,0.99756,76.199,327.89,7.68,310.767,3.899,216.65,6.3e-05,-236565.10154132155,335873.2010442874,85591.42633062652,-1666.84250361521,2361.009041566281,-138.8910263828933,0.03608557859067751,-0.022401306194597497,-9.779744459625132,-2.751367847644314,125.2216077829702,8.50262717615155,262.47470786488026,6.270285063839967e-05,3192.68,87.20919188921643,-430439.8046767139,611269.2622054663,319.5084649370624
4,Shahab_3,188.0,5.015,-5.816,5.015,-5.816,0.90249,0.99756,76.199,327.89,7.68,310.767,3.967,216.65,6.4e-05,-238231.9257195064,338234.1988228322,85447.64546935301,-1666.8055692448745,2360.9864517634223,-148.67065834048844,0.03778669171209356,-0.022783980943617516,-9.779518868332318,-2.944808532627429,125.22126789727174,8.503938445143595,267.07760002096154,6.378276565904264e-05,3192.68,88.73853735853953,-430439.8046767139,611269.2622054663,319.5084649370624
4,Shahab_3,189.0,5.015,-5.816,5.015,-5.816,0.90249,0.99756,76.199,327.89,7.68,310.767,4.04,216.65,6.5e-05,-239898.7121091812,340595.1738144069,85294.08508819727,-1666.7669229628548,2360.9634616315743,-158.45006843898648,0.039509629889092186,-0.023202578357733376,-9.77930636189616,-3.138184407002492,125.22090485341667,8.505342724401924,272.0829726459019,6.495668077356974e-05,3192.68,90.40160998476061,-430439.8046767139,611269.2622054663,319.5084649370624
4,Shahab_3,190.0,5.015,-5.816,5.015,-5.816,0.90249,0.99756,76.199,327.89,7.68,310.767,4.119,216.65,6.6e-05,-241565.45898725934,342956.12560012843,85130.74539719784,-1666.7265421156376,2360.9400334902252,-168.22928526775144,0.04125620016830716,-0.023660517401242424,-9.779136307024789,-3.3314919792085305,125.2205187138553,8.50683983773777,277.5103109737959,6.622907800321658e-05,3192.68,92.20488388316862,-430439.8046767139,611269.2622054663,319.5084649370624
4,Shahab_3,191.0,5.015,-5.816,5.015,-5.816,0.90249,0.99756,76.199,327.89,7.68,310.767,4.204,216.65,6.8e-05,-243232.1646069582,345317.05372184375,84957.62656514184,-1666.6844018346223,2360.916126626851,-178.00836024660543,0.04302897557679751,-0.024160346293904258,-9.779023406572088,-3.5247282329592364,125.22010953974483,8.508429600308558,283.3809899851811,6.760487140288172e-05,3192.68,94.15546105149315,-430439.8046767139,611269.2622054663,319.5084649370624
4,Shahab_3,192.0,5.015,-5.816,5.015,-5.816,0.90249,0.99756,76.199,327.89,7.68,310.767,4.297,216.65,6.9e-05,-244898.82719526044,347677.9576796155,84774.72870543903,-1666.640474464163,2360.8916984064194,-187.78734906098228,0.04483086014250866,-0.024703315262632506,-9.778960843722452,-3.717890260663953,125.21967736899293,8.510111817932907,289.71841466810184,6.908943872851532e-05,3192.68,96.26111797269566,-430439.8046767139,611269.2622054663,319.5084649370624
4,Shahab_3,193.0,5.015,-5.816,5.015,-5.816,0.90249,0.99756,76.199,327.89,7.68,310.767,4.396,216.65,7.1e-05,-246565.4449500635,350038.83693048055,84582.05188297105,-1666.5947295414687,2360.86670563944,-197.56628943743968,0.046664454974207535,-0.025289322504185047,-9.778920219554033,-3.910974824477922,125.21922220028208,8.511886286121708,296.54817459364295,7.068865630783897e-05,3192.68,98.53035697385083,-430439.8046767139,611269.2622054663,319.5084649370624
4,Shahab_3,194.0,5.015,-5.816,5.015,-5.816,0.90249,0.99756,76.199,327.89,7.68,310.767,4.503,216.65,7.2e-05,-248232.0160376255,352399.6908885106,84379.59614186006,-1666.5471343999002,2360.841105731071,-207.3451828593864,0.0485314933797882,-0.02591740986585887,-9.778859366341305,-4.103977995540063,125.2187439896934,8.513752789147397,303.8982141445963,7.24089374056083e-05,3192.68,100.97246278589881,-430439.8046767139,611269.2622054663,319.5084649370624
4,Shahab_3,195.0,5.015,-5.816,5.015,-5.816,0.90249,0.99756,76.199,327.89,7.68,310.767,4.618,216.65,7.4e-05,-249898.53859084597,354760.5189256768,84167.36154646278,-1666.4976551665764,2360.8148570356407,-217.1239874453997,0.05043267434908573,-0.02658686794609518,-9.778736428784804,-4.296895014546069,125.218242662804,8.515711099249888,311.79902013958315,7.425727447093867e-05,3192.68,103.59756488316825,-430439.8046767139,611269.2622054663,319.5084649370624
4,Shahab_3,196.0,5.015,-5.816,5.015,-5.816,0.90249,0.99756,76.199,327.89,7.68,310.767,4.741,216.65,7.6e-05,-251565.01070853558,357121.32037244114,83945.3482218918,-1666.446257644673,2360.7879178919607,-226.90262636544188,0.05236806102053866,-0.027298681580675138,-9.778525921016263,-4.489720460586692,125.21771814000209,8.51776097564364,320.2838290000956,7.624128575464257e-05,3192.68,106.41670631618081,-430439.8046767139,611269.2622054663,319.5084649370624
4,Shahab_3,197.0,5.015,-5.816,5.015,-5.816,0.90249,0.99756,76.199,327.89,7.68,310.767,4.874,216.65,7.8e-05,-253231.4304552841,359482.0945166612,83713.55637838208,-1666.3929075559465,2360.7602442913935,-236.68101088438434,0.05433790404872708,-0.028056677112258524,-9.778230726371271,-4.682448710341929,125.2171703670742,8.519902163185522,329.388855989217,7.836926686883272e-05,3192.68,109.44191987793684,-430439.8046767139,611269.2622054663,319.5084649370624
4,Shahab_3,198.0,5.015,-5.816,5.015,-5.816,0.90249,0.99756,76.199,327.89,7.68,310.767,5.016,216.65,8.1e-05,-254897.79586112013,361842.8405997133,83471.98630805087,-1666.337569896231,2360.7317868370637,-246.4590709649849,0.05634352478537908,-0.02886769095007913,-9.777884388283264,-4.875074547346595,125.2165993395301,8.522134391111667,339.15354928917185,8.065024790341371e-05,3192.68,112.68631252308833,-430439.8046767139,611269.2622054663,319.5084649370624
4,Shahab_3,199.0,5.015,-5.816,5.015,-5.816,0.90249,0.99756,76.199,327.89,7.68,310.767,5.168,216.65,8.3e-05,-256564.10492007833,364203.5578097772,83220.63835250954,-1666.2802075556285,2360.702488228372,-256.23678125548554,0.0583878855548598,-0.0297405149333381,-9.777540966899826,-5.067593679589508,125.21600510900838,8.52445737241535,349.62087169198094,8.309405670576899e-05,3192.68,116.16415896177375,-430439.8046767139,611269.2622054663,319.5084649370624
4,Shahab_3,200.0,5.015,-5.816,5.015,-5.816,0.90249,0.99756,76.199,327.89,7.68,310.767,5.33,216.65,8.6e-05,-258230.35558592898,366564.2452717334,82959.51284984255,-1666.2207794740762,2360.672282011298,-266.01417329974936,0.060475657650243014,-0.03068382283588767,-9.777253377200909,-5.260002984010932,125.2153877676787,8.526870803303744,360.8376125283241,8.571138890878217e-05,3192.68,119.89100530032395,-430439.8046767139,611269.2622054663,319.5084649370624
4,Shahab_3,201.0,5.015,-5.816,5.015,-5.816,0.90249,0.99756,76.199,327.89,7.68,310.767,5.505,216.65,8.9e-05,-259896.54575594884,368924.9020347903,82688.61008582232,-1666.1592391087897,2360.6410938351446,-275.7913189946348,0.0626125679444928,-0.0317040494358675,-9.777049063076342,-5.452300181451353,125.2147474090313,8.529374361872415,372.85473200291665,8.851388518638008e-05,3192.68,123.88378344927568,-430439.8046767139,611269.2622054663,319.5084649370624
4,Shahab_3,202.0,5.015,-5.816,5.015,-5.816,0.90249,0.99756,76.199,327.89,7.68,310.767,5.691,216.65,9.2e-05,-261562.6732183341,371285.5270414046,82407.93027218325,-1666.0955327058066,2360.608842695649,-285.5682981597273,0.06480420640740372,-0.03280369643940956,-9.77691137634705,-5.644483200624745,125.21408408564291,8.531967700848165,385.72773991762097,9.1514216262316e-05,3192.68,128.16093695696824,-430439.8046767139,611269.2622054663,319.5084649370624
4,Shahab_3,203.0,5.015,-5.816,5.015,-5.816,0.90249,0.99756,76.199,327.89,7.68,310.767,5.891,216.65,9.5e-05,-263228.73591503775,373646.11925610143,82117.47354184256,-1666.0296067055804,2360.5754542051372,-295.34514789467323,0.0670545747758943,-0.03398202192861949,-9.776785223848998,-5.8365491565906575,125.21339777739747,8.534650477104364,399.5171167848038,9.472617658931813e-05,3192.68,132.74256092761738,-430439.8046767139,611269.2622054663,319.5084649370624
4,Shahab_3,204.0,5.015,-5.816,5.015,-5.816,0.90249,0.99756,76.199,327.89,7.68,310.767,6.105,216.65,9.8e-05,-264894.73163302866,376006.6775229681,81817.24003062137,-1665.961402241418,2360.5408521147697,-305.12184336708316,0.0693656432056126,-0.03523644910581038,-9.776593516498282,-6.028493995899947,125.21268839928062,8.537422314138082,414.2887688600971,9.816478680442468e-05,3192.68,137.65055320936577,-430439.8046767139,611269.2622054663,319.5084649370624
4,Shahab_3,205.0,5.015,-5.816,5.015,-5.816,0.90249,0.99756,76.199,327.89,7.68,310.767,6.334,216.65,0.000102,-266560.6579607343,378367.2005382431,81507.22994226843,-1665.8908557903412,2360.5049575193652,-314.89828413621876,0.07173755303141253,-0.03656565020203476,-9.776263966923878,-6.220312235016509,125.2119558209971,8.540282793948919,430.11453423410074,0.00010184640701400277,3192.68,142.90878254704995,-430439.8046767139,611269.2622054663,319.5084649370624
4,Shahab_3,206.0,5.015,-5.816,5.015,-5.816,0.90249,0.99756,76.199,327.89,7.68,310.767,6.579,216.65,0.000106,-268226.5125408027,380727.6869798026,81187.44359984293,-1665.8179066833773,2360.4676940128816,-324.6743181058354,0.07417077108365235,-0.03797511755462736,-9.775776471493696,-6.411997417900055,125.21119992968934,8.543231486225446,447.07274671095286,0.0001057888620660046,3192.68,148.54327593508808,-430439.8046767139,611269.2622054663,319.5084649370624
4,Shahab_3,207.0,5.015,-5.816,5.015,-5.816,0.90249,0.99756,76.199,327.89,7.68,310.767,6.842,216.65,0.00011,-269892.2929486834,383088.13543961657,80857.88148706197,-1665.742492455421,2360.4289751464717,-334.4498056270691,0.07666891894750455,-0.03947988335397008,-9.77518780102154,-6.603543403023574,125.21042069800194,8.546267929783749,465.24885513399033,0.00011001158009541903,3192.68,154.58242439307924,-430439.8046767139,611269.2622054663,319.5084649370624
4,Shahab_3,208.0,5.015,-5.816,5.015,-5.816,0.90249,0.99756,76.199,327.89,7.68,310.767,7.123,216.65,0.000115,-271557.99668109627,385448.5444097306,80518.54418648558,-1665.664544376215,2360.388695237403,-344.2246977618725,0.07924033586289514,-0.041101211456182486,-9.774608007500373,-6.794945920286938,125.20961821675421,8.549391631068364,484.7361162977988,0.00011453574709327373,3192.68,161.05721319103353,-430439.8046767139,611269.2622054663,319.5084649370624
4,Shahab_3,209.0,5.015,-5.816,5.015,-5.816,0.90249,0.99756,76.199,327.89,7.68,310.767,7.424,216.65,0.000119,-273223.6211661833,387808.9122674785,80169.43226965879,-1665.5839833535806,2360.346727096215,-353.99905962385014,0.08189712185558416,-0.042859382891686365,-9.77413432964733,-6.9862030373220705,125.2087926545218,8.55260206478302,505.6363660499938,0.00011938447875818004,3192.68,168.0014780537266,-430439.8046767139,611269.2622054663,319.5084649370624
4,Shahab_3,210.0,5.015,-5.816,5.015,-5.816,0.90249,0.99756,76.199,327.89,7.68,310.767,7.748,216.65,0.000125,-274889.16374629684,390169.23725354334,79810.5461592152,-1665.5007175156065,2360.302927066608,-363.773166857651,0.08465187110657027,-0.04476577283311172,-9.774386327012047,-7.177317035551078,125.20794416078976,8.555898723004217,528.0608827159975,0.00012458301145010676,3192.68,175.45219204006312,-430439.8046767139,611269.2622054663,319.5084649370624
4,Shahab_3,211.0,5.015,-5.816,5.015,-5.816,0.90249,0.99756,76.199,327.89,7.68,310.767,8.095,216.65,0.00013,-276554.6216654547,392529.51746154856,79441.88570592305,-1665.4146440108923,2360.257146496733,-373.5479005535406,0.08751345571978246,-0.046819256265515134,-9.775211480195106,-7.368302077789481,125.20707276390524,8.559281304762756,552.1313840120754,0.00013015891853899374,3192.68,183.44979677491597,-430439.8046767139,611269.2622054663,319.5084649370624
4,Shahab_3,212.0,5.015,-5.816,5.015,-5.816,0.90249,0.99756,76.199,327.89,7.68,310.767,8.467,216.65,0.000136,-278219.9920621602,394889.75083897094,79063.45007769603,-1665.3256543156829,2360.2092429143945,-383.32351235757096,0.09048418261596546,-0.04901001302114304,-9.775963919127728,-7.559160058900569,125.20617832925036,8.562749303670332,577.9810400555731,0.00013614234640807091,3192.68,192.03853902938167,-430439.8046767139,611269.2622054663,319.5084649370624
4,Shahab_3,213.0,5.015,-5.816,5.015,-5.816,0.90249,0.99756,76.199,327.89,7.68,310.767,8.866,216.65,0.000143,-279885.27196588286,397249.9351953836,78675.23848179576,-1665.2336400843637,2360.1590828430635,-393.0997644920121,0.09356205770832608,-0.05133225212838706,-9.776491541757913,-7.749883366635427,125.20526062182526,8.56630204937878,605.7555960459947,0.0001425662627493987,3192.68,201.2668437399955,-430439.8046767139,611269.2622054663,319.5084649370624
4,Shahab_3,214.0,5.015,-5.816,5.015,-5.816,0.90249,0.99756,76.199,327.89,7.68,310.767,9.295,216.65,0.000149,-281550.45829844044,399610.06820721045,78277.25041723037,-1665.1384941193767,2360.106530067571,-402.8764110385843,0.09674843091884437,-0.05380009794931751,-9.776776921077966,-7.94046430976457,125.20431945613795,8.569938852974309,635.6146630783917,0.00014946673869320392,3192.68,211.18774289116928,-430439.8046767139,611269.2622054663,319.5084649370624
4,Shahab_3,215.0,5.015,-5.816,5.015,-5.816,0.90249,0.99756,76.199,327.89,7.68,310.767,9.756,216.65,0.000157,-283215.5478723964,401970.147403646,77869.48558454023,-1665.0401027772507,2360.05142101628,-412.6532873871007,0.10005612392126438,-0.056453020185855546,-9.776982433220443,-8.130896927252763,125.2033548546254,8.573658972612941,667.7331528097005,0.00015688326783343213,3192.68,221.8593521938511,-430439.8046767139,611269.2622054663,319.5084649370624
4,Shahab_3,216.0,5.015,-5.816,5.015,-5.816,0.90249,0.99756,76.199,327.89,7.68,310.767,10.252,216.65,0.000165,-284880.53737813834,404330.1701277197,77451.94375619195,-1664.9383332945777,2359.993546019285,-422.4304285664693,0.10350958847389023,-0.059339806692704354,-9.777345297592202,-8.321179352764002,125.20236705651402,8.577461602275147,702.3028810327672,0.0001648591219102656,3192.68,233.34540388503146,-430439.8046767139,611269.2622054663,319.5084649370624
4,Shahab_3,217.0,5.015,-5.816,5.015,-5.816,0.90249,0.99756,76.199,327.89,7.68,310.767,10.786,216.65,0.000173,-286545.42335995036,406690.13348998106,77024.62456155407,-1664.8330258993476,2359.9326526945774,-432.20807149426247,0.10713612578817022,-0.06249238542115498,-9.777986398914392,-8.511313861186357,125.20135635115321,8.58134587763971,739.5343652879956,0.00017344174872106806,3192.68,245.71584399770717,-430439.8046767139,611269.2622054663,319.5084649370624
4,Shahab_3,218.0,5.015,-5.816,5.015,-5.816,0.90249,0.99756,76.199,327.89,7.68,310.767,11.361,216.65,0.000183,-288210.20218995766,409050.03433812456,76587.52736900961,-1664.7239979044627,2359.868473955001,-441.98644730010307,0.1109520709195597,-0.0659069053035598,-9.778763161907955,-8.701302764603593,125.200322823987,8.58531086726988,779.6588204130973,0.00018268321392511392,3192.68,259.0474953972645,-430439.8046767139,611269.2622054663,319.5084649370624
4,Shahab_3,219.0,5.015,-5.816,5.015,-5.816,0.90249,0.99756,76.199,327.89,7.68,310.767,11.98,216.65,0.000193,-289874.87005236605,411409.86925993045,76140.6514299234,-1664.6110594583595,2359.8007616674595,-451.76552715508,0.11495527834437363,-0.06955401212390049,-9.779330937413244,-8.891143386470029,125.19926622686415,8.589355563374967,822.9303606810616,0.00019264068794726307,3192.68,273.42478945834995,-430439.8046767139,611269.2622054663,319.5084649370624
4,Shahab_3,220.0,5.015,-5.816,5.015,-5.816,0.90249,0.99756,76.199,327.89,7.68,310.767,12.648,216.65,0.000203,-291539.42294450116,413769.6346089186,75683.99619670051,-1664.4940279083817,2359.7292921217454,-461.5449529484299,0.11913729637302553,-0.07342343786669299,-9.779435392002258,-9.080826701574349,125.19818614829896,8.593478874162521,869.62843689083,0.00020337698413586176,3192.68,288.94057580653947,-430439.8046767139,611269.2622054663,319.5084649370624
4,Shahab_3,221.0,5.015,-5.816,5.015,-5.816,0.90249,0.99756,76.199,327.89,7.68,310.767,13.368,216.65,0.000215,-293203.8566833123,416129.3265113815,75217.56155505274,-1664.3727214738135,2359.6538233511974,-471.324284643847,0.12350991993323279,-0.07756767219422944,-9.779204782962179,-9.270342263172685,125.19708239897831,8.597679613336922,920.0605592324091,0.00021496115980494516,3192.68,305.69702701071157,-430439.8046767139,611269.2622054663,319.5084649370624
4,Shahab_3,222.0,5.015,-5.816,5.015,-5.816,0.90249,0.99756,76.199,327.89,7.68,310.767,14.146,216.65,0.000227,-294868.1668926169,418488.940815068,74741.34770007405,-1664.2469295935957,2359.5740309115504,-481.1034049690388,0.12811834483358042,-0.0820896591534762,-9.779103178779698,-9.459686253952638,125.19595526542987,8.601956490224913,974.5653743224398,0.00022746919547100513,3192.68,323.8066609512119,-430439.8046767139,611269.2622054663,319.5084649370624
4,Shahab_3,223.0,5.015,-5.816,5.015,-5.816,0.90249,0.99756,76.199,327.89,7.68,310.767,14.987,216.65,0.000241,-296532.34895936196,420848.4729917163,74255.35470733565,-1664.1163870256462,2359.4894921480604,-490.88264440644235,0.13301988889634328,-0.08706653733522336,-9.779456085594887,-9.648863982047477,125.194805269867,8.606308107121261,1033.5161467344951,0.00024098476300540291,3192.68,343.3934975844278,-430439.8046767139,611269.2622054663,319.5084649370624
4,Shahab_3,224.0,5.015,-5.816,5.015,-5.816,0.90249,0.99756,76.199,327.89,7.68,310.767,15.896,216.65,0.000256,-298196.3979798737,423207.9180656739,73759.58224596224,-1663.9807832207548,2359.3997518404935,-500.6623765339735,0.13824106543223383,-0.09248152797954831,-9.779984647828625,-9.837881875558752,125.19363257120119,8.61073294953021,1097.324646525749,0.000255600083012542,3192.68,364.5943506027046,-430439.8046767139,611269.2622054663,319.5084649370624
4,Shahab_3,225.0,5.015,-5.816,5.015,-5.816,0.90249,0.99756,76.199,327.89,7.68,310.767,16.879,216.65,0.000271,-299860.30873460736,425567.2706278598,73254.02984292517,-1663.83980563337,2359.3044093507224,-510.4424327087099,0.1437612359413099,-0.09825859345606967,-9.779982510908845,-10.026735900957464,125.19243667047063,8.61522936763562,1166.4454336721917,0.00027141686884029053,3192.68,387.56025097010667,-430439.8046767139,611269.2622054663,319.5084649370624
4,Shahab_3,226.0,5.015,-5.816,5.015,-5.816,0.90249,0.99756,76.199,327.89,7.68,310.767,17.945,216.65,0.000289,-301524.07570415526,427926.5248997124,72738.69752001567,-1663.6931666886787,2359.203111960696,-520.222066144851,0.14956491198613603,-0.10440513351939881,-9.779164084257829,-10.215410880405132,125.19121692430816,8.619795560718993,1241.3805967314267,0.00028854736929581816,3192.68,412.4580213787006,-430439.8046767139,611269.2622054663,319.5084649370624
4,Shahab_3,227.0,5.015,-5.816,5.015,-5.816,0.90249,0.99756,76.199,327.89,7.68,310.767,19.099,216.65,0.000307,-303187.69307931885,430285.6747201065,72213.58603922167,-1663.5405603449883,2359.0954165467506,-530.0007214982719,0.15571316584680955,-0.11109362673216779,-9.778203856037438,-10.403895802031588,125.18997342259136,8.624429558699545,1322.6851021876084,0.00030711554598964857,3192.68,439.4720536085645,-430439.8046767139,611269.2622054663,319.5084649370624
4,Shahab_3,228.0,5.015,-5.816,5.015,-5.816,0.90249,0.99756,76.199,327.89,7.68,310.767,20.352,216.65,0.000327,-304851.1547025295,432644.7133861017,71678.69629714829,-1663.381585082116,2358.9806780629224,-539.7787247495637,0.16232288441652917,-0.11851467210488466,-9.777955146899355,-10.592197543723461,125.18870701474562,8.629129213420303,1410.9729285601563,0.00032725842382530035,3192.68,468.80634663145264,-430439.8046767139,611269.2622054663,319.5084649370624
4,Shahab_3,229.0,5.015,-5.816,5.015,-5.816,0.90249,0.99756,76.199,327.89,7.68,310.767,21.712,216.65,0.000349,-306514.453960522,435003.63347953197,71134.0285766876,-1663.2157424002567,2358.8581514850584,-549.5567454222142,0.16944619954095583,-0.12664286317320078,-9.778035029056635,-10.78033023919718,125.18741811894287,8.633892185062928,1506.9240022611355,0.0003491276181589648,3192.68,500.6868111014721,-430439.8046767139,611269.2622054663,319.5084649370624
4,Shahab_3,230.0,5.015,-5.816,5.015,-5.816,0.90249,0.99756,76.199,327.89,7.68,310.767,23.19,216.65,0.000373,-308177.583734908,437362.42688588845,70579.58290694884,-1663.0425441099733,2358.7272195126734,-559.334427724695,0.17701877121851756,-0.13530090996496194,-9.777064858454665,-10.968288167283081,125.18610585755548,8.638715909738842,1611.2918100053198,0.00037289100971979515,3192.68,535.363798635467,-430439.8046767139,611269.2622054663,319.5084649370624
4,Shahab_3,231.0,5.015,-5.816,5.015,-5.816,0.90249,0.99756,76.199,327.89,7.68,310.767,24.797,216.65,0.000399,-309840.5364545221,439721.08494180726,70015.36027533493,-1662.8615616091363,2358.5873515359553,-569.1104609519423,0.18502792842414592,-0.14456515580059626,-9.774917058825244,-11.156047197857676,125.18476932589942,8.643597575413411,1724.9117701395805,0.00039873458360002826,3192.68,573.1148832500455,-430439.8046767139,611269.2622054663,319.5084649370624
4,Shahab_3,232.0,5.015,-5.816,5.015,-5.816,0.90249,0.99756,76.199,327.89,7.68,310.767,26.546,216.65,0.000427,-311503.3040950025,442079.5983491525,69441.36268529092,-1662.6722834265538,2358.437753092396,-578.8844404239272,0.19365193526307714,-0.15483205899998015,-9.77327936256768,-11.343601803322356,125.18340929103586,8.648534089819577,1848.7108282719146,0.00042686454014029485,3192.68,614.2480495813511,-430439.8046767139,611269.2622054663,319.5084649370624
4,Shahab_3,233.0,5.015,-5.816,5.015,-5.816,0.90249,0.99756,76.199,327.89,7.68,310.767,28.452,216.65,0.000458,-313165.8780180553,444437.9568281322,68857.59172903717,-1662.4739929207935,2358.277296816457,-588.6573956883506,0.20306258327444093,-0.1662566243765271,-9.772686230132313,-11.53097559648267,125.18202699683626,8.653522070907853,1983.718606662802,0.00045750974918464714,3192.68,659.1053973540319,-430439.8046767139,611269.2622054663,319.5084649370624
4,Shahab_3,234.0,5.015,-5.816,5.015,-5.816,0.90249,0.99756,76.199,327.89,7.68,310.767,30.53,216.65,0.000491,-314828.2488215649,446796.1489832373,68264.0481915444,-1662.2659286101334,2358.1049707641605,-598.4293912270899,0.21316501147090258,-0.1785033118191756,-9.770890482049111,-11.718173780841635,125.18062163590702,8.65855780659344,2131.0797872078865,0.0004909244767410152,3192.68,708.0672557201851,-430439.8046767139,611269.2622054663,319.5084649370624
4,Shahab_3,235.0,5.015,-5.816,5.015,-5.816,0.90249,0.99756,76.199,327.89,7.68,310.767,32.798,216.65,0.000527,-316490.4064095362,449154.16256637435,67660.7339326663,-1662.0474638903095,2357.92002181296,-608.1984687961209,0.22388122840436203,-0.1915817706732153,-9.767116517030226,-11.905162243884073,125.17919162531591,8.663637202629499,2292.0674812314855,0.0005273913252171036,3192.68,761.5566254736092,-430439.8046767139,611269.2622054663,319.5084649370624
4,Shahab_3,236.0,5.015,-5.816,5.015,-5.816,0.90249,0.99756,76.199,327.89,7.68,310.767,35.275,216.65,0.000567,-318152.34003728686,451511.9844370776,67047.65246616935,-1661.8178495465884,2357.7212808105187,-617.9640102197613,0.2355413216814297,-0.20621085951659743,-9.764373547963674,-12.091934427374028,125.17773814895702,8.66875574417521,2468.098539774577,0.0005672246034427802,3192.68,820.0442660079085,-430439.8046767139,611269.2622054663,319.5084649370624
4,Shahab_3,237.0,5.015,-5.816,5.015,-5.816,0.90249,0.99756,76.199,327.89,7.68,310.767,37.984,216.65,0.000611,-319814.0380256866,453869.59995980805,66424.80652858154,-1661.5759868521409,2357.507047658729,-627.7276243589829,0.24836371576218788,-0.22246970055151782,-9.762693752475847,-12.278529037475312,125.17626278861945,8.6739084724259,2660.751722299542,0.0006107743344552321,3192.68,884.0547320050247,-430439.8046767139,611269.2622054663,319.5084649370624
4,Shahab_3,238.0,5.015,-5.816,5.015,-5.816,0.90249,0.99756,76.199,327.89,7.68,310.767,40.947,216.65,0.000658,-321475.4875802963,456226.9929369745,65792.19817632569,-1661.3208399111613,2357.2760340434697,-637.4882980377442,0.26205651294771504,-0.23971532569860404,-9.758012709083259,-12.464933882053737,125.17476342917064,8.679089912599835,2871.787564019528,0.0006584306405600949,3192.68,954.1729745045454,-430439.8046767139,611269.2622054663,319.5084649370624
4,Shahab_3,239.0,5.015,-5.816,5.015,-5.816,0.90249,0.99756,76.199,327.89,7.68,310.767,44.194,216.65,0.000711,-323136.6749928272,458584.1460596305,65149.83188900039,-1661.0515346230916,2357.027070890175,-647.2432947121329,0.2767886094301047,-0.25861259841547046,-9.75236184890198,-12.651103855074672,125.1732392131077,8.684294004431868,3103.169719523845,0.0007106284498240833,3192.68,1031.051432483454,-430439.8046767139,611269.2622054663,319.5084649370624
4,Shahab_3,240.0,5.015,-5.816,5.015,-5.816,0.90249,0.99756,76.199,327.89,7.68,310.767,47.752,216.65,0.000768,-324797.5854731666,460941.0403486419,64497.71295919901,-1660.7666937187028,2356.7579287315093,-656.9941161679105,0.29317752807604075,-0.28004833318902217,-9.749489328821237,-12.837079523974165,125.1716932431144,8.68951405275508,3357.0905915972608,0.00076785316475362,3192.68,1115.4185482237156,-430439.8046767139,611269.2622054663,319.5084649370624
4,Shahab_3,241.0,5.015,-5.816,5.015,-5.816,0.90249,0.99756,76.199,327.89,7.68,310.767,51.657,216.65,0.000831,-326458.2026725469,463297.65448200126,63835.844873199196,-1660.4647573738748,2356.4665253367416,-666.7410306531425,0.3108507425838763,-0.30291960570724447,-9.743264461107154,-13.022878584620187,125.17012396511454,8.694742669060044,3636.000936486461,0.0008306472234355471,3192.68,1208.0886038842834,-430439.8046767139,611269.2622054663,319.5084649370624
4,Shahab_3,242.0,5.015,-5.816,5.015,-5.816,0.90249,0.99756,76.199,327.89,7.68,310.767,55.947,216.65,0.0009,-328118.5089174315,465653.9655287628,63164.23373836083,-1660.1445749669215,2356.1514269857894,-676.4797672456986,0.32983707216561087,-0.3278434065934702,-9.734771041525455,-13.208430406958955,125.16852904144065,8.699971642545128,3942.640414362007,0.000899616873809032,3192.68,1309.9718721214049,-430439.8046767139,611269.2622054663,319.5084649370624
4,Shahab_3,243.0,5.015,-5.816,5.015,-5.816,0.90249,0.99756,76.199,327.89,7.68,310.767,60.662,216.65,0.000975,-329778.485118698,468009.9484121468,62482.887381067216,-1659.8042712643717,2355.809580446338,-686.2122680470127,0.3511516346819837,-0.35632685870486747,-9.730343706298429,-13.393789925955973,125.16691289562917,8.70519187456535,4280.074205051241,0.0009754403127245306,3192.68,1422.0867819407235,-430439.8046767139,611269.2622054663,319.5084649370624
4,Shahab_3,244.0,5.015,-5.816,5.015,-5.816,0.90249,0.99756,76.199,327.89,7.68,310.767,65.851,216.65,0.001059,-331438.1100498201,470365.5748622632,61791.81131402576,-1659.4417809723348,2355.4383074942743,-695.9380943973556,0.3740145441185859,-0.3864443126618521,-9.719841734246804,-13.578967079462293,125.16527256004467,8.710393293585227,4651.736300996178,0.0010588773417074513,3192.68,1545.5743031075096,-430439.8046767139,611269.2622054663,319.5084649370624
4,Shahab_3,245.0,5.015,-5.816,5.015,-5.816,0.90249,0.99756,76.199,327.89,7.68,310.767,71.566,216.65,0.001151,-333097.36078868335,472720.81455359806,61091.01532016595,-1659.0555339140735,2355.0354593645716,-705.6521973196752,0.3990384795028723,-0.4201891470513534,-9.709896631815154,-13.763882822752782,125.16360704128344,8.715564671896509,5061.472899130235,0.001150779067815987,3192.68,1681.7123634234115,-430439.8046767139,611269.2622054663,319.5084649370624
4,Shahab_3,246.0,5.015,-5.816,5.015,-5.816,0.90249,0.99756,76.199,327.89,7.68,310.767,77.867,216.65,0.001252,-334756.2122211257,475075.6337028529,60380.509176965614,-1658.6426529754167,2354.5965334419143,-715.3588035610951,0.42703772359350306,-0.4579073064770699,-9.701600565028341,-13.948645503413198,125.16192104839192,8.720693560337251,5513.597330365475,0.0012521002178533995,3192.68,1831.9340994609072,-430439.8046767139,611269.2622054663,319.5084649370624
4,Shahab_3,247.0,5.015,-5.816,5.015,-5.816,0.90249,0.99756,76.199,327.89,7.68,310.767,84.821,216.65,0.001364,-336414.63650227507,477429.9948059437,59660.302410948,-1658.20096017651,2354.1190212476395,-725.0518062586405,0.456829097028354,-0.4980081348122309,-9.684872492698556,-14.133161314934778,125.16020780318736,8.725766097480644,6012.950282863034,0.0013639127090195337,3192.68,1997.8478661969561,-430439.8046767139,611269.2622054663,319.5084649370624
4,Shahab_3,248.0,5.015,-5.816,5.015,-5.816,0.90249,0.99756,76.199,327.89,7.68,310.767,92.502,216.65,0.001487,-338072.60356472054,479783.8572731288,58930.409713582565,-1657.7274974782297,2353.5981237025358,-734.7322583768643,0.49074442098296905,-0.5445332507985791,-9.67595153456076,-14.3174826877403,125.15847407020702,8.730766826357865,6564.963757551431,0.0014874201176340992,3192.68,2181.258486714023,-430439.8046767139,611269.2622054663,319.5084649370624
4,Shahab_3,249.0,5.015,-5.816,5.015,-5.816,0.90249,0.99756,76.199,327.89,7.68,310.767,100.994,216.65,0.001624,-339730.07975217846,482137.1751386636,58190.8426176507,-1657.2188742631433,2353.0295176499812,-744.3981857357782,0.526867837025523,-0.5933334933423577,-9.654484859234408,-14.501606054489494,125.15671410814737,8.735678558924544,7175.74362707208,0.0016239764274678993,3192.68,2384.1946830294314,-430439.8046767139,611269.2622054663,319.5084649370624
4,Shahab_3,250.0,5.015,-5.816,5.015,-5.816,0.90249,0.99756,76.199,327.89,7.68,310.767,110.393,216.65,0.001775,-341387.0286014466,484489.89884915174,57441.61966096112,-1656.671964550677,2352.4083737003903,-754.0458897608522,0.5679292928337579,-0.6502324574357868,-9.64229100843741,-14.68549843046575,125.15493226642907,8.7404820668423,7852.14850196378,0.0017751041110210342,3192.68,2608.935279977152,-430439.8046767139,611269.2622054663,319.5084649370624
4,Shahab_3,251.0,5.015,-5.816,5.015,-5.816,0.90249,0.99756,76.199,327.89,7.68,310.767,120.804,216.65,0.001943,-343043.409351928,486841.97226988996,56682.75638281511,-1656.082231594543,2351.728560964079,-763.6759441179727,0.611904481937042,-0.7100534279151364,-9.61539789561998,-14.869217266852099,125.15312483239133,8.745155943074389,8601.89614550344,0.0019425185550600282,3192.68,2858.044562337408,-430439.8046767139,611269.2622054663,319.5084649370624
4,Shahab_3,252.0,5.015,-5.816,5.015,-5.816,0.90249,0.99756,76.199,327.89,7.68,310.767,132.348,216.65,0.002128,-344699.1775797494,489193.33454819565,55914.275779152325,-1655.4458290739612,2350.9842606342936,-773.2829840090545,0.6620815863827837,-0.7799865267022478,-9.59975846089929,-15.05270804942927,125.15129573449786,8.749676205534595,9433.664763549728,0.002128151655481071,3192.68,3134.4059291475346,-430439.8046767139,611269.2622054663,319.5084649370624
4,Shahab_3,253.0,5.015,-5.816,5.015,-5.816,0.90249,0.99756,76.199,327.89,7.68,310.767,145.161,216.65,0.002334,-346354.28360021865,491543.9168778268,55136.198339139366,-1654.757340703219,2350.1682553926225,-782.8657207619611,0.7156292550856923,-0.8535122848836245,-9.565333803570287,-15.236004350901322,125.14943934576118,8.754016099739657,10357.228305199042,0.002334183340056587,3192.68,3441.266848360529,-430439.8046767139,611269.2622054663,319.5084649370624
4,Shahab_3,254.0,5.015,-5.816,5.015,-5.816,0.90249,0.99756,76.199,327.89,7.68,310.767,159.396,216.65,0.002563,-348008.67310560984,493893.64426939393,54348.55280600327,-1654.0113482584688,2349.2721343119665,-792.422196032962,0.7771596831060562,-0.9391654385236249,-9.543410082056525,-15.419134466220077,125.14756367434875,8.75814563561717,11383.586093238437,0.0025630723683490435,3192.68,3782.2819275360707,-430439.8046767139,611269.2622054663,319.5084649370624
4,Shahab_3,255.0,5.015,-5.816,5.015,-5.816,0.90249,0.99756,76.199,327.89,7.68,310.767,175.225,216.65,0.002818,-349662.2853039305,496242.4322860076,53551.366697221136,-1653.2020628805205,2348.2885440115115,-801.94356041457,0.8434535582797754,-1.0317495236714624,-9.506665661944156,-15.60199820837859,125.14565851880825,8.762031263845104,12525.13352264137,0.002817596926421437,3192.68,4161.56962969704,-430439.8046767139,611269.2622054663,319.5084649370624
4,Shahab_3,256.0,5.015,-5.816,5.015,-5.816,0.90249,0.99756,76.199,327.89,7.68,310.767,192.843,216.65,0.003101,-351315.0532889095,498590.1877598413,52744.67422795495,-1652.321577885041,2347.20545073316,-811.4340233841416,0.9174725651291797,-1.1339635294422366,-9.463992750502229,-15.784766065514008,125.14373283891071,8.765635395587031,13795.831967277767,0.003100895914680838,3192.68,4583.768726109301,-430439.8046767139,611269.2622054663,319.5084649370624
4,Shahab_3,257.0,5.015,-5.816,5.015,-5.816,0.90249,0.99756,76.199,327.89,7.68,310.767,212.471,216.65,0.003417,-352966.90270173026,500936.80720160855,51928.51415453785,-1651.3631302609458,2346.013470106036,-820.8818489483131,1.001455695157077,-1.2521767831204471,-9.432250168787235,-15.967302066150953,125.14178378897593,8.768915849751469,15211.412688807639,0.0034165190106316182,3192.68,5054.106046542192,-430439.8046767139,611269.2622054663,319.5084649370624
4,Shahab_3,258.0,5.015,-5.816,5.015,-5.816,0.90249,0.99756,76.199,327.89,7.68,310.767,234.36,216.65,0.003768,-354617.75065496966,503282.17465935723,51102.92751794899,-1650.3177446839838,2344.70031469626,-830.2820194509246,1.092404408361212,-1.379883737268468,-9.379813841273931,-16.14961725031806,125.13980571821978,8.771825359167961,16789.60821553498,0.003768484265449348,3192.68,5578.473356629533,-430439.8046767139,611269.2622054663,319.5084649370624
4,Shahab_3,259.0,5.015,-5.816,5.015,-5.816,0.90249,0.99756,76.199,327.89,7.68,310.767,258.791,216.65,0.004161,-356267.5053516578,505626.16159958905,50267.96331624041,-1649.1749582992668,2343.250515817602,-839.6342972070004,1.1933920796396733,-1.5203417602283251,-9.314914821636773,-16.331833184403802,125.13780519961949,8.774310857662947,18550.39626944605,0.004161340523176171,3192.68,6163.508404459056,-430439.8046767139,611269.2622054663,319.5084649370624
4,Shahab_3,260.0,5.015,-5.816,5.015,-5.816,0.90249,0.99756,76.199,327.89,7.68,310.767,286.086,216.65,0.0046,-357916.0646022313,507968.62484703015,49423.67713293039,-1647.9242538625037,2341.6490078904667,-848.9293607095306,1.308025357378521,-1.6808794582239412,-9.256821622433911,-16.513906947727545,125.13578323043177,8.77631274608812,20516.284238765755,0.004600241406171779,3192.68,6816.6894387146,-430439.8046767139,611269.2622054663,319.5084649370624
4,Shahab_3,261.0,5.015,-5.816,5.015,-5.816,0.90249,0.99756,76.199,327.89,7.68,310.767,316.608,216.65,0.005091,-359563.3144092609,510309.4043241891,48570.13043752821,-1646.5536613111574,2339.879103218947,-858.1565383612375,1.4362883826862194,-1.8619750632583407,-9.197057033046026,-16.69578767352832,125.13373565163216,8.77776408921152,22712.625948653465,0.0050910297737676,3192.68,7546.440458117548,-430439.8046767139,611269.2622054663,319.5084649370624
4,Shahab_3,262.0,5.015,-5.816,5.015,-5.816,0.90249,0.99756,76.199,327.89,7.68,310.767,350.769,216.65,0.00564,-361209.1277420324,512648.3213517326,47707.39288810246,-1645.0491896918757,2337.920974976652,-867.307930685093,1.5784492722602625,-2.0630559541121833,-9.124072765138155,-16.877501655349498,125.13166130243913,8.778589699748942,25167.965515648717,0.005640332485335842,3192.68,8362.245459647469,-430439.8046767139,611269.2622054663,319.5084649370624
4,Shahab_3,263.0,5.015,-5.816,5.015,-5.816,0.90249,0.99756,76.199,327.89,7.68,310.767,389.036,216.65,0.006256,-362853.3629661407,514985.1764889036,46835.54379523158,-1643.3951076760777,2335.7521212019465,-876.3752098408581,1.736405129567583,-2.2862433455598374,-9.035815943315878,-17.059091410672842,125.1295612618603,8.77870507990367,27914.416773458383,0.006255668658085552,3192.68,9274.77450560798,-430439.8046767139,611269.2622054663,319.5084649370624
4,Shahab_3,264.0,5.015,-5.816,5.015,-5.816,0.90249,0.99756,76.199,327.89,7.68,310.767,431.941,216.65,0.006946,-364495.86199461686,517319.7468991908,45954.673048247896,-1641.5739538407545,2333.3476065097975,-885.3475979007467,1.9127728350394295,-2.5353868303758973,-8.934731606080467,-17.24057846449549,125.12743622100753,8.778015264052849,30988.07958626603,0.0069455732642163615,3192.68,10296.02204684872,-430439.8046767139,611269.2622054663,319.5084649370624
4,Shahab_3,265.0,5.015,-5.816,5.015,-5.816,0.90249,0.99756,76.199,327.89,7.68,310.767,480.086,216.65,0.00772,-366136.4482468427,519651.78341482754,45064.88231780356,-1639.566135167512,2330.6794841872284,-894.2127132133352,2.110298011845792,-2.814488046011686,-8.82218089975659,-17.421983976365407,125.12528655103414,8.776413531370089,34429.490689558916,0.007719737608834094,3192.68,11439.456718014257,-430439.8046767139,611269.2622054663,319.5084649370624
4,Shahab_3,266.0,5.015,-5.816,5.015,-5.816,0.90249,0.99756,76.199,327.89,7.68,310.767,534.155,216.65,0.008589,-367774.9243756015,521981.00729152944,44166.28658242183,-1637.3496336321405,2327.7164028994393,-902.9565080493685,2.3313976953990276,-3.126719466842089,-8.69497189695075,-17.603331672551125,125.12311200905778,8.773779966518555,38284.10635151457,0.008589168723599872,3192.68,12720.181705412742,-430439.8046767139,611269.2622054663,319.5084649370624
4,Shahab_3,267.0,5.015,-5.816,5.015,-5.816,0.90249,0.99756,76.199,327.89,7.68,310.767,594.927,216.65,0.009566,-369411.06972362095,524307.1065863661,43259.01589034666,-1634.8997762702647,2324.42333354852,-911.5626192474665,2.5774715314272494,-3.4733661724229394,-8.54148811096553,-17.78463944574854,125.12091109140435,8.769979877446838,42602.8124354759,0.009566369992766268,3192.68,14155.104219101931,-430439.8046767139,611269.2622054663,319.5084649370624
4,Shahab_3,268.0,5.015,-5.816,5.015,-5.816,0.90249,0.99756,76.199,327.89,7.68,310.767,663.284,216.65,0.010666,-371044.637508449,526629.732178385,42343.2175709779,-1632.1892759467464,2320.7617015922747,-920.0100504080344,2.8493869179633364,-3.8561841100162924,-8.348670605549843,-17.965877757289928,125.11868013827046,8.764862036884226,47442.45243870317,0.010665545171299187,3192.68,15763.110937728125,-430439.8046767139,611269.2622054663,319.5084649370624
4,Shahab_3,269.0,5.015,-5.816,5.015,-5.816,0.90249,0.99756,76.199,327.89,7.68,310.767,740.229,216.65,0.011903,-372675.3517900895,528948.4934799125,41419.05928798889,-1629.1877578460787,2316.688092974411,-928.2752609722216,3.1558198949272738,-4.2922946540713784,-8.153998808439379,-18.14701732257009,125.11642051428363,8.758256750139157,52866.35772550889,0.011902827586555267,3192.68,17565.24418246529,-430439.8046767139,611269.2622054663,319.5084649370624
4,Shahab_3,270.0,5.015,-5.816,5.015,-5.816,0.90249,0.99756,76.199,327.89,7.68,310.767,826.904,216.65,0.013297,-374302.9038276694,531262.9530448185,40486.73039867656,-1625.8590802189467,2312.150004003829,-936.3451744656306,3.508444358434602,-4.7951596423240925,-7.987083305743457,-18.32829892679078,125.11414375307365,8.749973864622214,58944.87777622673,0.01329654039615501,3192.68,19584.878096215158,-430439.8046767139,611269.2622054663,319.5084649370624
4,Shahab_3,271.0,5.015,-5.816,5.015,-5.816,0.90249,0.99756,76.199,327.89,7.68,310.767,924.6,216.65,0.014867,-375926.9477502392,533572.62047163,39546.442778528646,-1622.1643725055524,2307.0934998433113,-944.1900691870013,3.8880641259248914,-5.327626696716136,-7.696554033398042,-18.50969279200804,125.11183262405584,8.739800442829432,65755.88237786439,0.014867490666689506,3192.68,21847.88550022123,-430439.8046767139,611269.2622054663,319.5084649370624
4,Shahab_3,272.0,5.015,-5.816,5.015,-5.816,0.90249,0.99756,76.199,327.89,7.68,310.767,1034.787,216.65,0.016639,-377547.0973400688,535876.9482753298,38598.44089922663,-1618.0627795859295,2301.459772605459,-951.7688109285508,4.325223763034725,-5.954791542695417,-7.467220507038714,-18.691010008040244,125.10949350242112,8.727498370924096,73385.1253242145,0.016639282103796053,3192.68,24382.758736160627,-430439.8046767139,611269.2622054663,319.5084649370624
4,Shahab_3,273.0,5.015,-5.816,5.015,-5.816,0.90249,0.99756,76.199,327.89,7.68,310.767,1159.129,216.65,0.018639,-379162.92001086334,538175.3223203258,37642.99625874098,-1613.502446988706,2295.1749238835578,-959.0664670576696,4.8001239211477404,-6.6215243193764755,-7.100092682859195,-18.872676210682847,125.10712601592795,8.712802048374709,81926.60939441448,0.018638689982403853,3192.68,27220.730933010243,-430439.8046767139,611269.2622054663,319.5084649370624
4,Shahab_3,274.0,5.015,-5.816,5.015,-5.816,0.90249,0.99756,76.199,327.89,7.68,310.767,1299.512,216.65,0.020896,-380773.932857605,540467.0573534445,36680.42054004317,-1608.4325360822725,2288.165938590714,-966.0320281526072,5.350954603168738,-7.408552066453951,-6.821082221633148,-19.0544739016873,125.10473605464435,8.695415592378234,91482.61870445446,0.020896040337565785,3192.68,30395.786756078072,-430439.8046767139,611269.2622054663,319.5084649370624
4,Shahab_3,275.0,5.015,-5.816,5.015,-5.816,0.90249,0.99756,76.199,327.89,7.68,310.767,1458.071,216.65,0.023446,-382379.5957861682,542751.3861993327,35711.06114175695,-1602.7933994102905,2280.3493816359883,-972.6203132811899,5.950481015938651,-8.264253135242361,-6.424774080194763,-19.23640272360638,125.1023042596507,8.675010495121905,102163.65604662555,0.02344566233578756,3192.68,33944.64158756456,-430439.8046767139,611269.2622054663,319.5084649370624
4,Shahab_3,276.0,5.015,-5.816,5.015,-5.816,0.90249,0.99756,76.199,327.89,7.68,310.767,1637.219,216.65,0.026326,-383979.30652334256,545027.4531615727,34735.312656325215,-1596.5176604441597,2271.6280740360485,-978.7948350718407,6.6146950565285305,-9.206356569342372,-5.943603185185439,-19.41875129203845,125.09984315836043,8.651223103523682,114087.87284194518,0.026326344266870156,3192.68,37906.552123977,-430439.8046767139,611269.2622054663,319.5084649370624
4,Shahab_3,277.0,5.015,-5.816,5.015,-5.816,0.90249,0.99756,76.199,327.89,7.68,310.767,1839.677,216.65,0.029582,-385572.3937073372,547294.304141681,33753.61963955513,-1589.5336372051695,2261.8996810373746,-984.499583074675,7.360550283228507,-10.266555671731227,-5.440073698602923,-19.601527672306872,125.0973534059794,8.623652365180625,127380.10527814717,0.02958184239653425,3192.68,42322.99612574175,-430439.8046767139,611269.2622054663,319.5084649370624
4,Shahab_3,278.0,5.015,-5.816,5.015,-5.816,0.90249,0.99756,76.199,327.89,7.68,310.767,2068.507,216.65,0.033261,-387158.1100476203,549550.876723683,32766.481621976298,-1581.7621567224603,2251.051387035801,-989.6751364965351,8.19576949345796,-11.457127162720246,-4.913418235079622,-19.784797820680552,125.09483298924782,8.59185802648527,142170.27894723692,0.03326141561025709,3192.68,47237.14234605675,-430439.8046767139,611269.2622054663,319.5084649370624
4,Shahab_3,279.0,5.015,-5.816,5.015,-5.816,0.90249,0.99756,76.199,327.89,7.68,310.767,2327.15,216.65,0.03742,-388735.62535478995,551795.9902303199,31774.459402454544,-1573.1158536163214,2238.95839196352,-994.2618438629999,9.124482597839174,-12.776854145546988,-4.325579391505866,-19.968761051340326,125.09228316695123,8.55535940857752,158591.01584990326,0.03742037718412598,3192.68,52693.05544014492,-430439.8046767139,611269.2622054663,319.5084649370624
4,Shahab_3,280.0,5.015,-5.816,5.015,-5.816,0.90249,0.99756,76.199,327.89,7.68,310.767,2619.458,216.65,0.042121,-390304.01929181936,554028.3354272296,30778.18087565584,-1563.5021696212518,2225.490074377652,-998.1807509906914,10.121279834995219,-14.183533648680628,-3.50215515363981,-20.15335810495336,125.08968554255462,8.51363503862344,176774.28474712133,0.04212065617960607,3192.68,58734.583019430924,-430439.8046767139,611269.2622054663,319.5084649370624
4,Shahab_3,281.0,5.015,-5.816,5.015,-5.816,0.90249,0.99756,76.199,327.89,7.68,310.767,2949.725,216.65,0.047431,-391862.2748928424,556246.465413403,29778.350471856782,-1552.8222211518987,2210.5039277887468,-1001.3502183258257,11.25878129401055,-15.818061783404412,-2.8344650272603356,-20.338618671841207,125.08705562147088,8.466123478108814,196846.8171453138,0.04743132946289568,3192.68,65403.83257820223,-430439.8046767139,611269.2622054663,319.5084649370624
4,Shahab_3,282.0,5.015,-5.816,5.015,-5.816,0.90249,0.99756,76.199,327.89,7.68,310.767,3322.727,216.65,0.053429,-393409.2707924069,558448.7839130497,28775.74913676134,-1540.9652975214522,2193.842743655407,-1003.7028804396128,12.46668295709702,-17.52416395245667,-1.8301508273297726,-20.525024884746816,125.08438226707734,8.412225904800808,218924.38841914703,0.05342916523188633,3192.68,72739.27135373079,-430439.8046767139,611269.2622054663,319.5084649370624
4,Shahab_3,283.0,5.015,-5.816,5.015,-5.816,0.90249,0.99756,76.199,327.89,7.68,310.767,3743.74,216.65,0.060199,-394943.77640302526,560633.5391800593,27771.24804353128,-1527.8207502353034,2175.3472724725625,-1005.1432772562297,13.823675161007833,-19.45439273498066,-0.9189855537845582,-20.71261106903584,125.08167942796663,8.351310361220131,243104.28704674498,0.06019902640511402,3192.68,80773.22417314506,-430439.8046767139,611269.2622054663,319.5084649370624
4,Shahab_3,284.0,5.015,-5.816,5.015,-5.816,0.90249,0.99756,76.199,327.89,7.68,310.767,4218.57,216.65,0.067834,-396464.4459445966,562798.8148085169,26765.808033612164,-1513.2727280393365,2154.8535294183166,-1005.5694098754554,15.292790708972179,-21.548778032250926,0.10991529655653708,-20.901401230432544,125.07892713967506,8.282718828857407,269456.5310374965,0.06783424168478062,3192.68,89528.95504563725,-430439.8046767139,611269.2622054663,319.5084649370624
4,Shahab_3,285.0,5.015,-5.816,5.015,-5.816,0.90249,0.99756,76.199,327.89,7.68,310.767,4753.555,216.65,0.076437,-397969.8156476158,564942.5258929132,25760.48753901631,-1497.201383361599,2132.190262656946,-1004.8858344893647,16.86459784967952,-23.784692618049352,1.3275574471205585,-21.09167364959738,125.07612349729514,8.205777188744678,298013.3093328441,0.07643676826218158,3192.68,99017.1589886199,-430439.8046767139,611269.2622054663,319.5084649370624
4,Shahab_3,286.0,5.015,-5.816,5.015,-5.816,0.90249,0.99756,76.199,327.89,7.68,310.767,5355.573,216.65,0.086117,-399458.3025082961,567062.4172501402,24756.446073324947,-1479.48858925657,2107.1884189469038,-1002.9873235807732,18.56172404166117,-26.211531604636182,2.5886736163239,-21.283578722909635,125.07326852086787,8.119808521319106,328757.11967998365,0.08611715787492537,3192.68,109232.02074722257,-430439.8046767139,611269.2622054663,319.5084649370624
4,Shahab_3,287.0,5.015,-5.816,5.015,-5.816,0.90249,0.99756,76.199,327.89,7.68,310.767,6032.013,216.65,0.096994,-400928.20585219684,569156.0654061302,23754.945101954836,-1460.0157637461316,2079.6769756899203,-999.7871793762944,20.402923510292734,-28.83920410940972,3.824046432675659,-21.477724720073883,125.07037808387685,8.024150407714334,361608.01483461924,0.09699425774767625,3192.68,120146.9772494238,-430439.8046767139,611269.2622054663,319.5084649370624
4,Shahab_3,288.0,5.015,-5.816,5.015,-5.816,0.90249,0.99756,76.199,327.89,7.68,310.767,6790.743,216.65,0.109195,-402377.71220500505,571220.8855894459,22757.347039425,-1438.6777842012586,2049.5083140427055,-995.1632446961978,22.302676450093532,-31.55044408342838,5.359601392706476,-21.673917150871606,125.06741205564315,7.9181758657092045,396410.5835475428,0.10919457233094208,3192.68,131710.39194111835,-430439.8046767139,611269.2622054663,319.5084649370624
4,Shahab_3,289.0,5.015,-5.816,5.015,-5.816,0.90249,0.99756,76.199,327.89,7.68,310.767,7640.04,216.65,0.122851,-403804.9051810337,573254.1456574127,21765.113830991493,-1415.3743804073547,2016.5365263054584,-989.0394805525283,24.294426263699407,-34.378333858333995,7.005492032840837,-21.872920511075638,125.06439604416333,7.8013186814235,432921.65170888754,0.12285118956030527,3192.68,143841.46839897698,-430439.8046767139,611269.2622054663,319.5084649370624
4,Shahab_3,290.0,5.015,-5.816,5.015,-5.816,0.90249,0.99756,76.199,327.89,7.68,310.767,8588.496,216.65,0.138102,-405207.7793647941,575252.9858718897,20779.79843666251,-1390.0279505025794,1980.6509932236017,-981.3166448402419,26.37108512742432,-37.34229839298841,8.63662158284116,-22.074808693767128,125.06131535016397,7.673101759444746,470800.25045662053,0.1381022858799521,3192.68,156426.91715919133,-430439.8046767139,611269.2622054663,319.5084649370624
4,Shahab_3,291.0,5.015,-5.816,5.015,-5.816,0.90249,0.99756,76.199,327.89,7.68,310.767,9644.896,216.65,0.155089,-406584.25994388084,577214.4466742012,19803.03421236995,-1362.5803054245714,1941.7675647353544,-971.9241715716927,28.517606996397397,-40.419536213208616,10.199716052285929,-22.28005238019012,125.05816953534278,7.533168371492738,509601.33755699504,0.15508911154640156,3192.68,169318.86959900017,-430439.8046767139,611269.2622054663,319.5084649370624
4,Shahab_3,292.0,5.015,-5.816,5.015,-5.816,0.90249,0.99756,76.199,327.89,7.68,310.767,10818.059,216.65,0.173953,-407932.22800452815,579135.5046612062,18836.519266799954,-1332.9999208383015,1899.840422178356,-960.8145761429411,30.644238020382492,-43.43727786029692,12.01591344027821,-22.48930694152032,125.05495231258534,7.38131435707608,548775.1131023003,0.17395347235686026,3192.68,182334.6505721304,-430439.8046767139,611269.2622054663,319.5084649370624
4,Shahab_3,293.0,5.015,-5.816,5.015,-5.816,0.90249,0.99756,76.199,327.89,7.68,310.767,12116.649,216.65,0.194835,-409249.5517408106,581013.1171938468,17881.997921059457,-1301.2952661569657,1854.8813455137167,-947.9348224850944,32.77545084411973,-46.50029929757887,13.663352564100366,-22.70259327175211,125.05164724621199,7.217519431316284,587673.4976414011,0.1948346876672053,3192.68,195258.93081629512,-430439.8046767139,611269.2622054663,319.5084649370624
4,Shahab_3,294.0,5.015,-5.816,5.015,-5.816,0.90249,0.99756,76.199,327.89,7.68,310.767,13548.964,216.65,0.217866,-410534.12243011786,582844.273294879,16941.23438295319,-1267.505459562623,1806.9443057964247,-933.2951518633488,34.812198484925425,-49.40338796722886,15.48449785726373,-22.92088572330632,125.04825790297727,7.041975573873555,625565.4798815473,0.2178661927941045,3192.68,207848.8263423236,-430439.8046767139,611269.2622054663,319.5084649370624
4,Shahab_3,295.0,5.015,-5.816,5.015,-5.816,0.90249,0.99756,76.199,327.89,7.68,310.767,15122.703,216.65,0.243172,-411783.8953277207,584626.0521830462,16015.985778144393,-1231.7168577842183,1756.1511053382983,-916.9147308946247,36.75015258421034,-52.166242906125945,17.230784034676045,-23.144686067096714,125.04478042832604,6.855108874107233,661661.3721646789,0.2431717752191413,3192.68,219841.95749823147,-430439.8046767139,611269.2622054663,319.5084649370624
4,Shahab_3,296.0,5.015,-5.816,5.015,-5.816,0.90249,0.99756,76.199,327.89,7.68,310.767,16844.725,216.65,0.270862,-412996.93313778634,586355.6850797675,15107.96932730743,-1194.0604280561938,1702.6881045413575,-898.8439122404056,38.5330489022311,-54.715635334076495,18.90162053990364,-23.37448709637699,125.04119566961147,6.6575928204603105,695146.008235259,0.2708617440402528,3192.68,230967.4791767738,-430439.8046767139,611269.2622054663,319.5084649370624
4,Shahab_3,297.0,5.015,-5.816,5.015,-5.816,0.90249,0.99756,76.199,327.89,7.68,310.767,18720.818,216.65,0.301029,-414171.4508755133,588030.6191983209,14218.828813787888,-1154.7098548438557,1646.8009973825658,-879.1784561168205,40.13109883732586,-57.0202514003337,20.384953933625905,-23.611126921558434,125.03750857923633,6.450350406757095,725218.865922052,0.30102916595515994,3192.68,240959.41187763706,-430439.8046767139,611269.2622054663,319.5084649370624
4,Shahab_3,298.0,5.015,-5.816,5.015,-5.816,0.90249,0.99756,76.199,327.89,7.68,310.767,20755.487,216.65,0.333746,-415305.85944492125,589648.5799478288,13350.099715488026,-1113.881183609012,1588.79654639352,-858.0468711112798,41.48066761816818,-58.91967924844318,21.871350862016918,-23.85547548215394,125.03371515123636,6.234543037665765,751138.181711832,0.33374647042350386,3192.68,249571.29910568858,-430439.8046767139,611269.2622054663,319.5084649370624
4,Shahab_3,299.0,5.015,-5.816,5.015,-5.816,0.90249,0.99756,76.199,327.89,7.68,310.767,22951.777,216.65,0.369063,-416398.8059085657,591207.6285335792,12503.176497134595,-1071.8304532609595,1529.0394777553695,-835.5986669291835,42.583314571112496,-60.52976467969145,22.975862071558122,-24.108136448842323,125.02979687491258,6.011545864335727,772264.8997653957,0.3690626229068324,3192.68,256590.80976143945,-430439.8046767139,611269.2622054663,319.5084649370624
4,Shahab_3,300.0,5.015,-5.816,5.015,-5.816,0.90249,0.99756,76.199,327.89,7.68,310.767,25311.152,216.65,0.407001,-417449.20765924,592706.2105325558,11679.281532098776,-1028.841754777894,1467.9344060275685,-812.0219067984399,43.37291543465444,-61.67773055941365,23.976077292154358,-24.37006747457996,125.02573770827118,5.782910305839445,788102.108197082,0.40700118530427054,3192.68,261852.84114093313,-430439.8046767139,611269.2622054663,319.5084649370624
4,Shahab_3,301.0,5.015,-5.816,5.015,-5.816,0.90249,0.99756,76.199,327.89,7.68,310.767,27833.44,217.434,0.445946,-418456.27927299176,594143.1945525132,10879.439756794533,-985.2331662251992,1405.9332783007558,-787.5374101459294,43.68723252890094,-62.120599094285666,24.703939140193977,-24.642316952152264,125.02154499932955,5.550383101206975,795467.4687151334,0.4459463365193848,3192.68,264300.03745930246,-430439.8046767139,611269.2622054663,319.5084649370624
4,Shahab_3,302.0,5.015,-5.816,5.015,-5.816,0.90249,0.99756,76.199,327.89,7.68,310.767,30517.563,222.472,0.477877,-419419.7989961734,595518.2523344476,10104.259465436988,-941.9355267693087,1344.3638381506084,-762.855186121459,42.88576765073308,-60.967003732950126,24.659633216246405,-24.92559249240477,125.0172075737436,5.319164832145248,782883.4795814407,0.47787722041973457,3192.68,260118.91261104864,-430439.8046767139,611269.2622054663,319.5084649370624
4,Shahab_3,303.0,5.015,-5.816,5.015,-5.816,0.90249,0.99756,76.199,327.89,7.68,310.767,33363.007,227.351,0.511223,-420340.4360795348,596832.3257985506,9353.655475184938,-899.4931960501917,1284.0017274071085,-738.4007957236299,41.96006144376178,-59.6861506414951,24.315701363599775,-25.220564434979806,125.01273871449176,5.092306941683538,767597.1677186745,0.5112229179318045,3192.68,255039.92075174671,-430439.8046767139,611269.2622054663,319.5084649370624
4,Shahab_3,304.0,5.015,-5.816,5.015,-5.816,0.90249,0.99756,76.199,327.89,7.68,310.767,36368.702,232.072,0.545943,-421219.11662611493,598086.7232251136,8627.339259670263,-858.0446327577519,1225.0432230773881,-714.2972928997207,40.92122514982089,-58.218356627321384,23.839990547699944,-25.52834370608698,125.00816305876421,4.870601143495164,749904.5409001465,0.5459425552299768,3192.68,249161.41268598818,-430439.8046767139,611269.2622054663,319.5084649370624
4,Shahab_3,305.0,5.015,-5.816,5.015,-5.816,0.90249,0.99756,76.199,327.89,7.68,310.767,39532.852,236.638,0.581991,-422056.89830174216,599282.9408184076,7924.913627085935,-817.7143714231427,1167.6691273228255,-690.6357193993736,39.72450289256215,-56.511889674619184,23.45260349247632,-25.849249349496812,125.003412461175,4.654743958239931,730132.1895958994,0.5819906391493054,3192.68,242591.90054891497,-430439.8046767139,611269.2622054663,319.5084649370624
4,Shahab_3,306.0,5.015,-5.816,5.015,-5.816,0.90249,0.99756,76.199,327.89,7.68,310.767,42853.048,241.052,0.619318,-422854.9521329986,600422.6369089391,7245.884839952606,-778.6044683262577,1112.0226989511568,-667.5178237401059,38.45717241609138,-54.70697147106386,22.88940957948846,-26.184456711971865,124.9985407087624,4.445329605369893,708623.7762439401,0.6193182553460334,3192.68,235445.56876517137,-430439.8046767139,611269.2622054663,319.5084649370624
4,Shahab_3,307.0,5.015,-5.816,5.015,-5.816,0.90249,0.99756,76.199,327.89,7.68,310.767,46326.348,245.317,0.657874,-423614.5323885205,601507.5890382257,6589.679719589153,-740.8007220082317,1058.2285345401565,-645.0150340905926,37.13087720895097,-52.84288466414058,22.157191755629853,-26.53442305056843,124.99350085236249,4.242848405374802,685727.6473670095,0.6578740068772815,3192.68,227838.15808171468,-430439.8046767139,611269.2622054663,319.5084649370624
4,Shahab_3,308.0,5.015,-5.816,5.015,-5.816,0.90249,0.99756,76.199,327.89,7.68,310.767,49949.546,249.438,0.697607,-424337.00046613783,602539.7278284449,5955.632321671829,-704.366159933891,1006.3763957278296,-623.1977114227429,35.732896675920315,-50.856588618923944,21.455923367781086,-26.900125221529294,124.98830155372089,4.047679472616797,661784.8671905486,0.6976067930080803,3192.68,219882.98964756136,-430439.8046767139,611269.2622054663,319.5084649370624
4,Shahab_3,309.0,5.015,-5.816,5.015,-5.816,0.90249,0.99756,76.199,327.89,7.68,310.767,53719.099,253.42,0.738465,-425023.7447751199,603521.0231017168,5343.033772233255,-669.3474717154243,956.533535620174,-602.1188394807198,34.300029639375715,-48.82272747326568,20.69516738248272,-27.28230519069247,124.98293364912516,3.860106172306295,637121.4118955549,0.7384647985504309,3192.68,211688.371495707,-430439.8046767139,611269.2622054663,319.5084649370624
4,Shahab_3,310.0,5.015,-5.816,5.015,-5.816,0.90249,0.99756,76.199,327.89,7.68,310.767,57631.295,257.268,0.780397,-425676.18209572305,604453.4858383335,4751.13178677512,-635.7727979544555,908.7406964521606,-581.8192818832085,32.846898635563825,-46.75939509600611,19.898705185164157,-27.681737896385393,124.97738966163003,3.6803109885401692,612038.2992476337,0.7803971242736747,3192.68,203354.31903828896,-430439.8046767139,611269.2622054663,319.5084649370624
4,Shahab_3,311.0,5.015,-5.816,5.015,-5.816,0.90249,0.99756,76.199,327.89,7.68,310.767,61682.484,260.986,0.823356,-426295.774476931,605339.1920243944,4179.125370306663,-603.6548042687335,863.0165606659644,-562.3289938466222,31.388583288946034,-44.68805244289472,19.07811833448711,-28.09919844895108,124.97166196485183,3.508391446791445,586810.1303803803,0.8233559210588559,3192.68,194972.07056316934,-430439.8046767139,611269.2622054663,319.5084649370624
4,Shahab_3,312.0,5.015,-5.816,5.015,-5.816,0.90249,0.99756,76.199,327.89,7.68,310.767,65869.039,264.58,0.867296,-426883.9769382223,606180.20830122,3626.196449060747,-572.992130045247,819.3598027334792,-543.6671367942099,29.938466998145195,-42.62778902433095,18.2435651524903,-28.5354344864594,124.96574287574416,3.344366899599859,561679.9909043041,0.8672957488250244,3192.68,186622.3930891016,-430439.8046767139,611269.2622054663,319.5084649370624
4,Shahab_3,313.0,5.015,-5.816,5.015,-5.816,0.90249,0.99756,76.199,327.89,7.68,310.767,70187.504,268.055,0.912175,-427442.2391084388,606978.594216821,3091.511517058336,-543.7710732066759,777.7514895542803,-525.8432946994018,28.50805182854313,-40.59502083770776,17.404217068271493,-28.991171674440363,124.95962442270265,3.1881878778424446,536858.4134650921,0.9121747550956764,3192.68,178375.23766792615,-430439.8046767139,611269.2622054663,319.5084649370624
4,Shahab_3,314.0,5.015,-5.816,5.015,-5.816,0.90249,0.99756,76.199,327.89,7.68,310.767,74634.663,271.417,0.957955,-427971.9910580189,607736.3820694399,2574.2307934511387,-515.9664630615164,738.1563158300175,-508.857751889401,27.106878387746132,-38.603374548884744,16.568079746497027,-29.467113872286646,124.95329821114613,3.039740463610369,512521.5025490288,0.9579551550989396,3192.68,170289.1163370956,-430439.8046767139,611269.2622054663,319.5084649370624
4,Shahab_3,315.0,5.015,-5.816,5.015,-5.816,0.90249,0.99756,76.199,327.89,7.68,310.767,79207.581,274.672,1.004603,-428474.63302729564,608455.5621729433,2073.5189045264037,-489.5450004818471,700.5273617608759,-492.70382189690235,25.742802047694248,-36.664076805701136,15.74195292508064,-29.963925568357606,124.94675556729955,2.898864613385903,488814.8362900943,1.00460332388067,3192.68,162412.39852437083,-430439.8046767139,611269.2622054663,319.5084649370624
4,Shahab_3,316.0,5.015,-5.816,5.015,-5.816,0.90249,0.99756,76.199,327.89,7.68,310.767,83903.66,277.824,1.05209,-428951.528617817,609138.0731416414,1588.5503033611262,-464.4664409386547,664.8077759624927,-477.36858556779583,24.422011024468386,-34.785981830681635,14.931591272001684,-30.482229895036976,124.93998743185531,2.7653605284545217,465854.56704931986,1.0520901042161797,3192.68,154783.6767235733,-430439.8046767139,611269.2622054663,319.5084649370624
4,Shahab_3,317.0,5.015,-5.816,5.015,-5.816,0.90249,0.99756,76.199,327.89,7.68,310.767,88720.673,280.88,1.100391,-429403.99848821753,609785.7928799175,1118.514820665604,-440.685004139092,630.9327821481081,-462.83381804686053,23.1491787784769,-32.975785728178515,14.141695320614962,-31.022603637861682,124.93298429828901,2.6389962954309465,443729.6617349649,1.1003909173404924,3192.68,147432.5108577802,-430439.8046767139,611269.2622054663,319.5084649370624
4,Shahab_3,318.0,5.015,-5.816,5.015,-5.816,0.90249,0.99756,76.199,327.89,7.68,310.767,93656.805,283.843,1.149486,-429833.3182714228,610400.5355711627,662.6209855770078,-418.1507809096729,598.8316842796843,-449.0770240853257,21.927661202968604,-31.238306948830914,13.375933302362997,-31.585574800491163,124.92573611201792,2.5195156621230512,422504.8348360463,1.1494859192588105,3192.68,140380.4028017306,-430439.8046767139,611269.2622054663,319.5084649370624
4,Shahab_3,319.0,5.015,-5.816,5.015,-5.816,0.90249,0.99756,76.199,327.89,7.68,310.767,98710.938,286.719,1.199363,-430240.7525794575,610984.1000907503,220.07702639680335,-396.80890908990773,568.426696769955,-436.07097287546065,20.75945074755047,-29.576422469441646,12.637300049300142,-32.171671433563645,124.91823125489191,2.406633794736421,402220.7034828514,1.199362585885942,3192.68,133640.8479018448,-430439.8046767139,611269.2622054663,319.5084649370624
4,Shahab_3,319.51,5.015,-5.816,5.015,-5.816,0.90249,0.99756,76.199,327.89,7.68,310.767,101325.0,288.15,1.225012,-430439.8046767139,611269.2622054663,3.5838027757084667e-06,-386.402637208203,553.600365621523,-429.7402053362925,20.186638214974664,-28.76146332656784,12.272815838330303,-32.47853232593025,124.91431581908257,2.3517060780657024,392283.84453547193,1.2250122655683258,3192.68,130339.25192801785,-430439.8046767139,611269.2622054663,319.5084649370624
5,Shahab_3,1.0,-7.449,-4.915,-7.449,-4.915,0.99239,0.95436,65.41,15.77,8.925,213.418,101203.482,288.084,1.223822,1.2581397585514986,4.455506987761424,10.104097005386247,2.5655289317051926,9.098188716891078,20.175637977941314,3.4566271071976273,12.513935252307283,18.748818945006843,64.89527117994872,74.25248314568604,0.06547276008838517,303.76202439217127,1.2238220586515935,14351.83,110.98017726776638,48203.68985272456,104251.34066941816,122.30279168920806
5,Shahab_3,2.0,-7.449,-4.915,-7.449,-4.915,0.99239,0.95436,65.41,15.77,8.925,213.418,100848.364,287.892,1.220343,5.58073645599717,19.83553655520517,39.70136243203284,6.148289744810301,21.717079508024156,39.047035604227915,3.8792737392602845,12.850817016405204,18.91257847157053,59.970505973033134,74.1927316116124,0.1325331827836743,1241.1519610296464,1.220342678516506,14188.23,453.45781760221917,48203.68985272456,104251.34066941816,122.30279168920806
5,Shahab_3,3.0,-7.449,-4.915,-7.449,-4.915,0.99239,0.95436,65.41,15.77,8.925,213.418,100269.826,287.577,1.21467,13.894422166214722,48.165455539230756,88.14362571003468,10.768572734073933,35.195023989001534,57.728212927899634,5.619505180978729,14.378514206685384,18.238343698047125,57.479764183659,72.98753358792848,0.20118459409657938,2846.7006733768294,1.214670430414724,14024.62,1040.0488540060333,48203.68985272456,104251.34066941816,122.30279168920806
5,Shahab_3,4.0,-7.449,-4.915,-7.449,-4.915,0.99239,0.95436,65.41,15.77,8.925,213.418,99480.634,287.145,1.206925,27.944061752643954,91.02557769234191,154.67687831500666,17.842074372865273,51.070051531773544,74.9393537330926,8.65408184944981,17.62640420635688,15.84315643509099,54.17532520593192,70.74238668654692,0.2715988421537242,5155.016650377942,1.2069251617435428,13861.02,1883.3975801353524,48203.68985272456,104251.34066941816,122.30279168920806
5,Shahab_3,5.0,-7.449,-4.915,-7.449,-4.915,0.99239,0.95436,65.41,15.77,8.925,213.418,98513.557,286.61,1.197422,50.60576489214784,151.55762303133773,236.9303621022112,27.90324537768868,70.62066968779591,88.94910279065,11.134434368386119,21.33349084129613,12.214637352866047,49.513553540828596,68.44030902669198,0.34367376561282864,8189.056128194292,1.1974218600519735,13697.41,2991.8911114094944,48203.68985272456,104251.34066941816,122.30279168920806
5,Shahab_3,6.0,-7.449,-4.915,-7.449,-4.915,0.99239,0.95436,65.41,15.77,8.925,213.418,97411.762,285.994,1.186578,84.14884781318975,233.2369683300575,331.6319054876095,39.12444954173271,93.00292669043287,100.28406607511272,10.813319224286062,22.90563299860438,11.217660491138703,44.82535067070489,67.18449470068852,0.4180351904846888,12006.485923995206,1.186578099841715,13533.81,4386.598156481971,48203.68985272456,104251.34066941816,122.30279168920806
5,Shahab_3,7.0,-7.449,-4.915,-7.449,-4.915,0.99239,0.95436,65.41,15.77,8.925,213.418,96190.832,285.304,1.174541,128.41057686693108,337.59004303067866,437.8325659536462,49.18123999125399,115.55117346448526,112.4435024537001,9.617549251566448,22.10874835643006,13.0099193935539,41.84057508187839,66.94427934553237,0.49534452475753343,16686.942634600524,1.1745408787724596,13370.2,6096.6141351958395,48203.68985272456,104251.34066941816,122.30279168920806
5,Shahab_3,8.0,-7.449,-4.915,-7.449,-4.915,0.99239,0.95436,65.41,15.77,8.925,213.418,94843.005,284.532,1.161227,182.61934871002825,464.2893639392429,556.6481129762041,59.58653845982279,138.10733162866882,124.80885801001524,11.581032027718335,23.60986615564097,10.825331916109302,39.68494416595788,66.66217187518515,0.5743517216905262,22180.26443386628,1.1612265649737081,13206.6,8103.612305198526,48203.68985272456,104251.34066941816,122.30279168920806
5,Shahab_3,9.0,-7.449,-4.915,-7.449,-4.915,0.99239,0.95436,65.41,15.77,8.925,213.418,93393.432,283.689,1.146876,248.20413668373396,614.6053887881242,686.3323141729253,71.58771530254063,162.79097831391582,134.2950050119076,11.649260471379645,25.128384935764185,9.347998395268922,37.058692591605045,66.26239440161122,0.6548549789915437,28477.424070826604,1.1468761786792434,13042.99,10404.294538903352,48203.68985272456,104251.34066941816,122.30279168920806
5,Shahab_3,10.0,-7.449,-4.915,-7.449,-4.915,0.99239,0.95436,65.41,15.77,8.925,213.418,91860.778,282.783,1.131668,325.42427801964516,789.8204757804727,825.6569446864839,82.8523037848479,187.56746676846737,144.50794348598535,11.70654388734399,24.884548143675488,10.001564437148335,35.17389365695021,66.16799298301524,0.737160577515413,35607.13452253328,1.1316676976975244,12879.39,13009.151190690422,48203.68985272456,104251.34066941816,122.30279168920806
5,Shahab_3,11.0,-7.449,-4.915,-7.449,-4.915,0.99239,0.95436,65.41,15.77,8.925,213.418,90250.456,281.815,1.115648,414.4280951373171,990.1795183440773,974.5688599082728,95.24795904513549,213.42599485289037,152.93662378844718,12.223917882425939,26.348181515285717,8.051893944684128,33.199593814655586,65.94970272405659,0.820767178783093,43517.22050126939,1.1156482368676395,12715.78,15899.119895238046,48203.68985272456,104251.34066941816,122.30279168920806
5,Shahab_3,12.0,-7.449,-4.915,-7.449,-4.915,0.99239,0.95436,65.41,15.77,8.925,213.418,88580.624,280.793,1.098992,515.6718337384265,1216.6770485148415,1131.8166818656669,107.34491319068721,239.58674231165756,161.51829773822618,12.742219548768533,26.56478785601627,7.709354666987601,31.60087978165847,65.86561825358034,0.9057937782272852,52209.216790838705,1.0989921978762254,12552.18,19074.761389455158,48203.68985272456,104251.34066941816,122.30279168920806
5,Shahab_3,13.0,-7.449,-4.915,-7.449,-4.915,0.99239,0.95436,65.41,15.77,8.925,213.418,86860.881,279.72,1.08179,629.4289533165451,1469.7552649706313,1296.8938568475794,120.05112395469972,266.61581522558856,168.70899129056588,12.359584705277525,26.945172201248837,7.750251972915173,29.98430878135725,65.75903016176507,0.9920015364669121,61639.833677511924,1.0817897596372505,12388.57,22520.25967358616,48203.68985272456,104251.34066941816,122.30279168920806
5,Shahab_3,14.0,-7.449,-4.915,-7.449,-4.915,0.99239,0.95436,65.41,15.77,8.925,213.418,85101.598,278.6,1.06414,755.8587559002603,1749.9651188035618,1469.1835174871742,132.95356331565233,293.99298798932404,175.49939014361127,12.979682734007262,27.812408118491128,6.168034867975384,28.542511404760123,65.6659098022126,1.079338848791352,71780.76722534373,1.0641395278180699,12224.97,26225.27383739096,48203.68985272456,104251.34066941816,122.30279168920806
5,Shahab_3,15.0,-7.449,-4.915,-7.449,-4.915,0.99239,0.95436,65.41,15.77,8.925,213.418,83314.13,277.439,1.046151,895.2538203174161,2057.8261904723136,1647.9203415493891,145.94782009064468,321.79739118353126,181.81112981748328,13.380926894525217,28.19677796897281,5.439346801622849,27.2276067889217,65.60383207931214,1.1677297290670459,82598.64738402904,1.0461509625169747,12061.36,30177.612053712415,48203.68985272456,104251.34066941816,122.30279168920806
5,Shahab_3,16.0,-7.449,-4.915,-7.449,-4.915,0.99239,0.95436,65.41,15.77,8.925,213.418,81507.511,276.239,1.027911,1047.8100845839497,2393.7527875086566,1832.5119472134386,159.15374862090974,350.0614205032399,187.41598065600655,13.416699503951751,28.412792989788564,5.275013878928575,25.983397473217686,65.55130844484573,1.2570739404628664,94052.67471726071,1.0279112077341035,11897.76,34362.36815156733,48203.68985272456,104251.34066941816,122.30279168920806
5,Shahab_3,17.0,-7.449,-4.915,-7.449,-4.915,0.99239,0.95436,65.41,15.77,8.925,213.418,79690.01,275.004,1.009501,1213.6925384830456,2758.1246245809607,2022.3909083240114,172.57420482936263,378.7137560387025,192.35680153270258,13.419670990596737,28.711316598588365,4.9493860276446515,24.80618805058007,65.5019539289975,1.3472920455666721,106102.10163759306,1.0095006255887202,11734.15,38764.65490307722,48203.68985272456,104251.34066941816,122.30279168920806
5,Shahab_3,18.0,-7.449,-4.915,-7.449,-4.915,0.99239,0.95436,65.41,15.77,8.925,213.418,77869.426,273.74,0.990996,1393.0584148756648,3151.2934177101342,2216.9841031785677,186.15728948653373,407.68719535893166,196.7391121908249,13.530203587473554,29.06684102841247,4.354905936424923,23.70029904979845,65.45771015774682,1.438314844576064,118706.25842011794,0.9909957417880129,11570.55,43369.61352762667,48203.68985272456,104251.34066941816,122.30279168920806
5,Shahab_3,19.0,-7.449,-4.915,-7.449,-4.915,0.99239,0.95436,65.41,15.77,8.925,213.418,76052.915,272.448,0.972467,1586.054900798422,3573.5760115045246,2415.7301945418876,199.8676758204137,436.9463205267885,200.60820563935027,13.698361640339039,29.396113808350798,3.6858503021681814,22.660969569020967,65.41972937164714,1.5300762841048123,131824.20234981418,0.97246746894366,11406.94,48162.28550701394,48203.68985272456,104251.34066941816,122.30279168920806
5,Shahab_3,20.0,-7.449,-4.915,-7.449,-4.915,0.99239,0.95436,65.41,15.77,8.925,213.418,74246.895,271.132,0.95398,1792.8137418614076,4025.2544428004403,2618.0913186747666,213.6912331027016,466.46773512234086,203.97059944755554,13.858845521581317,29.670169902393855,3.0729890061005496,21.67968779702394,65.38724436367734,1.6225135868703244,145415.2333429008,0.9539801045414134,11243.34,53127.800968937285,48203.68985272456,104251.34066941816,122.30279168920806
5,Shahab_3,21.0,-7.449,-4.915,-7.449,-4.915,0.99239,0.95436,65.41,15.77,8.925,213.418,72457.086,269.797,0.935592,2013.4512559828504,4506.580035655647,2823.5518410297245,227.62035622003702,496.22772340526967,206.82944679338374,13.987670253810116,29.89754349140376,2.5370138141832825,20.74912049429073,65.35900953827158,1.715567657650082,159439.50654958127,0.9355916532432117,11079.73,58251.60250286298,48203.68985272456,104251.34066941816,122.30279168920806
5,Shahab_3,22.0,-7.449,-4.915,-7.449,-4.915,0.99239,0.95436,65.41,15.77,8.925,213.418,70688.574,268.445,0.917354,2248.070370517727,5017.7770461346445,3031.6145200471165,241.6464678761459,526.2012400277055,209.19570059207797,14.08851196536091,30.092678002072628,2.052711166436342,19.86396469431921,65.33407662675475,1.809183573410242,173858.6576137789,0.917354398726256,10916.13,63519.67360015515,48203.68985272456,104251.34066941816,122.30279168920806
5,Shahab_3,23.0,-7.449,-4.915,-7.449,-4.915,0.99239,0.95436,65.41,15.77,8.925,213.418,68945.857,267.078,0.899315,2496.7624812580457,5559.045246602847,3241.79817408639,255.7596601386571,556.3641313977066,211.0847756146772,14.17001295557906,30.26427058264497,1.5972514011091634,19.020153786810237,65.31183734965582,1.9033104887486236,188636.26283335194,0.8993153359304452,10752.52,68918.70677470346,48203.68985272456,104251.34066941816,122.30279168920806
5,Shahab_3,24.0,-7.449,-4.915,-7.449,-4.915,0.99239,0.95436,65.41,15.77,8.925,213.418,67232.888,265.701,0.881516,2759.6085810754817,6130.561833666984,3453.6367550955097,269.9498660270747,586.6940715718978,212.51272040224742,14.238280465686302,30.416397266593002,1.1585943041405036,18.21425512180874,65.29188001015913,1.9979008726002212,203738.08223362092,0.8815164847446132,10588.92,74436.19237041389,48203.68985272456,104251.34066941816,122.30279168920806
5,Shahab_3,25.0,-7.449,-4.915,-7.449,-4.915,0.99239,0.95436,65.41,15.77,8.925,213.418,65553.108,264.317,0.863995,3036.6800798581085,6732.483180293162,3666.67880417483,284.2074964483734,617.1706843868952,213.49522672714272,14.296954023967228,30.550752475211503,0.7321265390190924,17.443265375920305,65.27389923178703,2.092910665476304,219132.4048655279,0.8639951807969236,10425.31,80060.54471671152,48203.68985272456,104251.34066941816,122.30279168920806
5,Shahab_3,26.0,-7.449,-4.915,-7.449,-4.915,0.99239,0.95436,65.41,15.77,8.925,213.418,63909.483,262.927,0.846784,3328.039567796957,7364.946416568116,3880.4868368902285,298.52372334180876,647.7753628485333,214.04649430209204,14.346576504504476,30.668000015463914,0.31944379296427267,16.704454564027866,65.25764598124744,2.1882983867618413,234790.12160541443,0.846784379103454,10261.71,85781.12872611235,48203.68985272456,104251.34066941816,122.30279168920806
5,Shahab_3,27.0,-7.449,-4.915,-7.449,-4.915,0.99239,0.95436,65.41,15.77,8.925,213.418,62304.537,261.535,0.829913,3633.741382808752,8028.070878520975,4094.6369346722804,312.89041865405085,678.4909100867912,214.1804713247841,14.388807530266797,30.769027485166905,-0.08035136094165697,15.995419199782239,65.24290885894733,2.2840255248220793,250684.99908884306,0.8299129438282983,10098.1,91588.3599765958,48203.68985272456,104251.34066941816,122.30279168920806
5,Shahab_3,28.0,-7.449,-4.915,-7.449,-4.915,0.99239,0.95436,65.41,15.77,8.925,213.418,60740.394,260.143,0.813406,3953.8322783189483,8721.959420396313,4308.718039644061,327.30006354620133,709.3013736932321,213.9100788696991,14.424440613659685,30.854490037478197,-0.46667693107894426,15.313980370359666,65.2295078370737,2.3800555204725455,266793.6137817583,0.8134059612354467,9934.5,97473.68062434679,48203.68985272456,104251.34066941816,122.30279168920806
5,Shahab_3,29.0,-7.449,-4.915,-7.449,-4.915,0.99239,0.95436,65.41,15.77,8.925,213.418,59218.807,258.755,0.797285,4288.351875325332,9446.699561878084,4522.3315101024355,341.7454985972208,740.1917996135476,213.2486152670791,14.457274137539569,30.92485300491705,-0.8436189287886258,14.658247951399103,65.21729711221168,2.47635410997552,283095.5259246257,0.7972850276654853,9770.89,103429.62295466002,48203.68985272456,104251.34066941816,122.30279168920806
5,Shahab_3,30.0,-7.449,-4.915,-7.449,-4.915,0.99239,0.95436,65.41,15.77,8.925,213.418,57741.195,257.372,0.781569,4637.333218931288,10202.364416020726,4735.090657019247,356.22137392710516,771.1482496048433,212.20612228525383,14.487974443681592,30.98314262614242,-1.2204910287560775,14.026334518094316,65.20607045051018,2.5728884959995315,299573.15883213957,0.7815685334524378,9607.29,109449.7652838017,48203.68985272456,104251.34066941816,122.30279168920806
5,Shahab_3,31.0,-7.449,-4.915,-7.449,-4.915,0.99239,0.95436,65.41,15.77,8.925,213.418,56308.677,255.997,0.766272,5000.803284418332,10989.013633296088,4946.619695669669,370.7217156480667,802.1579479386913,210.79226379826758,14.512015345104068,31.03099331884995,-1.594254184564067,13.41655092985639,65.19572055053631,2.6696273395742356,316211.84251540067,0.7662719809543477,9443.68,115528.7478964755,48203.68985272456,104251.34066941816,122.30279168920806
5,Shahab_3,32.0,-7.449,-4.915,-7.449,-4.915,0.99239,0.95436,65.41,15.77,8.925,213.418,54922.104,254.632,0.751408,5378.783074577284,11806.6941435833,5156.553585391317,385.24038023504875,833.2085141598282,209.01777950845036,14.52737876075486,31.06688539571108,-1.9538409011771012,12.827470115932748,65.18617506517046,2.7665403142866674,332999.70893582667,0.751408225749216,9280.08,121662.2347765902,48203.68985272456,104251.34066941816,122.30279168920806
5,Shahab_3,33.0,-7.449,-4.915,-7.449,-4.915,0.99239,0.95436,65.41,15.77,8.925,213.418,53582.08,253.281,0.736988,5771.287923259272,12655.440625512603,5364.537745320204,399.7715728055281,864.2879014444618,206.8933270283687,14.535089875670455,31.091227061629553,-2.300671978295079,12.257818254257762,65.17736063869289,2.8635976819142943,349927.567390217,0.7369877187311634,9116.47,127846.86807889679,48203.68985272456,104251.34066941816,122.30279168920806
5,Shahab_3,34.0,-7.449,-4.915,-7.449,-4.915,0.99239,0.95436,65.41,15.77,8.925,213.418,52288.998,251.944,0.723019,6178.327789245804,13535.275935960284,5570.227320120689,414.3093275345699,895.3847928738634,204.4283747285821,14.533202680270609,31.10417243377462,-2.62985858534956,11.706389536466618,65.16924028540784,2.96077006069075,366988.8205825437,0.7230187686252916,8952.87,134080.23746561815,48203.68985272456,104251.34066941816,122.30279168920806
5,Shahab_3,35.0,-7.449,-4.915,-7.449,-4.915,0.99239,0.95436,65.41,15.77,8.925,213.418,51043.062,250.624,0.709508,6599.906930880038,14446.21158841175,5773.286987269329,428.848332943813,926.4869148077933,201.63599584656183,14.541031783785234,31.09770724950471,-2.9445880887817877,11.17230950445941,65.16172561181718,3.058027916996282,384179.2820392981,0.7095077545846005,8789.26,140360.8133987119,48203.68985272456,104251.34066941816,122.30279168920806
5,Shahab_3,36.0,-7.449,-4.915,-7.449,-4.915,0.99239,0.95436,65.41,15.77,8.925,213.418,49844.308,249.323,0.696459,7036.025082938983,15388.247298845004,5973.390978664443,443.3862264819909,957.5826819921036,198.5204449490545,14.539366355226102,31.087529253371564,-3.276868872727668,10.654309932030623,65.15460971954143,3.1553414221403173,401497.06168776774,0.696459314875341,8625.66,146687.90533562226,48203.68985272456,104251.34066941816,122.30279168920806
5,Shahab_3,37.0,-7.449,-4.915,-7.449,-4.915,0.99239,0.95436,65.41,15.77,8.925,213.418,48692.638,248.044,0.683877,7486.676562909638,16361.371784119741,6170.22091059163,457.91541749954416,988.6620675777667,195.0886052938158,14.52173654499488,31.069450485340013,-3.5949091365185057,10.151396788686988,65.1479953941566,3.252679917358588,418942.42719573865,0.6838766654603805,8462.05,153061.61106941078,48203.68985272456,104251.34066941816,122.30279168920806
5,Shahab_3,38.0,-7.449,-4.915,-7.449,-4.915,0.99239,0.95436,65.41,15.77,8.925,213.418,47587.828,246.787,0.671762,7951.850051238369,17365.56240464064,6363.466771006314,472.42903970968285,1019.7134783770117,191.3519788376692,14.501565960913215,31.033174706925436,-3.8785032777004003,9.662912436611562,65.1419055410437,3.3500115420219316,436517.58793781645,0.6717616973924803,8298.45,159482.73780033848,48203.68985272456,104251.34066941816,122.30279168920806
5,Shahab_3,39.0,-7.449,-4.915,-7.449,-4.915,0.99239,0.95436,65.41,15.77,8.925,213.418,46529.551,245.557,0.660115,8431.52886030762,18400.784562696244,6552.827510171923,486.9245708190217,1050.7231964613345,187.32071333013252,14.488903826616598,30.983031773716252,-4.177435350434164,9.188192569294465,65.1361209456952,3.4473027900637163,454226.4601559034,0.6601150971975482,8134.84,165952.7163366883,48203.68985272456,104251.34066941816,122.30279168920806
5,Shahab_3,40.0,-7.449,-4.915,-7.449,-4.915,0.99239,0.95436,65.41,15.77,8.925,213.418,45517.398,244.353,0.648937,8925.691385319109,19466.991404620232,6738.008602903585,501.39603256993064,1081.6804925284623,182.99367881208883,14.454013099391974,30.92970630463794,-4.480398863782045,8.726091597508058,65.13065846677216,3.544518220994915,472074.5927333263,0.6489366434813435,7971.24,172473.57397616628,48203.68985272456,104251.34066941816,122.30279168920806
5,Shahab_3,41.0,-7.449,-4.915,-7.449,-4.915,0.99239,0.95436,65.41,15.77,8.925,213.418,44550.895,243.178,0.638225,9434.309354228188,20564.123916903085,6918.72183163036,515.8341148206266,1112.5725542891212,178.38571194610847,14.419331636556546,30.852253254908728,-4.729487781205636,8.276323630624583,65.12563324120748,3.6416200745772818,490068.9874649808,0.6382253481960827,7807.63,179047.86884117193,48203.68985272456,104251.34066941816,122.30279168920806
5,Shahab_3,42.0,-7.449,-4.915,-7.449,-4.915,0.99239,0.95436,65.41,15.77,8.925,213.418,43629.503,242.035,0.627979,9957.348637029529,21692.10916365131,7094.688424408568,530.2375407325767,1143.3836712514176,173.50110377787695,14.384427707627793,30.76787438683355,-5.035876767430198,7.838142421649499,65.12076109445174,3.738567532086206,508217.66551683936,0.6279793955223726,7644.03,185678.53148374942,48203.68985272456,104251.34066941816,122.30279168920806
5,Shahab_3,43.0,-7.449,-4.915,-7.449,-4.915,0.99239,0.95436,65.41,15.77,8.925,213.418,42752.66,240.923,0.618197,10494.768842426682,22850.860410400262,7265.632826768505,544.5950814650726,1174.1015957689879,168.34427755062796,14.332493228502898,30.66502961077801,-5.283706948559962,7.410874045616087,65.11625176242894,3.8353167429148125,526529.8580924901,0.6181966234843324,7480.42,192368.9345460605,48203.68985272456,104251.34066941816,122.30279168920806
5,Shahab_3,44.0,-7.449,-4.915,-7.449,-4.915,0.99239,0.95436,65.41,15.77,8.925,213.418,41919.761,239.847,0.608874,11046.521992243417,24040.275597667092,7431.288579460403,558.9018596913422,1204.7090182408485,162.92466437774132,14.28163710772092,30.546295590178207,-5.555970510526349,6.994118929452801,65.11195299684873,3.9318199777751595,545015.4151346233,0.6088742861483794,7316.82,199122.67672806786,48203.68985272456,104251.34066941816,122.30279168920806
5,Shahab_3,45.0,-7.449,-4.915,-7.449,-4.915,0.99239,0.95436,65.41,15.77,8.925,213.418,41130.192,238.806,0.600009,11612.553102485303,25260.236349516395,7591.3937797777435,573.1502811451767,1235.189777151747,157.2418882489189,14.213625174687122,30.41380076744725,-5.820778221670565,6.587093898639183,65.10785159986665,4.028025398954861,563684.8572844535,0.6000094147181763,7153.21,205943.60177103337,48203.68985272456,104251.34066941816,122.30279168920806
5,Shahab_3,46.0,-7.449,-4.915,-7.449,-4.915,0.99239,0.95436,65.41,15.77,8.925,213.418,40383.337,237.803,0.591599,12192.798639483357,26510.606935552485,7745.692022443671,587.3284109842547,1265.5256396231016,151.31395698309956,14.141692168247868,30.253247152265907,-6.02435402255634,6.1898359184041825,65.10406143260333,4.1238764780396036,582549.0809530288,0.5915988512654627,6989.61,212835.6907046204,48203.68985272456,104251.34066941816,122.30279168920806
5,Shahab_3,47.0,-7.449,-4.915,-7.449,-4.915,0.99239,0.95436,65.41,15.77,8.925,213.418,39678.566,236.839,0.583639,12787.186349920557,27791.232137369352,7893.935550997359,601.4336069848749,1295.695619777841,145.13057023578503,14.062995166103287,30.084577489386618,-6.339947583391015,5.801233150367117,65.10030106077852,4.219311218087162,601618.8707594842,0.5836391644324028,6826.0,219802.8837150513,48203.68985272456,104251.34066941816,122.30279168920806
5,Shahab_3,48.0,-7.449,-4.915,-7.449,-4.915,0.99239,0.95436,65.41,15.77,8.925,213.418,39015.286,235.917,0.576127,13395.63456913379,29101.936649983218,8035.876680796669,615.4472026113541,1325.6802121856765,138.71507924509828,13.969542022232867,29.878515305984738,-6.498125143751089,5.421582968734336,65.09690878160748,4.3142622361760825,620905.2815478275,0.576127190634601,6662.4,226849.21971584752,48203.68985272456,104251.34066941816,122.30279168920806
5,Shahab_3,49.0,-7.449,-4.915,-7.449,-4.915,0.99239,0.95436,65.41,15.77,8.925,213.418,38392.893,235.037,0.569059,14018.050980382905,30442.522052985387,8171.279900359478,629.3680354124983,1355.4539758927679,132.04937436773605,13.858941060578942,29.665859512415143,-6.793941031241989,5.0495560907862425,65.09348838645596,4.408655668067881,640418.5611524977,0.5690594602753022,6498.79,233978.4427776675,48203.68985272456,104251.34066941816,122.30279168920806
5,Shahab_3,50.0,-7.449,-4.915,-7.449,-4.915,0.99239,0.95436,65.41,15.77,8.925,213.418,37810.837,234.201,0.562433,14654.331694775638,31812.766223000282,8299.909112236179,643.1750677637335,1384.9923899524974,125.17176597142716,13.76264282089755,29.407303126789138,-7.018715402510131,4.686042588374828,65.09036854043043,4.502410741470501,660168.6203353012,0.5624329437967451,6335.19,241194.17382088242,48203.68985272456,104251.34066941816,122.30279168920806
5,Shahab_3,51.0,-7.449,-4.915,-7.449,-4.915,0.99239,0.95436,65.41,15.77,8.925,213.418,37268.583,233.41,0.556245,15304.361311044546,33212.419710763774,8421.536372297516,656.8604551650941,1414.2686222743441,118.05293710707619,13.611938115323866,29.13214507721845,-7.156627482065176,4.329361044815436,65.0873749428433,4.595439201636646,680164.2525159784,0.556244655213327,6171.58,248499.62554228536,48203.68985272456,104251.34066941816,122.30279168920806
5,Shahab_3,52.0,-7.449,-4.915,-7.449,-4.915,0.99239,0.95436,65.41,15.77,8.925,213.418,36765.63,232.666,0.550492,15968.009687904523,34641.204500822365,8535.941084662398,670.4122272478936,1443.2500347678451,110.71272310399794,13.46637699125022,28.8304623075594,-7.459270203622379,3.9797226207141736,65.08439409190395,4.687644667332825,700412.8346766685,0.5504917634824784,6007.98,255897.49313982643,48203.68985272456,104251.34066941816,122.30279168920806
5,Shahab_3,53.0,-7.449,-4.915,-7.449,-4.915,0.99239,0.95436,65.41,15.77,8.925,213.418,36301.535,231.971,0.545172,16645.132685016823,36098.81111136067,8642.903781686808,683.8092177789682,1471.9052473341658,103.17308816913602,13.328531593676606,28.4795293620362,-7.717561244538275,3.6373821890872633,65.08163436370762,4.778921932181406,720920.3562960642,0.5451719645227583,5844.37,263389.9648837754,48203.68985272456,104251.34066941816,122.30279168920806
5,Shahab_3,54.0,-7.449,-4.915,-7.449,-4.915,0.99239,0.95436,65.41,15.77,8.925,213.418,35875.898,231.326,0.540283,17335.570513305363,37584.89542203795,8742.212100006871,697.0363889905095,1500.1994785605382,95.41852569230079,13.146541108002854,28.09460178039081,-7.836300827393734,3.301261740250769,65.07904600254261,4.869156680968686,741690.8008048297,0.5402832339549064,5680.77,270978.496129989,48203.68985272456,104251.34066941816,122.30279168920806
5,Shahab_3,55.0,-7.449,-4.915,-7.449,-4.915,0.99239,0.95436,65.41,15.77,8.925,213.418,35488.36,230.731,0.535824,18039.145365356864,39099.076172123656,8833.661239104791,710.0781831512026,1528.0924645978175,87.45421898255813,12.93810543966027,27.676037948793144,-7.98505153008501,2.9710500410486156,65.0765204413195,4.95822383310937,762725.4043049318,0.5358238642694763,5517.16,278663.5384912575,48203.68985272456,104251.34066941816,122.30279168920806
5,Shahab_3,56.0,-7.449,-4.915,-7.449,-4.915,0.99239,0.95436,65.41,15.77,8.925,213.418,35138.626,230.189,0.531793,18755.66061223639,40640.9316828977,8917.050987486678,722.9137267807272,1555.5419201492148,79.29701380237455,12.72351141461025,27.210146980751112,-8.18320381870522,2.646828469332709,65.07408936221731,5.045987819948193,784022.7081606076,0.5317926656234166,5353.56,286444.5590515396,48203.68985272456,104251.34066941816,122.30279168920806
5,Shahab_3,57.0,-7.449,-4.915,-7.449,-4.915,0.99239,0.95436,65.41,15.77,8.925,213.418,34826.461,229.701,0.528189,19484.899304406146,42209.99620661765,8992.187101477328,735.5216384404191,1582.5023586262466,70.95086398362746,12.498487781856952,26.693472795998495,-8.424304601067103,2.328229215132486,65.07175294498005,5.132301520280449,805577.8930713172,0.5281889496938122,5189.95,294319.7970679336,48203.68985272456,104251.34066941816,122.30279168920806
5,Shahab_3,58.0,-7.449,-4.915,-7.449,-4.915,0.99239,0.95436,65.41,15.77,8.925,213.418,34551.69,229.267,0.525013,20226.622316474994,43805.75640640327,9058.881889899583,747.879330055448,1608.924158393664,62.4176702971972,12.242546206862054,26.128075464722833,-8.662610857378898,2.0148210837069813,65.06949030818247,5.217005115663223,827382.0899641442,0.5250125535916792,5026.35,302286.012203579,48203.68985272456,104251.34066941816,122.30279168920806
5,Shahab_3,59.0,-7.449,-4.915,-7.449,-4.915,0.99239,0.95436,65.41,15.77,8.925,213.418,34314.207,228.89,0.522264,20980.56639631425,45427.64746542804,9116.954706955867,759.9616319449369,1634.7540214796923,53.70191983278344,11.940697209189082,25.514900352899183,-8.874752330930248,1.7062586526248964,65.0673069492037,5.299926193041966,849422.0430420551,0.5222638683686603,4862.74,310338.36142153764,48203.68985272456,104251.34066941816,122.30279168920806
5,Shahab_3,60.0,-7.449,-4.915,-7.449,-4.915,0.99239,0.95436,65.41,15.77,8.925,213.418,34113.973,228.569,0.519944,21746.44225047011,47075.048971919554,9166.231765355178,771.7381750646755,1659.9353910534478,44.82067805305385,11.598723737348589,24.842603128593097,-8.905111924974737,1.4025854352480291,65.06531246902351,5.380878145214345,871679.2419079281,0.5199438994888756,4699.14,318470.08190424513,48203.68985272456,104251.34066941816,122.30279168920806
5,Shahab_3,61.0,-7.449,-4.915,-7.449,-4.915,0.99239,0.95436,65.41,15.77,8.925,213.418,33951.015,228.307,0.518054,22523.932348820672,48747.280707470876,9206.549540703862,783.1841914844285,1684.4040004505894,35.78904089697291,11.289412645286253,24.08277159923821,-9.164286132803847,1.1037532950853108,65.06335306140731,5.459659924529802,894129.1433387998,0.5180541585724214,4535.53,326672.20672688383,48203.68985272456,104251.34066941816,122.30279168920806
5,Shahab_3,62.0,-7.449,-4.915,-7.449,-4.915,0.99239,0.95436,65.41,15.77,8.925,213.418,33825.443,228.105,0.516597,23312.68985603691,50443.59764881962,9237.749674847571,794.2663009243764,1708.0948243862877,26.591463550808054,10.877678244877629,23.281957602125328,-9.167251043833422,0.8087548041305744,65.06151145903945,5.536055972677931,916741.0716800047,0.5165969545388401,4371.93,334933.52846614475,48203.68985272456,104251.34066941816,122.30279168920806
5,Shahab_3,63.0,-7.449,-4.915,-7.449,-4.915,0.99239,0.95436,65.41,15.77,8.925,213.418,33737.433,227.962,0.515575,24112.334786939573,52163.18598085751,9259.686120873106,804.9533359326334,1730.9345250483314,17.252480288396626,10.44785937788546,22.402188288820653,-9.320642880579534,0.5178072732348622,65.05970039167055,5.609833718662673,939476.2873656484,0.5155751102643874,4208.32,343239.89352959365,48203.68985272456,104251.34066941816,122.30279168920806
5,Shahab_3,64.0,-7.449,-4.915,-7.449,-4.915,0.99239,0.95436,65.41,15.77,8.925,213.418,33687.245,227.881,0.514992,24922.452848338053,53905.1576122771,9272.221060213102,815.2062708530722,1752.8484163252788,7.790168223669846,10.002194666165845,21.43344647715183,-9.372052499267053,0.230889036758376,65.05803134048205,5.6807461482103125,962288.562289348,0.5149922054715651,4044.72,351574.4123687381,48203.68985272456,104251.34066941816,122.30279168920806
5,Shahab_3,65.0,-7.449,-4.915,-7.449,-4.915,0.99239,0.95436,65.41,15.77,8.925,213.418,33675.211,227.861,0.514852,25742.592772531476,55668.545625778665,9275.229251938794,824.9907693619568,1773.752978396585,-1.7892392088032116,9.567499925275676,20.356976370545322,-9.716111178404018,-0.05240497302330387,65.05637666336752,5.748527965726615,985121.873771101,0.5148524252044184,3881.11,359916.6169643445,48203.68985272456,104251.34066941816,122.30279168920806
5,Shahab_3,66.0,-7.449,-4.915,-7.449,-4.915,0.99239,0.95436,65.41,15.77,8.925,213.418,33701.756,227.904,0.515161,26572.26425297334,57452.29861156386,9268.594908191539,834.2617322641569,1793.5640158092272,-11.487883248783886,8.994100268175389,19.23799577716841,-9.575152609446166,-0.3327440953691024,65.0548889642671,5.812899038561934,1007911.113959974,0.5151607557035143,3717.51,368242.7200083958,48203.68985272456,104251.34066941816,122.30279168920806
5,Shahab_3,67.0,-7.449,-4.915,-7.449,-4.915,0.99239,0.95436,65.41,15.77,8.925,213.418,33767.367,228.011,0.515923,27410.934814966666,59255.27657588205,9252.218576569903,842.9805745491433,1812.1875456296918,-21.27331426447639,8.44194262183249,17.992288373193517,-9.73326783801657,-0.6098212697492443,65.05342664305694,5.873560826739775,1030579.4833454457,0.5159227139006022,3553.9,376524.66261726816,48203.68985272456,104251.34066941816,122.30279168920806
5,Shahab_3,68.0,-7.449,-4.915,-7.449,-4.915,0.99239,0.95436,65.41,15.77,8.925,213.418,33872.625,228.181,0.517145,28258.028203872305,61076.24473766965,9226.013062891672,851.1019047958112,1829.5270490954679,-31.14987008799294,7.781699909468248,16.675867409072023,-9.930954033346294,-0.8844327722570864,65.0519987064563,5.930200039134733,1053039.2770048105,0.5171445841846465,3390.3,384730.40158908814,48203.68985272456,104251.34066941816,122.30279168920806
5,Shahab_3,69.0,-7.449,-4.915,-7.449,-4.915,0.99239,0.95436,65.41,15.77,8.925,213.418,34018.187,228.416,0.518833,29112.921787260533,62913.86990246088,9189.90689736911,858.5733037967682,1845.4836983436708,-41.0761222884352,7.119334405067397,15.238450648189275,-9.792782362533371,-1.1561065149744936,65.05076559947587,5.982486720907944,1075190.0413026747,0.5188333019739068,3226.69,392823.23594951397,48203.68985272456,104251.34066941816,122.30279168920806
5,Shahab_3,70.0,-7.449,-4.915,-7.449,-4.915,0.99239,0.95436,65.41,15.77,8.925,213.418,34204.79,228.715,0.520996,29974.944407049647,64766.71462288802,9143.846199626127,865.3502670724536,1859.9478071187066,-51.048738349728225,-36.60321546426526,-78.27450586076168,-7.474312651862446,-1.4255023294590488,65.04955425477523,6.030073010963855,1096917.0123409785,0.5209964073460154,3063.09,400761.2364357417,48203.68985272456,104251.34066941816,122.30279168920806
5,Shahab_3,71.0,-7.449,-4.915,-7.449,-4.915,0.99239,0.95436,65.41,15.77,8.925,213.418,34425.656,229.067,0.523554,30813.467073361342,66569.33275823273,9089.65168266013,812.7413067753106,1747.524273164872,-57.30444881634553,-49.54886266491033,-105.92464765697152,-6.178040401122674,-1.7030967309135818,65.05773043610716,5.665962072755759,973201.7263604066,0.5235541928539561,3063.09,355561.56278881384,48203.68985272456,104251.34066941816,122.30279168920806
5,Shahab_3,72.0,-7.449,-4.915,-7.449,-4.915,0.99239,0.95436,65.41,15.77,8.925,213.418,34673.328,229.46,0.526419,31602.340577165225,68265.85138356114,9029.291588996017,765.8806937058491,1647.3832953355338,-63.38708989804045,-44.30890870451014,-94.68526638236457,-5.910507745613941,-1.9983016942856966,65.06593458147434,5.341810653095988,869766.3875904498,0.5264192207166424,3063.09,317771.21603493195,48203.68985272456,104251.34066941816,122.30279168920806
5,Shahab_3,73.0,-7.449,-4.915,-7.449,-4.915,0.99239,0.95436,65.41,15.77,8.925,213.418,34947.689,229.891,0.529589,32346.83803953567,69867.53638263875,8962.928593068313,723.8539417048843,1557.5669209114485,-69.31575592351096,-39.8673156378608,-85.20578647838158,-5.944669348687943,-2.3110508513985315,65.07411575508598,5.051273850696174,782410.6249094866,0.5295890644708598,3063.09,285855.58060587046,48203.68985272456,104251.34066941816,122.30279168920806
5,Shahab_3,74.0,-7.449,-4.915,-7.449,-4.915,0.99239,0.95436,65.41,15.77,8.925,213.418,35248.752,230.36,0.533063,33051.413429641594,71383.90330305947,8890.703642692333,685.9278266551041,1476.5140966222732,-75.11520071000841,-36.09734855221218,-77.10590761363498,-5.740599982896407,-2.641625450593578,65.08235387742208,4.78929013594486,707969.4522983058,0.5330627329585698,3063.09,258658.32134036315,48203.68985272456,104251.34066941816,122.30279168920806
5,Shahab_3,75.0,-7.449,-4.915,-7.449,-4.915,0.99239,0.95436,65.41,15.77,8.925,213.418,35576.641,230.867,0.53684,33719.86308203236,72823.06270435988,8812.741555732968,651.5132270335546,1402.9629323016572,-80.79371826780414,-32.83104700441923,-70.15545572683394,-5.569995897378277,-2.989887748246545,65.09060910295203,4.551772188160138,644021.1581762715,0.5368404073482952,3063.09,235294.66015909554,48203.68985272456,104251.34066941816,122.30279168920806
5,Shahab_3,76.0,-7.449,-4.915,-7.449,-4.915,0.99239,0.95436,65.41,15.77,8.925,213.418,35931.58,231.411,0.540923,34355.449356198755,74191.9841019655,8729.153761432253,620.1279310603894,1335.882978642055,-86.36770817145586,-30.011833283304007,-64.13534759626313,-5.4628968682754655,-3.3560849976751004,65.09888149236684,4.335383290919131,588687.2133561358,0.5409233155429223,3063.09,215078.2719606314,48203.68985272456,104251.34066941816,122.30279168920806
5,Shahab_3,77.0,-7.449,-4.915,-7.449,-4.915,0.99239,0.95436,65.41,15.77,8.925,213.418,36313.88,231.99,0.545314,34960.99635817195,75496.70068491957,8640.040927318969,591.3744234093613,1274.4245078783435,-91.84596292688381,-27.569249800455765,-58.88483584493496,-5.416826678097975,-3.7402844354618496,65.10716644509664,4.137372535943967,540492.2819091073,0.5453136133688237,3063.09,197470.1392583893,48203.68985272456,104251.34066941816,122.30279168920806
5,Shahab_3,78.0,-7.449,-4.915,-7.449,-4.915,0.99239,0.95436,65.41,15.77,8.925,213.418,36723.936,232.604,0.550014,35538.96514027127,76742.47001243438,8545.495138743358,564.9219814552264,1217.8805276545297,-97.23382360533667,-25.410198475070626,-54.29114128709095,-5.394457116050084,-4.142479731658627,65.11545856523796,3.95545168344994,498264.60978138295,0.5500142877486779,3063.09,182042.15892504266,48203.68985272456,104251.34066941816,122.30279168920806
5,Shahab_3,79.0,-7.449,-4.915,-7.449,-4.915,0.99239,0.95436,65.41,15.77,8.925,213.418,37162.218,233.254,0.555029,36091.51346962901,77933.90156258366,8445.601508422693,540.4912108809897,1165.6584379562962,-102.54030117258137,-23.49249610106481,-50.23618056812435,-5.233598508942959,-4.562875672054183,65.12384062349838,3.7877018730029617,461064.01103955426,0.5550290879049904,3063.09,168450.83179619437,48203.68985272456,104251.34066941816,122.30279168920806
5,Shahab_3,80.0,-7.449,-4.915,-7.449,-4.915,0.99239,0.95436,65.41,15.77,8.925,213.418,37629.267,233.937,0.560362,36620.54371418657,79075.05911570127,8340.439883933373,517.8499963376523,1117.255621900262,-107.76987391271606,-21.82037333815616,-46.642623085643905,-5.233428949650009,-5.001541884559845,65.13219205657063,3.6325019107754524,428128.9855162973,0.5603624512566252,3063.09,156417.94197659494,48203.68985272456,104251.34066941816,122.30279168920806
5,Shahab_3,81.0,-7.449,-4.915,-7.449,-4.915,0.99239,0.95436,65.41,15.77,8.925,213.418,38125.692,234.654,0.566019,37127.74157391237,80169.54359075904,8230.08520529345,496.79557674776555,1072.2466009194413,-112.92781131893565,-20.323848822270897,-43.434720036554154,-5.103555102594946,-5.458627020010487,65.14066678875724,3.4884729201160725,398837.5188374888,0.5660194972236693,3063.09,145716.2350369212,48203.68985272456,104251.34066941816,122.30279168920806
5,Shahab_3,82.0,-7.449,-4.915,-7.449,-4.915,0.99239,0.95436,65.41,15.77,8.925,213.418,38652.169,235.405,0.572006,37614.606718391195,81220.55847495762,8114.608885418088,477.15995406253126,1030.2650593574178,-118.01289348704016,-18.976571138173444,-40.57799226333597,-5.057731568024061,-5.933998474211352,65.14912122674022,3.3544350243126813,372677.55004556075,0.5720059697433191,3063.09,136158.6282898079,48203.68985272456,104251.34066941816,122.30279168920806
5,Shahab_3,83.0,-7.449,-4.915,-7.449,-4.915,0.99239,0.95436,65.41,15.77,8.925,213.418,39209.437,236.188,0.578328,38082.483338555925,82230.97490608381,7994.080223710452,458.79378702011735,990.9959559250724,-123.03376912284777,-17.77961241570956,-38.00804782199309,-5.0147564479964535,-6.428038958490857,65.15764122402858,3.229371062873155,349224.05668094964,0.5783281760302315,3063.09,127589.83876991556,48203.68985272456,104251.34066941816,122.30279168920806
5,Shahab_3,84.0,-7.449,-4.915,-7.449,-4.915,0.99239,0.95436,65.41,15.77,8.925,213.418,39798.312,237.004,0.584993,38532.56794034142,83203.34870692746,7868.56308811982,441.5704329697435,954.1680639065514,-127.98654503503545,-16.69134469092982,-35.69121041776856,-4.926120798863205,-6.940512400860445,65.16621768579539,3.1124049493614843,328123.1683280855,0.5849931751005766,3063.09,119880.57908021566,48203.68985272456,104251.34066941816,122.30279168920806
5,Shahab_3,85.0,-7.449,-4.915,-7.449,-4.915,0.99239,0.95436,65.41,15.77,8.925,213.418,40419.637,237.852,0.592008,38965.96327632923,84140.03526365358,7738.126774360746,425.37755509008525,919.5410401900521,-132.87600962990527,-15.710398688830937,-33.59654746804895,-4.857741474476242,-7.471670925418083,65.17484822206008,3.0027634725350625,309075.0042828665,0.5920082146651963,3063.09,112921.28709302942,48203.68985272456,104251.34066941816,122.30279168920806
5,Shahab_3,86.0,-7.449,-4.915,-7.449,-4.915,0.99239,0.95436,65.41,15.77,8.925,213.418,41074.354,238.732,0.599381,39383.64089593516,85043.10965429926,7602.832561078461,410.1186537557155,886.9088274978274,-137.7025122129499,-14.820906455150514,-31.69672739458784,-4.795312721279257,-8.021521099530087,65.18353949953593,2.89978286449989,291828.8100190794,0.599381457343658,3063.09,106620.34904648027,48203.68985272456,104251.34066941816,122.30279168920806
5,Shahab_3,87.0,-7.449,-4.915,-7.449,-4.915,0.99239,0.95436,65.41,15.77,8.925,213.418,41763.455,239.642,0.607122,39786.48601160516,85914.46253626607,7462.742723923735,395.7088293092159,856.0900803321235,-142.46674990726066,-14.011580095545701,-29.96813244876832,-4.733585851027343,-8.590094822674448,65.1922969568671,2.8028796358064403,276171.2236943578,0.6071215174185204,3063.09,100899.81268456976,48203.68985272456,104251.34066941816,122.30279168920806
5,Shahab_3,88.0,-7.449,-4.915,-7.449,-4.915,0.99239,0.95436,65.41,15.77,8.925,213.418,42487.995,240.584,0.615238,40175.314461130656,86755.8363598212,7317.91969975452,382.0722039895127,826.9226779579424,-147.16895713446021,-13.272942307197129,-28.390687296665543,-4.671245701709907,-9.177422873159411,65.20112571765095,2.7115325172655798,261918.6031103405,0.6152375151162679,3063.09,95692.58389384269,48203.68985272456,104251.34066941816,122.30279168920806
5,Shahab_3,89.0,-7.449,-4.915,-7.449,-4.915,0.99239,0.95436,65.41,15.77,8.925,213.418,43249.092,241.555,0.623739,40550.864708685665,87568.80826489892,7168.425404855126,369.1421389433986,799.2642745947093,-151.80932120691168,-12.597180572646858,-26.947481984411734,-4.609366164991235,-9.783523963368788,65.21003169258532,2.6252842277782764,248914.129121562,0.6237391266372484,3063.09,90941.3684269435,48203.68985272456,104251.34066941816,122.30279168920806
5,Shahab_3,90.0,-7.449,-4.915,-7.449,-4.915,0.99239,0.95436,65.41,15.77,8.925,213.418,44047.929,242.557,0.632637,40913.81261213674,88354.82166631814,7014.321725744937,356.8594074537378,772.9883500616703,-156.3876945826416,-11.977355762434982,-25.62375602540727,-4.547302435768166,-10.408395627066623,65.21902082665622,2.543728568446672,237022.5853226966,0.632636570377996,3063.09,86596.76464894897,48203.68985272456,104251.34066941816,122.30279168920806
5,Shahab_3,91.0,-7.449,-4.915,-7.449,-4.915,0.99239,0.95436,65.41,15.77,8.925,213.418,44885.755,243.588,0.641941,41264.77906793587,89115.20256896882,6855.670819606848,345.17107693539293,747.9818318718588,-160.90370863498157,-11.407474434140537,-24.406724008663996,-4.484717007684697,-11.052020995019282,65.22809948651532,2.466502727384115,226126.75388064794,0.641940602869984,3063.09,82615.94674605964,48203.68985272456,104251.34066941816,122.30279168920806
5,Shahab_3,92.0,-7.449,-4.915,-7.449,-4.915,0.99239,0.95436,65.41,15.77,8.925,213.418,45763.885,244.649,0.651663,41604.33434237402,89851.16882589101,6692.535313103434,334.029858603633,724.1437090015436,-165.35680279832255,-10.882350214764003,-23.285292036203437,-4.421480947321922,-11.714362593555604,65.23727442930354,2.3932827399366317,216124.8294242529,0.6516625199839753,3063.09,78961.71988405912,48203.68985272456,104251.34066941816,122.30279168920806
5,Shahab_3,93.0,-7.449,-4.915,-7.449,-4.915,0.99239,0.95436,65.41,15.77,8.925,213.418,46683.702,245.738,0.661814,41933.00420480769,90563.84324469912,6524.978480221502,323.39328838533174,701.3832804257038,-169.74624147144678,-10.397447705237125,-22.249765462232464,-4.357457298270648,-12.395363420701685,65.24655288228476,2.3237777922227516,206927.94780392214,0.661814158925981,3063.09,75601.61733477787,48203.68985272456,104251.34066941816,122.30279168920806
5,Shahab_3,94.0,-7.449,-4.915,-7.449,-4.915,0.99239,0.95436,65.41,15.77,8.925,213.418,47646.656,246.855,0.672408,42251.273885768605,91254.2620463471,6353.064414227531,313.2231820395431,679.6189910414789,-174.0711284328799,-9.948788991715743,-21.291644224761487,-4.292489860926488,-13.094943176752864,65.25594252402746,2.257726408508575,198458.33144606053,0.6724079000489485,3063.09,72507.22287692448,48203.68985272456,104251.34066941816,122.30279168920806
5,Shahab_3,95.0,-7.449,-4.915,-7.449,-4.915,0.99239,0.95436,65.41,15.77,8.925,213.418,48654.27,248.0,0.683457,42559.59232590976,91923.38395016787,6176.858129623834,303.4850905472274,658.7772748170015,-178.33048446375898,-9.532822725680267,-20.403378098783193,-4.226070136713198,-13.813001942816758,65.2654517659993,2.1948927133813925,190647.66202582873,0.6834566723922259,3063.09,69653.57624821315,48203.68985272456,104251.34066941816,122.30279168920806
5,Shahab_3,96.0,-7.449,-4.915,-7.449,-4.915,0.99239,0.95436,65.41,15.77,8.925,213.418,49708.134,249.173,0.694974,42858.375663843326,92572.09761320092,5996.425839109289,294.1478529138833,638.7915665741964,-182.52295107643283,-9.146550320144737,-19.57849109543823,-4.15873146760336,-14.549396265361812,65.27508871438336,2.1350630030570112,183435.68132058546,0.6949739475342126,3063.09,67018.66196384472,48203.68985272456,104251.34066941816,122.30279168920806
5,Shahab_3,97.0,-7.449,-4.915,-7.449,-4.915,0.99239,0.95436,65.41,15.77,8.925,213.418,50809.914,250.373,0.706974,43148.01038568683,93201.22836807468,5811.835016276248,285.18321434208383,619.6015426511141,-186.64734013900207,-8.787193397614683,-18.811074841702528,-4.09002862880663,-15.303976588478553,65.28486306221109,2.078043589006659,176769.15859291062,0.7069737456841072,3063.09,64583.03204744094,48203.68985272456,104251.34066941816,122.30279168920806
5,Shahab_3,98.0,-7.449,-4.915,-7.449,-4.915,0.99239,0.95436,65.41,15.77,8.925,213.418,51961.347,251.599,0.719471,43428.85606178965,93811.54408543289,5623.154382201093,276.5655109057621,601.1524155066292,-190.70233449174128,-8.452320035803174,-18.09593428752335,-4.019835970930418,-16.076563476754846,65.29478512916505,2.0236582999108115,170600.91162395023,0.7194706463112749,3063.09,62329.44836325138,48203.68985272456,104251.34066941816,122.30279168920806
5,Shahab_3,99.0,-7.449,-4.915,-7.449,-4.915,0.99239,0.95436,65.41,15.77,8.925,213.418,53164.247,252.852,0.73248,43701.24774322669,94403.76028170585,5430.454157305183,268.2713560882342,583.394236340493,-194.6862231883352,-8.13970310136914,-17.42834807089571,-3.947705613407982,-16.866925770312278,65.30486491176282,1.9717459801878863,164888.91931359778,0.7324797806014053,3063.09,60242.55840252141,48203.68985272456,104251.34066941816,122.30279168920806
5,Shahab_3,100.0,-7.449,-4.915,-7.449,-4.915,0.99239,0.95436,65.41,15.77,8.925,213.418,54420.503,254.13,0.746017,43965.49814843242,94978.54477841078,5233.80632003827,260.2794316667218,566.281488359912,-198.5972965446699,-7.8475212707530115,-16.804350205574732,-3.874244156704845,-17.67480626935386,65.31511346446794,1.9221593928115916,159595.74886740962,0.7460168211267464,3063.09,58308.68600487089,48203.68985272456,104251.34066941816,122.30279168920806
5,Shahab_3,101.0,-7.449,-4.915,-7.449,-4.915,0.99239,0.95436,65.41,15.77,8.925,213.418,55732.08,255.434,0.760098,44221.8995996838,95536.52186245885,5033.284470194305,252.57023413163748,549.7725509077737,-202.43396384627988,-7.573964652567953,-16.220115914886662,-3.7988957956597997,-18.499932736219797,65.32554330094038,1.8747635782761995,154687.95782093224,0.760097996816352,3063.09,56515.61288646152,48203.68985272456,104251.34066941816,122.30279168920806
5,Shahab_3,102.0,-7.449,-4.915,-7.449,-4.915,0.99239,0.95436,65.41,15.77,8.925,213.418,57101.022,256.762,0.77474,44470.72576923955,96078.2760176366,4828.963929981509,245.1259231477863,533.8293449850454,-206.19437226134394,-7.317490563603651,-15.672338729058142,-3.721683899781974,-19.3419834048478,65.33616724824422,1.829434349151405,150135.5678642081,0.7747400910385268,3063.09,54852.38640052996,48203.68985272456,104251.34066941816,122.30279168920806
5,Shahab_3,103.0,-7.449,-4.915,-7.449,-4.915,0.99239,0.95436,65.41,15.77,8.925,213.418,58529.453,258.114,0.78996,44712.233237235385,96604.35524869956,4620.921907905315,237.93013067140103,518.416940010833,-209.87660675948726,-7.07669051507367,-15.158008597510166,-3.6425171083826378,-20.200602948043553,65.3469990817755,1.7860571431556764,145911.6407492217,0.7899604332257996,3063.09,53309.16459416582,48203.68985272456,104251.34066941816,122.30279168920806
5,Shahab_3,104.0,-7.449,-4.915,-7.449,-4.915,0.99239,0.95436,65.41,15.77,8.925,213.418,60019.575,259.49,0.805777,44946.66289894108,97115.27409017996,4409.2375632105395,230.96782963397936,503.5032721573823,-213.47868302725794,-6.850295808648536,-14.674412802491892,-3.56133446773007,-21.07539980035591,65.358053530301,1.7445260653621504,141991.92216986464,0.805776895337414,3063.09,51877.08609901073,48203.68985272456,104251.34066941816,122.30279168920806
5,Shahab_3,105.0,-7.449,-4.915,-7.449,-4.915,0.99239,0.95436,65.41,15.77,8.925,213.418,61573.67,260.889,0.822208,45174.24123644127,97611.51632503963,4193.992077848417,224.22520099266623,489.058859980309,-216.99854250787365,-6.637153519274176,-14.219087063341195,-3.478061273251324,-21.965944991124253,65.36934634289045,1.7047429280336226,138354.5146667539,0.8222078856914847,3063.09,50548.1506262567,48203.68985272456,104251.34066941816,122.30279168920806
5,Shahab_3,106.0,-7.449,-4.915,-7.449,-4.915,0.99239,0.95436,65.41,15.77,8.925,213.418,63194.103,262.311,0.839272,45395.1814715987,98093.53744948884,3975.268724489216,217.68952459661352,475.05657131725445,-220.43406260338423,-6.436217771653491,-13.789795247905557,-3.3926380675578183,-22.871771847944675,65.38089436147676,1.6666164688465066,134979.604480788,0.8392723407250111,3063.09,49315.11917194387,48203.68985272456,104251.34066941816,122.30279168920806
5,Shahab_3,107.0,-7.449,-4.915,-7.449,-4.915,0.99239,0.95436,65.41,15.77,8.925,213.418,64883.318,263.755,0.85699,45609.68461332958,98561.7669119172,3753.152928920988,211.34907867595322,461.47140846166707,-223.78306145206855,-6.246535133649846,-13.384499031732146,-3.305007731189045,-23.792375783283855,65.39271560044962,1.6300616264956898,131849.21840829364,0.8569897145781072,3063.09,48171.42518341077,48203.68985272456,104251.34066941816,122.30279168920806
5,Shahab_3,108.0,-7.449,-4.915,-7.449,-4.915,0.99239,0.95436,65.41,15.77,8.925,213.418,66643.838,265.22,0.87538,45817.940411558775,99016.61015243581,3527.7323251580874,205.1930525054085,448.28032154848097,-227.04330550551472,-6.067235070425218,-13.001337199599318,-3.215120985680302,-24.72721441269705,65.4048293314886,1.5949989117838512,128947.01349166951,0.8753799664112433,3063.09,47111.097722271326,48203.68985272456,104251.34066941816,122.30279168920806
5,Shahab_3,109.0,-7.449,-4.915,-7.449,-4.915,0.99239,0.95436,65.41,15.77,8.925,213.418,68478.269,266.706,0.894464,46020.12822829459,99458.45046529862,3299.0968037994608,199.21146817626692,435.4620413706341,-230.2125163304783,-5.89751836834697,-12.638600910602845,-3.1229247856490443,-25.67570790592616,65.41725617501419,1.5613538435141483,126258.09170594976,0.8944635451925153,3063.09,46128.6937597106,48203.68985272456,104251.34066941816,122.30279168920806
5,Shahab_3,110.0,-7.449,-4.915,-7.449,-4.915,0.99239,0.95436,65.41,15.77,8.925,213.418,70389.294,268.212,0.914261,46216.417835112865,99887.65070404531,3067.3385531353674,193.39511105765612,422.99693073198995,-233.2883775888256,-5.736657709259334,-12.294735128448082,-3.0284066737739437,-26.637239591948397,65.4300181970813,1.5290564471542185,123768.83695912377,0.9142613717666244,3063.09,45219.23862416438,48203.68985272456,104251.34066941816,122.30279168920806
5,Shahab_3,111.0,-7.449,-4.915,-7.449,-4.915,0.99239,0.95436,65.41,15.77,8.925,213.418,72379.677,269.738,0.934795,46406.97014478594,100304.55484587883,2832.5520921886387,187.7354680720638,410.8668525669696,-236.26854574856242,-5.583978923875272,-11.968298221715063,-2.9315342749278512,-27.611157139273303,65.44313901669544,1.498040815362485,121466.77229742528,0.9347948180460294,3063.09,44378.1738309323,48203.68985272456,104251.34066941816,122.30279168920806
5,Shahab_3,112.0,-7.449,-4.915,-7.449,-4.915,0.99239,0.95436,65.41,15.77,8.925,213.418,74452.257,271.284,0.956086,46591.9378846621,100709.489431551,2594.8342947265064,182.22467230924389,399.05505150126805,-239.15065621434817,-5.438861131456517,-11.657962547363773,-2.8322896919343417,-28.59677356309196,65.45664391690384,1.4682447097471176,119340.43234831815,0.9560856831870493,3063.09,43601.31047891968,48203.68985272456,104251.34066941816,122.30279168920806
5,Shahab_3,113.0,-7.449,-4.915,-7.449,-4.915,0.99239,0.95436,65.41,15.77,8.925,213.418,76609.949,272.847,0.978156,46771.4662174373,101102.76489275532,2354.284405446308,176.85545324545018,387.5460474092796,-241.9323333294439,-5.3007308822759445,-11.362501902367429,-2.7306672014527416,-29.593368868830087,65.47055996615387,1.439609210112646,117379.25062524335,0.9781561664272176,3063.09,42884.788077159064,48203.68985272456,104251.34066941816,122.30279168920806
5,Shahab_3,114.0,-7.449,-4.915,-7.449,-4.915,0.99239,0.95436,65.41,15.77,8.925,213.418,78855.74,274.428,1.001029,46945.69331500457,101484.67677918095,2111.00404592272,171.6210924463353,376.3255406841129,-244.61120066115063,-5.169056864480763,-11.080780209688895,-2.626671139191723,-30.60019190604845,65.48491614786127,1.4120784058003062,115573.45971038062,1.0010288365834221,3063.09,42225.03807634509,48203.68985272456,104251.34066941816,122.30279168920806
5,Shahab_3,115.0,-7.449,-4.915,-7.449,-4.915,0.99239,0.95436,65.41,15.77,8.925,213.418,81192.688,276.027,1.024727,47114.75089008101,101855.50689526177,1865.097210182289,166.5153834034913,365.3803263230801,-247.18489154834285,-5.043345819582362,-10.811742806724531,-2.5203169870814532,-31.616462505168364,65.49974350027303,1.3855991205069393,113914.00197023123,1.0247265980346563,3063.09,41618.751248560526,48203.68985272456,104251.34066941816,122.30279168920806
5,Shahab_3,116.0,-7.449,-4.915,-7.449,-4.915,0.99239,0.95436,65.41,15.77,8.925,213.418,83623.918,277.642,1.049273,47278.76468976014,102215.52435546707,1616.6702492615805,161.53259541745342,354.69821664447176,-249.6510605416925,-4.923138865186541,-10.554408600372117,-2.4116319413377596,-32.6413738869325,65.5150752662394,1.3601206708128415,112392.4500634924,1.0492726530750445,3063.09,41062.84864463933,48203.68985272456,104251.34066941816,122.30279168920806
5,Shahab_3,117.0,-7.449,-4.915,-7.449,-4.915,0.99239,0.95436,65.41,15.77,8.925,213.418,86152.619,279.272,1.07469,47437.8549546623,102564.98656596694,1365.8318440458868,156.66744085085526,344.26797119219856,-252.00739545983456,-4.808008328498432,-10.307863316413444,-2.300655730236867,-33.6740953220511,65.53094705440725,1.3355946538138859,111000.9358552743,1.0746904605533476,3063.09,40554.455622806934,48203.68985272456,104251.34066941816,122.30279168920806
5,Shahab_3,118.0,-7.449,-4.915,-7.449,-4.915,0.99239,0.95436,65.41,15.77,8.925,213.418,88782.039,280.917,1.101004,47592.13684692274,102904.14013958114,1112.6929657088483,151.91504540210053,334.07923307992206,-254.2516301853535,-4.6975549314358895,-10.071253498430272,-2.1874412033060957,-34.71377502019456,65.54739701245686,1.3119747618200728,109732.08688872683,1.101003690743598,3063.09,40090.87863843822,48203.68985272456,104251.34066941816,122.30279168920806
5,Shahab_3,119.0,-7.449,-4.915,-7.449,-4.915,0.99239,0.95436,65.41,15.77,8.925,213.418,91515.48,282.577,1.128236,47741.72085064829,103233.22175175288,857.3668224660181,147.2709220869488,324.1224732199878,-256.3815612246917,-4.591402566127585,-9.843775277774462,-2.072045118186187,-35.75954335173965,65.56446600724449,1.2892166328842605,108578.9714970352,1.12823617649333,3063.09,39669.58519059463,48203.68985272456,104251.34066941816,122.30279168920806
5,Shahab_3,120.0,-7.449,-4.915,-7.449,-4.915,0.99239,0.95436,65.41,15.77,8.925,213.418,94356.293,284.25,1.156412,47886.7131537986,103552.45895673888,599.9687976024492,142.7309415092713,314.388926724799,-258.3950484639172,-4.489205555908712,-9.624690175050953,-1.9545627959861704,-36.81051556235755,65.5821978522799,1.267277661946743,107535.03952358624,1.15641186005948,3063.09,39288.18216399615,48203.68985272456,104251.34066941816,122.30279168920806
5,Shahab_3,121.0,-7.449,-4.915,-7.449,-4.915,0.99239,0.95436,65.41,15.77,8.925,213.418,97307.875,285.936,1.185555,48027.216116862735,103862.07118990296,340.6164185827529,138.29131314260044,304.8705525798349,-260.2900530530204,-4.390633923592457,-9.413293268621588,-1.8350817824786667,-37.86579696911525,65.60063949912393,1.246116945809403,106594.08707380814,1.1855547309921732,3063.09,38944.4029510222,48203.68985272456,104251.34066941816,122.30279168920806
5,Shahab_3,122.0,-7.449,-4.915,-7.449,-4.915,0.99239,0.95436,65.41,15.77,8.925,213.418,100373.647,287.634,1.215689,48163.3302726076,104162.27405236576,79.42991306029246,133.9485241971574,295.5599025418017,-262.0646897435113,-4.2953785990403635,-9.208924588963802,-1.7137121084045586,-38.924498589222395,65.61984145233421,1.2256950381452467,105750.18468781885,1.2156886891528447,3063.09,38636.0812094181,48203.68985272456,104251.34066941816,122.30279168920806
5,Shahab_3,122.3,-7.449,-4.915,-7.449,-4.915,0.99239,0.95436,65.41,15.77,8.925,213.418,101325.0,288.15,1.225012,48203.68985272456,104251.34066941816,4.476380295964644e-06,132.6522536952377,292.78081845975083,-262.5778954832414,-4.2671523177015676,-9.14834892283509,-1.676619530060402,-39.245573233532305,65.62581332900672,1.2196516079505832,105512.98875088348,1.2250122654631312,3063.09,38549.421110345625,48203.68985272456,104251.34066941816,122.30279168920806
6,Shahab_3,1.0,-0.782,3.59,-0.782,3.59,1.01144,1.04349,64.41,15.824,3.674,102.296,101218.288,288.092,1.223967,1.1585187705915385,4.087689290649386,8.872287563078824,2.3148033235323,8.16703385621773,17.805858332765578,1.2017053519893075,4.1766821474837315,19.966211872803314,64.51104639896869,74.17554333959593,0.05796592447915993,238.1272945763595,1.2239670937413005,15673.44,88.67036345216661,61726.728864913566,182118.4611028478,174.2963533801806
6,Shahab_3,2.0,-0.782,3.59,-0.782,3.59,1.01144,1.04349,64.41,15.824,3.674,102.296,100907.283,287.924,1.22092,5.1632717046644565,18.24374828520017,34.783575270373184,5.701587155125826,20.154745398625323,34.06316811662017,3.414795309394119,12.011677483046647,16.416740341611494,58.41233884554363,74.20429274443623,0.11750738798837711,976.1385926961641,1.2209200774434725,15494.56,363.48022996708653,61726.728864913566,182118.4611028478,174.2963533801806
6,Shahab_3,3.0,-0.782,3.59,-0.782,3.59,1.01144,1.04349,64.41,15.824,3.674,102.296,100401.337,287.649,1.21596,12.593510178283895,44.409512156365764,77.10736336764042,9.18839809443476,32.18788728899228,50.632643019447755,3.59557322248044,12.086589140395946,16.70150124077994,56.53096753839196,74.06800284408241,0.17836382567326547,2239.8907552015003,1.2159602474651272,15315.67,834.0577996747734,61726.728864913566,182118.4611028478,174.2963533801806
6,Shahab_3,4.0,-0.782,3.59,-0.782,3.59,1.01144,1.04349,64.41,15.824,3.674,102.296,99700.242,287.265,1.209081,23.645935852143353,82.70135247843031,136.10988777438038,12.998916152375156,44.486536139451694,67.37432975262668,4.093411151939176,12.643154429014919,16.705613668616188,55.47593055999295,73.7116962931857,0.24030578971608554,4042.759298621681,1.2090813250350096,15136.79,1505.3836520343125,61726.728864913566,182118.4611028478,174.2963533801806
6,Shahab_3,5.0,-0.782,3.59,-0.782,3.59,1.01144,1.04349,64.41,15.824,3.674,102.296,98808.469,286.774,1.200321,38.829309394896235,133.72768436415254,211.76174347882682,17.523588471693166,57.8367843687715,83.81877651114381,5.024727202355899,14.269622138895869,16.035421511713498,54.208464568364626,73.14405996265654,0.3036533445722158,6408.36986934008,1.2003213454672155,14957.91,2386.2551601285886,61726.728864913566,182118.4611028478,174.2963533801806
6,Shahab_3,6.0,-0.782,3.59,-0.782,3.59,1.01144,1.04349,64.41,15.824,3.674,102.296,97739.32,286.178,1.189804,59.05725240216322,199.12063642401625,303.36620707498275,23.12476208973163,73.40560185455072,99.1194464277754,6.1671365515733045,16.98633754648929,14.42160084323456,52.172222111541345,72.51415430056709,0.36876357713817054,9368.396771882592,1.1898037543127225,14779.02,3488.4667387868726,61726.728864913566,182118.4611028478,174.2963533801806
6,Shahab_3,7.0,-0.782,3.59,-0.782,3.59,1.01144,1.04349,64.41,15.824,3.674,102.296,96516.566,285.489,1.177754,85.41512031913133,281.48969291032523,409.3678374408971,29.71039470341908,91.76548536920764,112.57287088886548,6.874745840159328,19.549509127107502,12.595181725327734,49.409210354923374,72.05989445968287,0.43562718523641003,12941.32120915986,1.177754483489321,14600.14,4818.9001483803795,61726.728864913566,182118.4611028478,174.2963533801806
6,Shahab_3,8.0,-0.782,3.59,-0.782,3.59,1.01144,1.04349,64.41,15.824,3.674,102.296,95165.08,284.717,1.164411,118.57555020321166,383.2498647232648,528.1033053957748,36.592833616688836,111.88282566177755,124.85144520682091,6.783754166094539,20.322917832913433,12.310936130316966,46.68520821926889,71.88894764599519,0.5042448960995123,17142.852529041564,1.1644106381892214,14421.26,6383.405006390712,61726.728864913566,182118.4611028478,174.2963533801806
6,Shahab_3,9.0,-0.782,3.59,-0.782,3.59,1.01144,1.04349,64.41,15.824,3.674,102.296,93694.23,283.865,1.149857,158.51613216810983,505.213589770682,659.2570929506528,43.26692786182046,131.9565397584341,137.6016297788968,6.678510928047397,19.86597614321399,13.113859306885047,44.73738419568568,71.84631844801191,0.5744819257190894,21973.050277771923,1.1498566676226023,14242.37,8182.003485778457,61726.728864913566,182118.4611028478,174.2963533801806
6,Shahab_3,10.0,-0.782,3.59,-0.782,3.59,1.01144,1.04349,64.41,15.824,3.674,102.296,92104.548,282.928,1.134089,205.2217885650537,647.2158319114678,803.3424921743459,50.27690567883733,152.27119466902687,150.38069809837245,7.442011035709801,21.17684979860286,12.00701509070369,43.16118422776541,71.72780924197448,0.6460116208128073,27404.490923370173,1.134089097880533,14063.49,10204.48401230051,61726.728864913566,182118.4611028478,174.2963533801806
6,Shahab_3,11.0,-0.782,3.59,-0.782,3.59,1.01144,1.04349,64.41,15.824,3.674,102.296,90413.36,281.914,1.117271,259.32578357528104,810.4358548833475,959.3843364697034,57.985485758880856,174.45625881167302,161.44352770858566,7.763555065504361,22.827311339680236,10.544068022936049,41.28869901058049,71.61430945788614,0.718970678299181,33440.64688922529,1.1172706996336341,13884.6,12452.139596254186,61726.728864913566,182118.4611028478,174.2963533801806
6,Shahab_3,12.0,-0.782,3.59,-0.782,3.59,1.01144,1.04349,64.41,15.824,3.674,102.296,88639.385,280.829,1.099579,321.14115901099444,996.2567398932499,1126.2329733108168,65.61607983875312,197.0995751846498,172.41805574311925,7.635744423662029,22.447550745129977,11.364194821117598,39.69238571052976,71.58697254681879,0.7933179725341083,40069.59645178292,1.099579107560967,13705.72,14920.531000371791,61726.728864913566,182118.4611028478,174.2963533801806
6,Shahab_3,13.0,-0.782,3.59,-0.782,3.59,1.01144,1.04349,64.41,15.824,3.674,102.296,86786.153,279.673,1.081041,390.6916182176938,1204.7652597801439,1304.1408409779035,73.6048254596256,220.1964865997028,183.09083977040305,8.286334525599836,23.979179490746684,9.70520273917894,38.25922788342869,71.51682389108902,0.8688791884032037,47255.77708205451,1.0810411272006606,13526.84,17596.415969596823,61726.728864913566,182118.4611028478,174.2963533801806
6,Shahab_3,14.0,-0.782,3.59,-0.782,3.59,1.01144,1.04349,64.41,15.824,3.674,102.296,84870.982,278.452,1.061822,468.41912902815983,1437.04981500553,1492.0318153793226,81.81146020379859,244.35451866873473,192.7886011433009,8.128698162215967,23.997734859862003,10.103732449873172,36.80208054486925,71.48912358778814,0.9457021801277317,54986.28007306177,1.061821847367842,13347.95,20474.987748191772,61726.728864913566,182118.4611028478,174.2963533801806
6,Shahab_3,15.0,-0.782,3.59,-0.782,3.59,1.01144,1.04349,64.41,15.824,3.674,102.296,82901.092,277.167,1.041986,554.3782112139372,1693.504775658888,1689.7671956387428,90.20489219976665,268.76501360720613,202.43049837290846,8.637863176424373,25.112774375115237,8.802022841938195,35.528492747536276,71.44683841577228,1.0236637776140047,63222.33261784694,1.0419861363689356,13169.07,23541.808684684886,61726.728864913566,182118.4611028478,174.2963533801806
6,Shahab_3,16.0,-0.782,3.59,-0.782,3.59,1.01144,1.04349,64.41,15.824,3.674,102.296,80889.572,275.822,1.021659,648.8786699071231,1974.8837443188354,1896.5903727804975,98.77362147168009,293.9677230350037,211.3179026265353,8.580568726542607,25.134633607896593,9.14641851626579,34.2709479834779,71.42756978441918,1.102765923723267,71939.33222403239,1.0216586688969505,12990.19,26787.717662351457,61726.728864913566,182118.4611028478,174.2963533801806
6,Shahab_3,17.0,-0.782,3.59,-0.782,3.59,1.01144,1.04349,64.41,15.824,3.674,102.296,78844.064,274.42,1.00091,752.0301986443748,2281.597121709752,2112.2508081293863,107.58292610005793,319.6444626956909,219.77437130226113,8.867280876879535,26.08402871193782,8.024880457861846,33.089872364704426,71.39828046973005,1.1829302613273804,81097.46764196541,1.0009101808693137,12811.3,30197.890349598285,61726.728864913566,182118.4611028478,174.2963533801806
6,Shahab_3,18.0,-0.782,3.59,-0.782,3.59,1.01144,1.04349,64.41,15.824,3.674,102.296,76775.348,272.965,0.979844,864.0403056137171,2614.2644474880694,2336.1254446074818,116.47460912847984,345.7291626096588,227.95543341276644,9.064607837740647,26.376309546215577,7.831915957917926,31.998806607643758,71.38155899577738,1.2641329949906868,90664.32208617014,0.9798441005800259,12632.42,33760.25585738592,61726.728864913566,182118.4611028478,174.2963533801806
6,Shahab_3,19.0,-0.782,3.59,-0.782,3.59,1.01144,1.04349,64.41,15.824,3.674,102.296,74691.29,271.459,0.958535,985.0698218539477,2973.3117841951976,2567.844732941559,125.58025303601951,372.4180647518174,235.4620208773811,9.098157165782625,26.748625373391892,7.590346223877516,30.926153037795583,71.3657719049457,1.346333101553779,100602.11260744426,0.9585353875434143,12453.53,37460.74512301399,61726.728864913566,182118.4611028478,174.2963533801806
6,Shahab_3,20.0,-0.782,3.59,-0.782,3.59,1.01144,1.04349,64.41,15.824,3.674,102.296,72599.703,269.905,0.937059,1115.2507036589782,3359.1901954851032,2806.9951225778937,134.82760702060116,399.4617462104398,242.67417342622448,9.333407845164299,27.381190753406493,6.793149945710598,29.92474230670666,71.34926789957325,1.4294900689634458,110872.36301146021,0.937059388089233,12274.65,41285.030943289144,61726.728864913566,182118.4611028478,174.2963533801806
6,Shahab_3,21.0,-0.782,3.59,-0.782,3.59,1.01144,1.04349,64.41,15.824,3.674,102.296,70508.491,268.305,0.915493,1254.7447135229615,3772.361300506906,3053.0922374660217,144.18388980718115,426.91750947845463,249.50223238942962,9.46770496902824,27.659813280392367,6.594147866424469,28.973356606748,71.33850639974963,1.5135814281431503,121439.7173973757,0.9154934994635285,12095.77,45219.948004325604,61726.728864913566,182118.4611028478,174.2963533801806
6,Shahab_3,22.0,-0.782,3.59,-0.782,3.59,1.01144,1.04349,64.41,15.824,3.674,102.296,68424.002,266.662,0.8939,1403.6836256831955,4213.205084668883,3305.772018590703,153.69944268192808,454.82341150721317,255.82005054551502,9.537203828765561,28.0118976780606,6.295725950549083,28.05122823604323,71.32823694441235,1.5985780080013325,132266.7169875225,0.8939001362769334,11916.88,49251.54795368347,61726.728864913566,182118.4611028478,174.2963533801806
6,Shahab_3,23.0,-0.782,3.59,-0.782,3.59,1.01144,1.04349,64.41,15.824,3.674,102.296,66352.321,264.98,0.87234,1562.1889125835844,4682.10853355725,3564.644268934952,163.3411780451478,483.072387685351,261.80534369335754,9.698150763882353,28.48278278632246,5.70571605514087,27.176134110536438,71.31807165552482,1.6844552561444128,143317.30841850373,0.8723399900128974,11738.0,53366.40576655924,61726.728864913566,182118.4611028478,174.2963533801806
6,Shahab_3,24.0,-0.782,3.59,-0.782,3.59,1.01144,1.04349,64.41,15.824,3.674,102.296,64299.211,263.26,0.850871,1730.390282721166,5179.454086518489,3829.2965407354386,173.08714035249628,511.6703063898657,267.44687827916886,9.835191767244032,28.80395725305329,5.3789022026790745,26.341455373884873,71.310419444201,1.771196970447222,154558.01970014672,0.8508713893945907,11559.12,57552.05763220264,61726.728864913566,182118.4611028478,174.2963533801806
6,Shahab_3,25.0,-0.782,3.59,-0.782,3.59,1.01144,1.04349,64.41,15.824,3.674,102.296,62269.539,261.504,0.829544,1908.406684756385,5705.588396485449,4099.367971752783,182.9558362979325,540.6402710630075,272.6702584427831,9.917130748525926,29.094643822909834,5.135988896771433,25.535370673498118,71.3038794565397,1.8587878365856918,165956.0658356967,0.829544301904273,11380.23,61796.2955524369,61726.728864913566,182118.4611028478,174.2963533801806
6,Shahab_3,26.0,-0.782,3.59,-0.782,3.59,1.01144,1.04349,64.41,15.824,3.674,102.296,60267.64,259.716,0.808404,2096.3478788272173,6260.84801902034,4374.508809538342,192.94335324841362,569.9431148792012,277.5357497347239,10.023946145611095,29.45921472263446,4.71973736195031,24.761057507718107,71.29745183019362,1.9472155318015867,177480.398376678,0.8084039787277852,11201.35,66087.5581595664,61726.728864913566,182118.4611028478,174.2963533801806
6,Shahab_3,27.0,-0.782,3.59,-0.782,3.59,1.01144,1.04349,64.41,15.824,3.674,102.296,58297.484,257.897,0.787493,2294.324435845724,6845.567671427951,4654.359080423598,203.03354421882835,599.5572721432603,282.0880188416584,10.1510008227347,29.802877883043596,4.316963541227895,24.019438556416887,71.29188902860223,2.0364727686915787,189102.6649437147,0.7874926923181755,11022.47,70415.2880087234,61726.728864913566,182118.4611028478,174.2963533801806
6,Shahab_3,28.0,-0.782,3.59,-0.782,3.59,1.01144,1.04349,64.41,15.824,3.674,102.296,56362.5,256.049,0.766848,2502.4451917891056,7460.069035841214,4938.575333933269,213.2259716574722,629.4911990192518,286.30300498806713,10.255862016176508,30.09279457864324,4.036526947635556,23.305153925627284,71.28734675658042,2.126555915875389,200796.75202114054,0.7668477857936464,10843.58,74769.76133040356,61726.728864913566,182118.4611028478,174.2963533801806
6,Shahab_3,29.0,-0.782,3.59,-0.782,3.59,1.01144,1.04349,64.41,15.824,3.674,102.296,54465.58,254.176,0.746502,2720.814086170681,8104.662594600359,5226.834783027047,223.52506460197353,659.7422645198169,290.17660946799475,10.346185151914804,30.386299476586917,3.7587717411862793,22.615313302919873,71.28327812046334,2.217464172084725,212538.63946277637,0.7465016473635088,10664.7,79142.03385345286,61726.728864913566,182118.4611028478,174.2963533801806
6,Shahab_3,30.0,-0.782,3.59,-0.782,3.59,1.01144,1.04349,64.41,15.824,3.674,102.296,52609.211,252.278,0.726483,2949.5326680823287,8779.655269348648,5518.821320756652,233.92798450400218,690.2968683194698,293.7384514982111,10.445863695855902,30.701636785246446,3.424733656869386,21.950057388728283,71.27949462437556,2.3092001484348614,224306.8277417883,0.7264829687265812,10485.81,83524.09989812839,61726.728864913566,182118.4611028478,174.2963533801806
6,Shahab_3,31.0,-0.782,3.59,-0.782,3.59,1.01144,1.04349,64.41,15.824,3.674,102.296,50795.5,250.358,0.706817,3188.7023749907808,9485.351668604442,5814.22384646249,244.43017933063544,721.1495576077546,297.0068884788694,10.55238316874849,31.01173284294206,3.0987157764919036,21.30854198573263,71.27615747318558,2.401770172682622,236082.5045911505,0.7068170339838191,10306.93,87908.95442723985,61726.728864913566,182118.4611028478,174.2963533801806
6,Shahab_3,32.0,-0.782,3.59,-0.782,3.59,1.01144,1.04349,64.41,15.824,3.674,102.296,49026.168,248.417,0.687525,3438.4240293665584,10222.052766644725,6112.742969529129,255.03124131385658,752.3017870391859,299.98387193170913,10.65618784424021,31.308853369652017,2.8119633689269583,20.688786912748345,71.27327722863619,2.495183221829437,247849.22924745304,0.6875254630357466,10128.05,92290.4754694711,61726.728864913566,182118.4611028478,174.2963533801806
6,Shahab_3,33.0,-0.782,3.59,-0.782,3.59,1.01144,1.04349,64.41,15.824,3.674,102.296,47302.573,246.458,0.668626,3698.7977882877635,10990.057763600878,6414.090648697072,265.7321788438655,783.7550837424051,302.6733367497902,10.754258114515805,31.5997123615669,2.556574977709187,20.08917600032942,71.27077051239485,2.5894520769686253,259593.14864621536,0.6686264730514765,9949.16,96663.50462303284,61726.728864913566,182118.4611028478,174.2963533801806
6,Shahab_3,34.0,-0.782,3.59,-0.782,3.59,1.01144,1.04349,64.41,15.824,3.674,102.296,45625.749,244.483,0.650135,3969.9237147059002,11789.665820011076,6717.989208878863,276.5347446067404,815.5104468426423,305.0823439358134,10.849333456997147,31.898069608568925,2.2991827145608634,19.508485523435382,71.2685077677387,2.684591923745757,271302.70465098746,0.6501351724897586,9770.28,101023.73803791212,61726.728864913566,182118.4611028478,174.2963533801806
6,Shahab_3,35.0,-0.782,3.59,-0.782,3.59,1.01144,1.04349,64.41,15.824,3.674,102.296,43996.442,242.493,0.632064,4251.902197003838,12621.17796060093,7024.169489749148,287.4393692454325,847.5671150291072,307.2273650503747,10.95089387867514,32.209843060442054,2.016927198139263,18.946218424297424,71.26642221905867,2.780620754294645,282968.7026305221,0.632063892174691,9591.4,105367.75195163785,61726.728864913566,182118.4611028478,174.2963533801806
6,Shahab_3,36.0,-0.782,3.59,-0.782,3.59,1.01144,1.04349,64.41,15.824,3.674,102.296,42415.145,240.49,0.614422,4544.834981518285,13484.898568208833,7332.369031054172,298.44534409807244,879.9270340456937,309.1230834524533,11.059952266034554,32.523118989107765,1.7426657244905863,18.401786097697524,71.26457655790769,2.877559569125585,294584.3376689551,0.6144224907502746,9412.51,109693.01244904507,61726.728864913566,182118.4611028478,174.2963533801806
6,Shahab_3,37.0,-0.782,3.59,-0.782,3.59,1.01144,1.04349,64.41,15.824,3.674,102.296,40882.109,238.475,0.597218,4848.825550503644,14381.135636397574,7642.334217606741,309.5539712963668,912.5971075936442,310.77182553884876,11.167553004782324,32.83020803671429,1.5112473881871968,17.873903157468572,71.26300563121012,2.9754320159350303,306144.99288305524,0.597218420759967,9233.63,113997.8003625983,61726.728864913566,182118.4611028478,174.2963533801806
6,Shahab_3,38.0,-0.782,3.59,-0.782,3.59,1.01144,1.04349,64.41,15.824,3.674,102.296,39397.358,236.45,0.580457,5163.978902468455,15310.201514277534,7953.821776977547,320.76877496718623,945.584819594055,312.17449629325847,11.269715636020965,33.14006657105627,1.3064997246891423,17.361340838819174,71.26162895211463,3.0742643350624275,317648.094145998,0.5804568461893949,9054.74,118281.15717655286,61726.728864913566,182118.4611028478,174.2963533801806
6,Shahab_3,39.0,-0.782,3.59,-0.782,3.59,1.01144,1.04349,64.41,15.824,3.674,102.296,37960.723,234.417,0.564141,5490.401766565255,16272.41454526501,8266.597346481718,332.09317799922417,978.8957835600042,313.3400321113727,11.3732603180378,33.46559816917255,1.0860251945066275,16.863449484985082,71.26034851083215,3.1740849437828924,329092.96137427085,0.5641409183317088,8875.86,122542.8296513448,61726.728864913566,182118.4611028478,174.2963533801806
6,Shahab_3,40.0,-0.782,3.59,-0.782,3.59,1.01144,1.04349,64.41,15.824,3.674,102.296,36571.871,232.377,0.548272,5828.203346465781,17268.100657895735,8580.432865220626,343.528756788804,1012.5350526335154,314.28481713808935,11.485974613810736,33.80626844343055,0.8438190121717107,16.3800344028602,71.25916303688847,3.274924777372932,340480.85546186497,0.5482720879435106,8696.98,126783.28730025976,61726.728864913566,182118.4611028478,174.2963533801806
6,Shahab_3,41.0,-0.782,3.59,-0.782,3.59,1.01144,1.04349,64.41,15.824,3.674,102.296,35230.324,230.332,0.53285,6177.496032065766,18297.594025476847,8895.106706343418,355.07758006924416,1046.5114791238336,315.0167399068873,11.605012154916492,34.15462693215586,0.6081342531831505,15.910458465288965,71.25811038346683,3.376817328644472,351814.88843538583,0.5328502529387702,8518.09,131003.6889343054,61726.728864913566,182118.4611028478,174.2963533801806
6,Shahab_3,42.0,-0.782,3.59,-0.782,3.59,1.01144,1.04349,64.41,15.824,3.674,102.296,33935.471,228.282,0.517874,6538.395292672612,19361.237572633963,9210.405242676352,366.74277242787264,1080.8350858261708,315.54128565977896,11.728015452270734,34.50891168177046,0.39094371293715846,15.454022763053091,71.25719214075102,3.4797980023099675,363099.74116726656,0.5178738332882824,8339.21,135205.7775483814,61726.728864913566,182118.4611028478,174.2963533801806
6,Shahab_3,43.0,-0.782,3.59,-0.782,3.59,1.01144,1.04349,64.41,15.824,3.674,102.296,32686.586,226.23,0.50334,6911.020028421414,20459.384052263933,9526.121986739123,378.52816035447444,1115.5172906226699,315.86164532359356,11.851360241116463,34.86887533937595,0.2016287301628595,15.009981117674906,71.25639896370014,3.5839047695050423,374341.72468882723,0.503339962018636,8160.33,139391.9031521408,61726.728864913566,182118.4611028478,174.2963533801806
6,Shahab_3,44.0,-0.782,3.59,-0.782,3.59,1.01144,1.04349,64.41,15.824,3.674,102.296,31482.841,224.177,0.489245,7295.492674364701,21592.396777855174,9842.058115278358,390.4381498722076,1150.5690367939615,315.9842979739248,11.977301611504108,35.240463402496765,0.021315249255421626,14.577816476718981,71.25568935765895,3.689177409058961,385548.5055636254,0.489244599559379,7981.44,143564.92050852996,61726.728864913566,182118.4611028478,174.2963533801806
6,Shahab_3,45.0,-0.782,3.59,-0.782,3.59,1.01144,1.04349,64.41,15.824,3.674,102.296,30323.331,222.123,0.475583,7691.93973834707,22760.6508506236,10158.020682632448,402.4768143701004,1186.0022200431563,315.91629729807863,12.106517596053399,35.62507457730428,-0.1528354755518935,14.157082473410723,71.25505499298961,3.7956581802146867,396729.2117654022,0.47558274257659144,7802.56,147728.22855907152,61726.728864913566,182118.4611028478,174.2963533801806
6,Shahab_3,46.0,-0.782,3.59,-0.782,3.59,1.01144,1.04349,64.41,15.824,3.674,102.296,29207.082,220.07,0.462349,8100.491997641494,23964.533801621412,10473.82300559274,414.64874925075003,1221.8297284042085,315.66296817517855,12.239003959888285,36.024007232906186,-0.3227647960967319,13.747295610586685,71.25448059689897,3.9033910491202777,407894.1706730679,0.4623485206725587,7623.67,151885.67286226442,61726.728864913566,182118.4611028478,174.2963533801806
6,Shahab_3,47.0,-0.782,3.59,-0.782,3.59,1.01144,1.04349,64.41,15.824,3.674,102.296,28133.062,218.02,0.449535,8521.284752938584,25204.446390061345,10789.284433043653,426.95882423472966,1258.0650444073801,315.23070026814224,12.376223491031693,36.4392389186338,-0.4950635925881371,13.348059812566262,71.25394957620732,4.01242246423669,419054.9957656539,0.4495353133379683,7444.79,156041.57787578364,61726.728864913566,182118.4611028478,174.2963533801806
6,Shahab_3,48.0,-0.782,3.59,-0.782,3.59,1.01144,1.04349,64.41,15.824,3.674,102.296,27100.197,216.65,0.435769,8954.458516073662,26480.80468425253,11104.229966926785,439.41503251872575,1294.732438952488,314.62928643318816,12.541582353293458,36.93290346073375,-0.6508145865767531,12.959052469751636,71.25346847399545,4.1228330534321005,428885.74523431243,0.43576887870542286,7265.91,159702.20875786684,61726.728864913566,182118.4611028478,174.2963533801806
6,Shahab_3,49.0,-0.782,3.59,-0.782,3.59,1.01144,1.04349,64.41,15.824,3.674,102.296,26107.325,216.65,0.419804,9400.18320847014,27794.11059288362,11418.507242090114,452.0707010536261,1331.9885139121218,313.8979916494003,12.759849455490192,37.578738566528536,-0.7723486787978554,12.579927568079988,71.25302680670981,4.23512321554445,435985.5868132584,0.41980357194148793,7087.02,162345.94405237786,61726.728864913566,182118.4611028478,174.2963533801806
6,Shahab_3,50.0,-0.782,3.59,-0.782,3.59,1.01144,1.04349,64.41,15.824,3.674,102.296,25153.183,216.65,0.404461,9858.674339695417,29144.999751665277,11731.996271342017,464.9503595910692,1369.9044575498472,313.0517631692687,12.989611370042951,38.25705150288302,-0.8962609972886963,12.210344388849373,71.2526081157282,4.3495191505682405,443050.36846062174,0.40446104988774595,6908.14,164976.6242417126,61726.728864913566,182118.4611028478,174.2963533801806
6,Shahab_3,51.0,-0.782,3.59,-0.782,3.59,1.01144,1.04349,64.41,15.824,3.674,102.296,24236.505,216.65,0.389721,10330.161194375265,30534.148161017456,12044.584294663,478.06440372761824,1408.5121762334827,312.09683226536686,13.230557371191063,38.966344377768166,-1.0078983444905736,11.850047930001976,71.25222695655094,4.466121732236235,450099.74656235456,0.38972095052100697,6729.26,167601.56868373643,61726.728864913566,182118.4611028478,174.2963533801806
6,Shahab_3,52.0,-0.782,3.59,-0.782,3.59,1.01144,1.04349,64.41,15.824,3.674,102.296,23356.031,216.65,0.375563,10814.884188058431,31962.264291373933,12356.164203638313,491.42432771656013,1447.845465217522,311.0377562255265,13.481297894816581,39.7082222556149,-1.1028638782132891,11.498738917495114,71.25188003712398,4.585036924281355,457153.84443879814,0.3755629993711958,6550.37,170228.27060652187,61726.728864913566,182118.4611028478,174.2963533801806
6,Shahab_3,53.0,-0.782,3.59,-0.782,3.59,1.01144,1.04349,64.41,15.824,3.674,102.296,22510.509,216.65,0.361967,11313.09539665533,33430.09122693681,12666.634677333364,505.04226188446046,1487.939814347288,309.8801143819766,13.745074017431198,40.48565668165694,-1.1877657919846862,11.156177544761132,71.25156224095856,4.706376512019861,464233.31791987206,0.36196707472170225,6371.49,172864.4215262792,61726.728864913566,182118.4611028478,174.2963533801806
6,Shahab_3,54.0,-0.782,3.59,-0.782,3.59,1.01144,1.04349,64.41,15.824,3.674,102.296,21698.704,216.65,0.348913,11825.059470413073,34938.4087180009,12975.898939278479,518.931168530552,1528.8327104364798,308.6292614443012,14.024117939445812,41.30086784618398,-1.2652477495784085,10.822132383083016,71.25126374740893,4.8302583361550955,471359.3998350713,0.3489133224313608,6192.6,175517.92781389214,61726.728864913566,182118.4611028478,174.2963533801806
6,Shahab_3,55.0,-0.782,3.59,-0.782,3.59,1.01144,1.04349,64.41,15.824,3.674,102.296,20919.399,216.65,0.336382,12351.05419223611,36488.03521509847,13283.865748656573,533.1049829912707,1570.5637669264872,307.2920548617926,14.323126447076472,42.15827489198061,-1.3532511467491095,10.496437191213118,71.25096750300247,4.956807730163701,478554.062108885,0.3363821621545695,6013.72,178196.9710536417,61726.728864913566,182118.4611028478,174.2963533801806
6,Shahab_3,56.0,-0.782,3.59,-0.782,3.59,1.01144,1.04349,64.41,15.824,3.674,102.296,20171.397,216.65,0.324354,12891.371549805222,38079.83032489587,13590.44883772841,547.5794744186176,1613.1760735928985,305.8679260828041,14.637626254484731,43.06713655220214,-1.4765277775893753,10.178684168341627,71.25063740218272,5.086157268697375,485839.9307503914,0.3243543554318649,5834.84,180909.97638827356,61726.728864913566,182118.4611028478,174.2963533801806
6,Shahab_3,57.0,-0.782,3.59,-0.782,3.59,1.01144,1.04349,64.41,15.824,3.674,102.296,19453.529,216.65,0.312811,13446.318683964964,39714.69776353328,13895.565380408443,562.3691788688951,1656.716128732878,304.3563807056648,14.954550215244845,44.02535786106214,-1.587536647855435,9.868499831679534,71.2503152779968,5.218448120715976,493240.5759968622,0.31281109834082,5655.95,183665.72055843502,61726.728864913566,182118.4611028478,174.2963533801806
6,Shahab_3,58.0,-0.782,3.59,-0.782,3.59,1.01144,1.04349,64.41,15.824,3.674,102.296,18764.652,216.65,0.301734,14016.218284587023,41393.58818433179,14199.136969348849,577.4876121224688,1701.2317629598124,302.7706618589454,15.280046226836381,45.019794972759485,-1.6022197042194761,9.565976937651323,71.25008320261904,5.35383120564174,500780.6174791538,0.3017340064072803,5477.07,186473.37106262706,61726.728864913566,182118.4611028478,174.2963533801806
6,Shahab_3,59.0,-0.782,3.59,-0.782,3.59,1.01144,1.04349,64.41,15.824,3.674,102.296,18103.641,216.65,0.291105,14601.409622012437,43117.50180770418,14501.093295743276,592.9541028922938,1746.7713773022717,301.1307410342555,15.653693936882116,46.064976730151734,-1.6504942432816148,9.27139898992287,71.24984942300665,5.492467091404422,508485.42441839696,0.2911050094504626,5298.19,189342.37452082743,61726.728864913566,182118.4611028478,174.2963533801806
6,Shahab_3,60.0,-0.782,3.59,-0.782,3.59,1.01144,1.04349,64.41,15.824,3.674,102.296,17469.404,216.65,0.280907,15202.251504106142,44887.49226786461,14801.367774238612,608.7926157333883,1793.3947582343744,299.4071776003689,16.025874000820476,47.19227851777046,-1.7988103076871838,8.983513100514239,71.24950935383333,5.634528404023349,516381.7609249668,0.2809065374921786,5119.3,192282.69696149425,61726.728864913566,182118.4611028478,174.2963533801806
6,Shahab_3,61.0,-0.782,3.59,-0.782,3.59,1.01144,1.04349,64.41,15.824,3.674,102.296,16860.888,216.65,0.271122,15819.121313453687,46704.67177644599,15099.893647092778,625.0134617617501,1841.159464907908,297.63719618981094,16.424499203644945,48.34795539257722,-1.7496037286320056,8.703147743679148,71.24932918528026,5.780200596914914,524498.1115590335,0.2711216540324718,4940.42,195304.94504904872,61726.728864913566,182118.4611028478,174.2963533801806
6,Shahab_3,62.0,-0.782,3.59,-0.782,3.59,1.01144,1.04349,64.41,15.824,3.674,102.296,16277.052,216.65,0.261734,16452.41786867644,48570.21317089886,15396.617623817969,641.6493966416494,1890.13082582068,295.79721400600147,16.837144391454494,49.6027378923144,-1.8777033735275135,8.429290625256373,71.24900958156672,5.929683438366709,532864.0533467665,0.2617336152208437,4761.53,198420.13224444215,61726.728864913566,182118.4611028478,174.2963533801806
6,Shahab_3,63.0,-0.782,3.59,-0.782,3.59,1.01144,1.04349,64.41,15.824,3.674,102.296,15716.899,216.65,0.252726,17102.56241655096,50485.35728134297,15691.484143853884,658.7161142989294,1940.3760780031037,293.9242082894881,17.304093068642175,50.914461828658155,-1.9665463705360686,8.162713712252733,71.2487505268208,6.083192913982824,541511.5064451767,0.25272639832367466,4582.65,201640.14450946084,61726.728864913566,182118.4611028478,174.2963533801806
6,Shahab_3,64.0,-0.782,3.59,-0.782,3.59,1.01144,1.04349,64.41,15.824,3.674,102.296,15179.456,216.65,0.244084,17770.001618905015,52451.417003686794,15984.44568261156,676.2417270916388,1991.9736209442624,292.00049877282856,17.781450644105817,52.3007871906157,-1.9910985640311463,7.902608815420686,71.2485093239177,6.240963600333902,550474.45606995,0.2440843694817986,4403.77,204977.63676227463,61726.728864913566,182118.4611028478,174.2963533801806
6,Shahab_3,65.0,-0.782,3.59,-0.782,3.59,1.01144,1.04349,64.41,15.824,3.674,102.296,14663.781,216.65,0.235792,18455.208316847013,54469.78383992719,16275.460649333716,694.2558727101674,2045.0048674176353,290.03203305992093,18.282975601849415,53.78293310995087,-2.0613432986409563,7.648863521921278,71.2482348794646,6.403250340536198,559789.3058038584,0.23579236171190165,4224.88,208446.16443726205,61726.728864913566,182118.4611028478,174.2963533801806
6,Shahab_3,66.0,-0.782,3.59,-0.782,3.59,1.01144,1.04349,64.41,15.824,3.674,102.296,14168.963,216.65,0.227836,19158.684940284507,56541.93572997461,16564.491565144686,712.7880626432823,2099.560080493731,288.0242210452147,18.79952942166015,55.359760902440854,-2.0976607438006125,7.401349045547704,71.24795798228186,6.570332089059984,569495.6029122134,0.2278357289933442,4046.0,212060.45356738343,61726.728864913566,182118.4611028478,174.2963533801806
6,Shahab_3,67.0,-0.782,3.59,-0.782,3.59,1.01144,1.04349,64.41,15.824,3.674,102.296,13694.12,216.65,0.2202,19880.96556037747,58669.44431992523,16851.50697290794,731.8681334674683,2155.7362812967344,286.0024317594528,19.36603821438573,57.01007236433791,-1.933662409418137,7.1604385729828275,71.2477533321674,6.742514132610335,579636.2261426875,0.22020029012023154,3867.12,215836.47071433542,61726.728864913566,182118.4611028478,174.2963533801806
6,Shahab_3,68.0,-0.782,3.59,-0.782,3.59,1.01144,1.04349,64.41,15.824,3.674,102.296,13238.395,216.65,0.212872,20622.6198172125,60853.984759925,17136.484013566635,751.540190796889,2213.643375830712,283.94572244142074,19.955823259785404,58.807226257527844,-1.9744068667630768,6.92531493208273,71.24745823829252,6.920133428452309,590258.0499617443,0.21287226427589545,3688.23,219791.6703072096,61726.728864913566,182118.4611028478,174.2963533801806
6,Shahab_3,69.0,-0.782,3.59,-0.782,3.59,1.01144,1.04349,64.41,15.824,3.674,102.296,12800.963,216.65,0.205838,21384.255788054325,63097.346240340106,17419.403232979294,771.8394143547204,2273.3991458902283,281.8909595270289,20.641084359018507,60.71460742852767,-2.0128817391310507,6.696608520486735,71.24718894931256,7.103561518460718,601412.7169157367,0.20583840725686747,3509.35,223945.28224303582,61726.728864913566,182118.4611028478,174.2963533801806
6,Shahab_3,70.0,-0.782,3.59,-0.782,3.59,1.01144,1.04349,64.41,15.824,3.674,102.296,12381.027,216.65,0.199086,22166.525094809906,65401.44474316112,17700.25405194888,792.814528211326,2335.1384088802406,279.8176448050447,-3.2743910527496842,-9.562192629681206,-10.853079783114872,6.473534802759317,71.24687918483976,7.293209411917033,613157.0155031341,0.19908586737766448,3330.47,228318.4525933224,61726.728864913566,182118.4611028478,174.2963533801806
6,Shahab_3,71.0,-0.782,3.59,-0.782,3.59,1.01144,1.04349,64.41,15.824,3.674,102.296,11988.453,216.65,0.192773,22948.685766725834,67705.34154118292,17971.557701698974,771.8081669799225,2273.539725358438,262.94012673929853,-20.127596574176646,-59.01560540851506,-16.360025603067797,6.249783807892275,71.24897353632655,7.097642581972131,562301.2345555467,0.19277330054624128,3330.47,209381.51977220757,61726.728864913566,182118.4611028478,174.2963533801806
6,Shahab_3,72.0,-0.782,3.59,-0.782,3.59,1.01144,1.04349,64.41,15.824,3.674,102.296,11631.033,216.65,0.187026,23710.70436628473,69950.17174465381,18226.406768383888,752.4909893477604,2216.8879951245804,246.88293024768495,-18.554282091056326,-54.39393127498842,-15.751196699842893,6.019884185926978,71.25095207024943,6.917719311617675,518229.12799468305,0.1870260252975756,3330.47,192970.59252505295,61726.728864913566,182118.4611028478,174.2963533801806
6,Shahab_3,73.0,-0.782,3.59,-0.782,3.59,1.01144,1.04349,64.41,15.824,3.674,102.296,11305.315,216.65,0.181789,24454.15487541983,72140.55031869042,18465.566923860726,734.6384519009199,2164.5382919562194,231.54928749428566,-17.17328008186678,-50.39300467739365,-14.969921558608007,5.784253849248919,71.25292636048597,6.751414050175137,479788.4747417192,0.18178850682216788,3330.47,178656.62359787474,61726.728864913566,182118.4611028478,174.2963533801806
6,Shahab_3,74.0,-0.782,3.59,-0.782,3.59,1.01144,1.04349,64.41,15.824,3.674,102.296,11008.337,216.65,0.177013,25180.41025210049,74280.50221164085,18689.707640394565,718.0726453112293,2115.9527027280424,216.83020026500063,-15.980442702329745,-46.85345894047544,-14.493053283732865,5.542542283535723,71.2547714688573,6.597038051118307,446064.19836115354,0.17701313225486512,3330.47,166098.8701948218,61726.728864913566,182118.4611028478,174.2963533801806
6,Shahab_3,75.0,-0.782,3.59,-0.782,3.59,1.01144,1.04349,64.41,15.824,3.674,102.296,10737.55,216.65,0.172659,25890.67508918483,76373.55867416937,18899.416120061156,702.6340389189394,2070.678405624634,202.67078169667022,-14.929883972329428,-43.755788527246814,-13.824474541033062,5.29537900509659,71.25661401764744,6.45317180872956,416321.9499490318,0.17265889244745036,3330.47,155023.88619821917,61726.728864913566,182118.4611028478,174.2963533801806
6,Shahab_3,76.0,-0.782,3.59,-0.782,3.59,1.01144,1.04349,64.41,15.824,3.674,102.296,10490.742,216.65,0.16869,26586.01188269915,78422.83400821508,19095.2127676312,688.1954616558713,2028.3314536437467,189.00164277207983,-13.96896221484818,-40.999803979130334,-13.436974330452346,5.042725668106048,71.25836632587625,6.318612886095344,389966.5639767551,0.16869024604317082,3330.47,145210.05256255195,61726.728864913566,182118.4611028478,174.2963533801806
6,Shahab_3,77.0,-0.782,3.59,-0.782,3.59,1.01144,1.04349,64.41,15.824,3.674,102.296,10265.993,216.65,0.165076,27267.362440424266,80431.08813839866,19277.559396745673,674.6447936514267,1988.585239911079,175.7646978218302,-13.126544806869367,-38.542553378550096,-13.09254549924172,4.784567848486003,71.26004887248608,6.192335540500766,366511.49060963537,0.16507630148766642,3330.47,136476.19496777368,61726.728864913566,182118.4611028478,174.2963533801806
6,Shahab_3,78.0,-0.782,3.59,-0.782,3.59,1.01144,1.04349,64.41,15.824,3.674,102.296,10061.626,216.65,0.16179,27935.565092941662,82400.77754061553,19446.868960259842,661.8855364330518,1951.1585353862383,162.91810212709953,-12.382150756184354,-36.348720462122415,-12.729952637092289,4.521106139652826,71.2616795723726,6.073459017697344,345555.68257299066,0.16179009352795962,3330.47,128672.97728813357,61726.728864913566,182118.4611028478,174.2963533801806
6,Shahab_3,79.0,-0.782,3.59,-0.782,3.59,1.01144,1.04349,64.41,15.824,3.674,102.296,9876.172,216.65,0.158808,28591.369041627444,84334.09725291203,19603.51262894516,649.8347414858425,1915.8082495392616,150.4256303407943,-11.711202024588028,-34.38347573140097,-12.388025154116734,4.252516352858918,71.26326268496099,5.961222538918738,326766.09446823626,0.15880801422842536,3330.47,121676.38494314802,61726.728864913566,182118.4611028478,174.2963533801806
6,Shahab_3,80.0,-0.782,3.59,-0.782,3.59,1.01144,1.04349,64.41,15.824,3.674,102.296,9708.344,216.65,0.156109,29235.44631200791,86233.01576076486,19747.825439313234,638.4207532097473,1882.3233113286035,138.25224737908724,-11.1060813877218,-32.61559059383393,-12.077508648472026,3.9788510288360444,71.26479212612543,5.854965256757138,309864.2433845055,0.15610935048417515,3330.47,115382.7205344751,61726.728864913566,182118.4611028478,174.2963533801806
6,Shahab_3,81.0,-0.782,3.59,-0.782,3.59,1.01144,1.04349,64.41,15.824,3.674,102.296,9557.009,216.65,0.153676,29868.401657926857,88099.30416620841,19880.111191555512,627.5805220276283,1850.5193585735135,126.36907600489938,-10.564271586617696,-31.021209698002217,-11.756337750272806,3.7002004118217293,71.26627494257498,5.754110142073355,294615.78019948606,0.15367589847838295,3330.47,109704.72055925979,61726.728864913566,182118.4611028478,174.2963533801806
6,Shahab_3,82.0,-0.782,3.59,-0.782,3.59,1.01144,1.04349,64.41,15.824,3.674,102.296,9421.172,216.65,0.151492,30490.7809249468,89934.5607155285,20000.646745481143,617.2595360710974,1820.2345260673558,114.74697724204732,-10.087486723442794,-29.575283438052843,-11.433487112419645,3.4165266301042045,71.2676939021436,5.658150916350794,280822.32069788186,0.15149164015590574,3330.47,104568.51360135566,61726.728864913566,182118.4611028478,174.2963533801806
6,Shahab_3,83.0,-0.782,3.59,-0.782,3.59,1.01144,1.04349,64.41,15.824,3.674,102.296,9299.954,216.65,0.149542,31103.07804958885,91740.23158072247,20109.685731566387,607.4093397805347,1791.325718001861,103.36733750775812,-9.63852832663398,-28.26202542140943,-11.249414090853906,3.1279984555739104,71.26904026174051,5.566641329950888,268314.99037334044,0.14954247176987953,3330.47,99911.21663896246,61726.728864913566,182118.4611028478,174.2963533801806
6,Shahab_3,84.0,-0.782,3.59,-0.782,3.59,1.01144,1.04349,64.41,15.824,3.674,102.296,9192.585,216.65,0.147816,31705.741215391587,93517.62854470091,20207.4608590478,597.9853837287309,1763.6666729639057,92.21674818956967,-9.212782428406,-27.073330664382386,-11.102359256674356,2.8348600349903,71.270357975498,5.47918639344934,256949.31931460183,0.1478159910746009,3330.47,95679.03407690443,61726.728864913566,182118.4611028478,174.2963533801806
6,Shahab_3,85.0,-0.782,3.59,-0.782,3.59,1.01144,1.04349,64.41,15.824,3.674,102.296,9098.388,216.65,0.146301,32299.17805323999,95267.94407999683,20294.18671535134,588.9497736816492,1737.1452384304005,81.27065979881544,-8.855233999853604,-25.98815818321771,-10.809847673483272,2.536938383614399,71.27163900751084,5.39543502484174,246601.11168774383,0.14630130291132667,3330.47,91825.71968476639,61726.728864913566,182118.4611028478,174.2963533801806
6,Shahab_3,86.0,-0.782,3.59,-0.782,3.59,1.01144,1.04349,64.41,15.824,3.674,102.296,9016.766,216.65,0.144989,32883.7597712258,96992.26440036499,20370.063145541975,580.2701895746341,1711.6604084901178,70.51273363337847,-8.514870427530974,-24.99600253690869,-10.67704626560347,2.2342357094482876,71.27282139580855,5.3150740030286565,237163.09190449122,0.1449888381556085,3330.47,88311.32774604057,61726.728864913566,182118.4611028478,174.2963533801806
6,Shahab_3,87.0,-0.782,3.59,-0.782,3.59,1.01144,1.04349,64.41,15.824,3.674,102.296,8947.202,216.65,0.14387,33459.82532553546,98691.5806795813,20435.275017126347,571.9124561019408,1687.1230134768282,59.93982523048638,-8.209122248927459,-24.090969958314066,-10.466241296942172,1.9271132426725268,71.27401873603029,5.2378228664272335,228542.2660104715,0.14387025455101268,3330.47,85101.23053042946,61726.728864913566,182118.4611028478,174.2963533801806
6,Shahab_3,88.0,-0.782,3.59,-0.782,3.59,1.01144,1.04349,64.41,15.824,3.674,102.296,8889.243,216.65,0.142938,34027.68448764677,100366.79877195565,20489.996096161864,563.8529957153712,1663.4512298363263,49.52994503055542,-7.90774629517353,-23.266521391145602,-10.371301240208725,1.6152799480929603,71.27510119699545,5.163429567095055,220657.6431466504,0.14293828202378028,3330.47,82165.26984493948,61726.728864913566,182118.4611028478,174.2963533801806
6,Shahab_3,89.0,-0.782,3.59,-0.782,3.59,1.01144,1.04349,64.41,15.824,3.674,102.296,8842.5,216.65,0.142187,34587.621053283845,102018.74765826661,20534.38846678396,556.0639911037626,1640.5728888114068,39.27852540034378,-7.678475665843739,-22.499452276657017,-10.130052834618995,1.2989519195448875,71.27616721338731,5.091666915177833,213438.4807331272,0.14218665834757666,3330.47,79477.1036010566,61726.728864913566,182118.4611028478,174.2963533801806
6,Shahab_3,90.0,-0.782,3.59,-0.782,3.59,1.01144,1.04349,64.41,15.824,3.674,102.296,8806.639,216.65,0.14161,35139.89478732005,103648.18699132159,20568.605971986835,548.5226919915258,1618.4219645361477,29.18152720360639,-7.421607126696498,-21.80872548985448,-10.015166862742696,0.9783282839305519,71.27722634685657,5.02232941015909,206822.7159437932,0.141610007485024,3330.47,77013.62175019225,61726.728864913566,182118.4611028478,174.2963533801806
6,Shahab_3,91.0,-0.782,3.59,-0.782,3.59,1.01144,1.04349,64.41,15.824,3.674,102.296,8781.377,216.65,0.141204,35684.7443208871,105255.81342147592,20592.793499251264,541.2123675911566,1596.9375156909896,19.218504565754444,-7.187384459526652,-21.173972939039018,-9.946664480973187,0.6530189785128628,71.27815062928198,4.955230640951539,200755.76651396244,0.14120379834397737,3330.47,74754.49974594632,61726.728864913566,182118.4611028478,174.2963533801806
6,Shahab_3,92.0,-0.782,3.59,-0.782,3.59,1.01144,1.04349,64.41,15.824,3.674,102.296,8766.481,216.65,0.140964,36222.38878720152,106842.26639951245,20607.088376677286,534.1107774344518,1576.0660319019098,9.391175244240468,-7.017213135562466,-20.577340058535324,-9.72605902413902,0.32333760793031746,71.27906726873071,4.890201020419633,195189.47294773717,0.1409642759528379,3330.47,72681.8046587379,61726.728864913566,182118.4611028478,174.2963533801806
6,Shahab_3,93.0,-0.782,3.59,-0.782,3.59,1.01144,1.04349,64.41,15.824,3.674,102.296,8761.762,216.65,0.140888,36753.02922662668,108408.1333292603,20611.62266880419,527.2007613880037,1555.7577709142834,-0.3016484728196551,-6.81653318706068,-20.0431658656918,-9.624656985884714,-0.010521479173294683,71.2799849137418,4.827085780090737,190081.18322767055,0.1408883850816389,3330.47,70779.65435335985,61726.728864913566,182118.4611028478,174.2963533801806
6,Shahab_3,94.0,-0.782,3.59,-0.782,3.59,1.01144,1.04349,64.41,15.824,3.674,102.296,8767.071,216.65,0.140974,37276.850756905435,109953.95383744113,20606.522113970455,520.4702207965184,1535.9659847229566,-9.87755471461659,-6.6388177645297555,-19.550331905118753,-9.545273281893333,-0.34896523565068727,71.28077738296301,4.765743321898588,185393.05912158676,0.14097375641562335,3330.47,69033.95918164565,61726.728864913566,182118.4611028478,174.2963533801806
6,Shahab_3,95.0,-0.782,3.59,-0.782,3.59,1.01144,1.04349,64.41,15.824,3.674,102.296,8782.301,216.65,0.141219,37794.02353536958,111480.2238693008,20591.907582132895,513.9020917227441,1516.6497320972483,-19.33369105948885,-6.494635237037467,-19.090528673941375,-9.402463107179871,-0.6917195440551325,71.28154710694686,4.706043757508173,181091.43010894427,0.14121865599758082,3330.47,67432.18140700637,61726.728864913566,182118.4611028478,174.2963533801806
6,Shahab_3,96.0,-0.782,3.59,-0.782,3.59,1.01144,1.04349,64.41,15.824,3.674,102.296,8807.381,216.65,0.141622,38304.70387364386,112987.3992606652,20567.896223585576,507.4829364442768,1497.7706420988873,-28.67204010645801,-6.358404201061627,-18.6687300852421,-9.251054457364608,-1.0386980569720716,71.2823074553875,4.647867598480387,177146.24557984687,0.14162194474305012,3330.47,65963.1312223004,61726.728864913566,182118.4611028478,174.2963533801806
6,Shahab_3,97.0,-0.782,3.59,-0.782,3.59,1.01144,1.04349,64.41,15.824,3.674,102.296,8842.277,216.65,0.142183,38809.03550758576,114475.89884008936,20534.60165159863,501.2017831739092,1479.2927974154688,-37.89777174429617,-6.214019056055634,-18.288869679900948,-9.163667769759408,-1.3899518722712272,71.2830157930962,4.591104674616866,173530.62996259978,0.14218305838882625,3330.47,64616.8010947315,61726.728864913566,182118.4611028478,174.2963533801806
6,Shahab_3,98.0,-0.782,3.59,-0.782,3.59,1.01144,1.04349,64.41,15.824,3.674,102.296,8886.987,216.65,0.142902,39307.15061829764,115946.10722939749,20492.1341772792,495.048205705557,1461.1829797388257,-47.01731713417552,-6.083279413973567,-17.940514285343458,-9.096255007624546,-1.7456046064114965,71.28364043305518,4.535653152384618,170220.4964269584,0.14290199047473515,3330.47,63384.22192230736,61726.728864913566,182118.4611028478,174.2963533801806
6,Shahab_3,99.0,-0.782,3.59,-0.782,3.59,1.01144,1.04349,64.41,15.824,3.674,102.296,8941.544,216.65,0.143779,39799.17059706231,117398.3774191324,20440.601466238255,489.0107824352118,1443.41110464818,-56.03139119507835,-5.986707894090568,-17.61107859196445,-8.961295556120252,-2.1055925073993786,71.28422151870181,4.4814186888537835,167194.20630686014,0.14377927174146596,3330.47,62257.33621465168,61726.728864913566,182118.4611028478,174.2963533801806
6,Shahab_3,100.0,-0.782,3.59,-0.782,3.59,1.01144,1.04349,64.41,15.824,3.674,102.296,9006.014,216.65,0.144816,40285.2067006075,118833.03311272971,20380.109480850606,483.0788928372004,1425.9494084102694,-64.93724995840692,-5.891932301704366,-17.310932627723272,-8.824794705134245,-2.469736954940576,71.28480079318065,4.428313649311043,164432.26545866442,0.14481594767418976,3330.47,61228.885027321005,61726.728864913566,182118.4611028478,174.2963533801806
6,Shahab_3,101.0,-0.782,3.59,-0.782,3.59,1.01144,1.04349,64.41,15.824,3.674,102.296,9080.494,216.65,0.146014,40765.360916265396,120250.37072711448,20310.76254695825,477.2446496407189,1408.7711476740662,-73.73877399892177,-5.787308355493001,-17.04482832890943,-8.742948465007652,-2.838124529340534,71.28533503049776,4.376256472712101,161917.0807262954,0.14601357365922554,3330.47,60292.31727785209,61726.728864913566,182118.4611028478,174.2963533801806
6,Shahab_3,102.0,-0.782,3.59,-0.782,3.59,1.01144,1.04349,64.41,15.824,3.674,102.296,9165.111,216.65,0.147374,41239.72664272152,121650.6612306604,20232.66346866305,471.50026950269415,1391.851434598117,-82.43987834973738,-5.694244879650972,-16.80186824455176,-8.667455772728259,-3.210865219900063,71.28579832184221,4.325171077528781,159632.74407021073,0.1473742121020021,3330.47,59441.70936286072,61726.728864913566,182118.4611028478,174.2963533801806
6,Shahab_3,103.0,-0.782,3.59,-0.782,3.59,1.01144,1.04349,64.41,15.824,3.674,102.296,9260.025,216.65,0.1489,41708.38914277297,123034.15188914309,20145.914216736634,465.83759167892447,1375.167464667661,-91.04060614545783,-5.616045155323313,-16.578052386336058,-8.57874734023398,-3.5879383387776356,71.28620407104484,4.274986352572454,157564.83409929642,0.14890042205060539,3330.47,58671.691255387814,61726.728864913566,182118.4611028478,174.2963533801806
6,Shahab_3,104.0,-0.782,3.59,-0.782,3.59,1.01144,1.04349,64.41,15.824,3.674,102.296,9365.426,216.65,0.150595,42171.4261160261,124401.06778361238,20050.616180271638,460.2487344663506,1358.698041377097,-99.53999427168662,-5.5574382454433815,-16.36784817550068,-8.44842078173598,-3.9692978323975767,71.28657648456465,4.225635683700665,155700.24767589214,0.15059525848848573,3330.47,57977.383800438685,61726.728864913566,182118.4611028478,174.2963533801806
6,Shahab_3,105.0,-0.782,3.59,-0.782,3.59,1.01144,1.04349,64.41,15.824,3.674,102.296,9481.534,216.65,0.152462,42628.90810633304,125751.61325166965,19946.870700011943,454.7264018271607,1342.423353274085,-107.93611523896553,-5.501723939280562,-16.177926630207015,-8.317043852651633,-4.354871534333316,71.2869365618816,4.177056548701318,154027.04721202372,0.15246226863923615,3330.47,57354.34185338473,61726.728864913566,182118.4611028478,174.2963533801806
6,Shahab_3,106.0,-0.782,3.59,-0.782,3.59,1.01144,1.04349,64.41,15.824,3.674,102.296,9608.601,216.65,0.154505,43080.898997824894,127085.97314065389,19834.779197220225,449.264711212979,1326.3242700832934,-116.22982415730664,-5.435847810047882,-16.01527520590442,-8.22883369929249,-4.744712093511459,71.2872605383114,4.129190169729365,152534.33329314564,0.15450549726345655,3330.47,56798.50684945331,61726.728864913566,182118.4611028478,174.2963533801806
6,Shahab_3,107.0,-0.782,3.59,-0.782,3.59,1.01144,1.04349,64.41,15.824,3.674,102.296,9746.91,216.65,0.156729,43527.45648835068,128404.31394673712,19714.443268499217,443.8582399432866,1310.3826019800476,-124.42307143122301,-5.374635317196548,-15.871860359091405,-8.15464429578297,-5.138934013889909,71.28751797996706,4.081981184813259,151212.13059424018,0.15672949455086724,3330.47,56306.164322831326,61726.728864913566,182118.4611028478,174.2963533801806
6,Shahab_3,108.0,-0.782,3.59,-0.782,3.59,1.01144,1.04349,64.41,15.824,3.674,102.296,9896.776,216.65,0.159139,43968.6323730623,129706.78493070045,19585.965128484473,438.50117951934703,1294.5816034540346,-132.5153160091779,-5.327642124531997,-15.740536799290942,-8.063912051857292,-5.537566310674392,71.28771175187468,4.03537736222362,150051.28037157096,0.15913931939255324,3330.47,55873.90387431478,61726.728864913566,182118.4611028478,174.2963533801806
6,Shahab_3,109.0,-0.782,3.59,-0.782,3.59,1.01144,1.04349,64.41,15.824,3.674,102.296,10058.545,216.65,0.161741,44404.47288814661,130993.51912043674,19449.447869755626,433.1874165699862,1278.9059224251025,-140.50373819424598,-5.2982974846581685,-15.616110186450634,-7.932433634136636,-5.9405555233885465,71.2878761368298,3.989329361108881,149043.34810375416,0.16174054743320723,3330.47,55498.58478004009,61726.728864913566,182118.4611028478,174.2963533801806
6,Shahab_3,110.0,-0.782,3.59,-0.782,3.59,1.01144,1.04349,64.41,15.824,3.674,102.296,10232.596,216.65,0.164539,44835.01897483558,132264.63427075872,19304.995882716157,427.911193025055,1263.3412331559769,-148.38442200291504,-5.268727598324417,-15.507232854115127,-7.797457095042421,-6.347810831832534,71.28804684153067,3.9437904925992946,148180.53542481095,0.1645392774256287,3330.47,55177.30319840058,61726.728864913566,182118.4611028478,174.2963533801806
6,Shahab_3,111.0,-0.782,3.59,-0.782,3.59,1.01144,1.04349,64.41,15.824,3.674,102.296,10419.342,216.65,0.167542,45260.30663313118,133520.2337001246,19152.71498650612,422.66905283746775,1247.8727161382933,-156.15902793814453,-5.2242325406933325,-15.426057995448907,-7.723562709110936,-6.759491393970313,71.28815965847959,3.8987165395683787,147455.60758792577,0.1675421442997155,3330.47,54907.36516006037,61726.728864913566,182118.4611028478,174.2963533801806
6,Shahab_3,112.0,-0.782,3.59,-0.782,3.59,1.01144,1.04349,64.41,15.824,3.674,102.296,10619.231,216.65,0.170756,45680.367310172216,134760.40699937125,18992.712183816508,417.4563778365617,1232.486956724077,-163.827161117351,-5.194054187919371,-15.35205627916858,-7.626353543583155,-7.175685483626515,71.28821548781048,3.8540655613664963,146861.83138503175,0.17075634127479,3330.47,54686.26345135652,61726.728864913566,182118.4611028478,174.2963533801806
6,Shahab_3,113.0,-0.782,3.59,-0.782,3.59,1.01144,1.04349,64.41,15.824,3.674,102.296,10832.745,216.65,0.17419,46095.227929813256,135985.2309255712,18825.09650263041,412.26876939637845,1217.1715927918196,-171.38576525420433,-5.171729560771677,-15.287745983139454,-7.517122055902375,-7.596378347761883,71.28822108587042,3.809797773072883,146392.90395706514,0.17418962175421035,3330.47,54511.65110570138,61726.728864913566,182118.4611028478,174.2963533801806
6,Shahab_3,114.0,-0.782,3.59,-0.782,3.59,1.01144,1.04349,64.41,15.824,3.674,102.296,11060.401,216.65,0.17785,46504.91128495301,137194.770066156,18649.97908128405,407.1016367405033,1201.9151297764197,-178.83159317363464,-5.162415510355247,-15.228093356151335,-7.380342476348172,-8.021556730942372,71.28820435682782,3.765875385239225,146042.89567699772,0.17785031677716395,3330.47,54381.32013520067,61726.728864913566,182118.4611028478,174.2963533801806
6,Shahab_3,115.0,-0.782,3.59,-0.782,3.59,1.01144,1.04349,64.41,15.824,3.674,102.296,11302.756,216.65,0.181747,46909.43617743084,138389.07752718483,18467.473282484254,401.9507260503328,1186.7067512470808,-186.16108973723252,-5.1515776251691,-15.181978946792654,-7.249275820406629,-8.451203103310203,71.28819000362449,3.722262510284918,145806.20066498325,0.18174735303841208,3330.47,54293.18310420649,61726.728864913566,182118.4611028478,174.2963533801806
6,Shahab_3,116.0,-0.782,3.59,-0.782,3.59,1.01144,1.04349,64.41,15.824,3.674,102.296,11560.401,216.65,0.18589,47308.81766938438,139568.19558267042,18277.694943473332,396.8136792855318,1171.5350632102868,-193.37460696603054,-5.124262740266109,-15.161756658452251,-7.1706904678245245,-8.885490193303461,71.28811225660844,3.678925045461683,145677.4857822868,0.18589026894032978,3330.47,54245.25413642183,61726.728864913566,182118.4611028478,174.2963533801806
6,Shahab_3,117.0,-0.782,3.59,-0.782,3.59,1.01144,1.04349,64.41,15.824,3.674,102.296,11833.97,216.65,0.190289,47703.06743160558,140732.1561793672,18080.762165496817,391.68717999200646,1156.3899140549993,-200.47042508222526,-5.115672193693387,-15.140701883272673,-7.055507537503979,-9.324512296665732,71.28796320325954,3.6358306190608167,145651.65479314045,0.19028924157151497,3330.47,54235.63557001595,61726.728864913566,182118.4611028478,174.2963533801806
6,Shahab_3,118.0,-0.782,3.59,-0.782,3.59,1.01144,1.04349,64.41,15.824,3.674,102.296,12124.137,216.65,0.194955,48092.19373633712,141880.98168663704,17876.796006042794,386.56696415092546,1141.262772136668,-207.44294072186997,-5.1217742846980645,-15.118843712271772,-6.904422504094317,-9.768193395929504,71.28780190423231,3.5929485098341436,145723.79680230367,0.19495509463023264,3330.47,54262.498757556255,61726.728864913566,182118.4611028478,174.2963533801806
6,Shahab_3,119.0,-0.782,3.59,-0.782,3.59,1.01144,1.04349,64.41,15.824,3.674,102.296,12431.615,216.65,0.199899,48476.20169686411,143014.68545839578,17665.92057335139,381.44945112571014,1126.1454429123908,-214.28723773731573,-5.1219709565145815,-15.110475825810394,-6.763108417811354,-10.216495452518231,71.28766461343753,3.550249585160281,145889.14816507782,0.19989931930089488,3330.47,54324.069882615986,61726.728864913566,182118.4611028478,174.2963533801806
6,Shahab_3,120.0,-0.782,3.59,-0.782,3.59,1.01144,1.04349,64.41,15.824,3.674,102.296,12757.163,216.65,0.205134,48855.093526442186,144133.27236166934,17448.26308827498,376.33358831243635,1111.028300835943,-221.00458148090834,-5.109433203862581,-15.12491744811306,-6.668006580798702,-10.66968882674639,71.2874501769771,3.5077062419141756,146143.0565634765,0.20513409636769975,3330.47,54418.61658298321,61726.728864913566,182118.4611028478,174.2963533801806
6,Shahab_3,121.0,-0.782,3.59,-0.782,3.59,1.01144,1.04349,64.41,15.824,3.674,102.296,13101.582,216.65,0.210672,49228.86878948068,145236.73925468416,17223.953740801375,371.2164921023489,1095.9037135486294,-227.5917712589891,-5.1149918465682225,-15.134668256318854,-6.534060391397575,-11.127845525291347,71.28716939304978,3.4652924247059063,146480.95636037373,0.2106723238703358,3330.47,54544.43877339861,61726.728864913566,182118.4611028478,174.2963533801806
6,Shahab_3,122.0,-0.782,3.59,-0.782,3.59,1.01144,1.04349,64.41,15.824,3.674,102.296,13465.719,216.65,0.216528,49597.52442402252,146325.07568225602,16993.126279420583,366.09422861255047,1080.7658927082648,-234.04141443775495,-5.134245022092161,-15.138934510121102,-6.357713542017127,-11.590838482544047,71.28691330870633,3.42298357994541,146898.32728462553,0.21652762701165068,3330.47,54699.85326132454,61726.728864913566,182118.4611028478,174.2963533801806
6,Shahab_3,123.0,-0.782,3.59,-0.782,3.59,1.01144,1.04349,64.41,15.824,3.674,102.296,13850.469,216.65,0.222714,49961.054905815356,147398.26446709447,16755.91825603916,360.96521912971184,1065.6079539124962,-240.3506229389398,-5.127957456552833,-15.173817856424984,-6.246755599608956,-12.058769630903312,71.28664663183329,3.380756622057406,147390.66103183734,0.2227143750263816,3330.47,54883.181310226726,61726.728864913566,182118.4611028478,174.2963533801806
6,Shahab_3,124.0,-0.782,3.59,-0.782,3.59,1.01144,1.04349,64.41,15.824,3.674,102.296,14256.774,216.65,0.229248,50319.452769853895,148456.28197508137,16512.470362560693,355.82890944032556,1050.4222017322793,-246.52090050579125,-5.139102052467489,-15.204069520054036,-6.10810678664332,-12.531979693193897,71.2862684541642,3.3385899586166574,147953.44989210184,0.229247721579083,3330.47,55092.74440493732,61726.728864913566,182118.4611028478,174.2963533801806
6,Shahab_3,125.0,-0.782,3.59,-0.782,3.59,1.01144,1.04349,64.41,15.824,3.674,102.296,14685.625,216.65,0.236144,50672.70842399584,149499.0989477074,16262.92724382339,350.68057282950286,1035.2059413920465,-252.54075510859866,-5.157324954138447,-15.229839236626432,-5.933130171493182,-13.010153252051623,71.28596319549492,3.2964635281421564,148582.1521419947,0.23614360659156314,3330.47,55326.85136483192,61726.728864913566,182118.4611028478,174.2963533801806
6,Shahab_3,126.0,-0.782,3.59,-0.782,3.59,1.01144,1.04349,64.41,15.824,3.674,102.296,15138.063,216.65,0.243419,51020.81043646374,150526.6810493836,16007.43763962485,345.5212602065863,1019.9517815135483,-258.41294802400876,-5.160199158853692,-15.28078917148062,-5.814471487647579,-13.493718960698182,71.28555495718302,3.2543587258790287,149272.16027723515,0.2434187730250463,3330.47,55583.78651477166,61726.728864913566,182118.4611028478,174.2963533801806
6,Shahab_3,127.0,-0.782,3.59,-0.782,3.59,1.01144,1.04349,64.41,15.824,3.674,102.296,15615.182,216.65,0.251091,51363.74591508609,151538.98918348484,15746.153704455332,340.3472097823821,1004.6574170750987,-264.1285659413713,-5.186519625035507,-15.309706881834048,-5.619118363513768,-13.982504041390605,71.28519150384876,3.2122585326116457,150018.8032854615,0.2510908063733918,3330.47,55861.81053140625,61726.728864913566,182118.4611028478,174.2963533801806
6,Shahab_3,128.0,-0.782,3.59,-0.782,3.59,1.01144,1.04349,64.41,15.824,3.674,102.296,16118.127,216.65,0.259178,51701.500377437944,152535.98045303475,15479.232173038674,335.15927954806943,989.3171254007212,-269.6884403803407,-5.197220655944347,-15.363880829296336,-5.481351485009467,-14.476862006718273,71.28472957383404,3.1701474393078577,150817.29937020416,0.25917811979745303,3330.47,56159.14283921761,61726.728864913566,182118.4611028478,174.2963533801806
6,Shahab_3,129.0,-0.782,3.59,-0.782,3.59,1.01144,1.04349,64.41,15.824,3.674,102.296,16648.098,216.65,0.2677,52034.05825888928,153517.60837292756,15206.833343936214,329.953795694526,973.9304287410674,-275.0819864441144,-5.212636984768349,-15.411649986338743,-5.309834080683436,-14.976533241653442,71.28434978417775,3.1280115963896407,151662.76972746933,0.267700000243224,3330.47,56473.966740442826,61726.728864913566,182118.4611028478,174.2963533801806
6,Shahab_3,130.0,-0.782,3.59,-0.782,3.59,1.01144,1.04349,64.41,15.824,3.674,102.296,17206.347,216.65,0.276677,52361.402934837635,154483.82373151652,14929.121856959,324.7325457623605,958.4918349350526,-280.3125387071444,-5.231919109719723,-15.462698088114628,-5.1419217944535545,-15.482029391520346,71.28386040768693,3.085838729087464,152550.20045397265,0.2766765995064594,3330.47,56804.41523101868,61726.728864913566,182118.4611028478,174.2963533801806
6,Shahab_3,131.0,-0.782,3.59,-0.782,3.59,1.01144,1.04349,64.41,15.824,3.674,102.296,17794.183,216.65,0.286129,52683.516955283296,155434.5751167517,14646.266410810375,319.49245515778364,943.0021303452868,-285.36948902463314,-5.24363875161511,-15.522844519125563,-4.985492655645151,-15.99309110677902,71.28343807728065,3.0436182900618816,153474.44797939487,0.2861289538245991,3330.47,57148.573023365636,61726.728864913566,182118.4611028478,174.2963533801806
6,Shahab_3,132.0,-0.782,3.59,-0.782,3.59,1.01144,1.04349,64.41,15.824,3.674,102.296,18412.97,216.65,0.296079,53000.38236047401,156369.80944091975,14358.439564279368,314.2350901363804,927.4577463408906,-290.254204063896,-5.275649181414318,-15.560641145826176,-4.771426332303618,-16.510138960661845,71.28293228310876,3.001341414510853,154430.22650991648,0.2960789991360448,3330.47,57504.47187079471,61726.728864913566,182118.4611028478,174.2963533801806
6,Shahab_3,133.0,-0.782,3.59,-0.782,3.59,1.01144,1.04349,64.41,15.824,3.674,102.296,19064.128,216.65,0.30655,53311.98068488937,157289.47284998672,14065.818294956358,308.9588527421795,911.8595617244118,-294.9592353523245,-5.28001446067413,-15.632013189724875,-4.629164085039073,-17.03309199569204,71.28244551618826,2.959001040347956,155412.10055659903,0.3065495565303925,3330.47,57870.087785335214,61726.728864913566,182118.4611028478,174.2963533801806
6,Shahab_3,134.0,-0.782,3.59,-0.782,3.59,1.01144,1.04349,64.41,15.824,3.674,102.296,19749.133,216.65,0.317564,53618.292673740536,158193.50863196893,13768.582453115609,303.66356639409275,896.2078769526016,-299.48007833740394,-5.304458565096498,-15.678663351601436,-4.428481587806876,-17.562034713544943,71.28199464655006,2.9165918756307208,156414.50368624754,0.3175643885725078,3330.47,58243.34801990702,61726.728864913566,182118.4611028478,174.2963533801806
6,Shahab_3,135.0,-0.782,3.59,-0.782,3.59,1.01144,1.04349,64.41,15.824,3.674,102.296,20469.517,216.65,0.329148,53919.300443597545,159081.86482278313,13466.917389920965,298.35085713326396,880.5016134738316,-303.81684939995733,-5.325811896861302,-15.727185817399091,-4.230749502000868,-18.09733248793543,71.28146526170397,2.8741105371411755,157431.70128213844,0.32914809987734023,3330.47,58622.11720170442,61726.728864913566,182118.4611028478,174.2963533801806
6,Shahab_3,136.0,-0.782,3.59,-0.782,3.59,1.01144,1.04349,64.41,15.824,3.674,102.296,21226.864,216.65,0.341326,54214.98701082034,159954.49213069936,13161.01249064378,293.01960896070585,864.7441367062669,-307.96167242197834,-5.3340951048440965,-15.790550717179093,-4.064414914495706,-18.63886307945984,71.28098708892072,2.8315556433691276,158457.82816632153,0.34132617642719665,3330.47,59004.211341439324,61726.728864913566,182118.4611028478,174.2963533801806
6,Shahab_3,137.0,-0.782,3.59,-0.782,3.59,1.01144,1.04349,64.41,15.824,3.674,102.296,22022.819,216.65,0.354125,54505.33383207075,160811.33657740196,12851.058944472503,287.67103309821596,848.9369084128558,-311.9123017302746,-5.356471036707964,-15.832096142542932,-3.854280205561722,-19.186841613709323,71.28051955258088,2.7889276035911132,159486.91156437813,0.3541250623679217,3330.47,59387.406384622445,61726.728864913566,182118.4611028478,174.2963533801806
6,Shahab_3,138.0,-0.782,3.59,-0.782,3.59,1.01144,1.04349,64.41,15.824,3.674,102.296,22859.078,216.65,0.367572,54790.324065413224,161652.34964986017,12537.252452842535,282.3065693214183,833.0819861250142,-315.6668567135128,-5.379216500650616,-15.867741414115994,-3.635762161786813,-19.741505714564642,71.28001736555679,2.746228868616794,160512.85589509102,0.3675720352747119,3330.47,59769.432547762815,61726.728864913566,182118.4611028478,174.2963533801806
6,Shahab_3,139.0,-0.782,3.59,-0.782,3.59,1.01144,1.04349,64.41,15.824,3.674,102.296,23737.39,216.65,0.381695,55069.94187642846,162477.48603342572,12219.792091726342,276.9269763265199,817.1833690267725,-319.2211308776679,-5.389568345823414,-15.915437509415666,-3.44626233863231,-20.302936822524266,71.2795159413076,2.7034639178730204,161529.4753089993,0.38169522298578445,3330.47,60147.98643459946,61726.728864913566,182118.4611028478,174.2963533801806
6,Shahab_3,140.0,-0.782,3.59,-0.782,3.59,1.01144,1.04349,64.41,15.824,3.674,102.296,24659.557,216.65,0.396524,55344.172752713035,163286.70422042688,11898.879879713928,271.5331428037659,801.2460755437016,-322.5706106123821,-5.397953348917638,-15.959015684530325,-3.2539494486168743,-20.871178735035908,71.27906732637317,2.6606392918878217,162530.522808858,0.3965235896005371,3330.47,60520.74187955283,61726.728864913566,182118.4611028478,174.2963533801806
6,Shahab_3,141.0,-0.782,3.59,-0.782,3.59,1.01144,1.04349,64.41,15.824,3.674,102.296,25627.43,216.65,0.412087,55613.003668840865,164079.967335048,11574.720775721806,266.1270891439343,785.2744885047255,-325.71372443868904,-5.406675200505377,-15.994400368035985,-3.0530815574492354,-21.44645585718989,71.27863965070306,2.61776357217581,163509.70951704172,0.41208689603685694,3330.47,60885.35712223909,61726.728864913566,182118.4611028478,174.2963533801806
6,Shahab_3,142.0,-0.782,3.59,-0.782,3.59,1.01144,1.04349,64.41,15.824,3.674,102.296,26642.912,216.65,0.428416,55876.41948293117,164857.23237212448,11247.52030867373,260.7107122034793,769.2741918553752,-328.64799105465664,-5.4194032981781115,-16.01461482367466,-2.8329560835166054,-22.028919285395187,71.27823386486105,2.574847185463583,164460.75183497,0.42841577149310145,3330.47,61239.49236800803,61726.728864913566,182118.4611028478,174.2963533801806
6,Shahab_3,143.0,-0.782,3.59,-0.782,3.59,1.01144,1.04349,64.41,15.824,3.674,102.296,27707.937,217.186,0.444441,56134.41823499304,165618.4954600302,10917.492213542766,255.2880842264822,753.2564462667572,-331.37430683992795,-5.4142689356324265,-15.992493502836094,-2.6354342225585436,-22.61877417078937,71.27783385993672,2.5319205534452363,164971.24754558917,0.4444410936013545,3330.47,61429.58330353855,61726.728864913566,182118.4611028478,174.2963533801806
6,Shahab_3,144.0,-0.782,3.59,-0.782,3.59,1.01144,1.04349,64.41,15.824,3.674,102.296,28824.567,219.349,0.457794,56387.00743038993,166363.78027100087,10584.825043009761,249.89757426047612,737.3348035717161,-333.93802867327594,-5.366778177617059,-15.85113180690687,-2.4919316381312417,-23.21609912001495,71.27744806707653,2.4893567429462564,164262.5222536012,0.4577942224016761,3330.47,61165.678532184575,61726.728864913566,182118.4611028478,174.2963533801806
6,Shahab_3,145.0,-0.782,3.59,-0.782,3.59,1.01144,1.04349,64.41,15.824,3.674,102.296,29995.056,221.527,0.471699,56634.23148855092,167093.21883938846,10249.671163807156,244.5544664760189,721.553989983457,-336.35773438930033,-5.319453187715119,-15.710544825404982,-2.347426440841348,-23.82094204433235,71.27706866110229,2.44730135263181,163581.4258760389,0.4716992507889528,3330.47,60912.06181238836,61726.728864913566,182118.4611028478,174.2963533801806
6,Shahab_3,146.0,-0.782,3.59,-0.782,3.59,1.01144,1.04349,64.41,15.824,3.674,102.296,31221.759,223.721,0.486176,56876.13764182204,167806.9514862267,9912.174873071503,239.2586105663789,705.9135982264273,-338.63242027176256,-5.2722541077115945,-15.57022671586927,-2.2019360513787274,-24.433332921087786,71.27669719027666,2.4057482535500947,162924.9474455453,0.48617579011171447,3330.47,60667.61196410895,61726.728864913566,182118.4611028478,174.2963533801806
6,Shahab_3,147.0,-0.782,3.59,-0.782,3.59,1.01144,1.04349,64.41,15.824,3.674,102.296,32507.175,225.929,0.501245,57112.76770687049,168505.10252480663,9572.465009050868,234.00995104669028,690.4135525095121,-340.76123660288226,-5.225065624234814,-15.429852204452692,-2.0555404194961326,-25.05330062976525,71.27633663822404,2.3646922132686186,162290.42237247137,0.5012446444759417,3330.47,60431.33678637651,61726.728864913566,182118.4611028478,174.2963533801806
6,Shahab_3,148.0,-0.782,3.59,-0.782,3.59,1.01144,1.04349,64.41,15.824,3.674,102.296,33853.777,228.15,0.516926,57344.17268688943,169187.82366263398,9230.699533727524,228.80852174584055,675.054055550391,-342.7432587389462,-5.177773942650127,-15.289070211273238,-1.9083686131943356,-25.680858347769036,71.27599063724259,2.3241284631577455,161674.82562388937,0.5169258372022039,3330.47,60202.109861618264,61726.728864913566,182118.4611028478,174.2963533801806
6,Shahab_3,149.0,-0.782,3.59,-0.782,3.59,1.01144,1.04349,64.41,15.824,3.674,102.296,35264.148,230.384,0.53324,57570.40023379666,169855.25674816876,8887.026701585943,223.6544816132403,659.8356698241976,-344.57777945979996,-5.130268715690249,-15.147576013607386,-1.7605716744801014,-26.3160179456271,71.27566289358391,2.2840532769985806,161075.42293943663,0.5332402434826029,3330.47,59978.91304590176,61726.728864913566,182118.4611028478,174.2963533801806
6,Shahab_3,150.0,-0.782,3.59,-0.782,3.59,1.01144,1.04349,64.41,15.824,3.674,102.296,36740.958,232.63,0.550209,57791.49755819578,170507.54240383115,8541.593377951403,218.54809395261975,644.7592604204722,-346.2642441568575,-5.082452434564924,-15.005068677428168,-1.6122821948635477,-26.95878609422936,71.27535730033527,2.24446372459142,160489.62197399608,0.5502092283092439,3330.47,59760.78103962062,61726.728864913566,182118.4611028478,174.2963533801806
6,Shahab_3,151.0,-0.782,3.59,-0.782,3.59,1.01144,1.04349,64.41,15.824,3.674,102.296,38286.945,234.885,0.567854,58007.51246091621,171144.82308569844,8194.547760248377,213.48972011865544,629.8259782947923,-347.80224187431656,-5.0342254155522514,-14.861275802804757,-1.463662270181239,-27.609162601272608,71.27507800285134,2.205357605071317,159914.92972192465,0.567854492240588,3330.47,59546.78553375063,61726.728864913566,182118.4611028478,174.2963533801806
6,Shahab_3,152.0,-0.782,3.59,-0.782,3.59,1.01144,1.04349,64.41,15.824,3.674,102.296,39904.92,237.151,0.586198,58218.49318387525,171767.24263522495,7846.038483179439,208.47981377294363,615.0372433147186,-349.19151812306137,-4.985502360333584,-14.715931134343414,-1.314867049767488,-28.267140145609066,71.27482942007944,2.1667334085974685,159348.96703185694,0.5861980785780289,3330.47,59336.04061466041,61726.728864913566,182118.4611028478,174.2963533801806
6,Shahab_3,153.0,-0.782,3.59,-0.782,3.59,1.01144,1.04349,64.41,15.824,3.674,102.296,41597.765,239.425,0.605262,58424.488459038956,172374.94641897787,7496.214330869047,203.51891590774588,600.3947291821156,-350.43198259103247,-4.936194822901861,-14.568793681381717,-1.1660666935094064,-28.93270359310782,71.27461625641935,2.128590278054368,158789.47464040914,0.6052623515047854,3330.47,59127.70501085381,61726.728864913566,182118.4611028478,174.2963533801806
6,Shahab_3,154.0,-0.782,3.59,-0.782,3.59,1.01144,1.04349,64.41,15.824,3.674,102.296,43368.429,241.706,0.62507,58625.547598892124,172968.08159151435,7145.224087754814,198.6076483684369,585.9003434505835,-351.52371697434285,-4.886228566885676,-14.419637209945433,-1.0174361560433294,-29.605829496966788,71.27444349969919,2.0909279588798704,158234.3157163944,0.6250699647191038,3330.47,58920.98304034775,61726.728864913566,182118.4611028478,174.2963533801806
6,Shahab_3,155.0,-0.782,3.59,-0.782,3.59,1.01144,1.04349,64.41,15.824,3.674,102.296,45219.928,243.994,0.645644,58821.72057544336,173546.79732441597,6793.216370779031,193.74670770780634,571.5562104823894,-352.466978987049,-4.835529401820684,-14.26825386871062,-0.8691516612135356,-30.2864852292094,71.27431647693787,2.0537467522538897,157681.47930640276,0.6456438280862133,3330.47,58715.12589368693,61726.728864913566,182118.4611028478,174.2963533801806
6,Shahab_3,156.0,-0.782,3.59,-0.782,3.59,1.01144,1.04349,64.41,15.824,3.674,102.296,47155.34,246.288,0.667007,59013.05809224436,174111.2450141215,6440.339447377254,188.9368588246444,557.3646510934533,-353.26221011938935,-4.784033988414967,-14.11445856301851,-0.7214021930860404,-30.974628499727295,71.27424083323045,2.017047466704436,157129.08382052777,0.6670070722661745,3330.47,58509.432931907766,61726.728864913566,182118.4611028478,174.2963533801806
6,Shahab_3,157.0,-0.782,3.59,-0.782,3.59,1.01144,1.04349,64.41,15.824,3.674,102.296,49177.8,248.586,0.689183,59199.61164983162,174661.57847037102,6086.7410492942145,184.17892820207666,543.3281632644982,-353.91003709382517,-4.731683359801363,-13.958083177766989,-0.5743746610463933,-31.670206415057873,71.2742225772663,1.9808313641701798,156575.37968251848,0.6891830109050681,3330.47,58303.25267336328,61726.728864913566,182118.4611028478,174.2963533801806
6,Shahab_3,158.0,-0.782,3.59,-0.782,3.59,1.01144,1.04349,64.41,15.824,3.674,102.296,51290.502,250.888,0.712195,59381.433602703306,175197.95407952587,5732.568187530592,179.47379719989107,529.4494019898576,-354.4112776977273,-4.678426168371101,-13.798980942283695,-0.4282611229331187,-32.37315489881797,71.27426809821122,1.945100111846124,156018.75271139623,0.7121951001636272,3330.47,58095.98405292018,61726.728864913566,182118.4611028478,174.2963533801806
6,Shahab_3,159.0,-0.782,3.59,-0.782,3.59,1.01144,1.04349,64.41,15.824,3.674,102.296,53496.689,253.193,0.736067,59558.577211216034,175720.53095269832,5377.966959068798,174.8223951628964,515.7311587647058,-354.7669430088865,-4.624217924550757,-13.63702576507969,-0.28325566491668064,-33.0833979064495,71.27438418887402,1.9098557291815932,155457.72664560706,0.7360668962997317,3330.47,57887.07736186587,61726.728864913566,182118.4611028478,174.2963533801806
6,Shahab_3,160.0,-0.782,3.59,-0.782,3.59,1.01144,1.04349,64.41,15.824,3.674,102.296,55799.649,255.5,0.760822,59731.096686112476,176229.4710519823,5023.082352382294,170.225692306769,502.17634046025654,-354.9782391405465,-4.569021251642213,-13.472112619813624,-0.13955367505215413,-33.800846675812586,71.27457807140537,1.8751005339874858,154890.96519263473,0.7608220110748557,3330.47,57676.03501111334,61726.728864913566,182118.4611028478,174.2963533801806
6,Shahab_3,161.0,-0.782,3.59,-0.782,3.59,1.01144,1.04349,64.41,15.824,3.674,102.296,58202.714,257.808,0.786484,59899.047225817645,176724.93929522345,4668.058051887255,165.68469256157914,488.78794809408396,-355.04656808374807,-4.512805810428836,-13.304157368040066,0.0026497444751905344,-34.52539897166317,71.27485742490346,1.8408370884260103,154317.27362354728,0.7864840651699949,3330.47,57462.41212495521,61726.728864913566,182118.4611028478,174.2963533801806
6,Shahab_3,162.0,-0.782,3.59,-0.782,3.59,1.01144,1.04349,64.41,15.824,3.674,102.296,60709.251,260.115,0.813077,60062.48504653669,177207.10363944166,4313.036242068309,161.20042626371003,475.5690551711841,-354.9735270441061,-4.455547491331028,-13.13309430924385,0.143164413048885,-35.25693830719968,71.27523041496116,1.8070681430609121,153735.59949598336,0.8130766397908399,3330.47,57245.816810278775,61726.728864913566,182118.4611028478,174.2963533801806
6,Shahab_3,163.0,-0.782,3.59,-0.782,3.59,1.01144,1.04349,64.41,15.824,3.674,102.296,63322.658,262.422,0.840623,60221.46740580975,177676.1351447843,3958.1574063374787,156.77394507800878,462.52279239309485,-354.7609258799978,-4.39724295765603,-12.958919571103705,0.2817445291947498,-35.99533426085107,71.27570571660748,1.7737966299104586,153145.04124518807,0.8406232271173141,3330.47,57025.91335557043,61726.728864913566,182118.4611028478,174.2963533801806
6,Shahab_3,164.0,-0.782,3.59,-0.782,3.59,1.01144,1.04349,64.41,15.824,3.674,102.296,66046.359,264.727,0.869147,60376.05261763787,178132.20801362666,3603.5601348287855,152.40630761795634,449.6523058803969,-354.4107260385359,-4.337850520219517,-12.781514634674,0.41834020077880557,-36.74043842509164,71.27629257426231,1.7410254557551934,152544.82163297798,0.8691471788420047,3330.47,56802.41234422912,61726.728864913566,182118.4611028478,174.2963533801806
6,Shahab_3,165.0,-0.782,3.59,-0.782,3.59,1.01144,1.04349,64.41,15.824,3.674,102.296,68883.794,267.029,0.898672,60526.30006045724,178575.49960861288,3249.3809427048,148.0985842841998,436.96077024099736,-353.92513590428126,-4.277419682148639,-12.601032698185218,0.5525522357494977,-37.49208923037163,71.27700079399585,1.7087577046259332,151934.33063372836,0.8986716528354577,3330.47,56575.0866238238,61726.728864913566,182118.4611028478,174.2963533801806
6,Shahab_3,166.0,-0.782,3.59,-0.782,3.59,1.01144,1.04349,64.41,15.824,3.674,102.296,71838.417,269.328,0.92922,60672.27017648561,179006.19044510624,2895.754080023955,143.85183238078096,424.45131681493825,-353.3064635797476,-4.215899011885799,-12.417326552318922,0.6844289965207557,-38.25010329477633,71.27784084725293,1.6769962065690958,151313.05716176884,0.9292195597628978,3330.47,56343.74588373835,61726.728864913566,182118.4611028478,174.2963533801806
6,Shahab_3,167.0,-0.782,3.59,-0.782,3.59,1.01144,1.04349,64.41,15.824,3.674,102.296,74913.684,271.622,0.960814,60814.02446793271,179424.46417447377,2542.8113656819023,139.66711021223296,412.1270734087065,-352.5572657458011,-4.153344921444614,-12.230568649440336,0.8136181177796643,-39.014282976984866,71.27882383950617,1.645743907070566,150680.66012801707,0.9608135072855447,3330.47,56108.26311420284,61726.728864913566,182118.4611028478,174.2963533801806
6,Shahab_3,168.0,-0.782,3.59,-0.782,3.59,1.01144,1.04349,64.41,15.824,3.674,102.296,78113.052,273.911,0.993476,60951.62548528079,179830.50754357092,2190.6819754648523,135.54545638343112,399.99110425251143,-351.6802678579892,-4.0897520068035575,-12.040748553700903,0.9400463323368354,-39.78441256151737,71.27996159316395,1.6150035888150565,150036.9254673559,0.9934757483700003,3330.47,55868.55860477592,61726.728864913566,182118.4611028478,174.2963533801806
6,Shahab_3,169.0,-0.782,3.59,-0.782,3.59,1.01144,1.04349,64.41,15.824,3.674,102.296,81439.968,276.193,1.027228,61085.136807766794,180224.51033151316,1839.4922604129922,131.48788912390305,388.04640751974614,-350.6784112162316,-4.02521414613733,-11.848148793083789,1.0633056568528005,-40.56026092849504,71.2812666718108,1.5847779665741912,149381.78835635903,1.0272281278113806,3330.47,55624.60821745707,61726.728864913566,182118.4611028478,174.2963533801806
6,Shahab_3,170.0,-0.782,3.59,-0.782,3.59,1.01144,1.04349,64.41,15.824,3.674,102.296,84897.861,278.469,1.062092,61214.623015090474,180606.6652608019,1489.365594055704,127.49538878111424,376.29586534636485,-349.55464833621863,-3.9595752144648255,-11.652314253915538,1.183912630802261,-41.34156748678338,71.2827525027893,1.5550691914041574,148715.24326412525,1.0620920269891199,3330.47,55376.40989273006,61726.728864913566,182118.4611028478,174.2963533801806
6,Shahab_3,171.0,-0.782,3.59,-0.782,3.59,1.01144,1.04349,64.41,15.824,3.674,102.296,88490.136,280.737,1.098088,61340.149648029066,180977.16787666938,1140.4223422939117,123.5689089431309,364.74227482468484,-348.3121616873759,-3.893185737961727,-11.454284191357495,1.3006148171938305,-42.12805642045226,71.28443334839369,1.5258793481113981,148037.43642542823,1.098088296871153,3330.47,55124.018083363764,61726.728864913566,182118.4611028478,174.2963533801806
6,Shahab_3,172.0,-0.782,3.59,-0.782,3.59,1.01144,1.04349,64.41,15.824,3.674,102.296,92220.167,282.997,1.135237,61461.78312827324,181336.21630404118,792.7795150795873,119.709360138594,353.38830003992325,-346.95438656966945,-3.8257554122458095,-11.25320775672968,1.4144429514119992,-42.91944141677291,71.28632436040847,1.497210415762971,147348.66494156106,1.1352372245512463,3330.47,54867.543419597714,61726.728864913566,182118.4611028478,174.2963533801806
6,Shahab_3,173.0,-0.782,3.59,-0.782,3.59,1.01144,1.04349,64.41,15.824,3.674,102.296,96091.282,285.247,1.173558,61579.59001195485,181684.00904860138,446.55110993736395,115.9176221010446,342.2365107247295,-345.4846843839904,-3.757600297712441,-11.050021954792454,1.524357918076626,-43.71539498808999,71.28844175445377,1.4690637246738005,146649.26452606358,1.1735584285025098,3330.47,54607.11090953587,61726.728864913566,182118.4611028478,174.2963533801806
6,Shahab_3,174.0,-0.782,3.59,-0.782,3.59,1.01144,1.04349,64.41,15.824,3.674,102.296,100106.711,287.488,1.21307,61693.62768047448,182020.71762396893,101.85209241005646,112.1947095460274,331.28987447894326,-343.90640640427046,-3.6885787069812936,-10.844314380630923,1.6308741626207233,-44.51550951042743,71.2908030222883,1.441441157021244,145939.78973420407,1.213070320769292,3330.47,54342.92705036823,61726.728864913566,182118.4611028478,174.2963533801806
6,Shahab_3,174.3,-0.782,3.59,-0.782,3.59,1.01144,1.04349,64.41,15.824,3.674,102.296,101325.0,288.15,1.225012,61726.728864913566,182118.4611028478,-2.9465511353493623e-06,111.10437416903252,328.0844312374791,-343.4189042107833,-3.6680078734700894,-10.783016671334124,1.6616697685586765,-44.75351431222121,71.29155177548033,1.4333545711438052,145727.5325507124,1.2250122663379601,3330.47,54263.889820977856,61726.728864913566,182118.4611028478,174.2963533801806
7,Shahab_3,1.0,5.788,-1.424,5.788,-1.424,0.9156,0.97808,61.633,255.775,5.961,346.175,101209.815,288.088,1.223884,-5.01719255041469,-1.2719072581229056,9.577217620589808,-10.208039452413864,-2.5890211999330197,19.113822532007948,-14.094460819926745,-3.6045616428679566,17.135799950371194,61.14631684281138,-165.76840622370108,0.06412884347383718,291.4345306361137,1.2238840920007366,14703.58,98.23714379110866,-82200.51572811323,-14759.238749364757,83.79454967995366
7,Shahab_3,2.0,5.788,-1.424,5.788,-1.424,0.9156,0.97808,61.633,255.775,5.961,346.175,100876.884,287.907,1.220622,-22.27634763501071,-5.656576731685255,37.320536524868366,-24.36474191557004,-6.174527880712352,36.40728918261572,-14.384349448941563,-3.556114322519718,17.3639084493311,55.37948960455006,-165.7794473419656,0.1300055473072285,1194.5351297054347,1.2206221760445026,14535.91,402.65550909244945,-82200.51572811323,-14759.238749364757,83.79454967995366
7,Shahab_3,3.0,5.788,-1.424,5.788,-1.424,0.9156,0.97808,61.633,255.775,5.961,346.175,100338.561,287.615,1.215345,-54.017087471685414,-13.588336262602846,82.37366519916937,-39.36602447523769,-9.665934276001083,53.62341595128153,-15.897195178691723,-3.421467923360642,16.89437432001452,52.91340931252822,-166.20451437209346,0.19753282489076657,2745.8188609813665,1.215344590255104,14368.24,925.5643169043852,-82200.51572811323,-14759.238749364757,83.79454967995366
7,Shahab_3,4.0,5.788,-1.424,5.788,-1.424,0.9156,0.97808,61.633,255.775,5.961,346.175,99604.552,287.213,1.208142,-101.82002082101923,-24.94892823556627,144.19508709301098,-56.80952225503937,-13.047285218519042,69.69354134001411,-19.301646797612754,-3.379173423867804,14.926904851619872,50.09240814962357,-167.0653455643519,0.2669868268873224,4986.4505551185,1.2081419008314351,14200.57,1680.8394637424215,-82200.51572811323,-14759.238749364757,83.79454967995366
7,Shahab_3,5.0,5.788,-1.424,5.788,-1.424,0.9156,0.97808,61.633,255.775,5.961,346.175,98702.592,286.715,1.199281,-169.0088684044052,-39.71883421857669,220.78895048601765,-78.29386738322488,-16.54382271314969,82.87744617487533,-23.594344613449277,-3.689130232270192,11.279007815952424,46.003988181700365,-168.068670930121,0.33854088603404303,7958.604837081913,1.1992805379784464,14032.9,2682.697228947195,-82200.51572811323,-14759.238749364757,83.79454967995366
7,Shahab_3,6.0,5.788,-1.424,5.788,-1.424,0.9156,0.97808,61.633,255.775,5.961,346.175,97676.811,286.143,1.189188,-259.616999951611,-58.21310147545575,308.7529248150292,-103.30834424944725,-20.562305057722334,92.62499932903718,-25.884378023407542,-4.3832185271356465,8.797438769429816,41.326423590732226,-168.7430658654546,0.412186113383021,11698.528777703572,1.1891883138234967,13865.23,3943.3558239350214,-82200.51572811323,-14759.238749364757,83.79454967995366
7,Shahab_3,7.0,5.788,-1.424,5.788,-1.424,0.9156,0.97808,61.633,255.775,5.961,346.175,96556.537,285.512,1.178149,-375.829424055089,-81.06901537302437,405.8815663931242,-128.97868075288892,-25.222218781739986,101.8743604861263,-25.14187732959055,-4.8050470858839,10.133614570997393,37.78182592292875,-168.93524852931154,0.488636582427906,16287.932907244573,1.1781487136940503,13697.56,5490.358344210013,-82200.51572811323,-14759.238749364757,83.79454967995366
7,Shahab_3,8.0,5.788,-1.424,5.788,-1.424,0.9156,0.97808,61.633,255.775,5.961,346.175,95335.915,284.815,1.166099,-517.3011202284188,-108.65909730112969,513.001738599738,-154.05250867683839,-29.90644036716807,112.33732772007566,-25.711499864244473,-4.528449879295984,9.888562558557094,35.596986912892206,-169.01373884326125,0.5671256674881258,21716.403040407575,1.1660988951467048,13529.88,7320.194362177029,-82200.51572811323,-14759.238749364757,83.79454967995366
7,Shahab_3,9.0,5.788,-1.424,5.788,-1.424,0.9156,0.97808,61.633,255.775,5.961,346.175,94024.3,284.057,1.153126,-684.7082058025752,-140.83651529389945,629.6468330802334,-181.21525269732487,-34.499756207839674,120.33339332411099,-28.266855502964052,-4.827007189717403,6.450575733679252,33.11718930322895,-169.2210216773061,0.6472181288571209,27968.672982486954,1.153125593730689,13362.21,9427.717928379887,-82200.51572811323,-14759.238749364757,83.79454967995366
7,Shahab_3,10.0,5.788,-1.424,5.788,-1.424,0.9156,0.97808,61.633,255.775,5.961,346.175,92653.182,283.253,1.139535,-880.007120589424,-177.84442077853532,753.336326086559,-209.22868108793895,-39.5654405273546,127.35966537365158,-27.563422985521587,-5.100208849599228,7.974930872184161,30.8840772106173,-169.2917321304717,0.7291155308316479,35076.34966055394,1.1395353175187617,13194.54,11823.583148331461,-82200.51572811323,-14759.238749364757,83.79454967995366
7,Shahab_3,11.0,5.788,-1.424,5.788,-1.424,0.9156,0.97808,61.633,255.775,5.961,346.175,91221.879,282.401,1.125317,-1103.2267092833074,-219.90356123919062,884.4233331092292,-237.565360778109,-44.533534380168554,134.28130780906105,-29.426332521708538,-5.025244000797556,5.193674136917336,29.054900689401897,-169.38266781055637,0.8125170693061479,43016.368172843875,1.1253169262641882,13026.87,14500.015273904828,-82200.51572811323,-14759.238749364757,83.79454967995366
7,Shahab_3,12.0,5.788,-1.424,5.788,-1.424,0.9156,0.97808,61.633,255.775,5.961,346.175,89750.755,281.511,1.110669,-1355.5188572295485,-267.04042036450295,1021.3185132031077,-266.91077206760326,-49.78658941914856,139.77134346117703,-29.067109825997317,-5.268140533878205,6.227990713966933,27.238698078063766,-169.4341009718664,0.8973805650844634,51788.311038293294,1.110668681685963,12859.2,17456.87358002129,-82200.51572811323,-14759.238749364757,83.79454967995366
7,Shahab_3,13.0,5.788,-1.424,5.788,-1.424,0.9156,0.97808,61.633,255.775,5.961,346.175,88244.921,280.585,1.095638,-1637.2184673055556,-319.4251610814923,1163.787359152299,-296.7592768694494,-55.00351042827834,144.68447315843338,-30.40135278883857,-5.381257569596147,3.93808380829439,25.61229179127764,-169.49954651488522,0.9835481519829085,61369.457459142955,1.0956381045973504,12691.53,20686.49930959515,-82200.51572811323,-14759.238749364757,83.79454967995366
7,Shahab_3,14.0,5.788,-1.424,5.788,-1.424,0.9156,0.97808,61.633,255.775,5.961,346.175,86718.61,279.63,1.080364,-1949.0858404416201,-377.1441222396212,1310.6964479659682,-327.0003678198067,-60.4097544089254,149.15477553131103,-30.652853814258318,-5.314555992890851,3.803491244309219,24.15816605152995,-169.53323618965365,1.0709745488135953,71750.09215102516,1.0803643885412366,12523.86,24185.617621497197,-82200.51572811323,-14759.238749364757,83.79454967995366
7,Shahab_3,15.0,5.788,-1.424,5.788,-1.424,0.9156,0.97808,61.633,255.775,5.961,346.175,85179.184,278.65,1.064919,-2291.5379520356532,-440.2688223461064,1461.51064452063,-357.89175373581514,-65.88420664653263,152.54913972280636,-30.828013184257777,-5.507907842531494,3.72087166580146,22.743423146945258,-169.56921716220214,1.1595253075065959,82903.1365533036,1.0649190489950986,12356.18,27945.10083806658,-82200.51572811323,-14759.238749364757,83.79454967995366
7,Shahab_3,16.0,5.788,-1.424,5.788,-1.424,0.9156,0.97808,61.633,255.775,5.961,346.175,83634.839,277.649,1.049383,-2665.0167602788,-508.89467742429537,1615.5707186545687,-389.1831882721059,-71.39913472375903,155.33136366117137,-31.415802543860636,-5.6360630258237965,2.6084648122028904,21.43346955749891,-169.60417969800895,1.2491200404557041,94806.06955804313,1.0493826690804975,12188.51,31957.357513932267,-82200.51572811323,-14759.238749364757,83.79454967995366
7,Shahab_3,17.0,5.788,-1.424,5.788,-1.424,0.9156,0.97808,61.633,255.775,5.961,346.175,82093.729,276.631,1.033836,-3069.946656635102,-583.0931155918843,1772.170408025176,-420.79068467706577,-76.99039709780966,157.62787487831042,-31.923485605974953,-5.639269499970278,1.6021625606460368,20.22794724522828,-169.6315046179331,1.3396811158279,107435.67745431395,1.0338362427809076,12020.84,36214.562740173686,-82200.51572811323,-14759.238749364757,83.79454967995366
7,Shahab_3,18.0,5.788,-1.424,5.788,-1.424,0.9156,0.97808,61.633,255.775,5.961,346.175,80562.813,275.601,1.01835,-3506.6881080471308,-662.9211373641812,1930.6723955425364,-452.73545579896796,-82.65721389766495,159.30910819503936,-32.193961669640395,-5.648453051682659,1.1331056485833952,19.093770030313316,-169.65330205253483,1.4311264180745766,120766.579164957,1.018349523912174,11853.17,40708.161029144925,-82200.51572811323,-14759.238749364757,83.79454967995366
7,Shahab_3,19.0,5.788,-1.424,5.788,-1.424,0.9156,0.97808,61.633,255.775,5.961,346.175,79048.063,274.562,1.002983,-3975.549850973987,-748.4333243145804,2090.4932953380685,-485.0005182847922,-88.37673011256683,160.33540166201564,-32.38243987175505,-5.7065378286624,0.8113398277881688,18.016218211764947,-169.6728766972412,1.523375429695075,134772.5275987904,1.0029830129365915,11685.5,45429.304976027815,-82200.51572811323,-14759.238749364757,83.79454967995366
7,Shahab_3,20.0,5.788,-1.424,5.788,-1.424,0.9156,0.97808,61.633,255.775,5.961,346.175,77554.896,273.518,0.987792,-4476.806935946915,-839.6803367987319,2251.0630491386833,-517.5353538994101,-94.1357222120335,160.76459205949647,-32.590669863336494,-5.7776545500660585,0.3538955013596129,16.994223052037412,-169.69103999412573,1.616353561714735,149428.0892368671,0.9877922431806654,11517.83,50369.42141602798,-82200.51572811323,-14759.238749364757,83.79454967995366
7,Shahab_3,21.0,5.788,-1.424,5.788,-1.424,0.9156,0.97808,61.633,255.775,5.961,346.175,76088.232,272.473,0.972828,-5010.703248646902,-936.7059424376309,2411.8210630541384,-550.2934732631124,-99.93077821249157,160.6529650262677,-32.812396656394206,-5.832237329441731,-0.2257247234214557,16.026328395459092,-169.70750851725083,1.7099891497010462,164708.80680849717,0.9728283296037217,11350.15,55520.26625942736,-82200.51572811323,-14759.238749364757,83.79454967995366
7,Shahab_3,22.0,5.788,-1.424,5.788,-1.424,0.9156,0.97808,61.633,255.775,5.961,346.175,74652.449,271.431,0.958137,-5577.449993562463,-1039.5470842727843,2572.2244318443622,-583.2405452722589,-105.75964123672986,160.02727829614506,-33.015933409152495,-5.8663443731053215,-0.8317819820051675,15.108161187659867,-169.72217132944235,1.8042122357466313,180591.35142136505,0.9581374112751591,11182.48,60873.975771808866,-82200.51572811323,-14759.238749364757,83.79454967995366
7,Shahab_3,23.0,5.788,-1.424,5.788,-1.424,0.9156,0.97808,61.633,255.775,5.961,346.175,73251.393,270.394,0.943761,-6177.22633358238,-1148.2348565680563,2731.7503682590104,-616.3482538064703,-111.61850087370797,158.8989475690171,-33.18197932811189,-5.887733855675099,-1.3973422699625098,14.23455940589012,-169.73518571389044,1.8989543222729715,197053.8072562382,0.9437607057033636,11014.81,66423.1625393319,-82200.51572811323,-14759.238749364757,83.79454967995366
7,Shahab_3,24.0,5.788,-1.424,5.788,-1.424,0.9156,0.97808,61.633,255.775,5.961,346.175,71888.424,269.366,0.929735,-6810.181078035218,-1262.795206011858,2889.89485724997,-649.5894780987328,-117.50221898357732,157.27788986808775,-33.307950709669484,-5.903227515351071,-1.9065443683787993,13.401022039084069,-169.74681371142876,1.9941480270362255,214075.92834875514,0.9297349290090088,10847.14,72161.00202508307,-82200.51572811323,-14759.238749364757,83.79454967995366
7,Shahab_3,25.0,5.788,-1.424,5.788,-1.424,0.9156,0.97808,61.633,255.775,5.961,346.175,70566.471,268.35,0.916093,-7476.434087195409,-1383.249173109228,3046.1712294641266,-682.9371454329561,-123.40506181816906,155.17616003618994,-33.40065226635918,-5.915573639158355,-2.3795645553034324,12.603886820819492,-169.75731918430694,2.0897267707790137,231639.35469132685,0.9160927184314486,10679.47,78081.30541299586,-82200.51572811323,-14759.238749364757,83.79454967995366
7,Shahab_3,26.0,5.788,-1.424,5.788,-1.424,0.9156,0.97808,61.633,255.775,5.961,346.175,69288.077,267.349,0.902863,-8176.077670198609,-1509.6129687711252,3200.10793401137,-716.364385275117,-129.32175950746773,152.60719684804332,-33.4642946182083,-5.925985090901138,-2.8300892718128448,11.840103584639444,-169.76688657044883,2.1856247822350046,249727.87745002023,0.9028631142393027,10511.8,84178.60900751477,-82200.51572811323,-14759.238749364757,83.79454967995366
7,Shahab_3,27.0,5.788,-1.424,5.788,-1.424,0.9156,0.97808,61.633,255.775,5.961,346.175,68055.446,266.367,0.890072,-8909.177283326551,-1641.8981207194756,3351.247697285168,-749.8439672263836,-135.24768345504165,149.5873010711904,-33.50038615729786,-5.932704337452391,-3.260553939777385,11.107235551515153,-169.77561727138402,2.2817761487553456,268327.4286768229,0.8900719075627104,10344.13,90448.1707657915,-82200.51572811323,-14759.238749364757,83.79454967995366
7,Shahab_3,28.0,5.788,-1.424,5.788,-1.424,0.9156,0.97808,61.633,255.775,5.961,346.175,66870.471,265.406,0.877742,-9675.771975267011,-1780.111474054467,3499.1473122767447,-783.3496038324923,-141.17815014159896,146.1308218655695,-33.510317307805565,-5.935026436097133,-3.6754335111287086,10.402996572973683,-169.78361291859744,2.3781150978683194,287426.28844855947,0.8777419277061701,10176.45,96886.04012034976,-82200.51572811323,-14759.238749364757,83.79454967995366
7,Shahab_3,29.0,5.788,-1.424,5.788,-1.424,0.9156,0.97808,61.633,255.775,5.961,346.175,65734.774,264.468,0.865893,-10475.874709486909,-1924.2552760485444,3643.3769937470524,-816.8551730760357,-147.108490964959,142.2515130449892,-33.495585493085414,-5.932082388633593,-4.081926366850305,9.725331493176583,-169.79096071830887,2.4745749092523397,307014.948553371,0.8658933593960146,10008.78,103489.01203034025,-82200.51572811323,-14759.238749364757,83.79454967995366
7,Shahab_3,30.0,5.788,-1.424,5.788,-1.424,0.9156,0.97808,61.633,255.775,5.961,346.175,64649.738,263.557,0.854544,-11309.472567034063,-2074.327153675807,3783.5195659157503,-850.3349132105753,-153.03416349165897,137.9610483121499,-33.455096426785616,-5.925082756322108,-4.476556531874347,9.072281494427232,-169.79773108385328,2.5710879765230534,327086.2131292568,0.8545440632822136,9841.11,110254.6609049158,-82200.51572811323,-14759.238749364757,83.79454967995366
7,Shahab_3,31.0,5.788,-1.424,5.788,-1.424,0.9156,0.97808,61.633,255.775,5.961,346.175,63616.541,262.675,0.84371,-12176.526551084908,-2230.3202090351574,3919.1703744659007,-883.7625158927617,-158.95054623615064,133.27266123830438,-33.38974450246027,-5.912171976781676,-4.86549799544261,8.442208314066999,-169.80398327599718,2.667585050835546,347635.0520273337,0.8437098268004843,9673.44,117181.29117472145,-82200.51572811323,-14759.238749364757,83.79454967995366
7,Shahab_3,32.0,5.788,-1.424,5.788,-1.424,0.9156,0.97808,61.633,255.775,5.961,346.175,62636.18,261.825,0.833405,-13076.971427204895,-2392.22288430414,4049.936741694643,-917.1117060640189,-164.85276891554514,128.1973479614888,-33.30010011801852,-5.892901156691189,-5.257477011405434,7.833508418566659,-169.8097839053351,2.7639950539059623,368658.5759511181,0.833404642837712,9505.77,124267.92891181017,-82200.51572811323,-14759.238749364757,83.79454967995366
7,Shahab_3,33.0,5.788,-1.424,5.788,-1.424,0.9156,0.97808,61.633,255.775,5.961,346.175,61709.509,261.01,0.823641,-14010.71532386253,-2560.0188595847967,4175.437086709014,-950.3555832455874,-170.7362404302854,122.74552390383192,-33.18291869083584,-5.869460014568072,-5.63928137942453,7.244711082217108,-169.81516780571127,2.8602444455087275,390155.8858743315,0.8236410028882982,9338.1,131514.27107119412,-82200.51572811323,-14759.238749364757,83.79454967995366
7,Shahab_3,34.0,5.788,-1.424,5.788,-1.424,0.9156,0.97808,61.633,255.775,5.961,346.175,60837.256,260.231,0.81443,-14977.638953045458,-2733.6869987084087,4295.301413313564,-983.4668433774848,-176.5956363790476,116.9253678766782,-33.03759763617813,-5.8441254114354875,-6.016782091511595,6.674364544156524,-169.82020273773705,2.9562568641371616,412127.9197244405,0.8144300725332666,9170.43,138920.63381072597,-82200.51572811323,-14759.238749364757,83.79454967995366
7,Shahab_3,35.0,5.788,-1.424,5.788,-1.424,0.9156,0.97808,61.633,255.775,5.961,346.175,60020.06,259.49,0.805782,-15977.595018202841,-2913.201215950049,4409.169446868425,-1016.4158559161963,-182.42742438521444,110.75295019626965,-32.856529260021624,-5.817686587307357,-6.332823195497472,6.121598003243352,-169.82482724245267,3.0519523994705877,434577.2593808486,0.8057820390891274,9002.75,146487.88743378967,-82200.51572811323,-14759.238749364757,83.79454967995366
7,Shahab_3,36.0,5.788,-1.424,5.788,-1.424,0.9156,0.97808,61.633,255.775,5.961,346.175,59258.466,258.791,0.797706,-17010.406638887805,-3098.5305183142304,4516.694470818258,-1049.1729472346674,-188.22514009689533,104.24063736381864,-32.651850221207084,-5.777948710283792,-6.686235941946165,5.585408546993056,-169.82914246796742,3.1472473030516643,457507.8076635561,0.7977060159659985,8835.08,154217.3475082032,-82200.51572811323,-14759.238749364757,83.79454967995366
7,Shahab_3,37.0,5.788,-1.424,5.788,-1.424,0.9156,0.97808,61.633,255.775,5.961,346.175,58552.982,258.136,0.790211,-18075.86697527723,-3289.6381550701503,4617.537663963566,-1081.7078098271677,-193.9831587436192,97.39228544568758,-32.4143300264204,-5.734884391556543,-7.025017385436492,5.064431778764797,-169.83318853085007,3.24205354994014,480924.77944834775,0.7902106600641383,8667.41,162110.7718713142,-82200.51572811323,-14759.238749364757,83.79454967995366
7,Shahab_3,38.0,5.788,-1.424,5.788,-1.424,0.9156,0.97808,61.633,255.775,5.961,346.175,57904.083,257.526,0.783304,-19173.737232002,-3486.481926735368,4711.371238546156,-1113.9877624334451,-199.69583097258945,90.21815902924003,-32.1410649720536,-5.689354953871069,-7.334224743094682,4.557750356349631,-169.83698100293375,3.336277997106921,504834.20280124166,0.7833041109577703,8499.74,170170.19247172837,-82200.51572811323,-14759.238749364757,83.79454967995366
7,Shahab_3,39.0,5.788,-1.424,5.788,-1.424,0.9156,0.97808,61.633,255.775,5.961,346.175,57312.226,256.964,0.776994,-20303.745246396207,-3689.0137683289595,4797.877619290209,-1145.977359862475,-205.35859347086688,82.74049325684311,-31.829637569917015,-5.639194104596441,-7.593549667399687,4.065103523826326,-169.84045720198787,3.4298221440153442,529242.7206772238,0.7769942249498036,8332.07,178397.84852565228,-82200.51572811323,-14759.238749364757,83.79454967995366
7,Shahab_3,40.0,5.788,-1.424,5.788,-1.424,0.9156,0.97808,61.633,255.775,5.961,346.175,56777.86,256.451,0.771289,-21465.58345198022,-3897.179608864893,4876.7521464621395,-1177.6413657720623,-210.96349236491469,74.96270807985982,-31.490227968525183,-5.570385817991265,-7.940695306844388,3.5853238742085956,-169.84372284300318,3.522581285356632,554157.0096492716,0.7712885454714627,8164.4,186795.9905812904,-82200.51572811323,-14759.238749364757,83.79454967995366
7,Shahab_3,41.0,5.788,-1.424,5.788,-1.424,0.9156,0.97808,61.633,255.775,5.961,346.175,56301.475,255.99,0.766195,-22658.90746503012,-4110.9183106859455,4947.696758551687,-1208.9425634140475,-216.5026090866244,66.8807852471591,-31.10886428795941,-5.500859121036299,-8.26524480288686,3.1169854046710204,-169.84685466756292,3.614444142768601,579583.758353433,0.7661949214617597,7996.72,195366.87325308303,-82200.51572811323,-14759.238749364757,83.79454967995366
7,Shahab_3,42.0,5.788,-1.424,5.788,-1.424,0.9156,0.97808,61.633,255.775,5.961,346.175,55883.6,255.582,0.761721,-23883.333436071473,-4330.161937442798,5010.423879804876,-1239.8388090349945,-221.97157460148873,58.52288349146453,-30.676103277804344,-5.4384086446558495,-8.4424871310684,2.6602347295445936,-169.84972334671608,3.7052924243660446,605529.1051495576,0.7617213756993074,7829.05,204112.56566762915,-82200.51572811323,-14759.238749364757,83.79454967995366
7,Shahab_3,43.0,5.788,-1.424,5.788,-1.424,0.9156,0.97808,61.633,255.775,5.961,346.175,55524.777,255.23,0.757876,-25138.43536529394,-4554.83579564529,5064.662095605334,-1270.2866714852287,-227.36270390043828,49.91154955145257,-30.21036516934908,-5.344643893245206,-8.752660261633443,2.2149205773971743,-169.8523469457121,3.794999761505246,631997.6733365854,0.7578758547493262,7661.38,213034.62625275739,-82200.51572811323,-14759.238749364757,83.79454967995366
7,Shahab_3,44.0,5.788,-1.424,5.788,-1.424,0.9156,0.97808,61.633,255.775,5.961,346.175,55225.649,254.934,0.754667,-26423.743362880123,-4784.856436899341,5110.1457455161335,-1300.2430953823966,-232.663383396606,41.014420656696196,-29.69511114782744,-5.2531065920643565,-9.054974063917122,1.7784895144092538,-169.85495499986627,3.8834319462706177,658992.8884501909,0.7546671179970739,7493.71,222134.20969264285,-82200.51572811323,-14759.238749364757,83.79454967995366
7,Shahab_3,45.0,5.788,-1.424,5.788,-1.424,0.9156,0.97808,61.633,255.775,5.961,346.175,54986.938,254.697,0.752105,-27738.740359884396,-5020.132458865146,5146.61976385894,-1329.6564880061576,-237.8718817592648,31.89308307576427,-29.123584754327624,-5.162332813217224,-9.189509067413859,1.3525653488532767,-169.8572383720324,3.9704457627031036,686515.9697500906,0.7521045327656076,7326.04,231411.72697699163,-82200.51572811323,-14759.238749364757,83.79454967995366
7,Shahab_3,46.0,5.788,-1.424,5.788,-1.424,0.9156,0.97808,61.633,255.775,5.961,346.175,54809.411,254.52,0.750198,-29082.858944668264,-5260.564086952828,5173.847991778239,-1358.4774268720744,-242.97279926413623,22.522883840986935,-28.50884948521051,-5.038008071823946,-9.555451506157953,0.9350136731515543,-169.85948897709906,4.055888381648732,714564.7400712778,0.7501976345175903,7158.37,240866.44422409334,-82200.51572811323,-14759.238749364757,83.79454967995366
7,Shahab_3,47.0,5.788,-1.424,5.788,-1.424,0.9156,0.97808,61.633,255.775,5.961,346.175,54694.005,254.405,0.748957,-30455.47899276497,-5506.041065653255,5191.595671425852,-1386.6497680453701,-247.96180942113457,12.941558907712812,-27.827457273456872,-4.9346008926933544,-9.619153992597166,0.5263749836139198,-169.8614829998679,4.139597773961283,743134.3954080541,0.7489574942021286,6990.7,250496.742093242,-82200.51572811323,-14759.238749364757,83.79454967995366
7,Shahab_3,48.0,5.788,-1.424,5.788,-1.424,0.9156,0.97808,61.633,255.775,5.961,346.175,54641.693,254.352,0.748395,-31855.92350411483,-5756.444450390955,5199.6529507006635,-1414.1166672271233,-252.8227017704649,3.1329726260742268,-27.09379118827755,-4.794486680040273,-9.94236672338629,0.12495712400081728,-169.8634759406276,4.221400979960537,772214.7892317242,0.7483952097917593,6823.02,260299.20037889015,-82200.51572811323,-14759.238749364757,83.79454967995366
7,Shahab_3,49.0,5.788,-1.424,5.788,-1.424,0.9156,0.97808,61.633,255.775,5.961,346.175,54653.634,254.364,0.748524,-33283.45600336987,-6011.643703946218,5197.81306501719,-1440.8151621596166,-257.55196455230146,-6.8431694437735775,-26.294816940449827,-4.647714707235593,-10.121448885260964,-0.2678789008495909,-169.8651724261298,4.301114961284129,801791.5645034639,0.7485235678541367,6655.35,270268.97959106957,-82200.51572811323,-14759.238749364757,83.79454967995366
7,Shahab_3,50.0,5.788,-1.424,5.788,-1.424,0.9156,0.97808,61.633,255.775,5.961,346.175,54731.09,254.442,0.749356,-34737.276579735524,-6271.497355483445,5185.888531384375,-1466.681376188512,-262.1314270575629,-17.024061229429442,-25.42617158284059,-4.514375049846551,-10.160634669775197,-0.6546413203480062,-169.86684698500588,4.3785457389599225,831844.022570927,0.7493560468427927,6487.68,280399.10260019184,-82200.51572811323,-14759.238749364757,83.79454967995366
7,Shahab_3,51.0,5.788,-1.424,5.788,-1.424,0.9156,0.97808,61.633,255.775,5.961,346.175,54875.452,254.586,0.750907,-36216.5184336667,-6535.852619712248,5163.708755202833,-1491.646193431764,-266.55071968071377,-27.37137113822153,-24.489579813807342,-4.343393706136126,-10.391707988992302,-1.0348575246735077,-169.86842982281303,4.453488013436085,862344.3023659283,0.7509071164874063,6320.01,290680.17795989837,-82200.51572811323,-14759.238749364757,83.79454967995366
7,Shahab_3,52.0,5.788,-1.424,5.788,-1.424,0.9156,0.97808,61.633,255.775,5.961,346.175,55088.286,254.798,0.753193,-37720.244386268285,-6804.543647557886,5131.114887187897,-1515.6372746019167,-270.79930069584856,-37.85620732603956,-23.478590933726398,-4.151886568097238,-10.628044656437138,-1.4084884878903756,-169.8698409944415,4.525725668856373,893257.0874310065,0.7531927270053632,6152.34,301100.3011511803,-82200.51572811323,-14759.238749364757,83.79454967995366
7,Shahab_3,53.0,5.788,-1.424,5.788,-1.424,0.9156,0.97808,61.633,255.775,5.961,346.175,55371.313,255.078,0.75623,-39247.44317646738,-7077.391570916112,5087.966269644394,-1538.578946172477,-274.86271244594474,-48.47111845291945,-22.389602544225998,-3.953929917428761,-10.782848339045252,-1.776334667632847,-169.8711250827392,4.595031649023952,924538.095531569,0.7562299867057255,5984.67,311644.54545880726,-82200.51572811323,-14759.238749364757,83.79454967995366
7,Shahab_3,54.0,5.788,-1.424,5.788,-1.424,0.9156,0.97808,61.633,255.775,5.961,346.175,55726.41,255.428,0.760037,-40797.02603722083,-7354.203922922785,5034.141174302062,-1560.3918726798704,-278.72606369218346,-59.203333812056144,-21.21945866824158,-3.747702142335739,-10.886892767955606,-2.139010804800511,-169.87231589573474,4.661167980847573,956132.9379570932,0.7600372327461473,5817.0,322294.5774630417,-82200.51572811323,-14759.238749364757,83.79454967995366
7,Shahab_3,55.0,5.788,-1.424,5.788,-1.424,0.9156,0.97808,61.633,255.775,5.961,346.175,56155.628,255.848,0.764634,-42367.823313429224,-7634.773893078068,4969.536734747671,-1580.993581443865,-282.3750245781957,-70.03157560003774,-19.966462994126825,-3.5371777468383763,-10.898702609839162,-2.496850566130118,-169.87340578623792,4.723886963842582,987976.4419531308,0.7646341535775826,5649.32,333028.4286441063,-82200.51572811323,-14759.238749364757,83.79454967995366
7,Shahab_3,56.0,5.788,-1.424,5.788,-1.424,0.9156,0.97808,61.633,255.775,5.961,346.175,56661.196,256.339,0.770042,-43958.581346289604,-7918.879862420899,4894.070857861119,-1600.2988761763463,-285.7961649731426,-80.92128517105479,-18.630885103909645,-3.3168665692745227,-10.805293577205964,-2.8497607668954847,-169.87433919427104,4.782931142905488,1019991.236749787,0.770041764949007,5481.65,343820.0187587619,-82200.51572811323,-14759.238749364757,83.79454967995366
7,Shahab_3,57.0,5.788,-1.424,5.788,-1.424,0.9156,0.97808,61.633,255.775,5.961,346.175,57245.509,256.9,0.776282,-45567.959835485526,-8206.28504974327,4807.685129304404,-1618.2199649919041,-288.9724473492996,-91.85410539045719,-17.196682382893528,-3.034790934668533,-11.031766533721006,-3.1982749902086076,-169.8751706286252,4.838035091037029,1052086.907162547,0.776282302587603,5313.98,354638.8705349338,-82200.51572811323,-14759.238749364757,83.79454967995366
7,Shahab_3,58.0,5.788,-1.424,5.788,-1.424,0.9156,0.97808,61.633,255.775,5.961,346.175,57911.179,257.533,0.78338,-47194.52921586205,-8496.736231467037,4710.339442388283,-1634.665586204066,-291.88583990155655,-102.83416599523956,-15.681755618346036,-2.7929397666085185,-10.87792497195965,-3.5437370966608883,-169.87596452191286,4.88892692520235,1084159.822937611,0.7833797024716959,5146.31,365450.05214720854,-82200.51572811323,-14759.238749364757,83.79454967995366
7,Shahab_3,59.0,5.788,-1.424,5.788,-1.424,0.9156,0.97808,61.633,255.775,5.961,346.175,58660.967,258.237,0.791359,-48836.76921495596,-8789.964923822185,4602.023685406832,-1649.545589045507,-294.5232521956178,-113.80089932079834,-14.06115608382096,-2.4797923316633557,-11.068978256262204,-3.8852872532722147,-169.87662295292668,4.935329281943809,1116091.047129453,0.7913588330020431,4978.64,376213.47216992633,-82200.51572811323,-14759.238749364757,83.79454967995366
7,Shahab_3,60.0,5.788,-1.424,5.788,-1.424,0.9156,0.97808,61.633,255.775,5.961,346.175,59497.85,259.012,0.800246,-50493.06764039666,-9085.68569317183,4482.74900393603,-1662.7674863941731,-296.86838912586137,-124.7367282666988,-12.3573978564491,-2.1770384548706767,-11.012188873205464,-4.223612129608404,-169.87714415614982,4.976962901313073,1147747.4213035123,0.8002461919404532,4810.97,386884.2453787646,-82200.51572811323,-14759.238749364757,83.79454967995366
7,Shahab_3,61.0,5.788,-1.424,5.788,-1.424,0.9156,0.97808,61.633,255.775,5.961,346.175,60424.971,259.858,0.810069,-52161.72014318696,-9383.597156505295,4352.556716357526,-1674.2385635152973,-298.9020135224069,-135.63133697865663,-10.559728130075715,-1.859841793535467,-10.96134872932741,-4.559676460557367,-169.87762196591106,5.01354834194788,1178980.1322608402,0.8100692938552027,4643.29,397412.2096203531,-82200.51572811323,-14759.238749364757,83.79454967995366
7,Shahab_3,62.0,5.788,-1.424,5.788,-1.424,0.9156,0.97808,61.633,255.775,5.961,346.175,61445.662,260.775,0.820857,-53840.93116133417,-9683.38159578405,4211.515045920872,-1683.868976079637,-300.6105342847513,-146.44025397164654,-8.68247776349152,-1.5510494882246306,-10.712011611606783,-4.893329451268917,-169.8779780317006,5.044809640512495,1209625.5108487466,0.8208569285918065,4475.62,407742.195076442,-82200.51572811323,-14759.238749364757,83.79454967995366
7,Shahab_3,63.0,5.788,-1.424,5.788,-1.424,0.9156,0.97808,61.633,255.775,5.961,346.175,62563.419,261.762,0.832639,-55528.81582841429,-9984.705710458875,4059.723487979965,-1691.572083441503,-301.9798570940227,-157.1194240670435,-6.711376026162117,-1.1837369454426987,-10.624592146129043,-5.224486538181406,-169.87817053444002,5.070478500975769,1239505.4761189027,0.832638821829836,4307.95,417814.17398131214,-82200.51572811323,-14759.238749364757,83.79454967995366
7,Shahab_3,64.0,5.788,-1.424,5.788,-1.424,0.9156,0.97808,61.633,255.775,5.961,346.175,63781.911,262.817,0.845446,-57223.40366725497,-10287.220747543619,3897.3110232495405,-1697.262235227922,-302.9915518406003,-167.66790934813423,-4.670480444715584,-0.8490691735355614,-10.297297332973532,-5.554537379031857,-169.87830507638003,5.090298204511998,1268428.7822883774,0.84544572993975,4140.28,427563.6809490799,-82200.51572811323,-14759.238749364757,83.79454967995366
7,Shahab_3,65.0,5.788,-1.424,5.788,-1.424,0.9156,0.97808,61.633,255.775,5.961,346.175,65104.956,263.941,0.859309,-58922.64321116187,-10590.563901920441,3724.4396205823477,-1700.8632152469168,-303.6334801937799,-178.034143820295,-2.5249920356573123,-0.4307616760742367,-10.374284133031546,-5.8832092344132345,-169.87833480847553,5.104028831820616,1296192.6279566728,0.8593090914017045,3972.61,436922.3554107414,-82200.51572811323,-14759.238749364757,83.79454967995366
7,Shahab_3,66.0,5.788,-1.424,5.788,-1.424,0.9156,0.97808,61.633,255.775,5.961,346.175,66536.526,265.132,0.874261,-60624.409164883815,-10894.358946616248,3541.3013793071923,-1702.3039322661236,-303.8931921667814,-188.19683604802765,-0.3497094578430036,-0.08157361335140614,-9.928429054565612,-6.21125858963991,-169.87825264024963,5.1114529364902985,1322585.661844434,0.8742611400029421,3804.94,445818.9547926209,-82200.51572811323,-14759.238749364757,83.79454967995366
7,Shahab_3,67.0,5.788,-1.424,5.788,-1.424,0.9156,0.97808,61.633,255.775,5.961,346.175,68080.709,266.387,0.890334,-62326.51057789555,-11198.21831356213,3348.1227446849393,-1701.5247900330996,-303.75982973286904,-198.11481264269057,1.9026729952760881,0.3335492716263891,-9.758210081306482,-6.538792903388612,-169.8780656822883,5.112380605903628,1347390.3080133053,0.8903344115375048,3637.27,454180.1383046101,-82200.51572811323,-14759.238749364757,83.79454967995366
7,Shahab_3,68.0,5.788,-1.424,5.788,-1.424,0.9156,0.97808,61.633,255.775,5.961,346.175,69741.707,267.706,0.907562,-64026.701027933064,-11501.744439685226,3145.161757646525,-1698.477011638116,-303.22534526540034,-207.75862368057045,4.1951340406640485,0.7375296342697881,-9.495324375391437,-6.866304015174521,-169.87775146853562,5.106657542905479,1370388.0498272863,0.907561764849996,3469.59,461932.2480649725,-82200.51572811323,-14759.238749364757,83.79454967995366
7,Shahab_3,69.0,5.788,-1.424,5.788,-1.424,0.9156,0.97808,61.633,255.775,5.961,346.175,71523.784,269.087,0.925976,-65722.66386117385,-11804.527272748612,2932.71235688384,-1693.1254954897283,-302.28312580247245,-217.0962670084994,6.509945989402569,1.1471851341362005,-9.175392395875294,-7.194183774208104,-169.87731939891663,5.094168228449187,1391361.8414422516,0.9259757647947735,3301.92,469002.1219684761,-82200.51572811323,-14759.238749364757,83.79454967995366
7,Shahab_3,70.0,5.788,-1.424,5.788,-1.424,0.9156,0.97808,61.633,255.775,5.961,346.175,73431.43,270.528,0.94561,-67412.14174268449,-12106.167261372222,2711.0811088921355,-1685.449946761513,-300.92953629306146,-226.09877392747342,81.80309395819253,14.480868002943573,0.927156067936562,-7.522893897186748,-169.87676695897133,5.074841796699248,1410104.095744881,0.945610433353777,3134.25,475319.78627159825,-82200.51572811323,-14759.238749364757,83.79454967995366
7,Shahab_3,71.0,5.788,-1.424,5.788,-1.424,0.9156,0.97808,61.633,255.775,5.961,346.175,75388.652,271.968,0.965675,-69026.72012949393,-12394.548787097001,2489.595382461165,-1547.1131008220125,-276.4366271807661,-217.19377393508924,128.4021962347362,22.733886326353772,7.969093858426063,-7.8683094619315215,-169.86935533495299,4.662217583405342,1215374.693138023,0.9656754944767908,3134.25,409680.13717959693,-82200.51572811323,-14759.238749364757,83.79454967995366
7,Shahab_3,72.0,5.788,-1.424,5.788,-1.424,0.9156,0.97808,61.633,255.775,5.961,346.175,77324.524,273.355,0.985445,-70512.55145836712,-12660.13536636667,2276.111343262547,-1427.3454412471401,-255.23157059628957,-210.03734928367007,111.70330603753142,19.77718056226588,6.398149355418651,-8.242238209137907,-169.86177361737955,4.305374837096727,1057664.8731836758,0.9854446633714333,3134.25,356519.0988280036,-82200.51572811323,-14759.238749364757,83.79454967995366
7,Shahab_3,73.0,5.788,-1.424,5.788,-1.424,0.9156,0.97808,61.633,255.775,5.961,346.175,79249.638,274.701,1.00503,-71886.4285023491,-12905.900327759244,2069.0493279701573,-1322.7159879815576,-236.7068922183394,-204.30317214385414,97.99962364225614,17.3507929153345,5.11258132404941,-8.645151354112881,-169.85402127504202,3.9940394695417294,928320.2426205175,1.0050304348734642,3134.25,312919.4366894558,-82200.51572811323,-14759.238749364757,83.79454967995366
7,Shahab_3,74.0,5.788,-1.424,5.788,-1.424,0.9156,0.97808,61.633,255.775,5.961,346.175,81173.218,276.014,1.02453,-73162.13141788644,-13134.283599086732,1867.116537275308,-1230.5731437728325,-220.3931115669068,-199.73845459206294,86.62652662167228,15.337049264949789,4.049474524224796,-9.077492369961602,-169.8460965133909,3.720273343939368,821047.1725101802,1.0245295907908796,3134.25,276759.6858516221,-82200.51572811323,-14759.238749364757,83.79454967995366
7,Shahab_3,75.0,5.788,-1.424,5.788,-1.424,0.9156,0.97808,61.633,255.775,5.961,346.175,83103.363,277.3,1.044026,-74351.04990462663,-13347.301863617258,1669.248228242257,-1148.8491847876671,-205.92412546265516,-196.1457194152214,77.0934415546965,13.649091202021786,3.162188218014826,-9.539647071956225,-169.83799758767745,3.477888291160051,731200.5558326218,1.0440260940002446,3134.25,246474.067388934,-82200.51572811323,-14759.238749364757,83.79454967995366
7,Shahab_3,76.0,5.788,-1.424,5.788,-1.424,0.9156,0.97808,61.633,255.775,5.961,346.175,85047.339,278.565,1.063594,-75462.75339894682,-13546.649515455918,1474.5536805152246,-1075.8962472449496,-193.00816883479686,-193.36722713298434,69.03031893991971,12.221399622940233,2.4162787179987193,-10.031986491213216,-169.8297213872198,3.261954569419099,655278.2055876713,1.0635943088881525,3134.25,220882.05939423037,-82200.51572811323,-14759.238749364757,83.79454967995366
7,Shahab_3,77.0,5.788,-1.424,5.788,-1.424,0.9156,0.97808,61.633,255.775,5.961,346.175,87011.721,279.815,1.083301,-76505.32729401175,-13733.758189049722,1282.2846321325208,-1010.3919803049587,-181.411110727555,-191.27553912369567,62.155086419746176,11.004032889146147,1.7843322490937032,-10.554814560611227,-169.82126418713142,3.068517734968313,590609.1375538034,1.0833006005391714,3134.25,199083.32291158507,-82200.51572811323,-14759.238749364757,83.79454967995366
7,Shahab_3,78.0,5.788,-1.424,5.788,-1.424,0.9156,0.97808,61.633,255.775,5.961,346.175,89002.528,281.053,1.103205,-77485.66413355304,-13909.848316676951,1091.807932352667,-951.2624504895306,-170.94280321215015,-189.767208025057,56.249371590984936,9.958326208003228,1.2463554781801334,-11.108419903145244,-169.81262154888816,2.8943680370939457,535127.8955304594,1.103204897403212,3134.25,180381.63118528156,-82200.51572811323,-14759.238749364757,83.79454967995366
7,Shahab_3,79.0,5.788,-1.424,5.788,-1.424,0.9156,0.97808,61.633,255.775,5.961,346.175,91025.339,282.283,1.123362,-78409.68514586201,-14075.968351601776,902.5840456525582,-897.6265996662991,-161.44724796971133,-188.75696747036454,51.14235322004228,9.054035417609095,0.7858531426630045,-11.693050277657735,-169.80378824061415,2.7368736545329666,487217.7663711906,1.123361966239823,3134.25,164232.02037218856,-82200.51572811323,-14759.238749364757,83.79454967995366
7,Shahab_3,80.0,5.788,-1.424,5.788,-1.424,0.9156,0.97808,61.633,255.775,5.961,346.175,93085.377,283.508,1.143822,-79282.50811013424,-14233.024489740841,714.1513361086252,-848.756021306535,-152.79547424771064,-188.17403485976408,46.69897882546496,8.267249309156446,0.3896481463925481,-12.308910038780185,-169.7947584013746,2.593860144596592,445600.408401801,1.1438223159836245,3134.25,150203.58534041216,-82200.51572811323,-14759.238749364757,83.79454967995366
7,Shahab_3,81.0,5.788,-1.424,5.788,-1.424,0.9156,0.97808,61.633,255.775,5.961,346.175,95187.576,284.73,1.164633,-80108.5850777517,-14381.805054051076,526.1131554791885,-804.0431717436949,-144.87991084377904,-187.9589807620552,42.8109708328554,7.578795073053614,0.048825056107726035,-12.956152430422637,-169.7855254356844,2.4635150603635467,409254.4671793106,1.1646329761826308,3134.25,137952.046559803,-82200.51572811323,-14759.238749364757,83.79454967995366
7,Shahab_3,82.0,5.788,-1.424,5.788,-1.424,0.9156,0.97808,61.633,255.775,5.961,346.175,97336.64,285.952,1.185838,-80891.81074271043,-14522.999682214397,338.1277582156246,-762.9776566253187,-137.61018804537417,-188.0605811685859,39.39140427104915,6.9732838471191885,-0.24575138595466448,-13.634810654654006,-169.77608198542987,2.3443161938428987,377356.36453436926,1.1858381051314764,3134.25,127199.79119268853,-82200.51572811323,-14759.238749364757,83.79454967995366
7,Shahab_3,83.0,5.788,-1.424,5.788,-1.424,0.9156,0.97808,61.633,255.775,5.961,346.175,99537.089,287.176,1.20748,-81635.59976471533,-14657.213017337097,149.89993838844427,-725.1285138080425,-130.9099981201055,-188.43713869003207,36.36976577672588,6.438231460810932,-0.5015124651926054,-14.344987823226077,-169.76642030297916,2.2349804090722336,349237.696610507,1.20747951426926,3134.25,117721.51276761093,-82200.51572811323,-14759.238749364757,83.79454967995366
7,Shahab_3,83.79,5.788,-1.424,5.788,-1.424,0.9156,0.97808,61.633,255.775,5.961,346.175,101325.0,288.15,1.225012,-82200.51572811323,-14759.238749364757,3.0932359605093974e-06,-697.100068302905,-125.948406767798,-188.90759221779393,34.212924532758535,6.0563072284774595,-0.6787493850870263,-14.931757853875947,-169.75858155992213,2.154399846521481,329220.56705779483,1.2250122656261413,3134.25,110974.11179950011,-82200.51572811323,-14759.238749364757,83.79454967995366
8,Shahab_3,1.0,-18.867,-2.196,-18.867,-2.196,1.07263,0.97201,66.852,0.152,18.994,186.639,101205.768,288.086,1.223844,0.011047238506683444,4.241179850919898,9.91384542858598,0.01323351628157596,8.623177456318604,19.823448698119506,-0.24115662019242978,12.115152328799455,18.514417631102916,66.49098424045278,89.91207138671875,0.06352565864198777,285.9686868982653,1.2238444579733723,14613.57,112.92795496281464,59941.02773346658,94949.34364263638,124.9597132818697
8,Shahab_3,2.0,-18.867,-2.196,-18.867,-2.196,1.07263,0.97201,66.852,0.152,18.994,186.639,100856.114,287.896,1.220419,-0.021334856205526262,18.92227984909546,39.05438665411585,0.08692181371768799,20.775133151399004,38.50017233094087,0.7725497879587918,12.297645850415925,18.779765083145303,61.64798146382574,89.76027956223635,0.12855680207805653,1167.86555636321,1.2204186236836079,14446.94,461.1856996725158,59941.02773346658,94949.34364263638,124.9597132818697
8,Shahab_3,3.0,-18.867,-2.196,-18.867,-2.196,1.07263,0.97201,66.852,0.152,18.994,186.639,100284.37,287.585,1.214813,0.9516975072006768,45.95735824682509,86.92233860187781,2.483433920510102,33.44286995937803,57.16834468947091,4.51882195071194,13.192311544388277,18.349645167349937,59.60411193855922,85.75306796160201,0.1947643162577172,2668.2231470069446,1.2148130921733797,14280.3,1053.6712485697246,59941.02773346658,94949.34364263638,124.9597132818697
8,Shahab_3,4.0,-18.867,-2.196,-18.867,-2.196,1.07263,0.97201,66.852,0.152,18.994,186.639,99500.757,287.156,1.207123,6.652434578330172,86.27135459448941,152.9738942733804,9.939857788448188,47.50209091923247,74.54122232043521,10.5837657591604,15.088638701930194,15.984019084040039,56.933401206652206,78.18133159470398,0.2613794252056716,4775.162304535567,1.2071227581768917,14113.67,1885.6935684659882,59941.02773346658,94949.34364263638,124.9597132818697
8,Shahab_3,5.0,-18.867,-2.196,-18.867,-2.196,1.07263,0.97201,66.852,0.152,18.994,186.639,98537.869,286.623,1.197661,22.83231486281525,141.73695604343834,234.85270397948676,23.224665319284103,63.87103944431776,88.5418156697474,15.322045000538793,17.730070876440198,12.028738281462552,52.491069931589394,70.01781824756857,0.3279984290928813,7460.558027281103,1.1976609310411428,13947.04,2946.1462023707195,59941.02773346658,94949.34364263638,124.9597132818697
8,Shahab_3,6.0,-18.867,-2.196,-18.867,-2.196,1.07263,0.97201,66.852,0.152,18.994,186.639,97442.185,286.011,1.186878,53.83868942971637,214.9328097582479,329.00264475033737,38.64130291660662,82.9496426405907,99.54816301838748,14.478333627084027,20.256059157084614,10.794651862513582,47.40960453421548,65.02198956548207,0.39734638486280954,10850.2170548324,1.1868777586504613,13780.41,4284.709756844043,59941.02773346658,94949.34364263638,124.9597132818697
8,Shahab_3,7.0,-18.867,-2.196,-18.867,-2.196,1.07263,0.97201,66.852,0.152,18.994,186.639,96231.444,285.327,1.174942,99.04290039894866,308.1831722649664,434.2783663172741,51.13070862254416,103.60378351216445,111.39326558392166,10.888791200927518,20.60543640950357,12.986073621053626,43.954654133232026,63.73266401543183,0.4716088224067534,15131.223191784882,1.1749416334703098,13613.78,5975.262920104506,59941.02773346658,94949.34364263638,124.9597132818697
8,Shahab_3,8.0,-18.867,-2.196,-18.867,-2.196,1.07263,0.97201,66.852,0.152,18.994,186.639,94892.836,284.561,1.161719,155.78657085887548,421.99052182970036,552.2254051462031,62.880330837863184,123.97607894190523,124.30189195069559,13.857729101338421,20.454962601495836,11.78053766280613,41.8027223490696,63.10600014764044,0.5479884419682146,20199.373700421533,1.1617192995971752,13447.15,7976.656424378969,59941.02773346658,94949.34364263638,124.9597132818697
8,Shahab_3,9.0,-18.867,-2.196,-18.867,-2.196,1.07263,0.97201,66.852,0.152,18.994,186.639,93444.674,283.719,1.147384,226.297705333041,556.4604420357985,681.713807731126,78.48558193267738,145.29787006006833,134.12378218227653,15.771339690548094,22.368739430716055,8.744962894119306,39.082769459641135,61.62340338533634,0.6251704295056356,25965.671161274167,1.1473840138629348,13280.52,10253.74552467273,59941.02773346658,94949.34364263638,124.9597132818697
8,Shahab_3,10.0,-18.867,-2.196,-18.867,-2.196,1.07263,0.97201,66.852,0.152,18.994,186.639,91916.359,282.816,1.13222,312.0379831167462,713.1075072657057,820.5639201339244,92.50523032374407,168.0083628460435,143.98375863444258,13.287314408025091,22.53032163297448,10.781572801888958,36.89666271383453,61.16286509755983,0.7047416449368633,32560.011356331954,1.1322198732905395,13113.89,12857.82557495421,59941.02773346658,94949.34364263638,124.9597132818697
8,Shahab_3,11.0,-18.867,-2.196,-18.867,-2.196,1.07263,0.97201,66.852,0.152,18.994,186.639,90304.953,281.848,1.116191,411.8696156090411,892.3784056970015,969.4860300292108,107.80512618888174,190.67565813551548,153.2311165086315,16.558954001659895,23.34934242686906,7.547392918965141,34.9748313911767,60.51684040570901,0.7855363672508648,39880.9076233232,1.1161910583019081,12947.26,15748.819875390815,59941.02773346658,94949.34364263638,124.9597132818697
8,Shahab_3,12.0,-18.867,-2.196,-18.867,-2.196,1.07263,0.97201,66.852,0.152,18.994,186.639,88634.26,280.826,1.099528,527.4457053588495,1094.9340539163593,1126.7198146011697,122.93668963915233,214.47711093509463,161.58690898629706,14.718663686698946,23.681948948737695,9.030223664823602,33.170096949122744,60.17898496852557,0.8678736911098132,47952.7161485248,1.0995279219417031,12780.63,18936.346592001966,59941.02773346658,94949.34364263638,124.9597132818697
8,Shahab_3,13.0,-18.867,-2.196,-18.867,-2.196,1.07263,0.97201,66.852,0.152,18.994,186.639,86908.467,279.75,1.082266,658.3402523340449,1321.3019454333003,1292.2823423708828,139.1356089817759,238.44192962293448,169.08177741738973,16.080440322048883,24.620001688294987,6.858319436631008,31.486024293655483,59.73558826069873,0.9513113280328809,56711.79918041557,1.082266427027964,12614.0,22395.275416935896,59941.02773346658,94949.34364263638,124.9597132818697
8,Shahab_3,14.0,-18.867,-2.196,-18.867,-2.196,1.07263,0.97201,66.852,0.152,18.994,186.639,85143.061,278.627,1.064556,805.2472641424894,1572.0616231085335,1465.0822304981841,154.86354324296593,263.03028187861605,176.4564685876239,16.86004659205187,24.57620329212022,6.435596427112307,30.032324072121693,59.511828416667335,1.0360519476061807,66164.57491553792,1.0645561204873057,12447.37,26128.140871779367,59941.02773346658,94949.34364263638,124.9597132818697
8,Shahab_3,15.0,-18.867,-2.196,-18.867,-2.196,1.07263,0.97201,66.852,0.152,18.994,186.639,83346.834,277.46,1.046481,968.4340132589142,1847.5723208597449,1644.6158164480435,171.23937058997382,288.0931842538536,182.7730820481751,16.052145353796078,25.120973595976817,6.690404491956561,28.606242207714903,59.27322316771549,1.1217794338152458,76250.03204452895,1.0464805979878948,12280.73,30110.849820774463,59941.02773346658,94949.34364263638,124.9597132818697
8,Shahab_3,16.0,-18.867,-2.196,-18.867,-2.196,1.07263,0.97201,66.852,0.152,18.994,186.639,81528.622,276.253,1.028125,1148.0479565935134,2148.2758836395037,1830.331330086673,188.00842363197546,313.44413603345885,188.46761296330817,16.30713929057887,25.703708086798542,5.740592469318896,27.27722800825693,59.044047535924626,1.2084491770233572,86935.3636143854,1.0281246974864877,12114.1,34330.44692202202,59941.02773346658,94949.34364263638,124.9597132818697
8,Shahab_3,17.0,-18.867,-2.196,-18.867,-2.196,1.07263,0.97201,66.852,0.152,18.994,186.639,79697.676,275.01,1.009578,1344.3604997747464,2474.547046922853,2021.5809602734644,204.83780286851172,339.13300259675344,193.75998930211162,17.09040958430159,25.949915898166065,4.654815203086184,26.061095954903877,58.86784193044452,1.2960208216335285,98187.8871837928,1.0095784102271137,11947.47,38774.02600281878,59941.02773346658,94949.34364263638,124.9597132818697
8,Shahab_3,18.0,-18.867,-2.196,-18.867,-2.196,1.07263,0.97201,66.852,0.152,18.994,186.639,77862.165,273.734,0.990922,1557.619291780986,2826.6979061310817,2217.769283796723,221.7826896099493,365.1704059256804,198.52282471791148,17.428405252565806,26.107435721799067,4.148845873040392,24.922394129637347,58.72800495145942,1.3844075563938765,109966.70482098685,0.9909218089155066,11780.84,43425.4366242952,59941.02773346658,94949.34364263638,124.9597132818697
8,Shahab_3,19.0,-18.867,-2.196,-18.867,-2.196,1.07263,0.97201,66.852,0.152,18.994,186.639,76029.147,272.431,0.972225,1788.0045172830726,3205.0132443801194,2418.361973844443,238.94712241805607,391.4941024864206,202.67635322195258,17.382688267274418,26.355745118495797,3.8982968374657423,23.840344127955834,58.602334954545626,1.473520402726639,122228.5942757814,0.9722246036777841,11614.21,48267.610483010954,59941.02773346658,94949.34364263638,124.9597132818697
8,Shahab_3,20.0,-18.867,-2.196,-18.867,-2.196,1.07263,0.97201,66.852,0.152,18.994,186.639,74205.037,271.102,0.953551,2035.6689714546922,3609.756154812696,2622.8396126224015,256.3202308574106,418.05109833999217,206.2649373988502,17.33485579945444,26.645457988057675,3.530107661886312,22.812970290088927,58.48623322579701,1.5632933508556905,134933.16570650513,0.9535508237110104,11447.58,53284.597782956254,59941.02773346658,94949.34364263638,124.9597132818697
8,Shahab_3,21.0,-18.867,-2.196,-18.867,-2.196,1.07263,0.97201,66.852,0.152,18.994,186.639,72395.715,269.751,0.93496,2300.7589057620676,4041.161878382204,2830.6866629824212,273.8460212238321,444.816558554925,209.3502808791608,17.42029380978231,26.897623570822514,3.0094077973777043,21.840053604670953,58.38196463673569,1.6536706686523888,148041.99885838386,0.934959914013029,11280.95,58461.226510552064,59941.02773346658,94949.34364263638,124.9597132818697
8,Shahab_3,22.0,-18.867,-2.196,-18.867,-2.196,1.07263,0.97201,66.852,0.152,18.994,186.639,70606.465,268.381,0.916506,2583.410318944235,4499.43765769335,3041.400439550685,291.4865720095498,471.7748078562831,211.9627368445777,17.582812396130407,27.09200730841188,2.4443341955814266,20.917777061190456,58.290109758666866,1.7445984844684632,161517.73064088201,0.9165060154503166,11114.32,63782.74212238654,59941.02773346658,94949.34364263638,124.9597132818697
8,Shahab_3,23.0,-18.867,-2.196,-18.867,-2.196,1.07263,0.97201,66.852,0.152,18.994,186.639,68841.959,266.996,0.898238,2883.74385442174,4984.766307626139,3254.496258095778,309.2264305605888,498.9078825942937,214.11211087703347,17.746625619950848,27.244580455094443,1.910808126390213,20.040816015447124,58.20908939489775,1.8360247226113569,175324.34809234427,0.8982377034793276,10947.69,69234.92323584606,59941.02773346658,94949.34364263638,124.9597132818697
8,Shahab_3,24.0,-18.867,-2.196,-18.867,-2.196,1.07263,0.97201,66.852,0.152,18.994,186.639,67106.286,265.598,0.880198,3201.8645512182293,5497.309404982743,3469.5068434908712,327.0581559644778,526.1955764347053,215.8052715375061,17.878469801674136,27.373533235769646,1.426330108050695,19.20439377010196,58.13688053320277,1.927900626363417,189427.79777727358,0.8801982868234037,10781.06,74804.32227779998,59941.02773346658,94949.34364263638,124.9597132818697
8,Shahab_3,25.0,-18.867,-2.196,-18.867,-2.196,1.07263,0.97201,66.852,0.152,18.994,186.639,65403.01,264.191,0.862426,3537.8637603002007,6037.209326842037,3685.980329878739,344.9741394118425,553.6179809616407,217.052322833034,17.976814405774203,27.48806615959314,0.9805462249753488,18.40472801782456,58.07186493307185,2.020181092631877,203796.37990208805,0.8624262333727132,10614.43,80478.42111942527,59941.02773346658,94949.34364263638,124.9597132818697
8,Shahab_3,26.0,-18.867,-2.196,-18.867,-2.196,1.07263,0.97201,66.852,0.152,18.994,186.639,63735.207,262.777,0.844956,3891.820965495542,6604.590680989931,3903.4788368650447,362.9651383870596,581.1569195829206,217.86597284472253,18.050435314826494,27.59073107420695,0.559808548170788,17.638777104287627,58.01290698816215,2.1128245243667783,218400.99882982176,0.8449555427660903,10447.8,86245.7300035162,59941.02773346658,94949.34364263638,124.9597132818697
8,Shahab_3,27.0,-18.867,-2.196,-18.867,-2.196,1.07263,0.97201,66.852,0.152,18.994,186.639,62105.505,261.36,0.827816,4263.805028982765,7199.56160700712,4121.577715444533,381.0213408526433,608.7960567442991,218.25959744545187,18.107271538996255,27.6817280998243,0.1551852947568721,16.903946493427945,57.95918094901539,2.2057924466540215,233215.3014409202,0.8278160615225707,10281.16,92095.84218264016,59941.02773346658,94949.34364263638,124.9597132818697
8,Shahab_3,28.0,-18.867,-2.196,-18.867,-2.196,1.07263,0.97201,66.852,0.152,18.994,186.639,60516.12,259.941,0.811034,4653.875056317743,7822.2149954589595,4339.865068416823,399.13301028001547,636.5205868818788,218.24649185839993,18.152547162763184,27.760795981688553,-0.23796258550325053,16.197958521335014,57.9100522346711,2.2990490082011115,248215.7306796416,0.8110337753931879,10114.53,98019.45506440947,59941.02773346658,94949.34364263638,124.9597132818697
8,Shahab_3,29.0,-18.867,-2.196,-18.867,-2.196,1.07263,0.97201,66.852,0.152,18.994,186.639,58968.889,258.523,0.794631,5062.081121708345,8472.629623503324,4557.941182065069,417.2909943713316,664.3169680734667,217.83920623685077,18.189156122076284,27.82765303332157,-0.6209011874518864,15.51875609158676,57.86499790670519,2.392560640485542,263381.5639048801,0.7946311060387179,9947.9,104008.38535607659,59941.02773346658,94949.34364263638,124.9597132818697
8,Shahab_3,30.0,-18.867,-2.196,-18.867,-2.196,1.07263,0.97201,66.852,0.152,18.994,186.639,57465.306,257.11,0.778627,5488.464940347344,9150.871131408456,4775.418066449759,435.48659191354955,692.1728253042426,217.04948473972192,18.21593852033457,27.882861303711657,-0.9898211698384028,14.86446898357684,57.823590257039825,2.486295750688894,278694.9155252538,0.7786271939473903,9781.27,110055.57010512051,59941.02773346658,94949.34364263638,124.9597132818697
8,Shahab_3,31.0,-18.867,-2.196,-18.867,-2.196,1.07263,0.97201,66.852,0.152,18.994,186.639,56006.55,255.703,0.763038,5933.060187450359,9856.992933721349,4991.9192756915845,453.71190478745706,720.0762680271694,215.8890775715682,18.23625291469512,27.926113603478125,-1.3477112516246939,14.233444872467242,57.785435113997295,2.58022436253373,294140.68552898936,0.7630381544386498,9614.64,116155.04637389246,59941.02773346658,94949.34364263638,124.9597132818697
8,Shahab_3,32.0,-18.867,-2.196,-18.867,-2.196,1.07263,0.97201,66.852,0.152,18.994,186.639,54593.522,254.304,0.747877,6395.893196163952,10591.036910158036,5207.079134278651,471.9597276226082,748.0161108575993,214.3685764421208,18.25070504035541,27.957890502748647,-1.6951161850759373,13.624143687545486,57.750180252441716,2.674317696767476,309706.4787020279,0.7478773688798613,9448.01,122301.91933915082,59941.02773346658,94949.34364263638,124.9597132818697
8,Shahab_3,33.0,-18.867,-2.196,-18.867,-2.196,1.07263,0.97201,66.852,0.152,18.994,186.639,53226.867,252.916,0.733156,6876.9832138446645,11353.034067240977,5420.542391164117,490.22308845752355,775.9817118448524,212.49849304219404,18.262068453424806,27.977356790741826,-2.033631110552745,13.035192228784497,57.717527472802864,2.7685479909122455,325382.5437873186,0.7331557336377215,9281.38,128492.33826629595,59941.02773346658,94949.34364263638,124.9597132818697
8,Shahab_3,34.0,-18.867,-2.196,-18.867,-2.196,1.07263,0.97201,66.852,0.152,18.994,186.639,51907.011,251.542,0.718882,7376.342756323601,12143.004961838986,5631.963821358633,508.4959990496723,803.9624683781394,210.28848110436414,18.273347741344466,27.984595144874767,-2.369819956963935,12.465316031467072,57.68716930019447,2.8628879502465794,341161.60927300935,0.7188819024146201,9114.75,134723.4316627464,59941.02773346658,94949.34364263638,124.9597132818697
8,Shahab_3,35.0,-18.867,-2.196,-18.867,-2.196,1.07263,0.97201,66.852,0.152,18.994,186.639,50634.178,250.183,0.705063,7893.977966944207,12960.959998739585,5841.007660137188,526.7728355703854,831.9482239871746,207.7466519889823,18.281822183168984,27.982261822829447,-2.7073737232043027,11.913288005285615,57.6588341371626,2.957310501011397,357038.77786913136,0.7050625281767458,8948.12,140993.26560718013,59941.02773346658,94949.34364263638,124.9597132818697
8,Shahab_3,36.0,-18.867,-2.196,-18.867,-2.196,1.07263,0.97201,66.852,0.152,18.994,186.639,49408.425,248.842,0.691702,8429.888760853111,13806.899716881639,6047.346918747505,545.0473170518943,859.9294727890484,204.88053313258465,18.27822981252699,27.973755732465722,-3.0364111950745656,11.377979106789274,57.6323354603201,3.0517884801234128,373011.40105936385,0.6917024994961215,8781.49,147300.79421049982,59941.02773346658,94949.34364263638,124.9597132818697
8,Shahab_3,37.0,-18.867,-2.196,-18.867,-2.196,1.07263,0.97201,66.852,0.152,18.994,186.639,48229.657,247.521,0.678805,8984.068635407446,14680.814976130008,6250.663235515944,563.3118165186638,887.8970199380005,201.69978426058765,18.25972839644561,27.958083754349136,-3.3450295504956498,10.85849448067363,57.60758032613427,3.146294303027974,389078.92346154654,0.6788051290973239,8614.86,153645.7981543869,59941.02773346658,94949.34364263638,124.9597132818697
8,Shahab_3,38.0,-18.867,-2.196,-18.867,-2.196,1.07263,0.97201,66.852,0.152,18.994,186.639,47097.65,246.221,0.666372,9556.504635834177,15582.686875076124,6450.646790233735,581.5591353829772,915.8412119860117,198.2140218736713,18.2299001116689,27.932962669927676,-3.6328143012702796,10.354026306838897,57.58445419615507,3.2407993795402406,405242.6541022992,0.6663723285626955,8448.23,160028.7943685121,59941.02773346658,94949.34364263638,124.9597132818697
8,Shahab_3,39.0,-18.867,-2.196,-18.867,-2.196,1.07263,0.97201,66.852,0.152,18.994,186.639,46012.069,244.945,0.654405,10147.177267101244,16512.486620163883,6646.995858427791,599.7822209826478,943.7519769561413,194.43292229418748,18.199523222138343,27.89338338291926,-3.910180101683095,9.863848116414786,57.56283761766114,3.3352738356639153,421505.61911846633,0.6544047951562567,8281.59,166450.97786289206,59941.02773346658,94949.34364263638,124.9597132818697
8,Shahab_3,40.0,-18.867,-2.196,-18.867,-2.196,1.07263,0.97201,66.852,0.152,18.994,186.639,44972.488,243.694,0.642902,10756.060489258738,17470.175126268543,6839.41649883587,617.976386173723,971.6179806346381,190.36240093186026,18.177191786454856,27.837812199408514,-4.200858848285422,9.387114945843667,57.5424913190598,3.429686068777076,437872.3668685417,0.6429021786169423,8114.96,172914.14476712656,59941.02773346658,94949.34364263638,124.9597132818697
8,Shahab_3,41.0,-18.867,-2.196,-18.867,-2.196,1.07263,0.97201,66.852,0.152,18.994,186.639,43978.408,242.47,0.631863,11383.121745881559,18455.702571244088,7027.621585335696,636.1365010873492,999.4277970715981,186.00597488261994,18.152394668087066,27.771825534179893,-4.50552074881627,8.922947285494642,57.523218095439134,3.52400232727314,454348.804764953,0.6318632752034675,7948.33,179420.62789608355,59941.02773346658,94949.34364263638,124.9597132818697
8,Shahab_3,42.0,-18.867,-2.196,-18.867,-2.196,1.07263,0.97201,66.852,0.152,18.994,186.639,43029.272,241.276,0.621286,12028.321416569182,19469.007978666094,7211.33036631839,654.2546663437547,1027.1705274045128,181.36890208130197,18.10641835281944,27.701376727740072,-4.797739912188152,8.470630581880542,57.50496503087803,3.6181866422257656,470942.1103115023,0.6212861770493324,7781.7,185973.2616189204,59941.02773346658,94949.34364263638,124.9597132818697
8,Shahab_3,43.0,-18.867,-2.196,-18.867,-2.196,1.07263,0.97201,66.852,0.152,18.994,186.639,42124.48,240.113,0.611168,12691.61201626659,20510.018701665475,7390.268692927358,672.3198288867533,1054.8353650607648,176.46114462519296,18.0335331849104,27.62463311687221,-5.049642851271414,8.029730423803779,57.48780848714757,3.7122001321666116,487660.45425765845,0.6111683737296033,7615.07,192575.27253375886,59941.02773346658,94949.34364263638,124.9597132818697
8,Shahab_3,44.0,-18.867,-2.196,-18.867,-2.196,1.07263,0.97201,66.852,0.152,18.994,186.639,41263.394,238.983,0.601507,13372.937519032348,21578.649621700846,7564.169405854513,690.3219355645113,1082.4097129571437,171.2927876832281,17.950878562336797,27.53156219134729,-5.27178533884264,7.599852417217117,57.47173601378929,3.806000550749985,504512.7728938709,0.6015068392959853,7448.44,199230.1895479641,59941.02773346658,94949.34364263638,124.9597132818697
8,Shahab_3,45.0,-18.867,-2.196,-18.867,-2.196,1.07263,0.97201,66.852,0.152,18.994,186.639,40445.349,237.887,0.592298,14072.232804499175,22674.802197607,7732.772308507956,708.2545236247815,1109.8776743433762,165.87117215769217,17.8985616216428,27.405850757710073,-5.536786747806002,7.180513016528863,57.45652718462679,3.899541594020691,521508.4901639468,0.5922981368325578,7281.81,205941.7341413715,59941.02773346658,94949.34364263638,124.9597132818697
8,Shahab_3,46.0,-18.867,-2.196,-18.867,-2.196,1.07263,0.97201,66.852,0.152,18.994,186.639,39669.678,236.827,0.583539,14789.424561387037,23798.3626693092,7895.821804423064,726.1135057496388,1137.2222052186462,160.18970141248556,17.83170275262973,27.272158171041312,-5.832710046273677,6.770674313547178,57.44187151264474,3.992772728131693,538657.4895383845,0.5835386403732863,7115.18,212713.809259172,59941.02773346658,94949.34364263638,124.9597132818697
8,Shahab_3,47.0,-18.867,-2.196,-18.867,-2.196,1.07263,0.97201,66.852,0.152,18.994,186.639,38935.716,235.805,0.575225,15524.429206013849,24949.201685249365,8053.066541547882,743.8814898704084,1164.4306033478274,154.25758657427903,17.706929964126115,27.141583481940845,-6.05128169491278,6.370041518280055,57.42804939204625,4.0856391909171235,555970.0539233759,0.575224633203698,6948.55,219550.47558220432,59941.02773346658,94949.34364263638,124.9597132818697
8,Shahab_3,48.0,-18.867,-2.196,-18.867,-2.196,1.07263,0.97201,66.852,0.152,18.994,186.639,38242.794,234.822,0.567352,16277.15034919731,26127.173470294518,8204.263032605155,761.5427685844011,1191.4857852667776,148.09431427736084,17.60165139305139,26.971178409892186,-6.256700143036307,5.97875395093795,57.41516203881317,4.178080698983305,573456.2489009732,0.5673521943553291,6781.92,226455.7079708246,59941.02773346658,94949.34364263638,124.9597132818697
8,Shahab_3,49.0,-18.867,-2.196,-18.867,-2.196,1.07263,0.97201,66.852,0.152,18.994,186.639,37590.255,233.88,0.559917,17047.480509125242,27332.112865777373,8349.173724435219,779.0967467667472,1218.362414299803,141.68972865067633,17.51072417556886,26.77415576981677,-6.553732531012452,5.595754943653755,57.402620902569026,4.270030637967253,591125.6887446021,0.5599173798431925,6615.29,233433.303065316,59941.02773346658,94949.34364263638,124.9597132818697
8,Shahab_3,50.0,-18.867,-2.196,-18.867,-2.196,1.07263,0.97201,66.852,0.152,18.994,186.639,36977.483,232.981,0.552917,17835.300254922862,28563.834012970707,8487.56228481184,796.5205156212555,1245.045222910241,135.04866965840145,17.331082820870208,26.589615318520757,-6.725233570436076,5.220648864959817,57.39082724038266,4.361417115982835,608987.9833924329,0.5529165295644045,6448.66,240487.0557939858,59941.02773346658,94949.34364263638,124.9597132818697
8,Shahab_3,51.0,-18.867,-2.196,-18.867,-2.196,1.07263,0.97201,66.852,0.152,18.994,186.639,36403.863,232.125,0.546346,18640.472557996985,29822.13040221334,8619.20260039272,813.7996521652288,1271.5086301904698,128.19419095678845,17.227415417994578,26.3321182524078,-6.993665176085346,4.853754266173754,57.379665931430864,4.452160553515692,627051.488328133,0.5463458714167341,6282.03,247620.26570579346,59941.02773346658,94949.34364263638,124.9597132818697
8,Shahab_3,52.0,-18.867,-2.196,-18.867,-2.196,1.07263,0.97201,66.852,0.152,18.994,186.639,35868.837,231.315,0.540202,19462.848491839573,31106.769299242616,8743.869491505946,830.9228753813603,1297.7269357724676,121.10449787749155,17.013369924214715,26.1003023859228,-7.169371332649136,4.493683679697508,57.36893032660859,4.542174220369001,645323.8392643558,0.540202052854116,6115.39,254835.94811484197,59941.02773346658,94949.34364263638,124.9597132818697
8,Shahab_3,53.0,-18.867,-2.196,-18.867,-2.196,1.07263,0.97201,66.852,0.152,18.994,186.639,35371.866,230.551,0.534482,20302.258502384902,32417.493548485578,8861.346190178845,847.8691972391849,1323.672092016326,113.8100762792204,16.869760934413428,25.790931791073433,-7.4410018861124465,4.1410524057165095,57.358681795325595,4.631363183458501,663811.1155410826,0.5344818229441315,5948.76,262136.50372954123,59941.02773346658,94949.34364263638,124.9597132818697
8,Shahab_3,54.0,-18.867,-2.196,-18.867,-2.196,1.07263,0.97201,66.852,0.152,18.994,186.639,34912.471,229.836,0.529182,21158.51722406365,33754.01570823314,8971.417880917192,864.6128632442857,1349.3195675960928,106.30215851040991,16.64173645110865,25.481459568999245,-7.583490104404021,3.7950103107021027,57.34918792650845,4.719624029576752,682517.9942323054,0.5291824053495349,5782.13,269523.7795087555,59941.02773346658,94949.34364263638,124.9597132818697
8,Shahab_3,55.0,-18.867,-2.196,-18.867,-2.196,1.07263,0.97201,66.852,0.152,18.994,186.639,34490.204,229.17,0.524301,22031.416752668294,35116.01812167167,9073.87890136683,881.1465567514967,1374.6277509802655,98.58409925905292,16.38954742327466,25.14678208076009,-7.810083625342238,3.4551813401985276,57.339828148385855,4.80684334278661,701446.7249399911,0.5243012007140005,5615.5,276998.6638118093,59941.02773346658,94949.34364263638,124.9597132818697
8,Shahab_3,56.0,-18.867,-2.196,-18.867,-2.196,1.07263,0.97201,66.852,0.152,18.994,186.639,34104.678,228.555,0.519836,22920.72745579552,36503.14907266945,9168.526347756282,897.4365434252323,1399.5671126793738,90.6743471436329,16.17580489910096,24.73513430828325,-8.049441115124907,3.12171920482433,57.33101772868458,4.892898146542851,720597.46157767,0.5198361466380065,5448.87,284561.217418575,59941.02773346658,94949.34364263638,124.9597132818697
8,Shahab_3,57.0,-18.867,-2.196,-18.867,-2.196,1.07263,0.97201,66.852,0.152,18.994,186.639,33755.559,227.991,0.515786,23826.196644654545,37915.01916420867,9255.163386738175,913.4579568195121,1424.099666412858,82.57080186072842,15.914359380398945,24.29378231405078,-8.232761802970414,2.7940525346765432,57.32273502720552,4.977654643597031,739967.4968948811,0.5157856063783821,5282.24,292210.371246065,59941.02773346658,94949.34364263638,124.9597132818697
8,Shahab_3,58.0,-18.867,-2.196,-18.867,-2.196,1.07263,0.97201,66.852,0.152,18.994,186.639,33442.569,227.482,0.512148,24747.544674101468,39351.19929699872,9333.599913214663,929.1867972321695,1448.181597343496,74.27777755487308,15.608796948799684,23.81931816256919,-8.404556158055264,2.4718424531342147,57.31483078214935,5.060967222499562,759550.6881765651,0.5121483876852595,5115.61,299943.6995592902,59941.02773346658,94949.34364263638,124.9597132818697
8,Shahab_3,59.0,-18.867,-2.196,-18.867,-2.196,1.07263,0.97201,66.852,0.152,18.994,186.639,33165.491,227.026,0.508924,25684.46353813608,40811.21696018175,9403.65194371239,944.594263780306,1471.7670419314034,65.80288011052805,15.273517487563831,23.298282276632253,-8.59269882165245,2.1548579429691723,57.30726153467939,5.142677943891241,779337.0732346801,0.5089238196292082,4948.98,307757.26832779887,59941.02773346658,94949.34364263638,124.9597132818697
8,Shahab_3,60.0,-18.867,-2.196,-18.867,-2.196,1.07263,0.97201,66.852,0.152,18.994,186.639,32924.17,226.627,0.506112,26636.614805305628,42294.552403092006,9465.141969972976,959.6491580627659,1494.8068883491378,57.150418155737576,14.87470246634006,22.74674524423174,-8.788993782698014,1.8427517517290046,57.29999480756862,5.222616513997439,799312.5402253941,0.5061117833602994,4782.35,315645.50483773206,59941.02773346658,94949.34364263638,124.9597132818697
8,Shahab_3,61.0,-18.867,-2.196,-18.867,-2.196,1.07263,0.97201,66.852,0.152,18.994,186.639,32718.522,226.284,0.503713,27603.626706568564,43800.63517725775,9517.899138792367,974.3089676444866,1517.2532589833638,48.333523560059916,14.410518670640505,22.15581490500284,-8.855306378427557,1.535451907911937,57.293323521740085,5.3005984539931825,819457.9221999248,0.5037127507542741,4615.72,323600.84013336827,59941.02773346658,94949.34364263638,124.9597132818697
8,Shahab_3,62.0,-18.867,-2.196,-18.867,-2.196,1.07263,0.97201,66.852,0.152,18.994,186.639,32548.522,225.999,0.501728,28585.091026480317,45328.84054785918,9561.76216507692,988.54548940827,1539.043438263717,39.367003098546796,14.062183756547284,21.41027144693431,-9.085416484111109,1.232914523450164,57.28689534596539,5.376424922672855,839748.3363344235,0.5017276995317022,4449.09,331613.44808149885,59941.02773346658,94949.34364263638,124.9597132818697
8,Shahab_3,63.0,-18.867,-2.196,-18.867,-2.196,1.07263,0.97201,66.852,0.152,18.994,186.639,32414.225,225.772,0.500158,29580.56304489759,46878.48342376034,9596.575571358668,1002.3137852593106,1560.1201498359885,30.239808433358835,13.48790605667736,20.71800259475617,-9.108673733427862,0.9342688130115919,57.280903527931954,5.449882169890644,860152.8551871465,0.5001583313916246,4282.46,339671.1155521263,59941.02773346658,94949.34364263638,124.9597132818697
8,Shahab_3,64.0,-18.867,-2.196,-18.867,-2.196,1.07263,0.97201,66.852,0.152,18.994,186.639,32315.747,225.606,0.499007,30589.554641899565,48448.81706612244,9622.195405847633,1015.5771525621235,1580.4137971375999,20.973706737452165,12.927270904449298,19.922754900995542,-9.250002001220635,0.6396575153636184,57.275116582858395,5.520741203551392,880633.4900350039,0.49900686066059213,4115.82,347758.84094190475,59941.02773346658,94949.34364263638,124.9597132818697
8,Shahab_3,65.0,-18.867,-2.196,-18.867,-2.196,1.07263,0.97201,66.852,0.152,18.994,186.639,32253.284,225.5,0.498276,31611.534306224796,50039.02620981169,9638.486080158844,1028.2819708850293,1599.8592743379825,11.58514152660706,12.393857813951055,19.00714858882426,-9.357307744223974,0.34901937954152806,57.26981657231765,5.588756274193134,901144.4062418586,0.49827620468157136,3949.19,355858.5243260432,59941.02773346658,94949.34364263638,124.9597132818697
8,Shahab_3,66.0,-18.867,-2.196,-18.867,-2.196,1.07263,0.97201,66.852,0.152,18.994,186.639,32227.102,225.455,0.49797,32645.92354264474,51648.22351193675,9645.323880759805,1040.391812739365,1618.374555541108,2.071649899714783,11.817203841316154,18.009629219236622,-9.680238795854516,0.061694569737417,57.26456906684842,5.6536665508627895,921631.5901081987,0.49796987281964145,3782.56,363948.8358984987,59941.02773346658,94949.34364263638,124.9597132818697
8,Shahab_3,67.0,-18.867,-2.196,-18.867,-2.196,1.07263,0.97201,66.852,0.152,18.994,186.639,32237.547,225.473,0.498092,33692.09334067738,53275.4445514678,9642.595291846868,1051.8376197801788,1635.8910671216747,-7.542588357926817,11.178648788137881,16.935982073807473,-9.74740063260559,-0.2222036969591451,57.25998198941697,5.715192959298581,942031.3185178068,0.4980920880541428,3615.93,372004.61164122337,59941.02773346658,94949.34364263638,124.9597132818697
8,Shahab_3,68.0,-18.867,-2.196,-18.867,-2.196,1.07263,0.97201,66.852,0.152,18.994,186.639,32285.036,225.554,0.498648,34749.3616985407,54919.643557134994,9630.201064201645,1062.5779027708313,1652.317019758591,-17.26043034583509,10.311766403305972,15.88799579253367,-9.770154679667673,-0.5033998950651705,57.25559561082402,5.7730426959845085,962270.6019602286,0.49864764990733346,3449.3,379997.0282720644,59941.02773346658,94949.34364263638,124.9597132818697
8,Shahab_3,69.0,-18.867,-2.196,-18.867,-2.196,1.07263,0.97201,66.852,0.152,18.994,186.639,32370.061,225.698,0.499642,35816.98974574419,56579.68862980425,9608.05548712739,1072.5484617728987,1667.567226398803,-27.04812911010656,9.534033028137976,14.6531344106793,-9.854389343641856,-0.7815803501905089,57.251624025709916,5.82690249404473,982264.280104204,0.4996420104600143,3282.67,387892.4562976758,59941.02773346658,94949.34364263638,124.9597132818697
8,Shahab_3,70.0,-18.867,-2.196,-18.867,-2.196,1.07263,0.97201,66.852,0.152,18.994,186.639,32493.19,225.905,0.501081,36894.17997881222,58254.35706487425,9576.088367028817,1081.6907638747662,1681.5469285596987,-36.89941349456535,-47.48715513292924,-72.61008777011808,-8.019863791078153,-1.0572803050792163,57.247989141530816,5.876444672245641,1001916.058218309,0.5010812264030392,3116.04,395652.869292118,59941.02773346658,94949.34364263638,124.9597132818697
8,Shahab_3,71.0,-18.867,-2.196,-18.867,-2.196,1.07263,0.97201,66.852,0.152,18.994,186.639,32649.714,226.168,0.502909,37942.112093846896,59884.255080173665,9535.625476615247,1015.5013805850534,1580.279090003461,-43.97981623777294,-62.302512291651674,-95.3773108829164,-6.946042341574213,-1.341220253879594,57.274839678080745,5.521456491345505,887750.7435998006,0.5029094931081627,3116.04,350569.41750796855,59941.02773346658,94949.34364263638,124.9597132818697
8,Shahab_3,72.0,-18.867,-2.196,-18.867,-2.196,1.07263,0.97201,66.852,0.152,18.994,186.639,32834.082,226.477,0.505061,38927.60623136264,61418.61972795703,9488.21264855752,956.6006938075625,1490.1541836327463,-50.804565629308094,-55.657398424646196,-85.19483300672364,-6.73921916211891,-1.64339837408856,57.30166880582133,5.205711827103229,792497.8741691067,0.5050611427661468,3116.04,312954.4189365515,59941.02773346658,94949.34364263638,124.9597132818697
8,Shahab_3,73.0,-18.867,-2.196,-18.867,-2.196,1.07263,0.97201,66.852,0.152,18.994,186.639,33045.81,226.828,0.50753,39857.338471866016,62867.66373517007,9434.091206182506,903.8122515662408,1409.3823976313554,-57.403667433954205,-50.0510400306955,-76.60506336340717,-6.51963202925204,-1.9636424387710447,57.32865816984827,4.922921773867769,712198.7090515686,0.5075296395653704,3116.04,281244.5817501782,59941.02773346658,94949.34364263638,124.9597132818697
8,Shahab_3,74.0,-18.867,-2.196,-18.867,-2.196,1.07263,0.97201,66.852,0.152,18.994,186.639,33284.592,227.222,0.51031,40736.936949889336,64239.99675855823,9373.468763331075,856.2041518317318,1336.5362642298849,-63.80855283113737,-45.27504615531614,-69.2939855878083,-6.329234731060884,-2.302066734797583,57.355797322752,4.668082509248648,643880.6871073903,0.5103104349105849,3116.04,254266.05277576146,59941.02773346658,94949.34364263638,124.9597132818697
8,Shahab_3,75.0,-18.867,-2.196,-18.867,-2.196,1.07263,0.97201,66.852,0.152,18.994,186.639,33550.264,227.658,0.513401,41571.21280829665,65542.97848460403,9306.528717509744,813.0236569623889,1270.4616154297814,-70.04509853705683,-41.179737351092946,-63.014183812766866,-6.158583174596816,-2.6588272932162673,57.38305340055743,4.437150797482436,585273.1279721642,0.5134005207987841,3116.04,231122.14890890958,59941.02773346658,94949.34364263638,124.9597132818697
8,Shahab_3,76.0,-18.867,-2.196,-18.867,-2.196,1.07263,0.97201,66.852,0.152,18.994,186.639,33842.804,228.133,0.516798,42364.26853675057,66782.8844599551,9233.429090666448,773.6581249740626,1210.2227672362355,-76.13133048474535,-37.63195443312812,-57.58705842793455,-6.016517990808661,-3.033965736393656,57.41047200588814,4.226845844954014,534623.380082785,0.516798478550622,3116.04,211120.7546633761,59941.02773346658,94949.34364263638,124.9597132818697
8,Shahab_3,77.0,-18.867,-2.196,-18.867,-2.196,1.07263,0.97201,66.852,0.152,18.994,186.639,34162.304,228.647,0.520504,43119.64024157764,67965.12375768127,9154.311280847372,737.6060195909212,1155.052369561116,-82.08277471021673,-34.54286158669489,-52.86180133264698,-5.888553072555858,-3.4275535301588085,57.43806595415896,4.034479659926735,490561.09040776815,0.5205040767805974,3116.04,193720.72279992604,59941.02773346658,94949.34364263638,124.9597132818697
8,Shahab_3,78.0,-18.867,-2.196,-18.867,-2.196,1.07263,0.97201,66.852,0.152,18.994,186.639,34508.949,229.2,0.524518,43840.43818322806,69094.45398252558,9069.304007486897,704.4459848263358,1104.3057711713177,-87.91221057658984,-31.836431670230503,-48.72200193557854,-5.772072881247537,-3.8396872615702904,57.46585249014076,3.8577950479517513,451994.0059808157,0.524518089263226,3116.04,178490.72674527625,59941.02773346658,94949.34364263638,124.9597132818697
8,Shahab_3,79.0,-18.867,-2.196,-18.867,-2.196,1.07263,0.97201,66.852,0.152,18.994,186.639,34883.019,229.79,0.528842,44529.37805433017,70175.0291030687,8978.524032123632,673.8259861437149,1057.4444169318597,-93.63004955634153,-29.451855580733667,-45.074579205739155,-5.664969297247874,-4.270459182132593,57.49384943744293,3.6949072249269874,418048.94915394793,0.5288422656372996,3116.04,165085.9519423677,59941.02773346658,94949.34364263638,124.9597132818697
8,Shahab_3,80.0,-18.867,-2.196,-18.867,-2.196,1.07263,0.97201,66.852,0.152,18.994,186.639,35284.879,230.416,0.533479,45188.84165669998,71210.49229498248,8882.078390858625,645.4507246816981,1014.0165567898931,-99.24474172996611,-27.34009902716178,-41.84452622626317,-5.565549199673191,-4.719944182626594,57.52207335535454,3.5442360675293862,388022.3155112604,0.5334792338846948,3116.04,153228.54766337175,59941.02773346658,94949.34364263638,124.9597132818697
8,Shahab_3,81.0,-18.867,-2.196,-18.867,-2.196,1.07263,0.97201,66.852,0.152,18.994,186.639,35714.969,231.08,0.538432,45820.94470745776,72204.07967500208,8780.066633311835,619.0680132360626,973.6363890052166,-104.76328034222995,-25.46107096683212,-38.97049550671509,-5.472470132817282,-5.188223225914806,57.550542232409605,3.4044329581250503,361338.8536585344,0.5384324023308126,3116.04,142691.34930420795,59941.02773346658,94949.34364263638,124.9597132818697
8,Shahab_3,82.0,-18.867,-2.196,-18.867,-2.196,1.07263,0.97201,66.852,0.152,18.994,186.639,36173.808,231.778,0.543706,46427.5702290613,73158.67137996486,8672.58197412176,594.4619362569097,935.9736068723552,-110.19142160296236,-23.781777354953018,-36.40202457312912,-5.384582860335827,-5.675375302381195,57.57927490336008,3.274344039806479,337525.4911880053,0.5437059136346633,3116.04,133287.54235683478,59941.02773346658,94949.34364263638,124.9597132818697
8,Shahab_3,83.0,-18.867,-2.196,-18.867,-2.196,1.07263,0.97201,66.852,0.152,18.994,186.639,36661.98,232.512,0.549305,47010.39934768081,74076.83868735663,8559.712375963194,571.4469062680732,900.7442992296332,-115.53385160276603,-22.274909543680867,-34.09732303759164,-5.300889895922776,-6.181470366290937,57.60829046533001,3.1529782372571704,316190.6962207678,0.549304602701127,3116.04,124862.51236025267,59941.02773346658,94949.34364263638,124.9597132818697
8,Shahab_3,84.0,-18.867,-2.196,-18.867,-2.196,1.07263,0.97201,66.852,0.152,18.994,186.639,37180.142,233.28,0.555234,47570.94067027571,74960.88895859777,8441.54155823035,549.8622638848309,867.7026984571716,-120.79439992033866,-20.917689274426156,-32.021545632932835,-5.220783970547972,-6.706572335496562,57.63760895147978,3.039478275433599,297007.9058627048,0.5552339583471533,3116.04,117287.30086030575,59941.02773346658,94949.34364263638,124.9597132818697
8,Shahab_3,85.0,-18.867,-2.196,-18.867,-2.196,1.07263,0.97201,66.852,0.152,18.994,186.639,37729.014,234.082,0.5615,48110.55363539845,75812.90136286501,8318.149818783319,529.5681168499755,836.6347955718144,-125.97618509274076,-19.690925119619457,-30.145351188320742,-5.143006952542437,-7.250739869651398,57.667251002509516,2.9330982755632324,279702.89731197496,0.5615000940953924,3116.04,110453.6183077011,59941.02773346658,94949.34364263638,124.9597132818697
8,Shahab_3,86.0,-18.867,-2.196,-18.867,-2.196,1.07263,0.97201,66.852,0.152,18.994,186.639,38309.383,234.918,0.56811,48630.46615312036,76634.75386869766,8189.614642158596,510.4422805163408,807.3537032291299,-131.08157536192238,-18.57861007601991,-28.444149945808675,-5.068576778904577,-7.8140135381946845,57.69723894715149,2.8331873471912408,264044.25153434894,0.5681097296681226,3116.04,104270.07819939722,59941.02773346658,94949.34364263638,124.9597132818697
8,Shahab_3,87.0,-18.867,-2.196,-18.867,-2.196,1.07263,0.97201,66.852,0.152,18.994,186.639,38922.1,235.786,0.57507,49131.791725099356,77428.14940707304,8056.011452785501,492.3775273914699,779.6953100078109,-136.11257106830624,-17.566675957623335,-26.89665247584928,-4.993856877418386,-8.396432030188421,57.72759252308661,2.7391745638801015,249835.5060771135,0.5750701648674232,3116.04,98659.09825443698,59941.02773346658,94949.34364263638,124.9597132818697
8,Shahab_3,88.0,-18.867,-2.196,-18.867,-2.196,1.07263,0.97201,66.852,0.152,18.994,186.639,39568.081,236.687,0.582389,49615.54321361403,78194.6369664625,7917.413749100223,475.27923613824305,753.5150167001751,-141.0707796839068,-16.643816182233163,-25.485239026885225,-4.9219641989548,-8.998025765914742,57.75834001486663,2.650557121145752,236909.03013390535,0.5823892853289985,3116.04,93554.48170017127,59941.02773346658,94949.34364263638,124.9597132818697
8,Shahab_3,89.0,-18.867,-2.196,-18.867,-2.196,1.07263,0.97201,66.852,0.152,18.994,186.639,40248.304,237.62,0.590076,50082.64435251206,78935.62928936083,7773.893917028964,459.06366612233455,728.684671938585,-145.95693352489178,-15.799620710631752,-24.194425567639378,-4.85069334145385,-9.618782584107139,57.78950441440932,2.5668897438346665,225120.96371491931,0.5900755328984361,3116.04,88899.41876967807,59941.02773346658,94949.34364263638,124.9597132818697
8,Shahab_3,90.0,-18.867,-2.196,-18.867,-2.196,1.07263,0.97201,66.852,0.152,18.994,186.639,40963.812,238.584,0.598138,50533.940007187986,79652.4183782904,7625.523571804834,443.65650296671356,705.0905579397689,-150.7719541834932,-15.025646164521842,-23.010714257773873,-4.779379538921989,-10.258706239118004,57.821109947939995,2.487777820594224,214347.49241502982,0.5981378997543665,3116.04,84645.01562175609,59941.02773346658,94949.34364263638,124.9597132818697
8,Shahab_3,91.0,-18.867,-2.196,-18.867,-2.196,1.07263,0.97201,66.852,0.152,18.994,186.639,41715.713,239.58,0.606586,50970.20475372634,80346.18873311616,7472.373639199945,428.99143057994155,682.6312706696303,-155.51612341181772,-14.314339017870974,-21.92284428566646,-4.70875730451615,-10.917762493591864,57.85318499188625,2.4128694820592207,204481.4427889077,0.6065859367085862,3116.04,80748.94986741013,59941.02773346658,94949.34364263638,124.9597132818697
8,Shahab_3,92.0,-18.867,-2.196,-18.867,-2.196,1.07263,0.97201,66.852,0.152,18.994,186.639,42505.18,240.606,0.61543,51392.15051764902,81018.0290417443,7314.514878523476,415.0091941287699,661.216183030763,-160.1895966911768,-13.658991718727293,-20.92090809372698,-4.638349816711669,-11.595906183186582,57.88575832949847,2.3418505078369725,195429.76812196558,0.6154297373709904,3116.04,77174.47771028847,59941.02773346658,94949.34364263638,124.9597132818697
8,Shahab_3,93.0,-18.867,-2.196,-18.867,-2.196,1.07263,0.97201,66.852,0.152,18.994,186.639,43333.45,241.662,0.62468,51800.433060112235,81668.94209375903,7152.018075522238,401.65661651350143,640.7639417055246,-164.79220064582415,-13.054088836382771,-19.99576795679837,-4.566755062528384,-12.293065977800019,57.91885933631362,2.2744389087861108,187111.2993206261,0.6246799395685917,3116.04,73889.54578173983,59941.02773346658,94949.34364263638,124.9597132818697
8,Shahab_3,94.0,-18.867,-2.196,-18.867,-2.196,1.07263,0.97201,66.852,0.152,18.994,186.639,44201.829,242.748,0.634348,52195.65770010544,82299.85352727742,6984.954267919543,388.8858192110696,621.2013666235102,-169.3234839587521,-12.494626807828203,-19.140196907612214,-4.495462860658763,-13.009143347221112,57.952521794457006,2.21038094396914,179454.99229258762,0.6343477246356917,3116.04,70866.09903789616,59941.02773346658,94949.34364263638,124.9597132818697
8,Shahab_3,95.0,-18.867,-2.196,-18.867,-2.196,1.07263,0.97201,66.852,0.152,18.994,186.639,45111.688,243.863,0.644445,52578.38405306103,82911.61907844772,6813.394967959663,376.6537526095376,602.4626026202977,-173.78300461133202,-11.976112308708226,-18.34743580428876,-4.423743598207943,-13.74402654141322,57.98677837428815,2.149448403510742,172398.58078864007,0.6444448162826059,3116.04,68079.54877199112,59941.02773346658,94949.34364263638,124.9597132818697
8,Shahab_3,96.0,-18.867,-2.196,-18.867,-2.196,1.07263,0.97201,66.852,0.152,18.994,186.639,46064.469,245.007,0.654983,52949.130943525735,83505.03215352981,6637.412419383887,364.9213940223219,584.4879554384759,-178.16994092520224,-11.494687012825239,-17.611202144630354,-4.350293599931332,-14.497565471096907,58.02166378246691,2.091434194969169,165887.115490482,0.6549834765833102,3116.04,65508.19570565376,59941.02773346658,94949.34364263638,124.9597132818697
8,Shahab_3,97.0,-18.867,-2.196,-18.867,-2.196,1.07263,0.97201,66.852,0.152,18.994,186.639,47061.681,246.179,0.665977,53308.38030933825,84080.82965625156,6457.079692734089,353.6533157021531,567.2232305535309,-182.48321660937424,-11.046949263659291,-16.92654641157191,-4.276135377830623,-15.269576444902393,58.057214812770205,2.036150039285078,159871.98534305143,0.6659765106452766,3116.04,63132.84351674028,59941.02773346658,94949.34364263638,124.9597132818697
8,Shahab_3,98.0,-18.867,-2.196,-18.867,-2.196,1.07263,0.97201,66.852,0.152,18.994,186.639,48104.904,247.379,0.677437,53656.58019756683,84639.69671901775,6272.470909044953,342.81741430478445,550.6193929390855,-186.72186372093174,-10.629838564037133,-16.288769480942353,-4.200927913566729,-16.059861569275412,58.09347347238995,1.983425405025539,154310.23314128997,0.6774372627965698,3116.04,60936.52856713079,59941.02773346658,94949.34364263638,124.9597132818697
8,Shahab_3,99.0,-18.867,-2.196,-18.867,-2.196,1.07263,0.97201,66.852,0.152,18.994,186.639,49195.791,248.606,0.68938,53994.147870401786,85182.2714097771,6083.661329394334,332.3844512023267,534.6317107376021,-190.8846089595138,-10.240663021912784,-15.69363386524842,-4.124336733855868,-16.86818022266787,58.13048057614807,1.9331043419900562,149163.62713635192,0.6893796198347367,3116.04,58904.15328352585,59941.02773346658,94949.34364263638,124.9597132818697
8,Shahab_3,100.0,-18.867,-2.196,-18.867,-2.196,1.07263,0.97201,66.852,0.152,18.994,186.639,50336.065,249.86,0.701818,54321.4728336325,85709.1493538109,5890.727538084387,322.3277330971303,519.2193804648167,-194.9700578545679,-9.876953790017597,-15.13747587907161,-4.046314752652382,-17.694259569256428,58.16828105191588,1.8850441340765993,144398.09213740748,0.7018180073872045,3116.04,57022.26150169601,59941.02773346658,94949.34364263638,124.9597132818697
8,Shahab_3,101.0,-18.867,-2.196,-18.867,-2.196,1.07263,0.97201,66.852,0.152,18.994,186.639,51527.524,251.141,0.714767,54638.91902684031,86220.88709011857,5693.747572939388,312.62287888535803,504.34512903876197,-198.97670344558816,-9.536548686192122,-14.616953472328612,-3.9667331105805035,-18.537792471163772,58.20692212469766,1.8391139084675079,139983.19101132412,0.7147673880906804,3116.04,55278.83371266333,59941.02773346658,94949.34364263638,124.9597132818697
8,Shahab_3,102.0,-18.867,-2.196,-18.867,-2.196,1.07263,0.97201,66.852,0.152,18.994,186.639,52772.04,252.447,0.728243,54946.82698474163,86718.00538216798,5492.801040650967,303.2475766732891,489.9748524669287,-202.90292162900127,-9.217479871758657,-14.12908135109449,-3.885477776409351,-19.39843519313613,58.246454021965825,1.7951933122749468,135891.6648309775,0.7282432592306293,3116.04,53663.10546900518,59941.02773346658,94949.34364263638,124.9597132818697
8,Shahab_3,103.0,-18.867,-2.196,-18.867,-2.196,1.07263,0.97201,66.852,0.152,18.994,186.639,54071.558,253.778,0.742262,55245.5158692006,87200.99234068047,5287.969228928146,294.181332313807,476.07730187877587,-206.74696592523574,-8.918185280017592,-13.670993770710538,-3.802361263712039,-20.27580577012593,58.28693421826015,1.7531712950618246,132099.02954979337,0.742261648923213,3116.04,52165.40811315338,59941.02773346658,94949.34364263638,124.9597132818697
8,Shahab_3,104.0,-18.867,-2.196,-18.867,-2.196,1.07263,0.97201,66.852,0.152,18.994,186.639,55428.101,255.134,0.756839,55535.28522745922,87670.30613024005,5079.335211090989,285.4054295778358,462.6237544100008,-210.50703177756836,-8.63655430308285,-13.240668552765175,-3.7174648439459124,-21.169487278842965,58.32841272214395,1.712945243614965,128583.25938815004,0.7568391109260533,3116.04,50777.043747879674,59941.02773346658,94949.34364263638,124.9597132818697
8,Shahab_3,105.0,-18.867,-2.196,-18.867,-2.196,1.07263,0.97201,66.852,0.152,18.994,186.639,56843.767,256.515,0.771993,55816.41663768915,88126.3773551527,4866.983919978454,276.90260217760914,449.5878313507797,-214.18119066026534,-8.371707864433798,-12.835465634399526,-3.6305592325876392,-22.079021843789008,58.3709497847904,1.6744199226635517,125324.46882739548,0.7719927195557537,3116.04,49490.15965693353,59941.02773346658,94949.34364263638,124.9597132818697
8,Shahab_3,106.0,-18.867,-2.196,-18.867,-2.196,1.07263,0.97201,66.852,0.152,18.994,186.639,58320.73,257.918,0.78774,56089.175133412224,88569.61133727501,4651.00225750178,268.6569742347012,436.9452513725384,-217.76744007419956,-8.12199332104668,-12.453624315188895,-3.5416180166166704,-23.003913595217124,58.414607644216545,1.6375067757275308,122304.67154820476,0.787740059880415,3116.04,48297.65311070947,59941.02773346658,94949.34364263638,124.9597132818697
8,Shahab_3,107.0,-18.867,-2.196,-18.867,-2.196,1.07263,0.97201,66.852,0.152,18.994,186.639,59861.241,259.345,0.804099,56353.81048047085,89000.39008960631,4431.479170868473,260.65387215544155,424.6736780706138,-221.26368447183606,-7.886384013168884,-12.093148180151562,-3.4504591412330585,-23.943626152725624,58.459459055528654,1.602123196655413,119507.55440011363,0.8040992177105122,3116.04,47193.08210766911,59941.02773346658,94949.34364263638,124.9597132818697
8,Shahab_3,108.0,-18.867,-2.196,-18.867,-2.196,1.07263,0.97201,66.852,0.152,18.994,186.639,61467.627,260.795,0.821089,56610.55833504462,89419.0741841117,4208.50573399134,252.87975665984456,412.75252452972046,-224.66778249256976,-7.663786148003693,-11.752493859135095,-3.357264546247897,-24.897586604407095,58.50558262738661,1.568191956087543,116918.29048233732,0.8210887664872359,3116.04,46170.591560662106,59941.02773346658,94949.34364263638,124.9597132818697
8,Shahab_3,109.0,-18.867,-2.196,-18.867,-2.196,1.07263,0.97201,66.852,0.152,18.994,186.639,63142.29,262.266,0.838728,56859.641402670124,89826.00438133506,3982.1751962650214,245.3222459291108,401.16274269675415,-227.9775172987274,-7.453040548677666,-11.430128330220828,-3.2617711528935733,-25.86518193880471,58.55304686862654,1.535640639923944,114523.3677328873,0.8387277536754948,3116.04,45224.84560741538,59941.02773346658,94949.34364263638,124.9597132818697
8,Shahab_3,110.0,-18.867,-2.196,-18.867,-2.196,1.07263,0.97201,66.852,0.152,18.994,186.639,64887.709,263.758,0.857036,57101.27044567641,90221.50317326427,3752.583027158297,237.96981083021234,389.88681473103566,-231.19066795463155,-7.253437333820374,-11.124579349643387,-3.1640552751654125,-26.845766320280294,58.60193974848462,1.5044012216513765,112310.44872136498,0.8570356844488354,3116.04,44350.9722432367,59941.02773346658,94949.34364263638,124.9597132818697
8,Shahab_3,111.0,-18.867,-2.196,-18.867,-2.196,1.07263,0.97201,66.852,0.152,18.994,186.639,66706.438,265.271,0.876033,57335.645164352645,90605.8762034786,3519.8269553398454,230.81184751464713,378.9085393607793,-234.30493515102023,-7.063946383975479,-10.834621671097771,-3.063985626380402,-27.83865420711138,58.652348325867735,1.4744095203037682,110268.22280811527,0.8760325025149629,3116.04,43544.50493922238,59941.02773346658,94949.34364263638,124.9597132818697
8,Shahab_3,112.0,-18.867,-2.196,-18.867,-2.196,1.07263,0.97201,66.852,0.152,18.994,186.639,68601.101,266.804,0.895739,57562.95506658276,90979.41353880972,3284.0070285044267,223.83856184927492,368.2129493790337,-237.31798507047543,-6.883899097206382,-10.55902348906627,-2.961593636117937,-28.843125350426362,58.704365049240934,1.4456048471642613,108386.29402403251,0.8957385656185392,3116.04,42801.338366416014,59941.02773346658,94949.34364263638,124.9597132818697
8,Shahab_3,113.0,-18.867,-2.196,-18.867,-2.196,1.07263,0.97201,66.852,0.152,18.994,186.639,70574.396,268.356,0.916175,57783.380240720486,91342.39086675581,3045.2256323095144,217.04089689785215,357.78624101995865,-240.22748037191624,-6.712575913121309,-10.296683542381185,-2.8568644777949497,-29.85842788674179,58.75809108602557,1.417929736040497,106655.08845519304,0.9161746204202786,3116.04,42117.691822349356,59941.02773346658,94949.34364263638,124.9597132818697
8,Shahab_3,114.0,-18.867,-2.196,-18.867,-2.196,1.07263,0.97201,66.852,0.152,18.994,186.639,72629.09,269.927,0.937362,57997.092092782616,91695.07056869796,2803.587532219981,210.4105219641614,347.6156209225531,-243.03102663086247,-6.549412148636257,-10.046546135769612,-2.74984600557732,-30.883775850057,58.81362681051224,1.3913294612476297,105065.73495762548,0.9373617713111659,3116.04,41490.0621257555,59941.02773346658,94949.34364263638,124.9597132818697
8,Shahab_3,115.0,-18.867,-2.196,-18.867,-2.196,1.07263,0.97201,66.852,0.152,18.994,186.639,74768.016,271.515,0.959321,58204.25396745822,92037.7028224624,2559.199802637404,203.93967686695555,337.689393614455,-245.72633947815078,-6.393441698128938,-9.807779500984484,-2.640381448280491,-31.918362457807085,58.87109664335455,1.3657522213936426,103610.05185105155,0.9593214548002414,3116.04,40915.2183619773,59941.02773346658,94949.34364263638,124.9597132818697
8,Shahab_3,116.0,-18.867,-2.196,-18.867,-2.196,1.07263,0.97201,66.852,0.152,18.994,186.639,76994.072,273.121,0.982075,58405.02180193136,92370.52649973464,2312.171865671047,197.62126509543356,327.9966743365547,-248.31105116434483,-6.244434820497426,-9.579379521723013,-2.5286488782223087,-32.961348434116346,58.93061756800107,1.3411483116531293,102280.38392678156,0.9820754001501811,3116.04,40390.13751800056,59941.02773346658,94949.34364263638,124.9597132818697
8,Shahab_3,117.0,-18.867,-2.196,-18.867,-2.196,1.07263,0.97201,66.852,0.152,18.994,186.639,79310.217,274.743,1.005646,58599.54469821185,92693.77004214122,2062.6154770756593,191.44871568411588,318.52748024721944,-250.7828624560954,-6.101660727329212,-9.360568075257374,-2.41457254062293,-34.011874334144686,58.992322433258316,1.3174703327127995,101069.5994759505,1.0056455897539796,3116.04,39912.00330891574,59941.02773346658,94949.34364263638,124.9597132818697
8,Shahab_3,118.0,-18.867,-2.196,-18.867,-2.196,1.07263,0.97201,66.852,0.152,18.994,186.639,81719.466,276.381,1.030054,58787.965450386684,93007.65231690534,1810.6446665098058,185.41598008854874,309.27261857706657,-253.139517020725,-5.9646898823465575,-9.150595972768452,-2.298290277364546,-35.06906141208635,59.056352618451776,1.2946728829243892,99971.01265755121,1.0300542190411073,3116.04,39478.175521347264,59941.02773346658,94949.34364263638,124.9597132818697
8,Shahab_3,119.0,-18.867,-2.196,-18.867,-2.196,1.07263,0.97201,66.852,0.152,18.994,186.639,84224.887,278.034,1.055324,58970.42105926118,93312.38336111116,1556.375704824866,179.51751348949057,300.2236211719981,-255.3787932425283,-5.832995975955749,-8.948713901870349,-2.1797837493616106,-36.1320128837373,59.122855351796794,1.2727123587387077,98978.32402825257,1.0553236490703588,3116.04,39086.16652890322,59941.02773346658,94949.34364263638,124.9597132818697
8,Shahab_3,120.0,-18.867,-2.196,-18.867,-2.196,1.07263,0.97201,66.852,0.152,18.994,186.639,86829.597,279.7,1.081476,59147.04320751711,93608.16510213717,1299.9270468228613,173.74821764618127,291.37272817123807,-257.49854820291154,-5.706171166757323,-8.754253096183167,-2.0591666523058594,-37.199819501276146,59.19199033233215,1.2515469037402056,98085.58620593199,1.0814763563739949,3116.04,38733.62773283397,59941.02773346658,94949.34364263638,124.9597132818697
8,Shahab_3,121.0,-18.867,-2.196,-18.867,-2.196,1.07263,0.97201,66.852,0.152,18.994,186.639,89536.752,281.381,1.108535,59317.95869924396,93895.19202395409,1041.4192764019078,168.1034290329869,282.71282369042655,-259.49669734364164,-5.584037321845321,-8.566625909228048,-1.9367541180700114,-38.27155996641893,59.26392652628634,1.231136213159152,97287.1489263577,1.1085348773532904,3116.04,38418.32786512336,59941.02773346658,94949.34364263638,124.9597132818697
8,Shahab_3,122.0,-18.867,-2.196,-18.867,-2.196,1.07263,0.97201,66.852,0.152,18.994,186.639,92349.548,283.074,1.136522,59483.289845308216,94173.65182879848,780.9749163010528,162.57884562003449,274.2374543289168,-261.3713905941197,-5.465815840550703,-8.385169348008144,-1.8122802958198276,-39.34631945519565,59.33885536543424,1.2114417956680383,96577.6791319389,1.1365217619118906,3116.04,38138.16092146038,59941.02773346658,94949.34364263638,124.9597132818697
8,Shahab_3,123.0,-18.867,-2.196,-18.867,-2.196,1.07263,0.97201,66.852,0.152,18.994,186.639,95271.21,284.778,1.16546,59643.154747168315,94443.72582215334,518.7183428603779,157.1706049952666,265.94069536675426,-263.1207310511996,-5.351321564640862,-8.209361317944392,-1.6860442051900142,-40.42316365829969,59.41696785818535,1.1924262871552482,95952.0319984751,1.1654595119534683,3116.04,37891.09523018926,59941.02773346658,94949.34364263638,124.9597132818697
8,Shahab_3,124.0,-18.867,-2.196,-18.867,-2.196,1.07263,0.97201,66.852,0.152,18.994,186.639,98304.994,286.494,1.195371,59797.665978048404,94705.58686263279,254.7752229967659,151.8751946968282,257.81721853454025,-264.7429597103034,-5.240206647886336,-8.03867697235343,-1.5581783271348637,-41.501155360184,59.498474387617264,1.1740538026428724,95405.29102939187,1.1953705694666947,3116.04,37675.18928537188,59941.02773346658,94949.34364263638,124.9597132818697
8,Shahab_3,124.96,-18.867,-2.196,-18.867,-2.196,1.07263,0.97201,66.852,0.152,18.994,186.639,101325.0,288.15,1.225012,59941.02773346658,94949.34364263638,1.2054005687281433e-06,146.89610708154817,250.17917625771702,-266.17891978094235,-5.136305014255031,-7.87918924898395,-1.4339650986234078,-42.53597780438262,59.58009479969793,1.1569935611057909,94950.27432638538,1.2250122658486322,3116.04,37495.50490698144,59941.02773346658,94949.34364263638,124.9597132818697
9,Shahab_3,1.0,26.034,-12.693,26.034,-12.693,1.02688,1.04239,78.447,157.073,28.963,334.008,101213.471,288.09,1.22392,0.7382738328906205,-1.7455387601588357,9.273032346225664,1.4547966356403015,-3.4568825605243636,18.60889776036948,-3.303481057266662,4.622727356482329,20.672171289530496,78.60496346157478,-67.17666422097395,0.055783384633817074,220.5243872646714,1.2239199074600169,15657.17,83.36985753873068,-834951.2157384475,-28968.614614278253,366.48464625255843
9,Shahab_3,2.0,26.034,-12.693,26.034,-12.693,1.02688,1.04239,78.447,157.073,28.963,334.008,100879.529,287.909,1.220648,3.441963900844023,-7.909847894370949,37.09977631856606,3.815113694865951,-8.820387293997879,37.1132809011462,1.771843904080313,-5.122172635468516,18.75098574121549,75.48267657895926,-66.60989677235148,0.11265741375267073,897.0237349741575,1.2206480956540133,15478.47,339.12231622663865,-834951.2157384475,-28968.614614278253,366.48464625255843
9,Shahab_3,3.0,26.034,-12.693,26.034,-12.693,1.02688,1.04239,78.447,157.073,28.963,334.008,100322.957,287.606,1.215192,7.734728375046844,-19.116886874443956,83.68316690059208,4.2644806605907775,-13.378431484634568,56.143095708956885,-1.2726183022215631,-3.827847767179602,19.27169684457802,75.95809884174835,-72.31990838557957,0.17006290443388059,2034.9691454702695,1.215191553980393,15299.77,769.325741510622,-834951.2157384475,-28968.614614278253,366.48464625255843
9,Shahab_3,4.0,26.034,-12.693,26.034,-12.693,1.02688,1.04239,78.447,157.073,28.963,334.008,99542.102,287.178,1.207529,10.55583546111602,-34.071695086345365,149.47587308021906,0.4812531176654212,-16.159155402157612,75.40520442095347,-6.631827369437821,-1.6059149509628086,19.028045511754364,77.89938264728868,-88.29411724910135,0.226619763894501,3590.764672069654,1.2075287390260125,15121.08,1357.4985645749148,-834951.2157384475,-28968.614614278253,366.48464625255843
9,Shahab_3,5.0,26.034,-12.693,26.034,-12.693,1.02688,1.04239,78.447,157.073,28.963,334.008,98546.064,286.628,1.197742,6.6561104250517005,-50.60902765310805,234.15246446996025,-9.344345172147426,-16.502560735956084,93.63544837656256,-12.955472758260925,0.8412140598232222,17.174663702284356,78.55046321310607,-119.52010419166007,0.28074238696298676,5466.042227384469,1.1977415172253465,14942.38,2066.4524565747843,-834951.2157384475,-28968.614614278253,366.48464625255843
9,Shahab_3,6.0,26.034,-12.693,26.034,-12.693,1.02688,1.04239,78.447,157.073,28.963,334.008,97361.586,285.966,1.186084,-10.023486400516466,-66.42112100462843,335.97006626708327,-24.73127527465425,-14.938694499019034,109.63532902202992,-17.208916453487248,1.9154106933617174,15.053393690486867,75.2361473192003,-148.86631918716768,0.3331724819223479,7623.3795627169175,1.1860838510673741,14763.69,2882.0398323773,-834951.2157384475,-28968.614614278253,366.48464625255843
9,Shahab_3,7.0,26.034,-12.693,26.034,-12.693,1.02688,1.04239,78.447,157.073,28.963,334.008,96016.742,285.205,1.172823,-43.52503907028615,-80.5360502172998,453.0852426343793,-42.231515023808,-13.528950714997707,124.69054062618558,-16.97869329934928,0.5142433449820161,15.606737166214884,70.42230493024601,-162.2370350015033,0.38889646935362887,10270.563349357799,1.1728226980156768,14584.99,3882.8150205936104,-834951.2157384475,-28968.614614278253,366.48464625255843
9,Shahab_3,8.0,26.034,-12.693,26.034,-12.693,1.02688,1.04239,78.447,157.073,28.963,334.008,94513.371,284.341,1.157966,-93.70520472962878,-94.22435708696382,585.963436505397,-57.53577956022296,-14.24190617437957,141.45267482781017,-13.565116481630227,-1.7744941193787267,17.84991963791147,67.26508706622842,-166.09695952670464,0.45068769443609585,13618.872540074259,1.157966118238523,14406.3,5148.652616553565,-834951.2157384475,-28968.614614278253,366.48464625255843
9,Shahab_3,9.0,26.034,-12.693,26.034,-12.693,1.02688,1.04239,78.447,157.073,28.963,334.008,92838.64,283.363,1.141375,-157.79942481772605,-109.43863197193528,736.4994405155783,-70.72041308883067,-16.11449102564932,159.64060401048826,-14.00731415328002,-1.3527295867259477,17.95126139114027,65.565203566254,-167.16363636020148,0.5152685149016321,17546.46231591672,1.141375256577369,14227.6,6633.488847793457,-834951.2157384475,-28968.614614278253,366.48464625255843
9,Shahab_3,10.0,26.034,-12.693,26.034,-12.693,1.02688,1.04239,78.447,157.073,28.963,334.008,91002.361,282.269,1.123133,-236.34076305481736,-125.83695302630214,904.7098148971381,-87.20920329907212,-16.316233961478872,176.31222259790945,-18.849791949728996,0.7132305423127379,15.298477108427322,63.28791649233958,-169.40287220706028,0.5800086991701171,21877.326430960817,1.12313336693176,14048.91,8270.784063843563,-834951.2157384475,-28968.614614278253,366.48464625255843
9,Shahab_3,11.0,26.034,-12.693,26.034,-12.693,1.02688,1.04239,78.447,157.073,28.963,334.008,89036.782,281.074,1.103547,-333.18937431511483,-141.87224493781147,1088.5679361033638,-106.36579593727205,-16.00442352532773,191.54614600227546,-18.210874906360377,-0.6819243711158776,16.066747706629066,60.68352484675951,-171.44313036317322,0.6455510406411267,26628.446393906746,1.1035467984095386,13870.21,10066.958171267,-834951.2157384475,-28968.614614278253,366.48464625255843
9,Shahab_3,12.0,26.034,-12.693,26.034,-12.693,1.02688,1.04239,78.447,157.073,28.963,334.008,86947.339,279.775,1.082656,-448.17815006231666,-158.4989538534467,1288.5171072189337,-123.40986020440785,-17.332488087530958,208.53533821386245,-17.20693145750018,-1.1315093946016967,17.04602387413506,59.137391006872285,-172.0052980116839,0.7138846974351747,31947.762582035,1.0826557840543745,13691.51,12077.940440885404,-834951.2157384475,-28968.614614278253,366.48464625255843
9,Shahab_3,13.0,26.034,-12.693,26.034,-12.693,1.02688,1.04239,78.447,157.073,28.963,334.008,84739.227,278.367,1.060497,-580.9294130920938,-176.03322233518776,1505.1132708634334,-142.75477003667572,-17.477663305455227,224.221839480645,-20.789265587976743,0.22400607342545253,14.754633512585206,57.323016381371964,-173.01993615733696,0.7827882949565619,37626.35223354606,1.0604973025300104,13512.82,14224.74704191311,-834951.2157384475,-28968.614614278253,366.48464625255843
9,Shahab_3,14.0,26.034,-12.693,26.034,-12.693,1.02688,1.04239,78.447,157.073,28.963,334.008,82437.207,276.859,1.037305,-733.7536790515021,-193.71903838608446,1737.0148442580473,-162.4716444077706,-18.194954583829148,239.9519425515807,-18.738680629803735,-1.3175897180393128,16.61774409426636,55.732086703077755,-173.61015583085393,0.8532273832290075,43725.00929358047,1.037304919770857,13334.12,16530.361294283364,-834951.2157384475,-28968.614614278253,366.48464625255843
9,Shahab_3,15.0,26.034,-12.693,26.034,-12.693,1.02688,1.04239,78.447,157.073,28.963,334.008,80044.747,275.248,1.013099,-906.037613941471,-212.31388012536422,1984.9927081776223,-182.67799789338852,-18.719943554824926,255.5991117756233,-21.721117579426387,0.0373757915905445,14.586550934491543,54.30472129424902,-174.14903363708098,0.924849307500253,50175.03486898027,1.013098865514672,13155.43,18968.81139049364,-834951.2157384475,-28968.614614278253,366.48464625255843
9,Shahab_3,16.0,26.034,-12.693,26.034,-12.693,1.02688,1.04239,78.447,157.073,28.963,334.008,77582.146,273.537,0.98807,-1099.3706848979125,-231.26292974379322,2248.1050533946,-203.67743994357048,-19.4188405697367,270.9311324934005,-20.37848504906624,-1.1126956454470074,15.994799313019362,52.940723874595115,-174.55381671652492,0.9976708561775355,56945.0696173144,0.9880698649563078,12976.73,21528.241843976615,-834951.2157384475,-28968.614614278253,366.48464625255843
9,Shahab_3,17.0,26.034,-12.693,26.034,-12.693,1.02688,1.04239,78.447,157.073,28.963,334.008,75057.085,271.726,0.962282,-1313.6917602033816,-250.99496661925994,2526.7090393432777,-225.3861154351422,-19.88699681353477,285.97033442354785,-22.43422418943698,-0.3983727021261818,14.572518567869272,51.64870182931676,-174.9575523038662,1.071569835507108,63978.96148137332,0.9622819157364867,12798.04,24187.42421343319,-834951.2157384475,-28968.614614278253,366.48464625255843
9,Shahab_3,18.0,26.034,-12.693,26.034,-12.693,1.02688,1.04239,78.447,157.073,28.963,334.008,72485.643,269.818,0.935886,-1550.0468849270171,-271.2845456963416,2820.2339853978856,-247.27756286627385,-20.728809446625455,301.17305112827677,-22.343769877200447,-0.5939617606398062,14.966138937523969,50.513938821057764,-175.20820665486875,1.1467296182807152,71258.83510956613,0.9358855812602839,12619.34,26939.600672511053,-834951.2157384475,-28968.614614278253,366.48464625255843
9,Shahab_3,19.0,26.034,-12.693,26.034,-12.693,1.02688,1.04239,78.447,157.073,28.963,334.008,69878.435,267.814,0.908977,-1808.7971393922905,-292.22704978045476,3128.670582365151,-270.2683090225371,-21.234915228297837,315.71159948336583,-22.740201278646087,-0.9137370762968561,14.927960191253206,49.34734614869714,-175.5075137351947,1.2228522763686276,78703.64052649008,0.9089770671228284,12440.65,29754.13005273599,-834951.2157384475,-28968.614614278253,366.48464625255843
9,Shahab_3,20.0,26.034,-12.693,26.034,-12.693,1.02688,1.04239,78.447,157.073,28.963,334.008,67247.309,265.713,0.881667,-2090.5116410246137,-313.88269929192546,3451.8309348256257,-293.41337899779313,-21.957244516427295,330.4286164495883,-23.946443659463466,-0.4204807144170637,14.127345372153854,48.31618106121339,-175.72031484039488,1.3001583812983784,86296.03017370154,0.8816666128705754,12261.95,32624.454061421977,-834951.2157384475,-28968.614614278253,366.48464625255843
9,Shahab_3,21.0,26.034,-12.693,26.034,-12.693,1.02688,1.04239,78.447,157.073,28.963,334.008,64604.445,263.519,0.85407,-2395.8547666836166,-336.164088546952,3789.42058872589,-317.20590879107334,-22.696683372922635,344.8721165069434,-23.821963425830276,-0.8157953345484018,14.588552515476568,47.319922953710474,-175.90735332011073,1.3785418575126158,93978.19939037235,0.8540696760922569,12083.25,35528.7194858786,-834951.2157384475,-28968.614614278253,366.48464625255843
9,Shahab_3,22.0,26.034,-12.693,26.034,-12.693,1.02688,1.04239,78.447,157.073,28.963,334.008,61959.443,261.231,0.826277,-2725.218236589278,-359.1732048708683,4141.403454410785,-341.6633490090741,-23.314349296294107,359.0112923038669,-24.596813353524045,-0.7744332303646778,14.17908735844895,46.35182603957526,-176.09631458814113,1.4579832545984726,101700.81212954632,0.8262765860459662,11904.56,38448.27469642771,-834951.2157384475,-28968.614614278253,366.48464625255843
9,Shahab_3,23.0,26.034,-12.693,26.034,-12.693,1.02688,1.04239,78.447,157.073,28.963,334.008,59322.842,258.851,0.798389,-3079.1934788850162,-382.90000297685987,4507.552266562559,-366.4259218631001,-24.08751374809041,373.20763552566996,-25.306244107198633,-0.5791163957109735,13.827745357037433,45.463576129508226,-176.2389940630476,1.538572622814468,109432.06722144723,0.7983892855005675,11725.86,41371.0971724461,-834951.2157384475,-28968.614614278253,366.48464625255843
9,Shahab_3,24.0,26.034,-12.693,26.034,-12.693,1.02688,1.04239,78.447,157.073,28.963,334.008,56704.133,256.38,0.770501,-3458.315766810589,-407.32845606496227,4887.692660329085,-391.8146557393335,-24.83110908774511,387.14272528042306,-25.461613967579108,-0.8339475047697653,14.057692547888424,44.59895294905906,-176.37375070197828,1.62026261995234,117121.80464578317,0.7705006818844329,11547.17,44278.223778845866,-834951.2157384475,-28968.614614278253,366.48464625255843
9,Shahab_3,25.0,26.034,-12.693,26.034,-12.693,1.02688,1.04239,78.447,157.073,28.963,334.008,54111.528,253.819,0.742692,-3863.035396106038,-432.51747270464216,5281.747409966271,-417.75149097140667,-25.535047299680357,400.89975957838044,-26.151322466713502,-0.781650177102104,13.7355933964077,43.76737619676618,-176.5021491672462,1.7030834097934675,124731.01971441097,0.7426919789178525,11368.47,47154.908684863476,-834951.2157384475,-28968.614614278253,366.48464625255843
9,Shahab_3,26.0,26.034,-12.693,26.034,-12.693,1.02688,1.04239,78.447,157.073,28.963,334.008,51553.246,251.168,0.715046,-4293.9012314493075,-458.4635324966541,5689.545510916622,-444.0919603818341,-26.329472724830733,414.6476724763007,-26.754289812460406,-0.6845405075396968,13.514822035638197,42.98608251459794,-176.6070005203119,1.7870928053272728,132227.67210367564,0.7150464203703847,11189.78,49989.03895708714,-834951.2157384475,-28968.614614278253,366.48464625255843
9,Shahab_3,27.0,26.034,-12.693,26.034,-12.693,1.02688,1.04239,78.447,157.073,28.963,334.008,49036.551,248.429,0.687639,-4751.430774845312,-485.1672125872409,6110.959878860005,-471.0027721910595,-27.114334400762658,428.2195837527435,-27.072975108365227,-0.8343188205706192,13.628045142841511,42.228863171056695,-176.70527587735427,1.872297068405146,139573.80312480472,0.6876389923682182,11011.08,52766.26420772271,-834951.2157384475,-28968.614614278253,366.48464625255843
9,Shahab_3,28.0,26.034,-12.693,26.034,-12.693,1.02688,1.04239,78.447,157.073,28.963,334.008,46567.74,245.602,0.660536,-5236.106974534008,-512.6659540714503,6545.919705247518,-498.4548106006188,-27.881151016154508,441.6629950948404,-27.67324734954219,-0.8251828938431103,13.442966929253814,41.49858932341485,-176.79848736258816,1.9587390336284343,146738.3449254281,0.6605360998094026,10832.39,55474.83914883056,-834951.2157384475,-28968.614614278253,366.48464625255843
9,Shahab_3,29.0,26.034,-12.693,26.034,-12.693,1.02688,1.04239,78.447,157.073,28.963,334.008,44152.721,242.687,0.633802,-5748.466140828196,-540.9672593470564,6994.313858499232,-526.3722272897288,-28.70317734531753,455.08791232825985,-28.273665197746897,-0.7636839878219288,13.27821559333228,40.80377267161563,-176.87874156208312,2.046479501123607,153695.86566486713,0.6338018247195741,10653.69,58105.14920235597,-834951.2157384475,-28968.614614278253,366.48464625255843
9,Shahab_3,30.0,26.034,-12.693,26.034,-12.693,1.02688,1.04239,78.447,157.073,28.963,334.008,41796.639,239.686,0.607494,-6289.042622364351,-570.0763049204907,7456.055263825508,-554.8432204855715,-29.534811340267737,468.41683501215743,-28.704856996191964,-0.8485581878503753,13.341902427083813,40.13220281913027,-176.9529691107043,2.135559172132857,160420.14676818653,0.6074937134473504,10474.99,60647.28236317183,-834951.2157384475,-28968.614614278253,366.48464625255843
9,Shahab_3,31.0,26.034,-12.693,26.034,-12.693,1.02688,1.04239,78.447,157.073,28.963,334.008,39503.812,236.598,0.581662,-6858.356544069855,-600.0202114010527,7931.1011255027,-583.8797076282478,-30.35837020351317,481.6624086512849,-29.27380515367447,-0.8703795971159163,13.270124847516088,39.48243097052398,-177.02363078586404,2.2260344331167374,166889.2380002512,0.5816619748037647,10296.3,63092.94028387602,-834951.2157384475,-28968.614614278253,366.48464625255843
9,Shahab_3,32.0,26.034,-12.693,26.034,-12.693,1.02688,1.04239,78.447,157.073,28.963,334.008,37278.052,233.424,0.556353,-7456.962739222283,-630.8136379004436,8419.39748345338,-613.4422016317765,-31.217455146422434,494.90563360702754,-29.893949832502898,-0.8351964657463685,13.167937351690732,38.85928034554336,-177.0867885849359,2.3179771174317962,173086.22115168432,0.55635283463542,10117.6,65435.72698839059,-834951.2157384475,-28968.614614278253,366.48464625255843
9,Shahab_3,33.0,26.034,-12.693,26.034,-12.693,1.02688,1.04239,78.447,157.073,28.963,334.008,35122.55,230.164,0.531607,-8085.431931280938,-662.4655331155161,8920.904086043385,-643.5802007021537,-32.09631068972601,508.1213968118687,-30.42377509499305,-0.8814018758014968,13.2176592411196,38.25729940196302,-177.14493890512762,2.411452987226729,178995.60231769536,0.5316072063975819,9938.91,67669.78496294515,-834951.2157384475,-28968.614614278253,366.48464625255843
9,Shahab_3,34.0,26.034,-12.693,26.034,-12.693,1.02688,1.04239,78.447,157.073,28.963,334.008,33039.822,226.818,0.50746,-8744.335957680758,-694.9979816673845,9435.617252098902,-674.3253912577162,-32.97623722964768,521.3082911685408,-31.017082050048366,-0.9149310007501609,13.227993650122135,37.67382918960868,-177.20032011497807,2.5065351606477555,184604.8875879524,0.5074598543460254,9760.21,69790.39085001271,-834951.2157384475,-28968.614614278253,366.48464625255843
9,Shahab_3,35.0,26.034,-12.693,26.034,-12.693,1.02688,1.04239,78.447,157.073,28.963,334.008,31031.877,223.387,0.483941,-9434.27464984547,-728.429743844951,9963.539320335032,-705.6656313652402,-33.881915691809525,534.5257020347045,-31.676148064135567,-0.9006036365064147,13.197265900166554,37.11135644712662,-177.25110455137187,2.603309264411409,189905.71655729372,0.48394121195213374,9581.52,71794.38397518468,-834951.2157384475,-28968.614614278253,366.48464625255843
9,Shahab_3,36.0,26.034,-12.693,26.034,-12.693,1.02688,1.04239,78.447,157.073,28.963,334.008,29100.23,219.87,0.461077,-10155.874153692548,-762.7736484138886,10504.683395243415,-737.6351090101697,-34.81146995171147,547.7765012597636,-32.297139458706035,-0.9299757754811107,13.26695778289257,36.56751225143711,-177.29802514004163,2.7018618134388723,194891.96445199032,0.4610773241523406,9402.82,73679.44885072939,-834951.2157384475,-28968.614614278253,366.48464625255843
9,Shahab_3,37.0,26.034,-12.693,26.034,-12.693,1.02688,1.04239,78.447,157.073,28.963,334.008,27245.859,216.65,0.438111,-10909.77417076058,-798.0505478190722,11059.094195610603,-770.2738463569292,-35.74981740997051,561.0596735500005,-32.9677607397267,-0.9649716224958975,13.348771943426161,36.039884837918244,-177.34270501994783,2.802287011818832,199206.44975971564,0.4381111086826963,9224.13,75310.5520131488,-834951.2157384475,-28968.614614278253,366.48464625255843
9,Shahab_3,38.0,26.034,-12.693,26.034,-12.693,1.02688,1.04239,78.447,157.073,28.963,334.008,25469.257,216.65,0.409544,-11696.670121796002,-834.2824897798033,11626.849956642794,-803.6615275244905,-36.71297439487638,574.4700577445359,-33.81322277425517,-0.969378438282668,13.477530955437476,35.529539597471675,-177.3844248980686,2.9049434167736714,200110.23199016158,0.40954350038501214,9045.43,75652.22939737335,-834951.2157384475,-28968.614614278253,366.48464625255843
9,Shahab_3,39.0,26.034,-12.693,26.034,-12.693,1.02688,1.04239,78.447,157.073,28.963,334.008,23770.38,216.65,0.382226,-12517.373827498235,-871.4894476725132,12208.0983755458,-837.8872625595556,-37.70574547002299,588.0616945763453,-34.66704399028451,-0.9969569628476675,13.679469249007372,35.03541579784763,-177.42337230222276,3.0101387189163327,200533.43659304734,0.3822256904983048,8866.73,75812.22307376422,-834951.2157384475,-28968.614614278253,366.48464625255843
9,Shahab_3,40.0,26.034,-12.693,26.034,-12.693,1.02688,1.04239,78.447,157.073,28.963,334.008,22148.798,216.65,0.356151,-13372.746849821091,-909.6971409918751,12803.030421636337,-873.0072400745524,-38.71733885514029,601.8423499516985,-35.56502732660161,-1.0355843622567675,13.909062745159844,34.55568588383184,-177.46063110568213,3.1180226071042294,200487.05901659428,0.3561507991815488,8688.04,75794.68990208267,-834951.2157384475,-28968.614614278253,366.48464625255843
9,Shahab_3,41.0,26.034,-12.693,26.034,-12.693,1.02688,1.04239,78.447,157.073,28.963,334.008,20603.797,216.65,0.331307,-14263.696618421953,-948.9336535541054,13411.862558353005,-909.0559180231237,-39.75707517403685,615.8559589186294,-36.53800662294671,-1.0505051473992533,14.126257244066366,34.09095366690374,-177.49579546346493,3.2287557445101207,199984.025996919,0.33130731198617247,8509.34,75604.51687084656,-834951.2157384475,-28968.614614278253,366.48464625255843
9,Shahab_3,42.0,26.034,-12.693,26.034,-12.693,1.02688,1.04239,78.447,157.073,28.963,334.008,19134.415,216.65,0.30768,-15191.183034132431,-989.2241634835693,14034.831635378612,-946.0833692774592,-40.82905901046859,630.1292871802278,-37.54052002508582,-1.0804257964817496,14.403080525429786,33.6406103719146,-177.52888362869865,3.342506347291785,199038.61195065523,0.30767977587392936,8330.65,75247.10046293914,-834951.2157384475,-28968.614614278253,366.48464625255843
9,Shahab_3,43.0,26.034,-12.693,26.034,-12.693,1.02688,1.04239,78.447,157.073,28.963,334.008,17739.444,216.65,0.285249,-16156.21307282161,-1030.5980476783884,14672.208224365097,-984.1512652274072,-41.926563633576414,644.6771677984425,-38.59299706368574,-1.1215220571110895,14.715315916073859,33.2033589444922,-177.56057473704243,3.4594508384026668,197666.00525013555,0.2852487541663524,8151.95,74728.18268473582,-834951.2157384475,-28968.614614278253,366.48464625255843
9,Shahab_3,44.0,26.034,-12.693,26.034,-12.693,1.02688,1.04239,78.447,157.073,28.963,334.008,16417.469,216.65,0.263992,-17159.847645809703,-1073.0877140176356,15324.29237287011,-1023.3084864993976,-43.055194465542286,659.5396096364393,-39.7272158893416,-1.143425925452286,15.020710337583523,32.77939558485329,-177.59072964882537,3.5797768338343663,195882.55992495565,0.2639915111774692,7973.26,74053.94622258021,-834951.2157384475,-28968.614614278253,366.48464625255843
9,Shahab_3,45.0,26.034,-12.693,26.034,-12.693,1.02688,1.04239,78.447,157.073,28.963,334.008,15166.911,216.65,0.243883,-18203.209824968424,-1116.7234899621646,15991.4072711159,-1063.611608130812,-44.22200560134327,674.7517627643174,-40.905173024097984,-1.1765638140258512,15.384570749983176,32.36853167821771,-177.6191724653988,3.7036823813622894,193705.64257358367,0.24388264588493627,7794.56,73230.95656729255,-834951.2157384475,-28968.614614278253,366.48464625255843
9,Shahab_3,46.0,26.034,-12.693,26.034,-12.693,1.02688,1.04239,78.447,157.073,28.963,334.008,13986.024,216.65,0.224894,-19287.480772238694,-1161.5393154846256,16673.912217641926,-1105.135814216462,-45.41839620152668,690.3267701962534,-42.14244128933497,-1.224103565238656,15.790292441693856,31.969378658856442,-177.64660707742078,3.831375571240262,191153.11791909664,0.2248940844302225,7615.87,72265.96752708597,-834951.2157384475,-28968.614614278253,366.48464625255843
9,Shahab_3,47.0,26.034,-12.693,26.034,-12.693,1.02688,1.04239,78.447,157.073,28.963,334.008,12872.928,216.65,0.206996,-20413.90612988774,-1207.5734639360107,17372.200430569177,-1147.9381896378002,-46.65291350196622,706.3141340389218,-43.47547930700726,-1.2482743207192013,16.187968850976407,31.582445698342497,-177.67274502278028,3.9630787390013484,188243.6723858949,0.20699558482938352,7437.17,71166.0435566427,-834951.2157384475,-28968.614614278253,366.48464625255843
9,Shahab_3,48.0,26.034,-12.693,26.034,-12.693,1.02688,1.04239,78.447,157.073,28.963,334.008,11825.642,216.65,0.190155,-21583.806799220558,-1254.8608333768418,18086.689931983892,-1192.0920089894214,-47.930429125543384,722.7462725684937,-44.854663171004006,-1.2957622537817575,16.666747681738077,31.20725053862676,-177.69754946033768,4.099026947777508,184996.68099388175,0.19015532313637715,7258.47,69938.50943608882,-834951.2157384475,-28968.614614278253,366.48464625255843
9,Shahab_3,49.0,26.034,-12.693,26.034,-12.693,1.02688,1.04239,78.447,157.073,28.963,334.008,10842.08,216.65,0.17434,-22798.571808641827,-1303.4432274194457,18817.844077179325,-1237.6837544523921,-49.242030653466195,739.6435226919899,-46.326472881411796,-1.342152956182151,17.160523565259048,30.842717257309356,-177.72165281108659,4.239469208945818,181431.72159818944,0.17433972169034903,7079.78,68590.76662797247,-834951.2157384475,-28968.614614278253,366.48464625255843
9,Shahab_3,50.0,26.034,-12.693,26.034,-12.693,1.02688,1.04239,78.447,157.073,28.963,334.008,9920.085,216.65,0.159514,-24059.672926077175,-1353.3638369948656,19566.157985193204,-1284.7802724566798,-50.603527704962886,757.0691516017877,-47.893790504397934,-1.3731297968934253,17.67598899300569,30.489708409830218,-177.74446204481873,4.384672760523432,177569.10374099127,0.1595141181685303,6901.08,67130.49321116132,-834951.2157384475,-28968.614614278253,366.48464625255843
9,Shahab_3,51.0,26.034,-12.693,26.034,-12.693,1.02688,1.04239,78.447,157.073,28.963,334.008,9057.445,216.65,0.145643,-25368.669112296026,-1404.6643440894006,20332.162033035507,-1333.48260776624,-52.00903209760155,775.0412237546828,-49.52278859800329,-1.4374944791401099,18.28199358856435,30.14691793326629,-177.76645874406194,4.534920722633944,173429.41902719683,0.14564295035960728,6722.39,65565.47389912447,-834951.2157384475,-28968.614614278253,366.48464625255843
9,Shahab_3,52.0,26.034,-12.693,26.034,-12.693,1.02688,1.04239,78.447,157.073,28.963,334.008,8251.892,216.65,0.13269,-26727.20354708228,-1457.3963358286817,21116.43921737596,-1383.8804999147417,-53.46036060856254,793.6097999240211,-51.28501098826486,-1.4739915088429092,18.870691470911225,29.814415848012622,-177.7877203300159,4.690516816296669,169033.42734310645,0.13268972688935265,6543.69,63903.55702457853,-834951.2157384475,-28968.614614278253,366.48464625255843
9,Shahab_3,53.0,26.034,-12.693,26.034,-12.693,1.02688,1.04239,78.447,157.073,28.963,334.008,7501.141,216.65,0.120618,-28137.026274776763,-1511.6065542473038,21919.601340977562,-1436.0697375394743,-54.97036983135205,812.829508516691,-53.123033791240864,-1.53351361710223,19.55684452217845,29.49230774903497,-177.80788274059245,4.851787381952957,164402.52806164706,0.12061770687354853,6365.0,62152.83267993671,-834951.2157384475,-28968.614614278253,366.48464625255843
9,Shahab_3,54.0,26.034,-12.693,26.034,-12.693,1.02688,1.04239,78.447,157.073,28.963,334.008,6802.873,216.65,0.10939,-29599.986603200883,-1567.3500873156427,22742.32033038542,-1490.1732575563965,-56.526486714114114,832.7243589805275,-55.08813922963127,-1.5937079546469683,20.26815523289512,29.179376476254372,-177.827650549453,5.019081385717998,159557.96602340046,0.109389619847851,6186.3,60321.33253622963,-834951.2157384475,-28968.614614278253,366.48464625255843
9,Shahab_3,55.0,26.034,-12.693,26.034,-12.693,1.02688,1.04239,78.447,157.073,28.963,334.008,6154.771,216.65,0.098968,-31118.04399035215,-1624.6841685956017,23585.308740901935,-1546.2905096534896,-58.14889168942739,853.3774136463842,-57.183493488234774,-1.6393175827314819,21.018605639227598,28.876605643513443,-177.84638341408785,5.1927762676986955,154521.46210353266,0.098968202779954,6007.61,58417.26823068557,-834951.2157384475,-28968.614614278253,366.48464625255843
9,Shahab_3,56.0,26.034,-12.693,26.034,-12.693,1.02688,1.04239,78.447,157.073,28.963,334.008,5554.52,216.65,0.089316,-32693.28955875774,-1683.6654853277996,24449.33190167457,-1604.5655680669786,-59.82922720798163,874.8143938374793,-59.37986126617843,-1.7256004044198032,21.883076107455715,28.582638014172655,-177.86460898917173,5.373279003365349,149314.84590649,0.08931621382708238,5828.91,56448.89250593944,-834951.2157384475,-28968.614614278253,366.48464625255843
9,Shahab_3,57.0,26.034,-12.693,26.034,-12.693,1.02688,1.04239,78.447,157.073,28.963,334.008,4999.806,216.65,0.080396,-34327.93719425117,-1744.3631470241025,25335.22476934585,-1665.1285132356427,-61.5727994080631,897.1092355413915,-61.76613424762577,-1.7732986025245376,22.72607901100969,28.297791217244786,-177.8822926406683,5.561031042333731,143959.87180648322,0.08039645696078603,5650.21,54424.429663626484,-834951.2157384475,-28968.614614278253,366.48464625255843
9,Shahab_3,58.0,26.034,-12.693,26.034,-12.693,1.02688,1.04239,78.447,157.073,28.963,334.008,4488.347,216.65,0.072172,-36024.35537095808,-1806.840580174281,26243.86523467589,-1728.124052546823,-63.39582109534827,920.3369346568816,-64.27102807245682,-1.8521894686981624,23.706516458105675,28.022183362319886,-177.8990600384749,5.756513403553253,138478.75863019974,0.07217224566957085,5471.52,52352.2795929317,-834951.2157384475,-28968.614614278253,366.48464625255843
9,Shahab_3,59.0,26.034,-12.693,26.034,-12.693,1.02688,1.04239,78.447,157.073,28.963,334.008,4017.879,216.65,0.064607,-37785.06090582787,-1871.172009560553,27176.214362072853,-1793.734236616253,-65.28263951052448,944.5342779332695,-66.956141023845,-1.9423867927236835,24.744128573297804,27.754505562139126,-177.91565023655446,5.960248312172837,132893.35626137874,0.06460716143815866,5292.82,50240.702703133014,-834951.2157384475,-28968.614614278253,366.48464625255843
9,Shahab_3,60.0,26.034,-12.693,26.034,-12.693,1.02688,1.04239,78.447,157.073,28.963,334.008,3586.174,216.65,0.057665,-39612.74509662158,-1937.4372446038367,28133.30188287126,-1862.1186121374778,-67.2559301925954,969.8153901226087,-69.8564803507384,-2.0016298692989407,25.810779640856982,27.495783840129725,-177.93149233285882,6.172810131071541,127225.70395567789,0.05766537525640489,5114.13,48098.030996088506,-834951.2157384475,-28968.614614278253,366.48464625255843
9,Shahab_3,61.0,26.034,-12.693,26.034,-12.693,1.02688,1.04239,78.447,157.073,28.963,334.008,3191.046,216.65,0.051312,-41510.29168125585,-2005.7150499271727,29116.228783949304,-1933.4834958188096,-69.31837229875758,996.2475531276793,-72.92375458482134,-2.104198698867493,27.04267074527532,27.24527999110325,-177.94673713861604,6.394828300040321,121497.82303032507,0.05131174890956453,4935.43,45932.589691983,-834951.2157384475,-28968.614614278253,366.48464625255843
9,Shahab_3,62.0,26.034,-12.693,26.034,-12.693,1.02688,1.04239,78.447,157.073,28.963,334.008,2830.349,216.65,0.045512,-43480.78549021015,-2076.0967921638835,30126.19742108405,-2008.0553897860214,-71.46415611989379,1023.9072360441144,-76.23321622012294,-2.2124604980002887,28.345702202427926,27.002358185129822,-177.96177576343703,6.6269976824212335,115731.41650723765,0.04551177029372538,4756.74,43752.58367857451,-834951.2157384475,-28968.614614278253,366.48464625255843
9,Shahab_3,63.0,26.034,-12.693,26.034,-12.693,1.02688,1.04239,78.447,157.073,28.963,334.008,2501.989,216.65,0.040232,-45527.54360437541,-2148.679558665675,31164.50189534539,-2086.0623957754983,-73.71212460540873,1052.9223337145363,-79.82645212501536,-2.293382898514084,29.701248921278072,26.767597512416476,-177.97626514581773,6.87008872899766,109948.09352183373,0.040231767090793,4578.04,41566.182349569055,-834951.2157384475,-28968.614614278253,366.48464625255843
9,Shahab_3,64.0,26.034,-12.693,26.034,-12.693,1.02688,1.04239,78.447,157.073,28.963,334.008,2203.927,216.65,0.035439,-47654.14132342966,-2223.5636032910575,32232.538037812683,-2167.774685166818,-76.07296175138451,1083.4044208555833,-83.6792444998919,-2.398826977718674,31.223230071889233,26.54074226605704,-177.99016393504183,7.124958983170398,104169.26512613789,0.03543895936934768,4399.35,39381.48021269516,-834951.2157384475,-28968.614614278253,366.48464625255843
9,Shahab_3,65.0,26.034,-12.693,26.034,-12.693,1.02688,1.04239,78.447,157.073,28.963,334.008,1934.181,216.65,0.031101,-49864.43509379815,-2300.860073668546,33331.827633486835,-2253.501663463388,-78.5464628809587,1115.4636244240526,-87.83316151823924,-2.5372958275141904,32.91566115711575,26.32118131349448,-178.00374691195904,7.392566677378447,98415.88383566595,0.03110146123196862,4220.65,37206.398424679755,-834951.2157384475,-28968.614614278253,366.48464625255843
9,Shahab_3,66.0,26.034,-12.693,26.034,-12.693,1.02688,1.04239,78.447,157.073,28.963,334.008,1690.828,216.65,0.027188,-52162.600163010015,-2380.690669826564,34464.02853861739,-2343.5807867790745,-81.14132307831959,1149.2445522487524,-92.3568678423421,-2.680682181887141,34.73678856977772,26.108831537093465,-178.01705191855413,7.673990456247565,92708.49037483857,0.02718836535086554,4041.95,35048.70246348168,-834951.2157384475,-28968.614614278253,366.48464625255843
9,Shahab_3,67.0,26.034,-12.693,26.034,-12.693,1.02688,1.04239,78.447,157.073,28.963,334.008,1472.011,216.65,0.02367,-54553.17298585862,-2463.1860786013594,35630.94667687398,-2438.3905239954956,-83.87291294922387,1184.9162942530434,-97.2992542832987,-2.8244710060154015,36.70956363402071,25.903748165284558,-178.02998330140974,7.9704494207840995,87067.1334418183,0.02366980735750157,3863.26,32915.97179516535,-834951.2157384475,-28968.614614278253,366.48464625255843
9,Shahab_3,68.0,26.034,-12.693,26.034,-12.693,1.02688,1.04239,78.447,157.073,28.963,334.008,1275.939,216.65,0.020517,-57041.09886560097,-2548.488390252949,36834.55983425698,-2538.3657453952087,-86.7552827985923,1222.663798207501,-102.70279376048389,-2.9815111076467447,38.88336281008603,25.705816461461346,-178.04252894821065,8.283331823602591,81511.2739802211,0.020516990628360515,3684.56,30815.563683555236,-834951.2157384475,-28968.614614278253,366.48464625255843
9,Shahab_3,69.0,26.034,-12.693,26.034,-12.693,1.02688,1.04239,78.447,157.073,28.963,334.008,1100.89,216.65,0.017702,-59631.788261511254,-2636.753440531945,38077.042362619206,-2644.0044811787657,-89.80328401688548,1262.6973860979951,-108.63633804440362,-3.1546075546018013,41.29427885663606,25.514902104445223,-178.0547037702201,8.614225651108075,76059.61929334293,0.017702220936751722,3505.87,28754.550476658096,-834951.2157384475,-28968.614614278253,366.48464625255843
9,Shahab_3,70.0,26.034,-12.693,26.034,-12.693,1.02688,1.04239,78.447,157.073,28.963,334.008,945.212,216.65,0.015199,-62331.1871825695,-2728.1532515907707,39360.79599809377,-2755.8832699966993,-93.02956601965765,1305.254868049597,-91.9466981142369,-2.6313283995833414,32.957810673897086,25.33078014007165,-178.06661685285954,8.96496185409547,70730.04410891896,0.015198934185944426,3327.17,26739.68976497588,-834951.2157384475,-28968.614614278253,366.48464625255843
9,Shahab_3,71.0,26.034,-12.693,26.034,-12.693,1.02688,1.04239,78.447,157.073,28.963,334.008,810.121,216.65,0.013027,-65083.66403941915,-2821.0810046810166,40659.38027649041,-2749.2527505419257,-92.83116261038688,1292.0039600437394,6.10199975914783,0.17912049861841448,-12.983901620023723,25.15848868878438,-178.0660876668542,8.930723751280574,60159.02343825167,0.013026674563587507,3327.17,22743.286018959458,-834951.2157384475,-28968.614614278253,366.48464625255843
9,Shahab_3,72.0,26.034,-12.693,26.034,-12.693,1.02688,1.04239,78.447,157.073,28.963,334.008,695.409,216.65,0.011182,-67830.024989241,-2913.826770311699,41944.97218610141,-2743.622374502653,-92.66456466690715,1279.2544387828316,5.189204533604743,0.14974058440873583,-12.519844962734332,24.985474561012634,-178.06559711222198,8.899854657292211,51284.231998429066,0.011182119395960295,3327.17,19388.14644822369,-834951.2157384475,-28968.614614278253,366.48464625255843
9,Shahab_3,73.0,26.034,-12.693,26.034,-12.693,1.02688,1.04239,78.447,157.073,28.963,334.008,597.83,216.65,0.009613,-70571.19040389844,-3006.4173308264985,43218.02613869482,-2738.8365083334274,-92.52129835172067,1266.9185705507653,4.407840125887148,0.13568962714656235,-12.15553718653057,24.811655439482955,-178.06521316908814,8.871830774269096,43810.86035179872,0.009613053975706262,3327.17,16562.817525460254,-834951.2157384475,-28968.614614278253,366.48464625255843
9,Shahab_3,74.0,26.034,-12.693,26.034,-12.693,1.02688,1.04239,78.447,157.073,28.963,334.008,514.686,216.65,0.008276,-73307.93662267867,-3098.874891675763,44478.92239376377,-2734.7639399732448,-92.39776101933585,1254.9292387933745,3.7499968103824135,0.11942448572065763,-11.843824223033796,24.6370700943924,-178.06491937289266,8.846219532794727,37500.32621504124,0.008276099767719172,3327.17,14177.102555336169,-834951.2157384475,-28968.614614278253,366.48464625255843
9,Shahab_3,75.0,26.034,-12.693,26.034,-12.693,1.02688,1.04239,78.447,157.073,28.963,334.008,443.728,216.65,0.007135,-76040.91960027466,-3191.218460227543,45727.98117443121,-2731.2940448210143,-92.2919905875811,1243.233922388113,3.195629849542792,0.1027860562299755,-11.574411621909526,24.461815343151066,-178.06467914514653,8.822661390058391,32158.348968274426,0.00713510910003976,3327.17,12157.553209514504,-834951.2157384475,-28968.614614278253,366.48464625255843
9,Shahab_3,76.0,26.034,-12.693,26.034,-12.693,1.02688,1.04239,78.447,157.073,28.963,334.008,383.079,216.65,0.00616,-78770.69504356782,-3283.4642008016326,46965.472743722756,-2728.335170939245,-92.20143457000998,1231.787423328397,2.725331119282493,0.08872346302004075,-11.345467973707077,24.285940081330537,-178.06448142182293,8.800856340097939,27625.866537259935,0.006159878457787405,3327.17,10444.035628726677,-834951.2157384475,-28968.614614278253,366.48464625255843
9,Shahab_3,77.0,26.034,-12.693,26.034,-12.693,1.02688,1.04239,78.447,157.073,28.963,334.008,331.165,216.65,0.005325,-81497.73490999544,-3375.625776388749,48191.62551873754,-2725.810711703171,-92.12385709292302,1220.5516304506652,2.3259388002487222,0.07636994780556394,-11.149533835762446,24.109476619674957,-178.0643190372273,8.780553265653941,23772.024922333898,0.0053251091096381984,3327.17,8987.0800946995,-834951.2157384475,-28968.614614278253,366.48464625255843
9,Shahab_3,78.0,26.034,-12.693,26.034,-12.693,1.02688,1.04239,78.447,157.073,28.963,334.008,286.666,216.65,0.00461,-84222.44085741586,-3467.714738626514,49406.63300316556,-2723.6566781171246,-92.05702272823757,1209.493797480089,1.98779994412278,0.06315356831659531,-10.977763022090976,23.932433900867956,-178.064193694028,8.761541351937613,20488.712718794002,0.004609562845909341,3327.17,7745.814790396583,-834951.2157384475,-28968.614614278253,366.48464625255843
9,Shahab_3,79.0,26.034,-12.693,26.034,-12.693,1.02688,1.04239,78.447,157.073,28.963,334.008,248.47,216.65,0.003995,-86945.15517096485,-3559.7410633048717,50610.659931652874,-2721.819524673001,-91.99840478293376,1198.5856114132075,1.6988437586549738,0.050792287438292553,-10.831788554297567,23.754801648886303,-178.0641206036172,8.743643145339412,17686.26332108678,0.003995373045249522,3327.17,6686.341006365882,-834951.2157384475,-28968.614614278253,366.48464625255843
9,Shahab_3,80.0,26.034,-12.693,26.034,-12.693,1.02688,1.04239,78.447,157.073,28.963,334.008,215.64,216.65,0.003467,-89666.16997366163,-3651.7135803407295,51803.84705260364,-2720.252502239313,-91.94721967199179,1187.8066198746076,1.4460692766837877,0.04601991091868456,-10.719563433221955,23.57664163923775,-178.06408313868687,8.72670897574055,15290.050661211377,0.003467480566410579,3327.17,5780.446150181334,-834951.2157384475,-28968.614614278253,366.48464625255843
9,Shahab_3,81.0,26.034,-12.693,26.034,-12.693,1.02688,1.04239,78.447,157.073,28.963,334.008,187.387,216.65,0.003013,-92385.73570300013,-3743.63935336728,52986.31329050921,-2718.9151560086693,-91.90448508871009,1177.1415939651067,1.2302761258630848,0.04297337982220876,-10.621792307581439,23.398048156398456,-178.06403116792558,8.710612343313455,13237.774625714086,0.0030131705055779683,3327.17,5004.577490792612,-834951.2157384475,-28968.614614278253,366.48464625255843
9,Shahab_3,82.0,26.034,-12.693,26.034,-12.693,1.02688,1.04239,78.447,157.073,28.963,334.008,163.041,216.65,0.002622,-95104.06699406818,-3835.5240832062145,54158.16020045173,-2717.7770801450624,-91.86686608999887,1166.5688835714461,1.050608097564711,0.033368212467906534,-10.525601017113342,23.218916244760372,-178.0640132662249,8.69524590924784,11477.274087305961,0.002621688645085745,3327.17,4339.015369049636,-834951.2157384475,-28968.614614278253,366.48464625255843
9,Shahab_3,83.0,26.034,-12.693,26.034,-12.693,1.02688,1.04239,78.447,157.073,28.963,334.008,142.036,216.65,0.002284,-97821.34689689205,-3927.374041856978,55319.47735371514,-2716.809619760835,-91.83326624956797,1156.0765021099007,0.8900349111670901,0.03138840841895009,-10.457100467434422,23.039290228385056,-178.0640321732374,8.68051863173674,9964.760880502141,0.0022839239143371453,3327.17,3767.2055472844754,-834951.2157384475,-28968.614614278253,366.48464625255843
9,Shahab_3,84.0,26.034,-12.693,26.034,-12.693,1.02688,1.04239,78.447,157.073,28.963,334.008,123.89,216.65,0.001992,-100537.73419836316,-4019.1930938245528,56470.338245621126,-2715.987246913734,-91.80568918629123,1145.6568507436834,0.7560602834402771,0.026397378347183857,-10.388468388227976,22.85926157545016,-178.0640275230768,8.666353179895758,8663.395548745842,0.001992147420374526,3327.17,3275.22076655294,-834951.2157384475,-28968.614614278253,366.48464625255843
9,Shahab_3,85.0,26.034,-12.693,26.034,-12.693,1.02688,1.04239,78.447,157.073,28.963,334.008,108.197,216.65,0.00174,-103253.36420114529,-4110.985599758448,57610.80914790991,-2715.2923977993355,-91.7798538786765,1135.2938422153002,0.6382754042496512,0.02329217024870899,-10.33486336548832,22.678705551536,-178.0640770130015,8.652683472345867,7542.108148237455,0.0017397915583660729,3327.17,2851.314948244681,-834951.2157384475,-28968.614614278253,366.48464625255843
9,Shahab_3,86.0,26.034,-12.693,26.034,-12.693,1.02688,1.04239,78.447,157.073,28.963,334.008,94.607,216.65,0.001521,-105968.35438341316,-4202.754791037782,58740.94506056321,-2714.7045827508873,-91.75906958605552,1124.9864428852995,0.5384627906456718,0.01999314255261833,-10.284286995772268,22.49778221028428,-178.0640963132503,8.639453381020278,6574.647396886068,0.0015212690606345887,3327.17,2485.5637222014834,-834951.2157384475,-28968.614614278253,366.48464625255843
9,Shahab_3,87.0,26.034,-12.693,26.034,-12.693,1.02688,1.04239,78.447,157.073,28.963,334.008,82.825,216.65,0.001332,-108682.8051935844,-4294.5038515385995,59860.79557418593,-2714.2117474089196,-91.73932587735577,1114.7210354642912,0.4503127969183296,0.01828603633385599,-10.245208593027717,22.31636014028893,-178.06416137245324,8.626614704053216,5738.786408489091,0.001331819458781744,3327.17,2169.56415231626,-834951.2157384475,-28968.614614278253,366.48464625255843
9,Shahab_3,88.0,26.034,-12.693,26.034,-12.693,1.02688,1.04239,78.447,157.073,28.963,334.008,72.599,216.65,0.001167,-111396.80438859647,-4386.234850817099,60970.40119173774,-2713.798863408937,-91.72331638925361,1104.496990999358,0.37674796183516784,0.01460456794939554,-10.204962215731674,22.134558584033392,-178.06420469207077,8.614126421553813,5015.676119362074,0.00116738228815147,3327.17,1896.1902976733468,-834951.2157384475,-28968.614614278253,366.48464625255843
9,Shahab_3,89.0,26.034,-12.693,26.034,-12.693,1.02688,1.04239,78.447,157.073,28.963,334.008,63.712,216.65,0.001024,-114110.4263461071,-4477.950855371079,62069.800602877054,-2713.4561650679852,-91.70867869825624,1094.30643811637,0.31024689491730634,0.014469274720302745,-10.176819872170986,21.952325378736433,-178.06426912348766,8.601953220463855,4389.300596866689,0.0010244889268591054,3327.17,1659.3872904235714,-834951.2157384475,-28968.614614278253,366.48464625255843
9,Shahab_3,90.0,26.034,-12.693,26.034,-12.693,1.02688,1.04239,78.447,157.073,28.963,334.008,55.981,216.65,0.0009,-116823.73705124733,-4569.65271889212,63159.02353278391,-2713.1744378425283,-91.69557942924922,1084.1444836550772,0.2549306614248605,0.011469182685246826,-10.146778151176706,21.769654738834426,-178.06434458612122,8.590064888739082,3846.0340158328513,0.0009001737193367333,3327.17,1454.0038494892806,-834951.2157384475,-28968.614614278253,366.48464625255843
9,Shahab_3,91.0,26.034,-12.693,26.034,-12.693,1.02688,1.04239,78.447,157.073,28.963,334.008,49.248,216.65,0.000792,-119536.79228797687,-4661.342926199796,64238.099191202375,-2712.944121968058,-91.68504241646545,1074.0109788350057,0.206412506546695,0.010166070785479141,-10.121861655215156,21.586627216968655,-178.06440266492297,8.578435507859984,3374.2624529597033,0.0007918971420364845,3327.17,1275.6492988864336,-834951.2157384475,-28968.614614278253,366.48464625255843
9,Shahab_3,92.0,26.034,-12.693,26.034,-12.693,1.02688,1.04239,78.447,157.073,28.963,334.008,43.376,216.65,0.000697,-122249.64067572005,-4753.022878951083,65307.05248220799,-2712.759850430978,-91.6749014899163,1063.8987770253154,0.1633035822481756,0.009851127316177485,-10.102592104729599,21.403164318097794,-178.06448522485198,8.567042685309687,2964.0743046029424,0.0006974825110713888,3327.17,1120.576529308638,-834951.2157384475,-28968.614614278253,366.48464625255843
9,Shahab_3,93.0,26.034,-12.693,26.034,-12.693,1.02688,1.04239,78.447,157.073,28.963,334.008,38.25,216.65,0.000615,-124962.32514638649,-4844.6931451315595,66365.90333698937,-2712.615082134765,-91.66597208059915,1053.8063620456683,0.12727704269563972,0.00789248254499323,-10.08217337057334,21.21929619684907,-178.0645703994161,8.555867242813273,2606.9993263015244,0.0006150620649674404,3327.17,985.5833412948982,-834951.2157384475,-28968.614614278253,366.48464625255843
9,Shahab_3,94.0,26.034,-12.693,26.034,-12.693,1.02688,1.04239,78.447,157.073,28.963,334.008,33.771,216.65,0.000543,-127674.88195947162,-4936.355443625724,67414.67178492807,-2712.5037729047885,-91.65882256441039,1043.7334989945155,0.09588495987642906,0.006699539566148385,-10.064402348574744,21.035071673641152,-178.06464188412107,8.544892647093794,2295.7877035349366,0.0005430309728601195,3327.17,867.9289223153418,-834951.2157384475,-28968.614614278253,366.48464625255843
9,Shahab_3,95.0,26.034,-12.693,26.034,-12.693,1.02688,1.04239,78.447,157.073,28.963,334.008,29.851,216.65,0.00048,-130387.3426244777,-5028.010941864781,68453.37545656167,-2712.422251404955,-91.65217967439484,1033.6760803671007,0.06776709175155278,0.006599764079489675,-10.050837423452194,20.85045081587711,-178.06472392229088,8.534104573307095,2024.2270008704847,0.00048000901135099023,3327.17,765.2646438875747,-834951.2157384475,-28968.614614278253,366.48464625255843
9,Shahab_3,96.0,26.034,-12.693,26.034,-12.693,1.02688,1.04239,78.447,157.073,28.963,334.008,26.419,216.65,0.000425,-133099.73518400412,-5119.659894823372,69482.02824503552,-2712.3668771670614,-91.6458474506852,1023.631659583083,0.04368514865502715,0.005904711567842613,-10.037892940390773,20.665422517238444,-178.06481805151643,8.523490690972968,1786.9873516496593,0.00042480790893244203,3327.17,675.5755351073267,-834951.2157384475,-28968.614614278253,366.48464625255843
9,Shahab_3,97.0,26.034,-12.693,26.034,-12.693,1.02688,1.04239,78.447,157.073,28.963,334.008,23.408,216.65,0.000376,-135812.08374375012,-5211.302989336637,70500.64315999145,-2712.3336293530933,-91.64054595062439,1013.6003570417236,0.023319128903885822,0.004723763076031338,-10.02486958496895,20.480024556869733,-178.0649062101258,8.513040378199975,1579.4898105764876,0.0003764034015237298,3327.17,597.1305129785719,-834951.2157384475,-28968.614614278253,366.48464625255843
9,Shahab_3,98.0,26.034,-12.693,26.034,-12.693,1.02688,1.04239,78.447,157.073,28.963,334.008,20.766,216.65,0.000334,-138524.40877425164,-5302.941317805148,71509.2330602369,-2712.3194073359195,-91.63622041366693,1003.5813171826908,0.005464048531701422,0.004052716252419449,-10.013619155227465,20.2942697392282,-178.064987340843,8.502744416826996,1397.7957538124247,0.0003339116446084413,3327.17,528.4405698119973,-834951.2157384475,-28968.614614278253,366.48464625255843
9,Shahab_3,99.0,26.034,-12.693,26.034,-12.693,1.02688,1.04239,78.447,157.073,28.963,334.008,18.443,216.65,0.000297,-141236.7281792082,-5394.575545637415,72507.80915878704,-2712.3220541124383,-91.63225088252095,993.5723873299372,-0.010418896546243943,0.003916034325709428,-10.004490874139679,20.10813970472913,-178.0650729854424,8.49259481131048,1238.513661344582,0.0002965692308310088,3327.17,468.2235320402191,-834951.2157384475,-28968.614614278253,366.48464625255843
9,Shahab_3,100.0,26.034,-12.693,26.034,-12.693,1.02688,1.04239,78.447,157.073,28.963,334.008,16.4,216.65,0.000264,-143949.05783263178,-5486.205859000136,73496.38068362155,-2712.3395537918964,-91.62840805666646,983.5720288361673,-0.024215532515054747,0.003714431104814265,-9.996257396228831,19.921625745896293,-178.06516654362898,8.48258464989891,1098.7197953940624,0.0002637160985414665,3327.17,415.3740724695844,-834951.2157384475,-28968.614614278253,366.48464625255843
9,Shahab_3,101.0,26.034,-12.693,26.034,-12.693,1.02688,1.04239,78.447,157.073,28.963,334.008,14.601,216.65,0.000235,-146661.4115304826,-5577.832482973496,74474.95594121932,-2712.369792453835,-91.6249284346732,973.5798525070157,-0.03593895569362503,0.003206315106320163,-9.988102314711721,19.73474058178852,-178.06526151692907,8.47270795769999,975.8906719951672,0.00023478091455453518,3327.17,368.9381809729998,-834951.2157384475,-28968.614614278253,366.48464625255843
9,Shahab_3,102.0,26.034,-12.693,26.034,-12.693,1.02688,1.04239,78.447,157.073,28.963,334.008,13.014,216.65,0.000209,-149373.80102276418,-5669.455909260532,75443.543075987,-2712.410856530853,-91.62202442712561,963.5957348584144,-0.045943154328278675,0.002619636459226504,-9.980235021080277,19.547500138042885,-178.0653520583778,8.46295955530144,867.845763570368,0.00020926862197037912,3327.17,328.09150303914504,-834951.2157384475,-28968.614614278253,366.48464625255843
9,Shahab_3,103.0,26.034,-12.693,26.034,-12.693,1.02688,1.04239,78.447,157.073,28.963,334.008,11.614,216.65,0.000187,-152086.23634799995,-5761.076702055149,76402.14991484354,-2712.4612443918445,-91.61962586679556,953.6191205425367,-0.054644246990795425,0.002221540743408302,-9.97315673721359,19.359909202999297,-178.06543857738762,8.453334932984722,772.6988532363182,0.00018674982857633368,3327.17,292.1209491326524,-834951.2157384475,-28968.614614278253,366.48464625255843
9,Shahab_3,104.0,26.034,-12.693,26.034,-12.693,1.02688,1.04239,78.447,157.073,28.963,334.008,10.376,216.65,0.000167,-154798.7262294034,-5852.69525374907,77350.78351981338,-2712.519794550983,-91.61750242925982,943.6491089883829,-0.06228836130965833,0.002052327536002791,-9.967003945142844,19.171963511306632,-178.06552510511872,8.443830173135451,688.8165927891737,0.00016685173145368365,3327.17,260.4090274252727,-834951.2157384475,-28968.614614278253,366.48464625255843
9,Shahab_3,105.0,26.034,-12.693,26.034,-12.693,1.02688,1.04239,78.447,157.073,28.963,334.008,9.282,216.65,0.000149,-157511.2783193908,-5944.311742509449,78289.45006057048,-2712.5854980032827,-91.61548498275546,933.684880355814,-0.06895454195267142,0.001981839992189594,-9.961529225757836,18.983658967400107,-178.06561449016314,8.434441878500762,614.7830941105037,0.00014925033482627906,3327.17,232.4204574784634,-834951.2157384475,-28968.614614278253,366.48464625255843
9,Shahab_3,106.0,26.034,-12.693,26.034,-12.693,1.02688,1.04239,78.447,157.073,28.963,334.008,8.312,216.65,0.000134,-160223.8992866315,-6035.926250659486,79218.15504057836,-2712.6573894544085,-91.61354938349363,923.7259325613454,-0.07467280880648422,0.0018755167331583717,-9.956413344845439,18.794996868766226,-178.06570655319067,8.425167101250347,549.3696536099305,0.0001336637732771372,3327.17,207.6907244847797,-834951.2157384475,-28968.614614278253,366.48464625255843
9,Shahab_3,107.0,26.034,-12.693,26.034,-12.693,1.02688,1.04239,78.447,157.073,28.963,334.008,7.453,216.65,0.00012,-162936.5948534029,-6127.53889050413,80136.90360107987,-2712.7345492475874,-91.611763027892,913.7719613090946,-0.07950901050961459,0.0016860107639792646,-9.951890582975235,18.605981708631152,-178.0657992162746,8.416003217419737,491.5088582117249,0.00011984658435718897,3327.17,185.81628996413636,-834951.2157384475,-28968.614614278253,366.48464625255843
9,Shahab_3,108.0,26.034,-12.693,26.034,-12.693,1.02688,1.04239,78.447,157.073,28.963,334.008,6.691,216.65,0.000108,-165649.36986409329,-6219.149849874311,81045.70005280734,-2712.8161488323276,-91.61019680258873,903.8213020869837,-0.08357367671186781,0.001444657166050927,-9.949681004162429,18.41659135476688,-178.06589039310683,8.40694659088684,440.2723416674842,0.00010758480183702682,3327.17,166.44618247599064,-834951.2157384475,-28968.614614278253,366.48464625255843
9,Shahab_3,109.0,26.034,-12.693,26.034,-12.693,1.02688,1.04239,78.447,157.073,28.963,334.008,6.013,216.65,9.7e-05,-168362.22839390687,-6310.759364941707,81944.54683521732,-2712.90148023838,-91.60887261717654,893.8725569597381,-0.08699248275296145,0.001210454767631892,-9.947715713866026,18.226807597487223,-178.06597911684867,8.397994210372588,394.852075260435,9.669174111754042e-05,3327.17,149.27492451810252,-834951.2157384475,-28968.614614278253,366.48464625255843
9,Shahab_3,110.0,26.034,-12.693,26.034,-12.693,1.02688,1.04239,78.447,157.073,28.963,334.008,5.411,216.65,8.7e-05,-171075.17387135894,-6402.367665569225,82833.44583032807,-2712.9899553432883,-91.60775895654393,883.9257430764927,-0.08987654646037495,0.001027266321375563,-9.946008964116492,18.036638162573173,-178.06606563325573,8.389144722038381,354.54405588249557,8.700434323362908e-05,3327.17,134.03636575873048,-834951.2157384475,-28968.614614278253,366.48464625255843
9,Shahab_3,111.0,26.034,-12.693,26.034,-12.693,1.02688,1.04239,78.447,157.073,28.963,334.008,4.874,216.65,7.8e-05,-173788.20918770295,-6493.974933442392,83712.39882793749,-2713.0810827686637,-91.60679632766004,873.9804718420353,-0.09230811782137952,0.00090808679213215,-9.944582717546913,17.846082348208203,-178.06615084722364,8.380396664051391,318.7341096144609,7.83800415262756e-05,3327.17,120.49831604066229,-834951.2157384475,-28968.614614278253,366.48464625255843
9,Shahab_3,112.0,26.034,-12.693,26.034,-12.693,1.02688,1.04239,78.447,157.073,28.963,334.008,4.396,216.65,7.1e-05,-176501.33677917815,-6585.581288772128,84581.40720862117,-2713.1744393788213,-91.6059252232815,864.0364883661343,-0.09434221502680225,0.0008407660192473588,-9.943409720564224,17.6551414745532,-178.06623571250043,8.371748890684373,286.88594175514146,7.069406876724087e-05,3327.17,108.45802766151661,-834951.2157384475,-28968.614614278253,366.48464625255843
9,Shahab_3,113.0,26.034,-12.693,26.034,-12.693,1.02688,1.04239,78.447,157.073,28.963,334.008,3.97,216.65,6.4e-05,-179214.5586831436,-6677.186800958602,85440.47215875307,-2713.2696473182414,-91.60510506613895,854.093587490743,-0.09601609429827938,0.0008019937706792259,-9.942433674397224,17.46381745144925,-178.0663208157186,8.363200430667222,258.5307767051636,6.383712771833952e-05,3327.17,97.7382787030187,-834951.2157384475,-28968.614614278253,366.48464625255843
9,Shahab_3,114.0,26.034,-12.693,26.034,-12.693,1.02688,1.04239,78.447,157.073,28.963,334.008,3.589,216.65,5.8e-05,-181927.87657599137,-6768.791510559563,86289.59467530332,-2713.3663613546805,-91.60431891424774,844.1515825849548,-0.09735918399085781,0.0007696591367076691,-9.941594105509553,17.272112274870523,-178.06640626818873,8.35475042338474,233.2584486030678,5.7713381151782114e-05,3327.17,88.18400482121423,-834951.2157384475,-28968.614614278253,366.48464625255843
9,Shahab_3,115.0,26.034,-12.693,26.034,-12.693,1.02688,1.04239,78.447,157.073,28.963,334.008,3.249,216.65,5.2e-05,-184641.291800299,-6860.395451082428,87128.7755895245,-2713.4642650997707,-91.6035681736857,834.2103689078435,-0.09839965343220176,0.0007296029919603727,-9.940843230937364,17.08002928465482,-178.0664918148005,8.346398162176436,210.70972267936747,5.223871381424094e-05,3327.17,79.65939631302888,-834951.2157384475,-28968.614614278253,366.48464625255843
9,Shahab_3,116.0,26.034,-12.693,26.034,-12.693,1.02688,1.04239,78.447,157.073,28.963,334.008,2.944,216.65,4.7e-05,-187354.80539611983,-6951.998663094212,87958.0156526686,-2713.5630707985897,-91.60286385262474,824.2698758662332,-0.09916677958565706,0.0006767024474708282,-9.940151826968357,16.887572268754322,-178.06657701839197,8.338143048817084,190.5696589488805,4.7339227976220186e-05,3327.17,72.04538924170915,-834951.2157384475,-28968.614614278253,366.48464625255843
9,Shahab_3,117.0,26.034,-12.693,26.034,-12.693,1.02688,1.04239,78.447,157.073,28.963,334.008,2.671,216.65,4.3e-05,-190068.41814508883,-7043.601198908368,88777.31556134741,-2713.662518842889,-91.60221831295169,814.3300499144617,-0.09969044593737532,0.0006124594423733057,-9.939506887629326,16.694745150781515,-178.06666143338953,8.329984575793384,172.5618809489348,4.294994074188118e-05,3327.17,65.23749871737132,-834951.2157384475,-28968.614614278253,366.48464625255843
9,Shahab_3,118.0,26.034,-12.693,26.034,-12.693,1.02688,1.04239,78.447,157.073,28.963,334.008,2.426,216.65,3.9e-05,-192782.13057195875,-7135.203122386376,89586.67596026746,-2713.762380352865,-91.60164076880044,804.3908467438155,-0.09999994605005813,0.0005423066525999922,-9.938906917672055,16.501551835215672,-178.06674470257488,8.321922326268671,156.4436191977147,3.901365472136122e-05,3327.17,59.14394506265285,-834951.2157384475,-28968.614614278253,366.48464625255843
9,Shahab_3,119.0,26.034,-12.693,26.034,-12.693,1.02688,1.04239,78.447,157.073,28.963,334.008,2.206,216.65,3.5e-05,-195495.9429801361,-7226.804503739336,90386.09744752562,-2713.8624560132353,-91.60113370734982,794.4522197871092,-0.10012251033186902,0.0004726142616036213,-9.938355940725167,16.307996001277083,-178.0668266317148,8.3139559610068,142.00141872749577,3.5479977965601334e-05,3327.17,53.68403103372117,-834951.2157384475,-28968.614614278253,366.48464625255843
9,Shahab_3,120.0,26.034,-12.693,26.034,-12.693,1.02688,1.04239,78.447,157.073,28.963,334.008,2.009,216.65,3.2e-05,-198209.85549717158,-7318.405412108579,91175.5805745319,-2713.962570970644,-91.60069383460137,784.5141173401876,-0.10008216446747077,0.0004084689774303196,-9.937858265294546,16.114081082964848,-178.06690716595037,8.306085202264363,129.04741892114959,3.230447271261775e-05,3327.17,48.786735402124414,-834951.2157384475,-28968.614614278253,366.48464625255843
9,Shahab_3,121.0,26.034,-12.693,26.034,-12.693,1.02688,1.04239,78.447,157.073,28.963,334.008,1.831,216.65,2.9e-05,-200923.868084656,-7410.005911309959,91955.12583873696,-2714.0625728607324,-91.60031387377161,774.5764847317866,-0.09989954901840899,0.0003531415432978882,-9.937416376262544,15.91981032770854,-178.06698635044043,8.298309830744055,117.41612685438243,2.9447915357562213e-05,3327.17,44.389493107856424,-834951.2157384475,-28968.614614278253,366.48464625255843
9,Shahab_3,122.0,26.034,-12.693,26.034,-12.693,1.02688,1.04239,78.447,157.073,28.963,334.008,1.671,216.65,2.7e-05,-203637.9805611211,-7501.606056566013,92724.73368198099,-2714.1623283771346,-91.59998418717619,764.6392661372284,-0.09959203123594722,0.0003080013696191096,-9.937029966189025,15.725186856048973,-178.06706429369873,8.290629677962214,106.96161531879355,2.6875652496456943e-05,3327.17,40.43713596418603,-834951.2157384475,-28968.614614278253,366.48464625255843
9,Shahab_3,123.0,26.034,-12.693,26.034,-12.693,1.02688,1.04239,78.447,157.073,28.963,334.008,1.527,216.65,2.5e-05,-206352.1926203605,-7593.205893022557,93484.40449094874,-2714.261720069193,-91.59969456662895,754.7024073501491,-0.09917408611668022,0.00027285916692898927,-9.936696057310364,15.530213738094176,-178.06714112754955,8.283044619866688,97.55508767912757,2.4557040096012494e-05,3327.17,36.88097204517298,-834951.2157384475,-28968.614614278253,366.48464625255843
9,Shahab_3,124.0,26.034,-12.693,26.034,-12.693,1.02688,1.04239,78.447,157.073,28.963,334.008,1.397,216.65,2.2e-05,-209066.50384544724,-7684.805455909179,94234.13859993899,-2714.3606437322965,-91.5994355603596,744.7658582015645,-0.09865780270318963,0.0002464948529457249,-9.936409722023136,15.334894059495463,-178.06721697728648,8.275554571597066,89.08275961821327,2.2464954632677877e-05,3327.17,33.67798487345452,-834951.2157384475,-28968.614614278253,366.48464625255843
9,Shahab_3,125.0,26.034,-12.693,26.034,-12.693,1.02688,1.04239,78.447,157.073,28.963,334.008,1.28,216.65,2.1e-05,-211780.91372095112,-7776.404771723756,94973.93629576304,-2714.4590062694633,-91.5991992391138,734.8295740682784,-0.0980533892735861,0.00022716433758669574,-9.936164952917174,15.139230966755102,-178.06729194399824,8.2681594826404,81.44401486056626,2.0575366595574073e-05,3327.17,30.790136186427333,-834951.2157384475,-28968.614614278253,366.48464625255843
9,Shahab_3,126.0,26.034,-12.693,26.034,-12.693,1.02688,1.04239,78.447,157.073,28.963,334.008,1.173,216.65,1.9e-05,-214495.42164320388,-7868.003859943178,95703.7978236984,-2714.556724036697,-91.59897950761744,724.8935165424161,-0.09736961306434945,0.00021300043608649336,-9.935955444133867,14.94322769312797,-178.06736609682753,8.260859332552757,74.54979801513063,1.8866968077459337e-05,3327.17,28.183758345979005,-834951.2157384475,-28968.614614278253,366.48464625255843
9,Shahab_3,127.0,26.034,-12.693,26.034,-12.693,1.02688,1.04239,78.447,157.073,28.963,334.008,1.077,216.65,1.7e-05,-217210.02692901623,-7959.602734855123,96423.72339369418,-2714.653721592795,-91.59877208426758,714.9576534247603,-0.09661414654961505,0.0002022813477419057,-9.935775173339895,14.746887568687908,-178.0674394725142,8.253654127220827,68.32121280579648,1.7320847314225324e-05,3327.17,25.829024395639067,-834951.2157384475,-28968.614614278253,366.48464625255843
9,Shahab_3,128.0,26.034,-12.693,26.034,-12.693,1.02688,1.04239,78.447,157.073,28.963,334.008,0.99,216.65,1.6e-05,-219924.7288234956,-8051.201407297766,97133.71318646082,-2714.7499307215503,-91.59857427308482,705.0219582420305,-0.09579382137421796,0.0001935816192141093,-9.935618772504895,14.550214019160693,-178.067512079512,8.246543895501585,62.688298353219096,1.592020400888816e-05,3327.17,23.699485430519506,-834951.2157384475,-28968.614614278253,366.48464625255843
9,Shahab_3,129.0,26.034,-12.693,26.034,-12.693,1.02688,1.04239,78.447,157.073,28.963,334.008,0.911,216.65,1.5e-05,-222639.52650696164,-8142.799886096468,97833.76735889212,-2714.8452896810227,-91.59838461396548,695.0864094510854,-0.09491480073510265,0.00018582680721005124,-9.935481706034986,14.353210556957693,-178.06758390483125,8.239528686276163,57.58895994927344,1.4650100115442914e-05,3327.17,21.771666373625408,-834951.2157384475,-28968.614614278253,366.48464625255843
9,Shahab_3,130.0,26.034,-12.693,26.034,-12.693,1.02688,1.04239,78.447,157.073,28.963,334.008,0.839,216.65,1.3e-05,-225354.41910079552,-8234.398179050995,98523.8860483107,-2714.9397426300065,-91.59820255574992,685.1509896239974,-0.09398268673558399,0.00017827786706551334,-9.935360291873986,14.155880770484881,-178.0676549205254,8.232608566027187,52.9680339987712,1.3497241478779606e-05,3327.17,20.024712474472175,-834951.2157384475,-28968.614614278253,366.48464625255843
9,Shahab_3,131.0,26.034,-12.693,26.034,-12.693,1.02688,1.04239,78.447,157.073,28.963,334.008,0.774,216.65,1.2e-05,-228069.4056733214,-8325.996293748305,99204.06937637494,-2715.0332390672547,-91.59802814026753,675.2156846168575,-0.09300259260934803,0.0001704912827674767,-9.935251653048907,13.958228312672484,-178.0677250899539,8.22578361647711,48.7764695624437,1.2449786344994264e-05,3327.17,18.440079889135358,-834951.2157384475,-28968.614614278253,366.48464625255843
9,Shahab_3,132.0,26.034,-12.693,26.034,-12.693,1.02688,1.04239,78.447,157.073,28.963,334.008,0.715,216.65,1.1e-05,-230784.48524483552,-8417.594237994512,99874.31745191105,-2715.125733382684,-91.59786172545591,665.280482795144,-0.09197918638806259,0.00016225643910500737,-9.935153606819739,13.760256889689948,-178.06779437329973,8.219053932626291,44.970611344183894,1.1497177293599376e-05,3327.17,17.001264611584606,-834951.2157384475,-28968.614614278253,366.48464625255843
9,Shahab_3,133.0,26.034,-12.693,26.034,-12.693,1.02688,1.04239,78.447,157.073,28.963,334.008,0.661,216.65,1.1e-05,-233499.65679228032,-8509.19202002525,100534.63037309296,-2715.217184424972,-91.59770379242507,655.3453744178001,-0.0909167213983618,0.00015353189834938635,-9.935064535165884,13.561970252400235,-178.06786273132835,8.21241962099142,41.511570997605155,1.0629993600962899e-05,3327.17,15.693564794380807,-834951.2157384475,-28968.614614278253,366.48464625255843
9,Shahab_3,134.0,26.034,-12.693,26.034,-12.693,1.02688,1.04239,78.447,157.073,28.963,334.008,0.612,216.65,1e-05,-236214.9192535169,-8600.789648560243,101185.00822909402,-2715.307555098174,-91.59755480256428,645.4103511315428,-0.08981906142814215,0.0001443886500634613,-9.934983258368375,13.36337218957831,-178.06793012811158,8.205880798034118,38.364675395790876,9.839821441606452e-06,3327.17,14.50387216552141,-834951.2157384475,-28968.614614278253,366.48464625255843
9,Shahab_3,135.0,26.034,-12.693,26.034,-12.693,1.02688,1.04239,78.447,157.073,28.963,334.008,0.567,216.65,9e-06,-238930.2715311745,-8692.387132730655,101825.45110126035,-2715.3968119859624,-91.59741511019901,635.4754055919284,-0.08868970397924883,0.00013496259674553114,-9.934908920287999,13.164466523270102,-178.06799653260006,8.199437588780775,35.498982026013564,9.119139676224392e-06,3327.17,13.42048882206707,-834951.2157384475,-28968.614614278253,366.48464625255843
9,Shahab_3,136.0,26.034,-12.693,26.034,-12.693,1.02688,1.04239,78.447,157.073,28.963,334.008,0.526,216.65,8e-06,-241645.71249615925,-8783.984481948593,102455.9590639819,-2715.484924995799,-91.59728491704188,625.540531189898,-0.08753180418586674,0.0001254185985143235,-9.934840893313188,12.965257105945884,-178.06806191932867,8.193090125588382,32.886852977581434,8.461219270511186e-06,3327.17,12.432966175062962,-834951.2157384475,-28968.614614278253,366.48464625255843
9,Shahab_3,137.0,26.034,-12.693,26.034,-12.693,1.02688,1.04239,78.447,157.073,28.963,334.008,0.489,216.65,8e-06,-244361.24099080762,-8875.58170574398,103076.53218532504,-2715.5718670295732,-91.59716425634281,615.6057218614766,-0.08634819965876303,0.00011592482937045076,-9.934778703294903,12.765747819005476,-178.06812626851502,8.1868385470528,30.503580119524347,7.86003464427559e-06,3327.17,11.531963246921174,-834951.2157384475,-28968.614614278253,366.48464625255843
9,Shahab_3,138.0,26.034,-12.693,26.034,-12.693,1.02688,1.04239,78.447,157.073,28.963,334.008,0.455,216.65,7e-06,-247076.855831727,-8967.178813597448,103687.17052751049,-2715.657613678645,-91.59705299890834,605.6709719644113,-0.08514143604809508,0.0001066360624299846,-9.934721973364207,12.565942572350293,-178.0681895657142,8.180682997037382,28.32705503753801,7.310185470998787e-06,3327.17,10.70912189016505,-834951.2157384475,-28968.614614278253,366.48464625255843
9,Shahab_3,139.0,26.034,-12.693,26.034,-12.693,1.02688,1.04239,78.447,157.073,28.963,334.008,0.423,216.65,7e-06,-249792.55581234387,-9058.775814786748,104287.8741472947,-2715.7421429447295,-91.59695087170272,595.7362762018613,-0.08391379275782009,9.76840627309192e-05,-9.934670384075782,12.365845304642072,-178.06825180122723,8.174623623808728,26.33747814027813,6.806827639039425e-06,3327.17,9.956956814255193,-834951.2157384475,-28968.614614278253,366.48464625255843
9,Shahab_3,140.0,26.034,-12.693,26.034,-12.693,1.02688,1.04239,78.447,157.073,28.963,334.008,0.395,216.65,6e-06,-252508.33970518445,-9150.372718255112,104878.64309629076,-2715.825434986397,-91.59685748341052,585.8016295793088,-0.08266730814788978,8.9173223187037e-05,-9.934623646648841,12.165459983992625,-178.06831296938105,8.168660579267037,24.517102071725187,6.345612251154103e-06,3327.17,9.268758581920794,-834951.2157384475,-28968.614614278253,366.48464625255843
9,Shahab_3,141.0,26.034,-12.693,26.034,-12.693,1.02688,1.04239,78.447,157.073,28.963,334.008,0.368,216.65,6e-06,-255224.20626391596,-9241.969532506995,105459.4774212589,-2715.9074718901525,-91.59677235243569,575.8670273830218,-0.08140380369266613,8.117988868843129e-05,-9.934581486310105,11.964790608871672,-178.06837306777462,8.162794018258905,22.85000519498821,5.922631682427949e-06,3327.17,8.638507974082055,-834951.2157384475,-28968.614614278253,366.48464625255843
9,Shahab_3,142.0,26.034,-12.693,26.034,-12.693,1.02688,1.04239,78.447,157.073,28.963,334.008,0.344,216.65,6e-06,-257940.1542251694,-9333.56626553158,106030.37716438185,-2715.9882374650833,-91.5966949341814,565.9324651710857,-0.08012490668501089,7.375405142720119e-05,-9.934543632989914,11.763841209070753,-178.0684320965576,8.157024097962948,21.321891457315317,5.5343718411464195e-06,3327.17,8.060800328261172,-834951.2157384475,-28968.614614278253,366.48464625255843
9,Shahab_3,143.0,26.034,-12.693,26.034,-12.693,1.02688,1.04239,78.447,157.073,28.963,334.008,0.322,216.65,5e-06,-260656.18231016884,-9425.162924752476,106591.3423635354,-2716.067717059296,-91.5966246460073,555.9979387712402,-0.07883207123211818,6.692241978569287e-05,-9.93450981711433,11.562615846626242,-178.06849005777332,8.151350977339208,19.919913417845343,5.177669885177192e-06,3327.17,7.530778633731944,-834951.2157384475,-28968.614614278253,366.48464625255843
9,Shahab_3,144.0,26.034,-12.693,26.034,-12.693,1.02688,1.04239,78.447,157.073,28.963,334.008,0.302,216.65,5e-06,-263372.28922618704,-9516.75951700073,107142.37305255786,-2716.1458973964714,-91.59656088867426,546.0634442810259,-0.0775265974195879,6.0692134170094307e-05,-9.934479768720383,11.361118616627868,-178.06854695479026,8.1457748166348,18.632515628829797,4.849676740310914e-06,3327.17,7.044074321355434,-834951.2157384475,-28968.614614278253,366.48464625255843
9,Shahab_3,145.0,26.034,-12.693,26.034,-12.693,1.02688,1.04239,78.447,157.073,28.963,334.008,0.283,216.65,5e-06,-266088.4736678471,-9608.356048507361,107683.46926152008,-2716.222766430659,-91.59650306396973,536.1289780677283,-0.07620964861965154,5.5054623901684634e-05,-9.934453218552386,11.159353647877973,-178.06860279182715,8.140295776939157,17.449295916247575,4.547823848648486e-06,3327.17,6.596754820330792,-834951.2157384475,-28968.614614278253,366.48464625255843
9,Shahab_3,146.0,26.034,-12.693,26.034,-12.693,1.02688,1.04239,78.447,157.073,28.963,334.008,0.266,216.65,4e-06,-268804.734318287,-9699.952524911614,108214.63101699442,-2716.2983132174504,-91.59645058856466,526.194536766678,-0.07488226699502433,4.9989284599690716e-05,-9.934429900184595,10.957325103387147,-178.06865757356917,8.134914019783086,16.36088241431144,4.269793646174776e-06,3327.17,6.185277070748656,-834951.2157384475,-28968.614614278253,366.48464625255843
9,Shahab_3,147.0,26.034,-12.693,26.034,-12.693,1.02688,1.04239,78.447,157.073,28.963,334.008,0.25,216.65,4e-06,-271521.06985020294,-9791.548951281286,108735.85834232104,-2716.3725277998183,-91.59640290435185,516.2601172771762,-0.07354538729782224,4.546678789275017e-05,-9.934409552516485,10.755037180704534,-178.06871130486897,8.129629706776791,15.358824476648815,4.013493330542307e-06,3327.17,5.806446282259844,-834951.2157384475,-28968.614614278253,366.48464625255843
9,Shahab_3,148.0,26.034,-12.693,26.034,-12.693,1.02688,1.04239,78.447,157.073,28.963,334.008,0.235,216.65,4e-06,-274237.4789267862,-9883.145332141896,109247.15125786905,-2716.445401106825,-91.59635948570525,506.32571675590987,-0.07219984909183477,4.1451933260718665e-05,-9.934391922222376,10.552494112092544,-178.0687639905215,8.124442999282081,14.435495820380789,3.777031534030616e-06,3327.17,5.457379317425225,-834951.2157384475,-28968.614614278253,366.48464625255843
9,Shahab_3,149.0,26.034,-12.693,26.034,-12.693,1.02688,1.04239,78.447,157.073,28.963,334.008,0.221,216.65,4e-06,-276953.96020256646,-9974.741671511802,109748.50978129079,-2716.516924863573,-91.59631984415122,496.39133260803897,-0.07084640753938856,3.790601521320792e-05,-9.934376765905524,10.349700164560808,-178.06881563510146,8.119354058114629,13.584008462605942,3.5586975637010693e-06,3327.17,5.135472155164212,-834951.2157384475,-28968.614614278253,366.48464625255843
9,Shahab_3,150.0,26.034,-12.693,26.034,-12.693,1.02688,1.04239,78.447,157.073,28.963,334.008,0.209,216.65,3e-06,-279670.51232415356,-10066.33797294009,110239.93392776023,-2716.5870915132778,-91.59628353081284,486.4569624765319,-0.06948574289911272,3.4788718990906735e-05,-9.934363851838969,10.146659639772285,-178.06886624285667,8.114363043279615,12.798136185988358,3.3569429118477384e-06,3327.17,4.838370956707591,-834951.2157384475,-28968.614614278253,366.48464625255843
9,Shahab_3,151.0,26.034,-12.693,26.034,-12.693,1.02688,1.04239,78.447,157.073,28.963,334.008,0.197,216.65,3e-06,-282387.1339309304,-10157.934239547285,110721.42371020875,-2716.655894145235,-91.5962501373256,476.5226042296872,-0.06811846887460232,3.2059597751028965e-05,-9.934352961242125,9.9433768738477,-178.0689158176374,8.109470113723035,12.072246424550716,3.1703647757227067e-06,3327.17,4.563946314832282,-834951.2157384475,-28968.614614278253,366.48464625255843
9,Shahab_3,152.0,26.034,-12.693,26.034,-12.693,1.02688,1.04239,78.447,157.073,28.963,334.008,0.186,216.65,3e-06,-285103.82365567057,-10249.530474065816,111192.97913954424,-2716.723326431868,-91.59621929537393,466.5882559476997,-0.06674513994909273,2.967917485147461e-05,-9.934343889115748,9.739856237076808,-178.0689643628613,8.104675427108713,11.401239595783187,2.9976913569031947e-06,3327.17,4.310270318196483,-834951.2157384475,-28968.614614278253,366.48464625255843
9,Shahab_3,153.0,26.034,-12.693,26.034,-12.693,1.02688,1.04239,78.447,157.073,28.963,334.008,0.176,216.65,3e-06,-287820.58012508304,-10341.126678878929,111654.60022485323,-2716.7893825736714,-91.59619067530924,456.6539159088013,-0.06536625782759414,2.760972814137737e-05,-9.93433644467085,9.536102133555453,-178.06901188150363,8.09997913961805,10.780495022901738,2.8377687381138205e-06,3327.17,4.075596107099118,-834951.2157384475,-28968.614614278253,366.48464625255843
9,Shahab_3,154.0,26.034,-12.693,26.034,-12.693,1.02688,1.04239,78.447,157.073,28.963,334.008,0.167,216.65,3e-06,-290537.40196032333,-10432.722856058961,112106.28697359469,-2716.854057248537,-91.59616398409473,446.7195825747897,-0.06398227709939792,2.5815823942915428e-05,-9.934330451418587,9.332119000759997,-178.06905837610446,8.095381405762495,10.20582269404353,2.689549159352711e-06,3327.17,3.858339635909572,-834951.2157384475,-28968.614614278253,366.48464625255843
9,Shahab_3,155.0,26.034,-12.693,26.034,-12.693,1.02688,1.04239,78.447,157.073,28.963,334.008,0.159,216.65,3e-06,-293254.287777454,-10524.319007403199,112548.03939177864,-2716.91734556653,-91.59613896279217,436.78525457658435,-0.06259361021844818,2.4264642570321903e-05,-9.93432574697646,9.127911309070686,-178.0691038487895,8.0908823782123,9.673420195342416,2.552080536239834e-06,3327.17,3.657063391497184,-834951.2157384475,-28968.614614278253,366.48464625255843
9,Shahab_3,156.0,26.034,-12.693,26.034,-12.693,1.02688,1.04239,78.447,157.073,28.963,334.008,0.151,216.65,2e-06,-295971.23618783505,-10615.915134465047,112979.85748412047,-2716.979243032205,-91.5961153839512,426.85093070094905,-0.061200631883816796,2.2926125478109877e-05,-9.934322182622497,8.923483561263168,-178.06914830129827,8.086482207648267,9.179834233699793,2.42449708197614e-06,3327.17,3.4704618468078214,-834951.2157384475,-28968.614614278253,366.48464625255843
9,Shahab_3,157.0,26.034,-12.693,26.034,-12.693,1.02688,1.04239,78.447,157.073,28.963,334.008,0.143,216.65,2e-06,-298688.24579851737,-10707.511238585324,113401.74125419602,-2717.039745507146,-91.59609304876685,416.91660987667,-0.05980368291000008,2.1773025278835733e-05,-9.934319622722999,8.718840291960028,-178.06919173501757,8.08218104261454,8.721926234063217,2.306010910500786e-06,3327.17,3.2973484548194403,-834951.2157384475,-28968.614614278253,366.48464625255843
9,Shahab_3,158.0,26.034,-12.693,26.034,-12.693,1.02688,1.04239,78.447,157.073,28.963,334.008,0.137,216.65,2e-06,-301405.3152125779,-10799.107320919196,113813.69070457555,-2717.0988491782664,-91.59607178428912,406.98229116190714,-0.058403073643130354,2.0780852975705836e-05,-9.934317944025404,8.51398606706061,-178.0692341510175,8.077979029389391,8.296841556773991,2.1959045126834856e-06,3327.17,3.136644011074785,-834951.2157384475,-28968.614614278253,366.48464625255843
9,Shahab_3,159.0,26.034,-12.693,26.034,-12.693,1.02688,1.04239,78.447,157.073,28.963,334.008,0.13,216.65,2e-06,-304122.4430294304,-10890.703382460624,114215.7058369469,-2717.156550528935,-91.59605144072869,397.0479737322289,-0.05699908698536069,1.992776465717788e-05,-9.934317034879664,8.308925483151008,-178.0692755500879,8.073876311865261,7.901981933605479,2.093524009888408e-06,3327.17,2.987366233049055,-834951.2157384475,-28968.614614278253,366.48464625255843
9,Shahab_3,160.0,26.034,-12.693,26.034,-12.693,1.02688,1.04239,78.447,157.073,28.963,334.008,0.124,216.65,2e-06,-306839.62784511043,-10982.299424064327,114607.78665222775,-2717.212846312766,-91.59603188887743,387.11365686937256,-0.055591981077929675,1.9194407528040634e-05,-9.93431679442268,8.103663166897112,-178.06931593277397,8.069873031437645,7.534980767837342,1.9982731002518414e-06,3327.17,2.8486204222743234,-834951.2157384475,-28968.614614278253,366.48464625255843
9,Shahab_3,161.0,26.034,-12.693,26.034,-12.693,1.02688,1.04239,78.447,157.073,28.963,334.008,0.119,216.65,2e-06,-309556.86825253116,-11073.895446465072,114989.93315066608,-2717.267733530175,-91.59601301770977,377.1793399508994,-0.054181991685432036,1.8563739136165984e-05,-9.934317131748195,7.898203774425508,-178.06935529941026,8.065969326903202,7.19368098473998,1.9096076226992687e-06,3327.17,2.7195910906536156,-834951.2157384475,-28968.614614278253,366.48464625255843
9,Shahab_3,162.0,26.034,-12.693,26.034,-12.693,1.02688,1.04239,78.447,157.073,28.963,334.008,0.114,216.65,2e-06,-312274.1628417214,-11165.491450294776,115362.14533193134,-2717.3212094070373,-91.59599473216794,367.2450224406396,-0.05276933431961971,1.8020834623565254e-05,-9.934317965086667,7.692551990693467,-178.0693936501519,8.062165334365101,6.876115154915781,1.8270306722552292e-06,3327.17,2.5995344460348204,-834951.2157384475,-28968.614614278253,366.48464625255843
9,Shahab_3,163.0,26.034,-12.693,26.034,-12.693,1.02688,1.04239,78.447,157.073,28.963,334.008,0.109,216.65,2e-06,-314991.5102000401,-11257.087436097427,115724.42319519636,-2717.373271375411,-91.59597695114184,357.3107038799572,-0.05135420613466345,1.755269001233074e-05,-9.934319221009009,7.486712528850139,-178.0694309850038,8.058461187145511,6.580487644703825,1.750088207717132e-06,3327.17,2.4877716441215787,-834951.2157384475,-28968.614614278253,366.48464625255843
9,Shahab_3,164.0,26.034,-12.693,26.034,-12.693,1.02688,1.04239,78.447,157.073,28.963,334.008,0.104,216.65,2e-06,-317708.9089123742,-11348.683404342102,116076.76673921067,-2717.4239170560486,-91.59595960564592,347.3763838797941,-0.04993678762200609,1.7148028745737045e-05,-9.934320833665689,7.280690129590076,-178.06946730384635,8.054857015704387,6.305158575818765,1.6783650993944264e-06,3327.17,2.3836827243701797,-834951.2157384475,-28968.614614278253,366.48464625255843
9,Shahab_3,165.0,26.034,-12.693,26.034,-12.693,1.02688,1.04239,78.447,157.073,28.963,334.008,0.1,216.65,2e-06,-320426.35756131884,-11440.27935543428,116419.17596236654,-2717.473144242497,-91.59594263718526,337.4420621134532,-0.04851724412876302,1.679711604692683e-05,-9.934322744068536,7.074489560499931,-178.06950260645863,8.051352947563991,6.048629401043014,1.6114815704668346e-06,3327.17,2.286701156839899,-834951.2157384475,-28968.614614278253,366.48464625255843
9,Shahab_3,166.0,26.034,-12.693,26.034,-12.693,1.02688,1.04239,78.447,157.073,28.963,334.008,0.096,216.65,2e-06,-323143.85472734325,-11531.875289725567,116751.65086275795,-2717.520950886654,-91.5959259963021,327.50773831007626,-0.047095727220562954,1.6491584079106127e-05,-9.934324899419678,6.868115615398873,-178.0695368925388,8.047949107238644,5.809529924533273,1.5490899906852139e-06,3327.17,2.1963089351838065,-834951.2157384475,-28968.614614278253,366.48464625255843
9,Shahab_3,167.0,26.034,-12.693,26.034,-12.693,1.02688,1.04239,78.447,157.073,28.963,334.008,0.093,216.65,1e-06,-325861.39898894227,-11623.47120752209,117074.19143823348,-2717.567335085608,-91.59590964129124,317.57341224876933,-0.045672375906777134,1.6224269831420146e-05,-9.93432725248971,6.661573113673083,-178.0695701617217,8.044645616169259,5.586606614490895,1.490871985707955e-06,3327.17,2.112032158221312,-834951.2157384475,-28968.614614278253,366.48464625255843
9,Shahab_3,168.0,26.034,-12.693,26.034,-12.693,1.02688,1.04239,78.447,157.073,28.963,334.008,0.089,216.65,1e-06,-328578.9889227748,-11715.067109091675,117386.79768644362,-2717.6122950696445,-91.59589353707055,307.6390837533238,-0.04424731774377593,1.5989066551393667e-05,-9.934329761045637,6.454866899604506,-178.06960241359423,8.041442592662243,5.378712072897883,1.4365358294084727e-06,3327.17,2.0334370489425946,-834951.2157384475,-28968.614614278253,366.48464625255843
9,Shahab_3,169.0,26.034,-12.693,26.034,-12.693,1.02688,1.04239,78.447,157.073,28.963,334.008,0.086,216.65,1e-06,-331296.62310379266,-11806.66299466995,117689.4696048829,-2717.6558291912947,-91.59587765419319,297.7047526874858,-0.04282066982981105,1.5780789016131586e-05,-9.934332387327634,6.24800184169398,-178.0696336477083,8.03834015183236,5.184795542003406,1.3858140900675077e-06,3327.17,1.9601263654594379,-834951.2157384475,-28968.614614278253,366.48464625255843
9,Shahab_3,170.0,26.034,-12.693,26.034,-12.693,1.02688,1.04239,78.447,157.073,28.963,334.008,0.083,216.65,1e-06,-334014.3001053568,-11898.258864465563,117982.20719092789,-2717.6979359153393,-91.5958619679878,287.7704189507252,-0.04139253970328488,1.559505236269295e-05,-9.934335097572863,6.040982831978738,-178.06966386359167,8.035338405549311,5.003894340501827,1.3384615045341202e-06,3327.17,1.891736163428535,-834951.2157384475,-28968.614614278253,366.48464625255843
9,Shahab_3,171.0,26.034,-12.693,26.034,-12.693,1.02688,1.04239,78.447,157.073,28.963,334.008,0.08,216.65,1e-06,-336732.0184993456,-11989.854718664557,118265.01044187082,-2717.738613809658,-91.5958464578134,277.83608247445767,-0.03996302615479991,1.542816393263923e-05,-9.934337861584027,5.8338147853442885,-178.06969306075752,8.032437462387655,4.835126134078811,1.2942530572498662e-06,3327.17,1.8279328739099616,-834951.2157384475,-28968.614614278253,366.48464625255843
9,Shahab_3,172.0,26.034,-12.693,26.034,-12.693,1.02688,1.04239,78.447,157.073,28.963,334.008,0.078,216.65,1e-06,-339449.77685625275,-12081.450557434076,118537.87935494998,-2717.777861536856,-91.59583110641594,267.90174321867755,-0.03853221996199706,1.527702732050732e-05,-9.934340652339799,5.626502638830626,-178.06972123871168,8.029637427579855,4.677681955398517,1.2529822435238481e-06,3327.17,1.768410664553929,-834951.2157384475,-28968.614614278253,366.48464625255843
9,Shahab_3,173.0,26.034,-12.693,26.034,-12.693,1.02688,1.04239,78.447,157.073,28.963,334.008,0.076,216.65,1e-06,-342167.57374527917,-12173.046380925478,118800.81392737658,-2717.815677846591,-91.5958158993754,257.96740116895995,-0.03710020455515813,1.5139057757500738e-05,-9.934343445644156,5.419051350932727,-178.06974839695903,8.026938402972213,4.530819897824672,1.2144594986605697e-06,3327.17,1.7128890554945129,-834951.2157384475,-28968.614614278253,366.48464625255843
9,Shahab_3,174.0,26.034,-12.693,26.034,-12.693,1.02688,1.04239,78.447,157.073,28.963,334.008,0.073,216.65,1e-06,-344885.4077344159,-12264.642189276905,119053.81415635918,-2717.852061568523,-91.59580082463162,248.03305633379316,-0.035667056620577925,1.5012107838455377e-05,-9.934346219811582,5.2114659008952815,-178.06977453500832,8.024340486983446,4.393859415347508,1.1785107765094606e-06,3327.17,1.6611107644211873,-834951.2157384475,-28968.614614278253,366.48464625255843
9,Shahab_3,175.0,26.034,-12.693,26.034,-12.693,1.02688,1.04239,78.447,157.073,28.963,334.008,0.071,216.65,1e-06,-347603.2773905214,-12356.237982615467,119296.88003912536,-2717.887011605819,-91.59578587207837,238.09870874220186,-0.03423284664786989,1.4894402636495486e-05,-9.934348955385065,5.003751288001556,-178.0697996523762,8.021843774565662,4.266176168454427,1.1449762627546893e-06,3327.17,1.6128397580459024,-834951.2157384475,-28968.614614278253,366.48464625255843
9,Shahab_3,176.0,26.034,-12.693,26.034,-12.693,1.02688,1.04239,78.447,157.073,28.963,334.008,0.069,216.65,1e-06,-350321.18127939047,-12447.83376105898,119530.01157294086,-2717.9205269293316,-91.59577103322711,228.16435844169,-0.03279763942666784,1.4784483259935013e-05,-9.934351634883688,4.795912530857302,-178.06982374859012,8.019448357168137,4.147197362139036,1.1137092098207267e-06,3327.17,1.5678594896244449,-834951.2157384475,-28968.614614278253,366.48464625255843
9,Shahab_3,177.0,26.034,-12.693,26.034,-12.693,1.02688,1.04239,78.447,157.073,28.963,334.008,0.067,216.65,1e-06,-353039.1179658207,-12539.429524717454,119753.20875512737,-2717.9526065720247,-91.59575630090968,218.23000549634278,-0.031361494497651465,1.468115792784008e-05,-9.934354242577545,4.587954666667721,-178.0698468231907,8.017154322702563,4.036397527984992,1.0845748816560001e-06,3327.17,1.5259713043615104,-834951.2157384475,-28968.614614278253,366.48464625255843
9,Shahab_3,178.0,26.034,-12.693,26.034,-12.693,1.02688,1.04239,78.447,157.073,28.963,334.008,0.066,216.65,1e-06,-355757.08601367177,-12631.025273694298,119966.47158307848,-2717.9832496239233,-91.59574166903228,208.29564998517412,-0.029924466562124656,1.4583459701900858e-05,-9.934356764286735,4.379882750509226,-178.06986887573316,8.014961755510582,3.933294707378118,1.057449597893716e-06,3327.17,1.4869929964634367,-834951.2157384475,-28968.614614278253,366.48464625255843
9,Shahab_3,179.0,26.034,-12.693,26.034,-12.693,1.02688,1.04239,78.447,157.073,28.963,334.008,0.064,216.65,1e-06,-358475.0839859199,-12722.621008087272,120169.8000542735,-2718.0124552274947,-91.59572713237127,198.36129200068044,-0.0284866058540695,1.4490610122123854e-05,-9.934359187202162,4.171701854595832,-178.06988990578841,8.012870736333387,3.8374469974562597,1.0322198679923059e-06,3327.17,1.450757503324946,-834951.2157384475,-28968.614614278253,366.48464625255843
9,Shahab_3,180.0,26.034,-12.693,26.034,-12.693,1.02688,1.04239,78.447,157.073,28.963,334.008,0.063,216.65,1e-06,-361193.11044470826,-12814.216727989282,120363.19416629047,-2718.040222573349,-91.59571268640053,188.4269316475492,-0.02704795847803285,1.4401987988431022e-05,-9.93436149972582,3.9634170675398215,-178.06990991294379,8.01088134228297,3.7484494254710965,1.0087816069434329e-06,3327.17,1.4171117238729396,-834951.2157384475,-28968.614614278253,366.48464625255843
9,Shahab_3,181.0,26.034,-12.693,26.034,-12.693,1.02688,1.04239,78.447,157.073,28.963,334.008,0.061,216.65,1e-06,-363911.16395139304,-12905.81243348899,120546.65391681777,-2718.0665508962675,-91.59569832714776,178.49256904152008,-0.0256085667160102,1.4317102685532188e-05,-9.934363691328528,3.7550334936069794,-178.06992889680294,8.008993646815115,3.665931120868052,9.870394250171188e-07,3327.17,1.3859154494634491,-834951.2157384475,-28968.614614278253,366.48464625255843
9,Shahab_3,182.0,26.034,-12.693,26.034,-12.693,1.02688,1.04239,78.447,157.073,28.963,334.008,0.06,216.65,1e-06,-366629.2430665856,-12997.408124671316,120720.17930366463,-2718.0914394715146,-91.59568405107554,168.55820430838102,-0.024168469305969567,1.4235571419016891e-05,-9.934365752423094,3.5465562519666114,-178.0699468569859,8.00720771970394,3.589552757635086,9.669059848023406e-07,3327.17,1.3570403969544882,-834951.2157384475,-28968.614614278253,366.48464625255843
9,Shahab_3,183.0,26.034,-12.693,26.034,-12.693,1.02688,1.04239,78.447,157.073,28.963,334.008,0.059,216.65,1e-06,-369347.34635019145,-13089.003801617811,120883.77032477062,-2718.114887611431,-91.59566985498365,158.6238375830837,-0.02272770169457975,1.4157099895623317e-05,-9.934367674251238,3.33799047593639,-178.0699637931288,8.005523627018022,3.519004242377128,9.483014195087767e-07,3327.17,1.3303693346761658,-834951.2157384475,-28968.614614278253,366.48464625255843
9,Shahab_3,184.0,26.034,-12.693,26.034,-12.693,1.02688,1.04239,78.447,157.073,28.963,334.008,0.058,216.65,1e-06,-372065.47236144566,-13180.599464406965,121037.42697821457,-2718.1368946622765,-91.5956557359293,148.68946900897186,-0.021286296266221173,1.4081465957193554e-05,-9.934369448782622,3.1293413122223797,-178.0699797048831,8.003941431097992,3.4540026261762806,9.311528071299514e-07,3327.17,1.3057952930036327,-834951.2157384475,-28968.614614278253,366.48464625255843
9,Shahab_3,185.0,26.034,-12.693,26.034,-12.693,1.02688,1.04239,78.447,157.073,28.963,334.008,0.057,216.65,1e-06,-374783.61965894507,-13272.195113114429,121181.14926222253,-2718.1574600012345,-91.59564169116119,138.75509873708904,-0.019844282550370157,1.4008505716297413e-05,-9.934371068624573,2.9206139201540444,-178.06999459191502,8.002461190535351,3.394290220635696,9.153936956386424e-07,3327.17,1.2832208521222321,-834951.2157384475,-28968.614614278253,366.48464625255843
9,Shahab_3,186.0,26.034,-12.693,26.034,-12.693,1.02688,1.04239,78.447,157.073,28.963,334.008,0.056,216.65,1e-06,-377501.78680067876,-13363.790747813175,121314.93717517542,-2718.176583033613,-91.59562771806657,128.82072692557398,-0.018401687409046078,1.3938101883971314e-05,-9.934372526941203,2.7118134709147323,-178.07000845390445,8.001082960152594,3.339632900607011,9.009636748990542e-07,3327.17,1.2625575003688894,-834951.2157384475,-28968.614614278253,366.48464625255843
9,Shahab_3,187.0,26.034,-12.693,26.034,-12.693,1.02688,1.04239,78.447,157.073,28.963,334.008,0.055,216.65,1e-06,-380219.97234405344,-13455.386368573614,121438.79071561534,-2718.194263190387,-91.59561381413238,118.8863537391697,-0.016958535205924753,1.3870174167627727e-05,-9.934373817381097,2.50294514676846,-178.07002129054428,7.999806790985091,3.2898185779952094,8.878079914436991e-07,3327.17,1.2437250572497984,-834951.2157384475,-28968.614614278253,366.48464625255843
9,Shahab_3,188.0,26.034,-12.693,26.034,-12.693,1.02688,1.04239,78.447,157.073,28.963,334.008,0.054,216.65,1e-06,-382938.174845919,-13546.98197546368,121552.70988225243,-2718.2104999256767,-91.59559997691011,108.95197934874847,-0.015514847958548243,1.3804671040127006e-05,-9.934374934011922,2.294014140281735,-178.07003310153917,7.998632730263509,3.2446558327419632,8.758772026816124e-07,3327.17,1.226651155879869,-834951.2157384475,-28968.614614278253,366.48464625255843
9,Shahab_3,189.0,26.034,-12.693,26.034,-12.693,1.02688,1.04239,78.447,157.073,28.963,334.008,0.054,216.65,1e-06,-385656.3928625897,-13638.57756854887,121656.69467397046,-2718.2252927145323,-91.59558620399164,99.01760393093525,-0.014070645474877566,1.3741563080773685e-05,-9.934375871261672,2.0850256535421408,-178.07004388660454,7.99756082139789,3.2039726886388715,8.651268674845058e-07,3327.17,1.2112707801755183,-834951.2157384475,-28968.614614278253,366.48464625255843
9,Shahab_3,190.0,26.034,-12.693,26.034,-12.693,1.02688,1.04239,78.447,157.073,28.963,334.008,0.053,216.65,1e-06,-388374.62494986417,-13730.173147892303,121750.74508983259,-2718.2386410507565,-91.59557249298959,89.08322766776908,-0.012625945475262811,1.3680837401837716e-05,-9.934376623865223,1.8759848973730342,-178.07005364546544,7.996591103962575,3.167615523023021,8.555172704420793e-07,3327.17,1.1975258526620474,-834951.2157384475,-28968.614614278253,366.48464625255843
9,Shahab_3,191.0,26.034,-12.693,26.034,-12.693,1.02688,1.04239,78.447,157.073,28.963,334.008,0.053,216.65,1e-06,-391092.869663044,-13821.768713554693,121834.86112908668,-2718.2505444448625,-91.59555884152286,79.14885074641866,-0.011180763700937539,1.3622493103129771e-05,-9.934377186815784,1.6668970905449794,-178.07006237785535,7.9957236136822685,3.135448100687576,8.470131773925278e-07,3327.17,1.1853648692408552,-834951.2157384475,-28968.614614278253,366.48464625255843
9,Shahab_3,192.0,26.034,-12.693,26.034,-12.693,1.02688,1.04239,78.447,157.073,28.963,334.008,0.052,216.65,1e-06,-393811.12555694836,-13913.364265594397,121909.0427911701,-2718.2610024221726,-91.595545247207,69.21447335895101,-0.009735114009813873,1.3566537672574734e-05,-9.934377555320511,1.4577674589842335,-178.0700700835151,7.994958382419286,3.1073507235075835,8.395836201219477e-07,3327.17,1.17474257770311,-834951.2157384475,-28968.614614278253,366.48464625255843
9,Shahab_3,193.0,26.034,-12.693,26.034,-12.693,1.02688,1.04239,78.447,157.073,28.963,334.008,0.052,216.65,1e-06,-396529.39118592866,-14004.95980406736,121973.29007571471,-2718.2700145209506,-91.59553170764698,59.28009570213486,-0.008289008460387852,1.3512984051743776e-05,-9.934377724759614,1.2486012349783469,-178.07007676219166,7.994295438161613,3.083219488352852,8.332017083908111e-07,3327.17,1.1656196971816508,-834951.2157384475,-28968.614614278253,366.48464625255843
9,Shahab_3,194.0,26.034,-12.693,26.034,-12.693,1.02688,1.04239,78.447,157.073,28.963,334.008,0.051,216.65,1e-06,-399247.6651038805,-14096.55532902714,122027.60298255162,-2718.277580290613,-91.595518220433,49.345717977284345,-0.006842457384409188,1.3461848376500045e-05,-9.934377690648425,1.0394036563792772,-178.07008241363692,7.993734805011976,3.062965646849406,8.27844467690031e-07,3327.17,1.157962676107026,-834951.2157384475,-28968.614614278253,366.48464625255843
9,Shahab_3,195.0,26.034,-12.693,26.034,-12.693,1.02688,1.04239,78.447,157.073,28.963,334.008,0.051,216.65,1e-06,-401965.9458642531,-14188.150840524868,122071.98151171519,-2718.283699290114,-91.59550478313834,39.41134039015049,-0.005395469448982215,1.3413148378145969e-05,-9.934377448602307,0.8301799658045077,-178.0700870376067,7.9932765031781585,3.0465150614676824,8.234927013558412e-07,3327.17,1.1517434865801235,-834951.2157384475,-28968.614614278253,366.48464625255843
9,Shahab_3,196.0,26.034,-12.693,26.034,-12.693,1.02688,1.04239,78.447,157.073,28.963,334.008,0.051,216.65,1e-06,-404684.2320200596,-14279.746338609242,122106.42566344785,-2718.2883710862416,-91.59549139331831,29.476963150830947,-0.003948051708386647,1.3366902139109078e-05,-9.934376994303262,0.6209354098359949,-178.07009063385942,7.992920548963816,3.033807753270209,8.201308758844896e-07,3327.17,1.1469394533969244,-834951.2157384475,-28968.614614278253,366.48464625255843
9,Shahab_3,197.0,26.034,-12.693,26.034,-12.693,1.02688,1.04239,78.447,157.073,28.963,334.008,0.051,216.65,1e-06,-407402.52212388226,-14371.34182332651,122130.9354382043,-2718.291595252071,-91.59547804851022,19.542586473722064,-0.0025002096462568824,1.332312740270181e-05,-9.934376323468586,0.41167523821767954,-178.07009320215508,7.99266695476049,3.0247975374576,8.177470284873054e-07,3327.17,1.1435331162656537,-834951.2157384475,-28968.614614278253,366.48464625255843
9,Shahab_3,198.0,26.034,-12.693,26.034,-12.693,1.02688,1.04239,78.447,157.073,28.963,334.008,0.051,216.65,1e-06,-410120.81472787965,-14462.937294720441,122145.51083665565,-2718.2933713653865,-91.595464746234,9.608210577497927,-0.0010519472082719755,1.3281841225990834e-05,-9.934375431820715,0.20240470305163924,-178.07009474225413,7.992515729040298,3.0194517436120343,8.163326961155755e-07,3327.17,1.141512124044048,-834951.2157384475,-28968.614614278253,366.48464625255843
9,Shahab_3,199.0,26.034,-12.693,26.034,-12.693,1.02688,1.04239,78.447,157.073,28.963,334.008,0.051,216.65,1e-06,-412839.1083837892,-14554.532752832325,122150.151859694,-2718.2936990071507,-91.59545148399279,-0.3261643148802887,0.00039673317443408726,1.3243060046326103e-05,-9.93437431505816,-0.006870942006752409,-178.0700952539163,7.992466876349511,3.017751018265816,8.15882865365421e-07,3327.17,1.1408691600998537,-834951.2157384475,-28968.614614278253,366.48464625255843
9,Shahab_3,200.0,26.034,-12.693,26.034,-12.693,1.02688,1.04239,78.447,157.073,28.963,334.008,0.051,216.65,1e-06,-415557.40164293104,-14646.128197700935,122144.85850843631,-2718.2925777600126,-91.59543825927352,-10.260537976128434,0.0018458305698393633,1.3206800100270751e-05,-9.934372968827253,-0.2161464425544085,-178.07009473689962,7.992520397302983,3.019689208125028,8.163959428474743e-07,3327.17,1.1416018981632026,-834951.2157384475,-28968.614614278253,366.48464625255843
9,Shahab_3,201.0,26.034,-12.693,26.034,-12.693,1.02688,1.04239,78.447,157.073,28.963,334.008,0.051,216.65,1e-06,-418275.6930562073,-14737.72362936254,122129.63078422936,-2718.290007206799,-91.5954250695466,-20.194910174567212,0.003295345541306858,1.3173078210623505e-05,-9.934371388694213,-0.425416544246326,-178.07009319095928,7.9926762885793075,3.0252733229610915,8.17873745775925e-07,3327.17,1.1437129882976638,-834951.2157384475,-28968.614614278253,366.48464625255843
9,Shahab_3,202.0,26.034,-12.693,26.034,-12.693,1.02688,1.04239,78.447,157.073,28.963,334.008,0.051,216.65,1e-06,-420993.98117410316,-14829.319047850846,122104.4686886536,-2718.2859869290305,-91.59541191226486,-30.12928067403443,0.004745280148914472,1.3141912927653812e-05,-9.93436957011759,-0.6346759936017232,-178.0700906158467,7.992934542916773,3.0345235778577058,8.203215126992876e-07,3327.17,1.147210072871816,-834951.2157384475,-28968.614614278253,366.48464625255843
9,Shahab_3,203.0,26.034,-12.693,26.034,-12.693,1.02688,1.04239,78.447,157.073,28.963,334.008,0.051,216.65,1e-06,-423712.26454668347,-14920.914453197027,122069.37222352796,-2718.2805165054115,-91.59539878486122,-40.0636492337606,0.006195637962458292,1.3113326069825074e-05,-9.934367508420607,-0.8439195388097669,-178.0700870113083,7.993295149110016,3.047473515168765,8.237479344614336e-07,3327.17,1.152105832665778,-834951.2157384475,-28968.614614278253,366.48464625255843
9,Shahab_3,204.0,26.034,-12.693,26.034,-12.693,1.02688,1.04239,78.447,157.073,28.963,334.008,0.052,216.65,1e-06,-426430.54172359,-15012.509845429664,122024.34139091456,-2718.2735955103153,-91.5953856847442,-49.99801560822009,0.007646424082553625,1.3087344645329865e-05,-9.934365198763182,-1.0531419305348426,-178.07008237708473,7.993758092007383,3.0641702072177415,8.2816520564929e-07,3327.17,1.1584180635022732,-834951.2157384475,-28968.614614278253,366.48464625255843
9,Shahab_3,205.0,26.034,-12.693,26.034,-12.693,1.02688,1.04239,78.447,157.073,28.963,334.008,0.052,216.65,1e-06,-429148.81125403626,-15104.105224574736,121969.37619312349,-2718.265223512235,-91.59537260929184,-59.93237954695379,0.009097645170976564,1.3064003252531613e-05,-9.934362636113603,-1.2623379227209912,-178.07007671290978,7.994323352508956,3.0846745414530807,8.33589096953684e-07,3327.17,1.1661697840504186,-834951.2157384475,-28968.614614278253,366.48464625255843
9,Shahab_3,206.0,26.034,-12.693,26.034,-12.693,1.02688,1.04239,78.447,157.073,28.963,334.008,0.052,216.65,1e-06,-431867.0716868004,-15195.700590655579,121904.47663271784,-2718.2554000722075,-91.59535955584256,-69.8667407943629,0.010549309490612696,1.3043346955249909e-05,-9.934359815219388,-1.4715022733952083,-178.07007001850957,7.994990907565242,3.1090615904779884,8.400390490447179e-07,3327.17,1.175389375716516,-834951.2157384475,-28968.614614278253,366.48464625255843
9,Shahab_3,207.0,26.034,-12.693,26.034,-12.693,1.02688,1.04239,78.447,157.073,28.963,334.008,0.053,216.65,1e-06,-434585.3215702172,-15287.295943692849,121829.64271251895,-2718.244124742183,-91.5953465216831,-79.80109908947335,0.012001426955206325,1.3025434720750615e-05,-9.934356730577344,-1.6806297454693215,-178.07006229360138,7.995760730176438,3.137421070102467,8.475382887442342e-07,3327.17,1.1861107558118962,-834951.2157384475,-28968.614614278253,366.48464625255843
9,Shahab_3,208.0,26.034,-12.693,26.034,-12.693,1.02688,1.04239,78.447,157.073,28.963,334.008,0.053,216.65,1e-06,-437303.55945216835,-15378.891283704448,121744.87443561196,-2718.2313970633504,-91.59533350403257,-89.73545416566967,0.013454009189402002,1.3010343504685272e-05,-9.934353376402523,-1.8897151075401344,-178.07005353789316,7.996632789392311,3.1698578893299865,8.561139684676032e-07,3327.17,1.1983735854769082,-834951.2157384475,-28968.614614278253,366.48464625255843
9,Shahab_3,209.0,26.034,-12.693,26.034,-12.693,1.02688,1.04239,78.447,157.073,28.963,334.008,0.054,216.65,1e-06,-440021.78388007043,-15470.48661070546,121650.1718053515,-2718.2172165643874,-91.59532050002221,-99.66980575039702,0.014907069599652907,1.2998173040438993e-05,-9.93434974659587,-2.098753134687556,-178.0700437510824,7.99760705031259,3.206492796998223,8.657973301071652e-07,3327.17,1.2122235141452498,-834951.2157384475,-28968.614614278253,366.48464625255843
9,Shahab_3,210.0,26.034,-12.693,26.034,-12.693,1.02688,1.04239,78.447,157.073,28.963,334.008,0.055,216.65,1e-06,-442739.9934008617,-15562.081924708044,121545.534825368,-2718.2015827596433,-91.59530750666985,-109.60415356483058,0.016360623456544543,1.2989051472929416e-05,-9.934345834710445,-2.307738609270429,-178.07003293285553,7.998683474087895,3.2474631306524935,8.766238947423698e-07,3327.17,1.2277124626576486,-834951.2157384475,-28968.614614278253,366.48464625255843
9,Shahab_3,211.0,26.034,-12.693,26.034,-12.693,1.02688,1.04239,78.447,157.073,28.963,334.008,0.055,216.65,1e-06,-445458.18656098685,-15653.677225721307,121430.96349957386,-2718.1844951472226,-91.59529452084819,-119.53849732350983,0.017814687989317998,1.2983141942225198e-05,-9.93434163391597,-2.5166663217197565,-178.07002108288722,7.999862017921109,3.2929236741518504,8.886336797895731e-07,3327.17,1.2448989474822312,-834951.2157384475,-28968.614614278253,366.48464625255843
9,Shahab_3,212.0,26.034,-12.693,26.034,-12.693,1.02688,1.04239,78.447,157.073,28.963,334.008,0.056,216.65,1e-06,-448176.3619063799,-15745.272513751146,121306.4578321705,-2718.16595320698,-91.59528153924617,-129.47283673393696,0.01926928249343083,1.2980650257129759e-05,-9.93433713696158,-2.7255310713290806,-178.0700082008397,8.001142635069199,3.343047631501159,9.018714454498147e-07,3327.17,1.2638484488744461,-834951.2157384475,-28968.614614278253,366.48464625255843
9,Shahab_3,213.0,26.034,-12.693,26.034,-12.693,1.02688,1.04239,78.447,157.073,28.963,334.008,0.057,216.65,1e-06,-450894.51798244455,-15836.867788800024,121172.01782765551,-2718.1459563983885,-91.59526855832196,-139.40717149613664,0.0207244284521204,1.2981833831135345e-05,-9.934332336136492,-2.93432766704171,-178.0699942863623,8.002525274845398,3.3980277254804796,9.163869725788768e-07,3327.17,1.284633826216956,-834951.2157384475,-28968.614614278253,366.48464625255843
9,Shahab_3,214.0,26.034,-12.693,26.034,-12.693,1.02688,1.04239,78.447,157.073,28.963,334.008,0.058,216.65,1e-06,-453612.65333403257,-15928.463050866738,121027.6434908304,-2718.1245041582897,-91.59525557424618,-149.34150130217557,0.022180149673091364,1.2987012064664605e-05,-9.934327223228527,-3.143050928234558,-178.06997933909096,8.004009882621759,3.4580774308175344,9.32235374393293e-07,3327.17,1.3073357842239157,-834951.2157384475,-28968.614614278253,366.48464625255843
9,Shahab_3,215.0,26.034,-12.693,26.034,-12.693,1.02688,1.04239,78.447,157.073,28.963,334.008,0.059,216.65,1e-06,-456330.7665054211,-16020.058299946071,120873.33482680874,-2718.101595898512,-91.59524258283477,-159.27582583564384,0.023636472441558386,1.2996578371945901e-05,-9.934321789480185,-3.3516956854983984,-178.06996335864807,8.005596399832008,3.5234323529351053,9.494774447424461e-07,3327.17,1.332043394180257,-834951.2157384475,-28968.614614278253,366.48464625255843
9,Shahab_3,216.0,26.034,-12.693,26.034,-12.693,1.02688,1.04239,78.447,157.073,28.963,334.008,0.06,216.65,1e-06,-459048.8560402848,-16111.653536028427,120709.09184102502,-2718.077231003277,-91.59522957946731,-169.2101447710796,0.025093425691080473,1.3011014131648195e-05,-9.934316025542259,-3.560256781414046,-178.06994634464223,8.007284763974507,3.594351764717112,9.681800460238975e-07,3327.17,1.3588546749203791,-834951.2157384475,-28968.614614278253,366.48464625255843
9,Shahab_3,217.0,26.034,-12.693,26.034,-12.693,1.02688,1.04239,78.447,157.073,28.963,334.008,0.061,216.65,1e-06,-461766.9204816675,-16203.248759099311,120534.91453924414,-2718.0514088264213,-91.59521655898972,-179.14445777334478,0.02655104119382348,1.3030904828038007e-05,-9.934309921424628,-3.7687290713244055,-178.06992829666842,8.009074908615357,3.6711203152941714,9.884165402011549e-07,3327.17,1.387877238839275,-834951.2157384475,-28968.614614278253,366.48464625255843
9,Shahab_3,218.0,26.034,-12.693,26.034,-12.693,1.02688,1.04239,78.447,157.073,28.963,334.008,0.063,216.65,1e-06,-464484.95837195084,-16294.843969138774,120350.8029275711,-2718.024128688557,-91.59520351560435,-189.07876449698037,0.028009353771977913,1.3056958544175259e-05,-9.934303466443941,-3.977107424102628,-178.06990921430818,8.010966763392013,3.7540499265703557,1.0102672668047988e-06,3327.17,1.4192290088797463,-834951.2157384475,-28968.614614278253,366.48464625255843
9,Shahab_3,219.0,26.034,-12.693,26.034,-12.693,1.02688,1.04239,78.447,157.073,28.963,334.008,0.064,216.65,1e-06,-467202.968252819,-16386.439166120686,120156.75701246191,-2717.9953898738136,-91.59519044273404,-199.01306458546685,0.02946840153243811,1.3090027417475052e-05,-9.934296649168438,-4.185386722915111,-178.06988909713027,8.012960254016356,3.8434818951163496,1.0338200722640777e-06,3327.17,1.453039013158952,-834951.2157384475,-28968.614614278253,366.48464625255843
9,Shahab_3,220.0,26.034,-12.693,26.034,-12.693,1.02688,1.04239,78.447,157.073,28.963,334.008,0.066,216.65,1e-06,-469920.9486652205,-16478.034350011894,119952.77680073482,-2717.965191626506,-91.59517733286897,-208.94735767046316,0.030928226126956504,1.3131132160714633e-05,-9.934289457359126,-4.393561865980251,-178.0698679446914,8.015055302278238,3.9397892191728525,1.0591708954335146e-06,3327.17,1.489448264698513,-834951.2157384475,-28968.614614278253,366.48464625255843
9,Shahab_3,221.0,26.034,-12.693,26.034,-12.693,1.02688,1.04239,78.447,157.073,28.963,334.008,0.068,216.65,1e-06,-472638.89814932743,-16569.629520771203,119738.86229958266,-2717.933533147401,-91.59516417738267,-218.8816433709591,0.03238887304040063,1.3181490271787365e-05,-9.934281877907544,-4.6016277673219435,-178.0698457565376,8.017251826048494,4.043379172858592,1.086424414753296e-06,3327.17,1.5286107346110067,-834951.2157384475,-28968.614614278253,366.48464625255843
9,Shahab_3,222.0,26.034,-12.693,26.034,-12.693,1.02688,1.04239,78.447,157.073,28.963,334.008,0.069,216.65,1e-06,-475356.81524448853,-16661.22467834812,119515.01351658611,-2717.9004135897185,-91.5951509663189,-228.81592129237046,0.033850391909932186,1.3242548228499838e-05,-9.934273896769657,-4.809579357518096,-178.06982253220573,8.019549739281866,4.1546961523004855,1.1156947631213755e-06,3327.17,1.5706944280873847,-834951.2157384475,-28968.614614278253,366.48464625255843
9,Shahab_3,223.0,26.034,-12.693,26.034,-12.693,1.02688,1.04239,78.447,157.073,28.963,334.008,0.071,216.65,1e-06,-478074.6984891805,-16752.81982268145,119281.2304597275,-2717.8658320548216,-91.59513768814544,-238.75019102557286,0.035312836878308364,1.3316018242893662e-05,-9.934265498895574,-5.0174115844440585,-178.06979827122564,8.02194895201965,4.274224821328568,1.1471063172675452e-06,3327.17,1.6158825736356832,-834951.2157384475,-28968.614614278253,366.48464625255843
9,Shahab_3,224.0,26.034,-12.693,26.034,-12.693,1.02688,1.04239,78.447,157.073,28.963,334.008,0.073,216.65,1e-06,-480792.54642095324,-16844.414953697553,119037.51313740613,-2717.829787587517,-91.59512432946788,-248.68445214585822,0.03677626698490188,1.3403920059030116e-05,-9.934256668154935,-5.225119414010684,-178.06977297312292,8.024449370391853,4.402493587645137,1.1807945692140021e-06,3327.17,1.6643749372564312,-834951.2157384475,-28968.614614278253,366.48464625255843
9,Shahab_3,225.0,26.034,-12.693,26.034,-12.693,1.02688,1.04239,78.447,157.073,28.963,334.008,0.076,216.65,1e-06,-483510.3575763715,-16936.010071308327,118783.86155845413,-2717.792279170945,-91.5951108746986,-258.6187042118149,0.038240746598600474,1.3508628325741236e-05,-9.934247387257347,-5.432697830896995,-178.06974663742207,8.027050896618793,4.540078444034976,1.2169070882950527e-06,3327.17,1.716389274622851,-834951.2157384475,-28968.614614278253,366.48464625255843
9,Shahab_3,226.0,26.034,-12.693,26.034,-12.693,1.02688,1.04239,78.447,157.073,28.963,334.008,0.078,216.65,1e-06,-486228.1304909498,-17027.60517540883,118520.27573215395,-2717.753305721015,-91.59509730567605,-268.55294676412564,0.03970634589686681,1.3632926162906239e-05,-9.934237637667609,-5.640141839277434,-178.06971926365077,8.029753429011985,4.687607213276004,1.2556045832010127e-06,3327.17,1.7721629358811275,-834951.2157384475,-28968.614614278253,366.48464625255843
9,Shahab_3,227.0,26.034,-12.693,26.034,-12.693,1.02688,1.04239,78.447,157.073,28.963,334.008,0.081,216.65,1e-06,-488945.86369908234,-17119.200265874493,118246.75566825684,-2717.7128660803337,-91.59508360122639,-278.487179324278,0.04117314139623133,1.3780065403960261e-05,-9.93422739951505,-5.847446463543631,-178.0696908513446,8.032556861974177,4.845764240000337,1.2970620746231544e-06,3327.17,1.831954639421524,-834951.2157384475,-28968.614614278253,366.48464625255843
9,Shahab_3,228.0,26.034,-12.693,26.034,-12.693,1.02688,1.04239,78.447,157.073,28.963,334.008,0.083,216.65,1e-06,-491663.55573396664,-17210.795342557863,117963.30137700275,-2717.670959011583,-91.59506973666174,-288.42140139318116,0.04264121653970768,1.3953834132219e-05,-9.93421665149626,-6.054606749020721,-178.06966140005306,8.035461085998378,5.015295577905393,1.3414701903220392e-06,3327.17,1.896046432917958,-834951.2157384475,-28968.614614278253,366.48464625255843
9,Shahab_3,229.0,26.034,-12.693,26.034,-12.693,1.02688,1.04239,78.447,157.073,28.963,334.008,0.086,216.65,1e-06,-494381.2051275201,-17302.390405284805,117669.91286914158,-2717.6275831902663,-91.59505568320701,-298.35561244968085,0.04411066234761805,1.4158631965716024e-05,-9.934205370770046,-6.261617762678221,-178.06963090934636,8.038465987665637,5.1970147264995035,1.3890365958388634e-06,3327.17,1.964745862120623,-834951.2157384475,-28968.614614278253,366.48464625255843
9,Shahab_3,230.0,26.034,-12.693,26.034,-12.693,1.02688,1.04239,78.447,157.073,28.963,334.008,0.09,216.65,1e-06,-497098.8104102885,-17393.985453850088,117366.59015595612,-2717.5827371967835,-91.59504140734732,-308.2898119489659,0.04558157813871213,1.4399553509161205e-05,-9.934193532843743,-6.468474593835557,-178.0695993788236,8.041571449641468,5.391808978069354,1.4399875756380243e-06,3327.17,2.038388370344673,-834951.2157384475,-28968.614614278253,366.48464625255843
9,Shahab_3,231.0,26.034,-12.693,26.034,-12.693,1.02688,1.04239,78.447,157.073,28.963,334.008,0.093,216.65,1e-06,-499816.37011134706,-17485.580488012292,117053.33324928646,-2717.536419507735,-91.59502687008788,-318.22399932085517,0.04705407232966937,1.4682480262122025e-05,-9.93418111144876,-6.675172354862322,-178.06956680812203,8.044777350670595,5.600646442873439,1.494569781231755e-06,3327.17,2.117339954364131,-834951.2157384475,-28968.614614278253,366.48464625255843
9,Shahab_3,232.0,26.034,-12.693,26.034,-12.693,1.02688,1.04239,78.447,157.073,28.963,334.008,0.097,216.65,2e-06,-502533.8827581917,-17577.175507487944,116730.14216155634,-2717.488628486392,-91.59501202611717,-328.15817396795444,0.04852826332163299,1.5014181035879742e-05,-9.934168078403511,-6.8817061818733825,-178.0695331969282,8.048083565569833,5.824583828804764,1.553052164819717e-06,3327.17,2.2020001055350003,-834951.2157384475,-28968.614614278253,366.48464625255843
9,Shahab_3,233.0,26.034,-12.693,26.034,-12.693,1.02688,1.04239,78.447,157.073,28.963,334.008,0.1,216.65,2e-06,-505251.34687662066,-17668.770511944673,116397.0169058014,-2717.4393623722226,-91.59499682286635,-338.0923352636688,0.050004280483768496,1.5402420668901313e-05,-9.934154403460628,-7.0880712354190445,-178.06949854498998,8.051489965218785,6.064775061051,1.6157281192071668e-06,3327.17,2.2928050684817394,-834951.2157384475,-28968.614614278253,366.48464625255843
9,Shahab_3,234.0,26.034,-12.693,26.034,-12.693,1.02688,1.04239,78.447,157.073,28.963,334.008,0.105,216.65,2e-06,-507968.76099060476,-17760.36550099351,116053.95749569924,-2717.3886192693926,-91.5949811994552,-348.0264825500507,0.05148226524467986,1.5856076411333012e-05,-9.934140054134902,-7.294262701170293,-178.06946285213084,8.054996416548084,6.322480837752823,1.682917847277836e-06,3327.17,2.390231453640461,-834951.2157384475,-28968.614614278253,366.48464625255843
9,Shahab_3,235.0,26.034,-12.693,26.034,-12.693,1.02688,1.04239,78.447,157.073,28.963,334.008,0.109,216.65,2e-06,-510686.1236221438,-17851.960474179843,115700.96394560298,-2717.3363971339077,-91.5949650855055,-357.9606151354248,0.05296237230394358,1.6385260603605393e-05,-9.934124995506744,-7.500275790599142,-178.0694261182655,8.058602782524215,6.599079229478752,1.7549709871293182e-06,3327.17,2.4948002444198516,-834951.2157384475,-28968.614614278253,366.48464625255843
9,Shahab_3,236.0,26.034,-12.693,26.034,-12.693,1.02688,1.04239,78.447,157.073,28.963,334.008,0.114,216.65,2e-06,-513403.43329107435,-17943.55543097191,115338.03627058808,-2717.282693756923,-91.59494839965352,-367.8947322912309,0.05444477097709951,1.7001444812775347e-05,-9.934109189993809,-7.706105741649925,-178.06938834341966,8.062308922123425,6.896077443667494,1.8322695221712857e-06,3327.17,2.6070812447813005,-834951.2157384475,-28968.614614278253,366.48464625255843
9,Shahab_3,237.0,26.034,-12.693,26.034,-12.693,1.02688,1.04239,78.447,157.073,28.963,334.008,0.119,216.65,2e-06,-516120.6885149947,-18035.150370752704,114965.1744864587,-2717.2275067566493,-91.59493104861455,-377.828833250847,0.05592964668938403,1.771759536300303e-05,-9.93409259708501,-7.9117478194247,-178.06934952774364,8.066114690332117,7.215124890408609,1.9152310091066428e-06,3327.17,2.727698018793595,-834951.2157384475,-28968.614614278253,366.48464625255843
9,Shahab_3,238.0,26.034,-12.693,26.034,-12.693,1.02688,1.04239,78.447,157.073,28.963,334.008,0.125,216.65,2e-06,-518837.8878090322,-18126.745292805463,114582.37860980422,-2717.170833557667,-91.594912925378,-387.7629172056625,0.0574172026348875,1.8548299264417886e-05,-9.934075173026994,-8.117197316842672,-178.069309671536,8.070019938110036,7.558027702727545,2.0043121607592986e-06,3327.17,2.857333380067035,-834951.2157384475,-28968.614614278253,366.48464625255843
9,Shahab_3,239.0,26.034,-12.693,26.034,-12.693,1.02688,1.04239,78.447,157.073,28.963,334.008,0.131,216.65,2e-06,-521555.0296856125,-18218.34019629804,114189.64865805257,-2717.1126713700774,-91.59489390737886,-397.6969833011673,0.058907661619010544,1.9509882147406713e-05,-9.934056870445914,-8.322449555299679,-178.06926877526692,8.074024512353585,7.926764884134724,2.100012825346104e-06,3327.17,2.99673549637925,-834951.2157384475,-28968.614614278253,366.48464625255843
9,Shahab_3,240.0,26.034,-12.693,26.034,-12.693,1.02688,1.04239,78.447,157.073,28.963,334.008,0.137,216.65,2e-06,-524272.11265425413,-18309.93508026721,113786.98464951103,-2717.0530171704236,-91.59487385480816,-407.63103063345255,0.06040126810443696,2.0620514200406896e-05,-9.934037637887974,-8.527499885329751,-178.0692268396006,8.078128255865035,8.323506278026992,2.2028804089930748e-06,3327.17,3.146724683057356,-834951.2157384475,-28968.614614278253,366.48464625255843
9,Shahab_3,241.0,26.034,-12.693,26.034,-12.693,1.02688,1.04239,78.447,157.073,28.963,334.008,0.144,216.65,2e-06,-526989.1352213402,-18401.529943601163,113374.38660341318,-2716.991867680223,-91.59485260883132,-417.5650582451234,0.061898290483000135,2.1900294489496598e-05,-9.934017419262233,-8.732343687260094,-178.0691838654172,8.082331007315172,8.750632578297742,2.3135147941878648e-06,3327.17,3.3082009680447366,-834951.2157384475,-28968.614614278253,366.48464625255843
9,Shahab_3,242.0,26.034,-12.693,26.034,-12.693,1.02688,1.04239,78.447,157.073,28.963,334.008,0.151,216.65,2e-06,-529706.0958899332,-18493.124785023927,112951.8545399518,-2716.929219347033,-91.59482999005466,-427.4990651216791,0.06339902360135037,2.3371323021851316e-05,-9.933996153184783,-8.936976371866331,-178.0691398538319,8.086632601214102,9.210757628768498,2.432573813552432e-06,3327.17,3.482152522263129,-834951.2157384475,-28968.614614278253,366.48464625255843
9,Shahab_3,243.0,26.034,-12.693,26.034,-12.693,1.02688,1.04239,78.447,157.073,28.963,334.008,0.159,216.65,3e-06,-532422.9931591578,-18584.71960305712,112519.38848043293,-2716.865068290643,-91.59480579462888,-437.43305018033425,0.06490379154589476,2.5057611397122167e-05,-9.933973772031761,-9.141393380985308,-178.0690948062388,8.091032867777788,9.70675329057648,2.5607793458516023e-06,3327.17,3.6696650607976116,-834951.2157384475,-28968.614614278253,366.48464625255843
9,Shahab_3,244.0,26.034,-12.693,26.034,-12.693,1.02688,1.04239,78.447,157.073,28.963,334.008,0.168,216.65,3e-06,-535139.8255242071,-18676.314396011712,112076.98844724626,-2716.7994103004085,-91.59477979445876,-447.36701226914755,0.06641295075325684,2.6985080465411874e-05,-9.933950200960531,-9.34559018817959,-178.0690487243044,8.095531632948598,10.24177719428434,2.698924109873085e-06,3327.17,3.871932334658826,-834951.2157384475,-28968.614614278253,366.48464625255843
9,Shahab_3,245.0,26.034,-12.693,26.034,-12.693,1.02688,1.04239,78.447,157.073,28.963,334.008,0.177,216.65,3e-06,-537856.5914759107,-18767.909161958985,111624.65446396358,-2716.7322407938605,-91.59475173480548,-457.30095015765374,0.06792689344598701,2.9181384576945888e-05,-9.933925356594884,-9.549562299350994,-178.06900160998882,8.10012871829995,10.81930373301248,2.847879241405526e-06,3327.17,4.090267847822792,-834951.2157384475,-28968.614614278253,366.48464625255843
9,Shahab_3,246.0,26.034,-12.693,26.034,-12.693,1.02688,1.04239,78.447,157.073,28.963,334.008,0.187,216.65,3e-06,-540573.2895002861,-18859.503898700063,111162.38655543835,-2716.663554774691,-91.59472133236491,-467.2348625266274,0.06944605143424172,3.167561022549781e-05,-9.93389914538221,-9.753305253345543,-178.06895346555655,8.104823940939252,11.443158701152988,3.008602749746656e-06,3327.17,4.3261179524929885,-834951.2157384475,-28968.614614278253,366.48464625255843
9,Shahab_3,247.0,26.034,-12.693,26.034,-12.693,1.02688,1.04239,78.447,157.073,28.963,334.008,0.198,216.65,3e-06,-543289.918078141,-18951.098603738574,110690.18474788936,-2716.5933467941873,-91.59468827424342,-477.16874795761714,0.07097090032597385,3.449785276943309e-05,-9.933871461596375,-9.956814622548352,-178.0689042935704,8.10961711342126,12.117558036486082,3.182148962758327e-06,3327.17,4.581076495665152,-834951.2157384475,-28968.614614278253,366.48464625255843
9,Shahab_3,248.0,26.034,-12.693,26.034,-12.693,1.02688,1.04239,78.447,157.073,28.963,334.008,0.21,216.65,3e-06,-546006.4756845784,-19042.69327424938,110208.04906901132,-2716.521610903132,-91.59465221716978,-487.10260491904995,0.07250196417509747,3.7678590603395e-05,-9.933842184837435,-10.160086013448687,-178.06885409687416,8.114508043632597,12.847151184313482,3.369679083812784e-06,3327.17,4.856901213058433,-834951.2157384475,-28968.614614278253,366.48464625255843
9,Shahab_3,249.0,26.034,-12.693,26.034,-12.693,1.02688,1.04239,78.447,157.073,28.963,334.008,0.222,216.65,4e-06,-548722.9607884841,-19134.287907049107,109715.979548093,-2716.4483406022923,-91.59461278754672,-497.0364317504823,0.07403982062102504,4.124786057661574e-05,-9.933811177001953,-10.36311506718195,-178.06880287855617,8.119496534671613,13.637069672042584,3.572473000332567e-06,3327.17,5.155532092871946,-834951.2157384475,-28968.614614278253,366.48464625255843
9,Shahab_3,250.0,26.034,-12.693,26.034,-12.693,1.02688,1.04239,78.447,157.073,28.963,334.008,0.236,216.65,4e-06,-551439.3718519511,-19225.882498566283,109213.97621615503,-2716.373528786037,-91.5945695824156,-506.9702266430937,0.07558510655943033,4.5234170139233554e-05,-9.933778278567079,-10.565897460031303,-178.06875064188895,8.124582384706802,14.492981561916546,3.791942502234207e-06,3327.17,5.479111961790733,-834951.2157384475,-28968.614614278253,366.48464625255843
9,Shahab_3,251.0,26.034,-12.693,26.034,-12.693,1.02688,1.04239,78.447,157.073,28.963,334.008,0.251,216.65,4e-06,-554155.7073296336,-19317.477044812364,108702.03910611146,-2716.2971676792936,-91.59452217162693,-516.9039876158979,0.0771385243977475,4.9663116087334036e-05,-9.933743304075213,-10.768428903881036,-178.06869739023867,8.12976538681388,15.421152540332384,4.0296460898199585e-06,3327.17,5.830009579972254,-834951.2157384475,-28968.614614278253,366.48464625255843
9,Shahab_3,252.0,26.034,-12.693,26.034,-12.693,1.02688,1.04239,78.447,157.073,28.963,334.008,0.267,216.65,4e-06,-556871.9656680501,-19409.071541356687,108180.16825295477,-2716.2192487691373,-91.5944701015838,-526.8377124873148,0.07870084896275743,5.455569876331607e-05,-9.93370603673069,-10.970705146613032,-178.06864312693756,8.135045328794993,16.428514505874777,4.28730557489385e-06,3327.17,6.210845570943215,-834951.2157384475,-28968.614614278253,366.48464625255843
9,Shahab_3,253.0,26.034,-12.693,26.034,-12.693,1.02688,1.04239,78.447,157.073,28.963,334.008,0.284,216.65,5e-06,-559588.1453048043,-19500.66598330547,107648.36369397352,-2716.1397627284023,-91.59441290081135,-536.7713988406502,0.08027293513038866,5.9926308219100926e-05,-9.933666221968924,-11.172721972430379,-178.06858785511227,8.140421992971467,17.52274263670948,4.566824706546628e-06,3327.17,6.624521557141841,-834951.2157384475,-28968.614614278253,366.48464625255843
9,Shahab_3,254.0,26.034,-12.693,26.034,-12.693,1.02688,1.04239,78.447,157.073,28.963,334.008,0.303,216.65,5e-06,-562304.2446677315,-19592.26036528763,107106.62546900741,-2716.0586993315464,-91.59435008770332,-546.7050439826694,0.0818557262722613,6.578040726459952e-05,-9.933623559917125,-11.374475202095317,-178.06853157746062,8.145895155950043,18.71234205374097,4.870310084682702e-06,3327.17,7.074252923165505,-834951.2157384475,-28968.614614278253,366.48464625255843
9,Shahab_3,255.0,26.034,-12.693,26.034,-12.693,1.02688,1.04239,78.447,157.073,28.963,334.008,0.323,216.65,5e-06,-565020.2621739542,-19683.85468144956,106554.95362074801,-2715.9760473615506,-91.59428118071519,-556.6386448940342,0.08345026363550107,7.211196723511676e-05,-9.933577696686568,-11.575960693066353,-178.06847429597056,8.151464588358104,20.00674535139602,5.2000946605337045e-06,3327.17,7.563605687554539,-834951.2157384475,-28968.614614278253,366.48464625255843
9,Shahab_3,256.0,26.034,-12.693,26.034,-12.693,1.02688,1.04239,78.447,157.073,28.963,334.008,0.346,216.65,6e-06,-567736.1962288386,-19775.448925461384,105993.34819509332,-2715.8917945068924,-91.59420571119762,-566.5721981704426,0.08505769680799785,7.890077436979589e-05,-9.933528214504133,-11.777174339520593,-178.06841601157623,8.15713005454404,21.41642244613879,5.55876416480765e-06,3327.17,8.096538031328675,-834951.2157384475,-28968.614614278253,366.48464625255843
9,Shahab_3,257.0,26.034,-12.693,26.034,-12.693,1.02688,1.04239,78.447,157.073,28.963,334.008,0.37,216.65,6e-06,-570452.0452248465,-19867.043090537358,105421.8092415665,-2715.805927247458,-91.59412323890945,-576.505699953368,0.0866792954701001,8.610980888172104e-05,-9.93347462079336,-11.978112072250235,-178.0683567237497,8.162891312238363,22.95300439730671,5.949186851548605e-06,3327.17,8.677447108798209,-834951.2157384475,-28968.614614278253,366.48464625255843
9,Shahab_3,258.0,26.034,-12.693,26.034,-12.693,1.02688,1.04239,78.447,157.073,28.963,334.008,0.396,216.65,6e-06,-573167.8075402619,-19958.63716947312,104840.33681380948,-2715.718430727935,-91.59403336999038,-586.4391458494475,0.0883164626984136,9.368300822321897e-05,-9.93341633645885,-12.178769858427316,-178.06829643003175,8.16874811217034,24.629423089634898,6.374547000148605e-06,3327.17,9.31122185493059,-834951.2157384475,-28968.614614278253,366.48464625255843
9,Shahab_3,259.0,26.034,-12.693,26.034,-12.693,1.02688,1.04239,78.447,157.073,28.963,334.008,0.425,216.65,7e-06,-575883.4815377888,-20050.23115470183,104248.93097016301,-2715.629288616991,-91.59393577679546,-596.3725308379397,0.08997075017371753,0.00010154386895102179,-9.933352683831313,-12.379143701240631,-178.06823512551333,8.174700197634275,26.46006893660074,6.838382680322589e-06,3327.17,10.003302605538174,-834951.2157384475,-28968.614614278253,366.48464625255843
9,Shahab_3,260.0,26.034,-12.693,26.034,-12.693,1.02688,1.04239,78.447,157.073,28.963,334.008,0.457,216.65,7e-06,-578599.065562996,-20141.825038370687,103647.59177434539,-2715.538482950099,-91.59383021845527,-606.3058491662453,0.09164387575410748,0.00010959551327503776,-9.933282874994822,-12.579229639423192,-178.0681728022898,8.180747303998746,28.46096907391847,7.344628356461058e-06,3327.17,10.759748463824117,-834951.2157384475,-28968.614614278253,366.48464625255843
9,Shahab_3,261.0,26.034,-12.693,26.034,-12.693,1.02688,1.04239,78.447,157.073,28.963,334.008,0.491,216.65,8e-06,-581314.5579425993,-20233.418812437627,103036.31929624107,-2715.4459939533695,-91.59371656029941,-616.2390942343771,0.09333774400894904,0.00011772304274528914,-9.933206001546532,-12.779023746710216,-178.06810944892558,8.186889158151127,30.6499888694852,7.897662990044943e-06,3327.17,11.587313481777558,-834951.2157384475,-28968.614614278253,366.48464625255843
9,Shahab_3,262.0,26.034,-12.693,26.034,-12.693,1.02688,1.04239,78.447,157.073,28.963,334.008,0.529,216.65,9e-06,-584029.9569825546,-20325.012468785713,102415.11361280976,-2715.351799845066,-91.59359478938384,-626.1722584704438,0.09505447046710626,0.0001257992063964497,-9.93312102722292,-12.978522131295426,-178.06804504998485,8.193125477868644,33.047059987187254,8.502364393402569e-06,3327.17,12.4935328803295,-834951.2157384475,-28968.614614278253,366.48464625255843
9,Shahab_3,263.0,26.034,-12.693,26.034,-12.693,1.02688,1.04239,78.447,157.073,28.963,334.008,0.57,216.65,9e-06,-586745.2609659391,-20416.605999349584,101783.97480912303,-2715.2558766106245,-91.59346502216272,-636.1053332010082,0.09679641050805865,0.0001336945900392729,-9.933026785229885,-13.17772093539512,-178.06797958570868,8.199455971106145,35.67443871580729,9.164170696942955e-06,3327.17,13.486820711314149,-834951.2157384475,-28968.614614278253,366.48464625255843
9,Shahab_3,264.0,26.034,-12.693,26.034,-12.693,1.02688,1.04239,78.447,157.073,28.963,334.008,0.615,216.65,1e-05,-589460.4681505939,-20508.199396243515,101142.90297953055,-2715.1581977460132,-91.59332749918642,-646.0383085219917,0.09856619400160888,0.00014129363382608536,-9.932921982473662,-13.376616335071153,-178.0679130319432,8.205880335189416,38.556998820816546,9.889149917358319e-06,3327.17,14.57658057090293,-834951.2157384475,-28968.614614278253,366.48464625255843
9,Shahab_3,265.0,26.034,-12.693,26.034,-12.693,1.02688,1.04239,78.447,157.073,28.963,334.008,0.664,216.65,1.1e-05,-592175.5767664899,-20599.79265187506,100491.89822895227,-2715.0587339630542,-91.59318256034088,-655.9711731782612,0.1003667669598632,0.00014851772429957434,-9.93280521309702,-13.575204540520662,-178.0678453604505,8.212398255901556,41.722563807742056,1.0684078758765964e-05,3327.17,15.773331212693979,-834951.2157384475,-28968.614614278253,366.48464625255843
9,Shahab_3,266.0,26.034,-12.693,26.034,-12.693,1.02688,1.04239,78.447,157.073,28.963,334.008,0.719,216.65,1.2e-05,-594890.5850127783,-20691.38575902108,99830.96067428203,-2714.95745284903,-91.59303059305347,-665.9039144623764,0.10220144156184913,0.00015535625747009437,-9.932674983591287,-13.773481797094062,-178.06777653975726,8.219009406448642,45.20228421468184,1.155653194540816e-05,3327.17,17.088849184196167,-834951.2157384475,-28968.614614278253,366.48464625255843
9,Shahab_3,267.0,26.034,-12.693,26.034,-12.693,1.02688,1.04239,78.447,157.073,28.963,334.008,0.778,216.65,1.3e-05,-597605.4910544733,-20782.978710835094,99160.09044587798,-2714.8543184715063,-91.59287194536553,-675.8365181449269,0.10407395589440768,0.00016190577360213345,-9.932529751024644,-13.971444387349637,-178.06770653670452,8.225713446289136,49.03106639424796,1.2514983576894958e-05,3327.17,18.536330929034442,-834951.2157384475,-28968.614614278253,366.48464625255843
9,Shahab_3,268.0,26.034,-12.693,26.034,-12.693,1.02688,1.04239,78.447,157.073,28.963,334.008,0.844,216.65,1.4e-05,-600320.2930187078,-20874.57150074692,98479.2876891012,-2714.7492909180664,-91.5927067963101,-685.7689684496972,0.10598854454454909,0.0001684158257889023,-9.932367974251141,-14.169088634475756,-178.06763531885193,8.232510019809927,53.248060220331226,1.3568922219212996e-05,3327.17,20.130577165847775,-834951.2157384475,-28968.614614278253,366.48464625255843
9,Shahab_3,269.0,26.034,-12.693,26.034,-12.693,1.02688,1.04239,78.447,157.073,28.963,334.008,0.916,216.65,1.5e-05,-603034.9889904922,-20966.164122209015,97788.5525658518,-2714.642325759745,-91.59253497844568,-695.7012480853772,0.10795002067818214,0.00017533796108208733,-9.932188174921546,-14.36641090738686,-178.0675628578368,8.239398754829619,57.89721428425052,1.4728981701666166e-05,3327.17,21.88820278173655,-834951.2157384475,-28968.614614278253,366.48464625255843
9,Shahab_3,270.0,26.034,-12.693,26.034,-12.693,1.02688,1.04239,78.447,157.073,28.963,334.008,0.995,216.65,1.6e-05,-605749.5770078936,-21057.7565682412,97087.88525604203,-2714.5333734266983,-91.59235575257918,-705.6333383400707,0.10996386932460214,0.00018337091964612867,-9.931989000291319,-14.563407627693111,-178.06748913367915,8.24637926090664,63.02790845345661,1.6007089887222165e-05,3327.17,23.827875972838687,-834951.2157384475,-28968.614614278253,366.48464625255843
9,Shahab_3,271.0,26.034,-12.693,26.034,-12.693,1.02688,1.04239,78.447,157.073,28.963,334.008,1.083,216.65,1.7e-05,-608464.0550565423,-21149.34883072943,96377.28595894497,-2714.4223784856936,-91.59216754371926,-715.5652192334894,0.11203635012185117,0.00019349091490612145,-9.931769272945733,-14.760075278515158,-178.0674141398353,8.253451127425775,68.69567518363628,1.7416638028009627e-05,3327.17,25.97059093837545,-834951.2157384475,-28968.614614278253,366.48464625255843
9,Shahab_3,272.0,26.034,-12.693,26.034,-12.693,1.02688,1.04239,78.447,157.073,28.963,334.008,1.18,216.65,1.9e-05,-611178.4210633626,-21240.940899449553,95656.75489437081,-2714.309278811402,-91.59196766014814,-725.4968697036957,0.11417460564085613,0.00020695096723163364,-9.931528003710497,-14.956410414750568,-178.06733788853353,8.260613921430963,74.96302273651769,1.8972673716666674e-05,3327.17,28.33997910043086,-834951.2157384475,-28968.614614278253,366.48464625255843
9,Shahab_3,273.0,26.034,-12.693,26.034,-12.693,1.02688,1.04239,78.447,157.073,28.963,334.008,1.287,216.65,2.1e-05,-613892.6728894218,-21332.53276081846,94926.29230366045,-2714.194004649551,-91.59175203784129,-735.4282677735582,0.11638676862574172,0.00022522874755765427,-9.931264334249068,-15.15240967374807,-178.06726041549888,8.267867185165372,81.90037550150153,2.069212090689789e-05,3327.17,30.9626645951579,-834951.2157384475,-28968.614614278253,366.48464625255843
9,Shahab_3,274.0,26.034,-12.693,26.034,-12.693,1.02688,1.04239,78.447,157.073,28.963,334.008,1.405,216.65,2.3e-05,-616606.8083217893,-21424.124396427018,94185.89845055806,-2714.0764775771577,-91.59151507186384,-745.3593906081151,0.11868205838883981,0.00024990011464933723,-9.930977367528538,-15.348069784651836,-178.06718178277245,8.275210433271274,89.58714899692256,2.2594031013488944e-05,3327.17,33.86867067999334,-834951.2157384475,-28968.614614278253,366.48464625255843
9,Shahab_3,275.0,26.034,-12.693,26.034,-12.693,1.02688,1.04239,78.447,157.073,28.963,334.008,1.536,216.65,2.5e-05,-619320.8250643101,-21515.71578148253,93435.57362213526,-2713.9566093768285,-91.59124961998532,-755.2902143276849,0.1210708540479028,0.0002824183628550542,-9.930665841499682,-15.543387573722626,-178.06710207783863,8.282643149594483,98.1129798919613,2.4699869725487066e-05,3327.17,37.091884746860224,-834951.2157384475,-28968.614614278253,366.48464625255843
9,Shahab_3,276.0,26.034,-12.693,26.034,-12.693,1.02688,1.04239,78.447,157.073,28.963,334.008,1.681,216.65,2.7e-05,-622034.720727225,-21607.306883382247,92675.31813009614,-2713.834300854663,-91.59094727828153,-765.220713400682,0.12356473241845063,0.00032379174179714674,-9.93032761123277,-15.738359962101619,-178.06702140697615,8.290164783531496,107.57913460814744,2.703384489069426e-05,3327.17,40.67059084788133,-834951.2157384475,-28968.614614278253,366.48464625255843
9,Shahab_3,277.0,26.034,-12.693,26.034,-12.693,1.02688,1.04239,78.447,157.073,28.963,334.008,1.842,216.65,3e-05,-624748.4928155914,-21698.897660738843,91905.13231298156,-2713.709440640875,-91.5905990233631,-775.1508594195012,0.12617646453049094,0.0003741788598510821,-9.929958935978277,-15.932983952065367,-178.06693988086315,8.297774745853603,118.10012380657773,2.962328167194975e-05,3327.17,44.648080056759305,-834951.2157384475,-28968.614614278253,366.48464625255843
9,Shahab_3,278.0,26.034,-12.693,26.034,-12.693,1.02688,1.04239,78.447,157.073,28.963,334.008,2.021,216.65,3.2e-05,-627462.1387165169,-21790.48806325688,91125.0165399806,-2713.581904011132,-91.59019627547772,-785.0806190867614,0.1289199815891925,0.00043246724507345027,-9.929553629580505,-16.127256598341326,-178.06685759131682,8.305472403939026,129.8055544334988,3.2499052155800676e-05,3327.17,49.07335063975683,-834951.2157384475,-28968.614614278253,366.48464625255843
9,Shahab_3,279.0,26.034,-12.693,26.034,-12.693,1.02688,1.04239,78.447,157.073,28.963,334.008,2.22,216.65,3.6e-05,-630175.6556852288,-21882.078032871115,90334.97121718584,-2713.4515517411614,-91.5897323406067,-795.0099513439851,0.13181035297313443,0.0004959641985459173,-9.929102230698831,-16.32117496329094,-178.0667745800562,8.313257076336171,142.84225608910958,3.569606773559978e-05,3327.17,54.00191193533253,-834951.2157384475,-28968.614614278253,366.48464625255843
9,Shahab_3,280.0,26.034,-12.693,26.034,-12.693,1.02688,1.04239,78.447,157.073,28.963,334.008,2.441,216.65,3.9e-05,-632889.0408299984,-21973.667506438967,89534.99679709878,-2713.3182289422475,-91.58920402461304,-804.9388037933873,0.13486386531810104,0.0005604002229848545,-9.928591476128464,-16.51473605943532,-178.0666908038129,8.32112802656037,157.37672442848657,3.9253843921813106e-05,3327.17,59.49670808865201,-834951.2157384475,-28968.614614278253,366.48464625255843
9,Shahab_3,281.0,26.034,-12.693,26.034,-12.693,1.02688,1.04239,78.447,157.073,28.963,334.008,2.688,216.65,4.3e-05,-635602.2910958279,-22065.256419961886,88725.09379187517,-2713.181763710171,-91.58861298357884,-814.8671089123023,0.1380983419094614,0.0006204948731823914,-9.928004483882138,-16.707936790255786,-178.06660610486176,8.32908445598913,173.59793125023427,4.3217148785901456e-05,3327.17,65.62918041341263,-834951.2157384475,-28968.614614278253,366.48464625255843
9,Shahab_3,282.0,26.034,-12.693,26.034,-12.693,1.02688,1.04239,78.447,157.073,28.963,334.008,2.962,216.65,4.8e-05,-638315.4032465658,-22156.844713755076,87905.26279009777,-2713.0419652704336,-91.58796613698019,-824.794780980733,0.14153386901851467,0.0006713114841142492,-9.927322104533273,-16.900773909199536,-178.0665202009516,8.337125495679935,191.7205590586004,4.763674806070351e-05,3327.17,72.48049022704144,-834951.2157384475,-28968.614614278253,366.48464625255843
9,Shahab_3,283.0,26.034,-12.693,26.034,-12.693,1.02688,1.04239,78.447,157.073,28.963,334.008,3.269,216.65,5.3e-05,-641028.3738447194,-22248.432337204606,87075.50447569636,-2712.8986211282286,-91.5872742828173,-834.7217151166169,0.14519405554540588,0.0007104529768961383,-9.926525754856183,-17.093244026909545,-178.06643271245153,8.345250196914396,211.9887274167231,5.25702620481869e-05,3327.17,80.14292760889741,-834951.2157384475,-28968.614614278253,366.48464625255843
9,Shahab_3,284.0,26.034,-12.693,26.034,-12.693,1.02688,1.04239,78.447,157.073,28.963,334.008,3.612,216.65,5.8e-05,-643741.1992276964,-22340.019250937075,86235.81964618093,-2712.751492698524,-91.58654822667822,-844.6477898273961,0.1491077995861113,0.0007407551780020865,-9.925601558686248,-17.28534369692754,-178.0663432408689,8.353457520325469,234.68028960224672,5.808315198170714e-05,3327.17,88.72153576286924,-834951.2157384475,-28968.614614278253,366.48464625255843
9,Shahab_3,285.0,26.034,-12.693,26.034,-12.693,1.02688,1.04239,78.447,157.073,28.963,334.008,3.996,216.65,6.4e-05,-646453.8754787438,-22431.605423798537,85386.2092261564,-2712.6003090285803,-91.58579233922335,-854.5728739474031,0.1533112585306024,0.0007725177451906622,-9.924544699515318,-17.477069598599872,-178.06625150028566,8.361746323546836,260.1117912277597,6.424985641974536e-05,3327.17,98.33598563761413,-834951.2157384475,-28968.614614278253,366.48464625255843
9,Shahab_3,286.0,26.034,-12.693,26.034,-12.693,1.02688,1.04239,78.447,157.073,28.963,334.008,4.425,216.65,7.1e-05,-649166.3983906647,-22523.190822545064,84526.67427195684,-2712.444758710249,-91.58499677398312,-864.4968371066166,0.15784935532307487,0.0008236265842657736,-9.92336162073306,-17.6684187995047,-178.06615747581435,8.370115347340572,288.6441979256969,7.115510168435921e-05,3327.17,109.1227412937548,-834951.2157384475,-28968.614614278253,366.48464625255843
9,Shahab_3,287.0,26.034,-12.693,26.034,-12.693,1.02688,1.04239,78.447,157.073,28.963,334.008,4.906,216.65,7.9e-05,-651878.7634208903,-22614.77539428401,83657.21596548149,-2712.2844809192225,-91.58413143472573,-874.4195599262114,0.16277584243528442,0.0009156316274540755,-9.922066682606268,-17.859389017887366,-178.06606154457083,8.378563199954085,320.68951725495765,7.889541437580698e-05,3327.17,121.23756333408159,-834951.2157384475,-28968.614614278253,366.48464625255843
9,Shahab_3,288.0,26.034,-12.693,26.034,-12.693,1.02688,1.04239,78.447,157.073,28.963,334.008,5.447,216.65,8.8e-05,-654590.9656379266,-22706.35904567831,82777.83560082632,-2712.1190575312617,-91.58314640750108,-884.3409367844586,0.16815094853805998,0.0010647138610522342,-9.92067029972541,-18.049978735675232,-178.0659644610472,8.387088339077424,356.71846101844756,8.758086867369785e-05,3327.17,134.85840566399608,-834951.2157384475,-28968.614614278253,366.48464625255843
9,Shahab_3,289.0,26.034,-12.693,26.034,-12.693,1.02688,1.04239,78.447,157.073,28.963,334.008,6.053,216.65,9.7e-05,-657302.9996615401,-22797.941627796125,81888.53457552897,-2711.9480089408253,-91.58198341583731,-894.2608624208522,0.17403640888911992,0.0012692919078608137,-9.919159000199034,-18.240186979772915,-178.06586711250463,8.395689050610635,397.26931861745584,9.73371065644045e-05,3327.17,150.18877008779637,-834951.2157384475,-28968.614614278253,366.48464625255843
9,Shahab_3,290.0,26.034,-12.693,26.034,-12.693,1.02688,1.04239,78.447,157.073,28.963,334.008,6.736,216.65,0.000108,-660014.8596014915,-22889.522938450355,80989.3144057018,-2711.770795470192,-91.58059884768231,-904.1791974174849,0.18048978749447867,0.0015007316822476142,-9.91747486524361,-18.43001266818349,-178.06577003405224,8.404363423814196,442.95824053158213,0.00010830767544419038,3327.17,167.46159400684562,-834951.2157384475,-28968.614614278253,366.48464625255843
9,Shahab_3,291.0,26.034,-12.693,26.034,-12.693,1.02688,1.04239,78.447,157.073,28.963,334.008,7.504,216.65,0.000121,-662726.5390000129,-22981.10275035281,80080.17678076799,-2711.586822748666,-91.57899007395841,-914.09573391828,0.1875632426931912,0.0017078977633480537,-9.915574228652114,-18.6194539419213,-178.06567285689394,8.413109336114035,494.4911662287349,0.0001206567350091265,3327.17,186.94375979909995,-834951.2157384475,-28968.614614278253,366.48464625255843
9,Shahab_3,292.0,26.034,-12.693,26.034,-12.693,1.02688,1.04239,78.447,157.073,28.963,334.008,8.369,216.65,0.000135,-665438.030778799,-23072.680860009194,79161.12330983102,-2711.3954433981485,-91.57720663684356,-924.0111810471883,0.1953139308306902,0.0018448761491134636,-9.915656564488954,-18.808526827058575,-178.06557407306056,8.421925390327578,552.6778173015261,0.00013457219983940236,3327.17,208.9413849632152,-834951.2157384475,-28968.614614278253,366.48464625255843
9,Shahab_3,293.0,26.034,-12.693,26.034,-12.693,1.02688,1.04239,78.447,157.073,28.963,334.008,9.345,216.65,0.00015,-668149.3271799742,-23164.257130051774,78232.15432249302,-2711.1959407473064,-91.57532247599215,-933.9268673452443,0.2038280625137696,0.001916770205082527,-9.915556129531902,-18.997259551026765,-178.06547160963504,8.430810625205927,618.4479255652393,0.00015026940479844115,3327.17,233.80595719608903,-834951.2157384475,-28968.614614278253,366.48464625255843
9,Shahab_3,294.0,26.034,-12.693,26.034,-12.693,1.02688,1.04239,78.447,157.073,28.963,334.008,10.448,216.65,0.000168,-670860.4196776939,-23255.83148138867,77293.26971140086,-2710.987486185525,-91.57336581045497,-943.8422046503554,0.21324635318235471,0.0020110818705262644,-9.915062886185687,-19.185644939752297,-178.0653642782953,8.439761970767819,692.8696158039357,0.00016799533329759083,3327.17,261.94128404111973,-834951.2157384475,-28968.614614278253,366.48464625255843
9,Shahab_3,295.0,26.034,-12.693,26.034,-12.693,1.02688,1.04239,78.447,157.073,28.963,334.008,11.694,216.65,0.000188,-673571.2988373811,-23347.403808558396,76344.47010921239,-2710.769081262267,-91.57124695600567,-953.7568881014708,0.22376473538981534,0.0022635318675453702,-9.914308875238344,-19.37368260084838,-178.06525325821488,8.448776140106785,777.1713506479526,0.0001880335189625182,3327.17,293.8117892101391,-834951.2157384475,-28968.614614278253,366.48464625255843
9,Shahab_3,296.0,26.034,-12.693,26.034,-12.693,1.02688,1.04239,78.447,157.073,28.963,334.008,13.104,216.65,0.000211,-676281.9541239565,-23438.97385446747,75385.75621163652,-2710.539521760204,-91.5687643070314,-963.6707615397503,0.23558721057835355,0.0027371894213387878,-9.913382893367327,-19.561376622963802,-178.06514194503995,8.457849414114643,872.7673641336921,0.0002107097822921169,3327.17,329.9521278113813,-834951.2157384475,-28968.614614278253,366.48464625255843
9,Shahab_3,297.0,26.034,-12.693,26.034,-12.693,1.02688,1.04239,78.447,157.073,28.963,334.008,14.702,216.65,0.000236,-678992.3737039187,-23530.541157130465,74417.12895108189,-2710.2974266527226,-91.56574415253034,-973.5835374265062,0.24885060772887757,0.0032972134495110094,-9.912087292024678,-19.74873012997729,-178.06503302018112,8.466977466927029,981.2872455312528,0.00023639889573905828,3327.17,370.97837059774537,-834951.2157384475,-28968.614614278253,366.48464625255843
9,Shahab_3,298.0,26.034,-12.693,26.034,-12.693,1.02688,1.04239,78.447,157.073,28.963,334.008,16.513,216.65,0.000266,-681702.5443088965,-23622.105178231788,73438.58968927273,-2710.0413223973546,-91.56223449849617,-983.4946370700628,0.26361405028490087,0.0036721442831197325,-9.909920080278697,-19.935741753537638,-178.0649244176131,8.476155453924456,1104.6105016768151,0.0002655323499682759,3327.17,417.6010703526175,-834951.2157384475,-28968.614614278253,366.48464625255843
9,Shahab_3,299.0,26.034,-12.693,26.034,-12.693,1.02688,1.04239,78.447,157.073,28.963,334.008,18.57,216.65,0.000299,-684412.4511633767,-23713.665546378907,72450.14060181973,-2709.769656133035,-91.55848613652628,-993.4029634276262,0.2800107748100877,0.0037914798396345996,-9.90651784877165,-20.12240139456218,-178.06480973088063,8.485377805396462,1244.906809628275,0.0002986074044370955,3327.17,470.64047951821277,-834951.2157384475,-28968.614614278253,366.48464625255843
9,Shahab_3,300.0,26.034,-12.693,26.034,-12.693,1.02688,1.04239,78.447,157.073,28.963,334.008,20.908,216.65,0.000336,-687122.0778337433,-23805.222104854238,71451.7850661547,-2709.4806169513495,-91.55459483116728,-1003.3073772989742,0.2984496328929894,0.004052646737171253,-9.90220031843459,-20.30870051228774,-178.06468564091264,8.494638165110866,1404.6830487198106,0.00033619764729849426,3327.17,531.0443307945268,-834951.2157384475,-28968.614614278253,366.48464625255843
9,Shahab_3,301.0,26.034,-12.693,26.034,-12.693,1.02688,1.04239,78.447,157.073,28.963,334.008,23.568,216.65,0.000379,-689831.4058338455,-23896.774559002646,70443.5273464458,-2709.171873433076,-91.55016669039203,-1013.2073014897089,0.319523705330979,0.004921676384407986,-9.897647556081173,-20.49464530023117,-178.06455879885232,8.503929261912816,1586.8383643244945,0.00037896535732874053,3327.17,599.9086541478374,-834951.2157384475,-28968.614614278253,366.48464625255843
9,Shahab_3,302.0,26.034,-12.693,26.034,-12.693,1.02688,1.04239,78.447,157.073,28.963,334.008,26.597,216.65,0.000428,-692540.4140693749,-23988.32207636196,69425.37203938518,-2708.8405954534533,-91.5446748738562,-1023.1024650511007,0.34350840115075665,0.006007979785263428,-9.892435873454604,-20.68025173309437,-178.06443831099722,8.51324277208045,1794.728662201104,0.00042767598020953575,3327.17,678.5021590777742,-834951.2157384475,-28968.614614278253,366.48464625255843
9,Shahab_3,303.0,26.034,-12.693,26.034,-12.693,1.02688,1.04239,78.447,157.073,28.963,334.008,30.051,216.65,0.000483,-695249.0785633551,-24079.86364126913,68397.32448558183,-2708.483937179131,-91.53840326572147,-1032.9913699072931,0.3702743816858284,0.0063900825205722425,-9.884873328623753,-20.86551369791211,-178.06431614589317,8.52256915019356,2032.2419356884295,0.0004832150353244399,3327.17,768.2947122724936,-834951.2157384475,-28968.614614278253,366.48464625255843
9,Shahab_3,304.0,26.034,-12.693,26.034,-12.693,1.02688,1.04239,78.447,157.073,28.963,334.008,33.993,216.65,0.000547,-697957.3725068844,-24171.3988309275,67359.3922538273,-2708.0989395738948,-91.53194109128773,-1042.871439046459,0.4003922359137725,0.00666877328084851,-9.875069560752989,-21.050406786822514,-178.06417773373974,8.53189741770322,2303.8861409901897,0.0005466078437923079,3327.17,870.9905591043852,-834951.2157384475,-28968.614614278253,366.48464625255843
9,Shahab_3,305.0,26.034,-12.693,26.034,-12.693,1.02688,1.04239,78.447,157.073,28.963,334.008,38.498,216.65,0.000619,-700665.2656612445,-24262.927238953813,66311.58496294571,-2707.6815569400615,-91.52459586961308,-1052.7414936704797,0.43524866132606027,0.00824486623412953,-9.865075542887125,-21.23494139203164,-178.06403480930894,8.541214942930687,2614.8924419850996,0.0006190427260820233,3327.17,988.5673556174802,-834951.2157384475,-28968.614614278253,366.48464625255843
9,Shahab_3,306.0,26.034,-12.693,26.034,-12.693,1.02688,1.04239,78.447,157.073,28.963,334.008,43.651,216.65,0.000702,-703372.723151204,-24354.447403179565,65253.91273046984,-2707.226791116925,-91.51548231014408,-1062.6010164257314,0.4750231373509217,0.009721576915828747,-9.853265832536383,-21.419147951604323,-178.0639025085135,8.550507200185736,2971.3367188930465,0.000701898336725491,3327.17,1123.3221052164245,-834951.2157384475,-28968.614614278253,366.48464625255843
9,Shahab_3,307.0,26.034,-12.693,26.034,-12.693,1.02688,1.04239,78.447,157.073,28.963,334.008,49.551,216.65,0.000797,-706079.7052427358,-24445.95797688099,64186.387665694674,-2706.7299987478737,-91.50565246819524,-1072.446320474256,0.5194579865526043,0.00991881477236397,-9.836664685020333,-21.60299699678905,-178.0637552678184,8.559757438098721,3380.281111865713,0.0007967755523893032,3327.17,1277.9246696143248,-834951.2157384475,-28968.614614278253,366.48464625255843
9,Shahab_3,308.0,26.034,-12.693,26.034,-12.693,1.02688,1.04239,78.447,157.073,28.963,334.008,56.315,216.65,0.000906,-708786.1672787883,-24537.458453726347,63109.02599518055,-2706.185499279118,-91.49496030249426,-1082.2740762088224,0.570952162883335,0.011952192728246026,-9.81904830992436,-21.786474975893533,-178.0635920990047,8.568946296149475,3849.9393942002243,0.0009055348069063613,3327.17,1455.4802886358134,-834951.2157384475,-28968.614614278253,366.48464625255843
9,Shahab_3,309.0,26.034,-12.693,26.034,-12.693,1.02688,1.04239,78.447,157.073,28.963,334.008,64.076,216.65,0.00103,-711492.0577010546,-24628.946959916037,62021.84543940088,-2705.585447036381,-91.481651014615,-1092.083771246193,0.6302497438567958,0.014171133826622004,-9.799135842551244,-21.969637593404972,-178.0634444910495,8.578051435585737,4389.872823043089,0.0010303404358639335,3327.17,1659.6036221200252,-834951.2157384475,-28968.614614278253,366.48464625255843
9,Shahab_3,310.0,26.034,-12.693,26.034,-12.693,1.02688,1.04239,78.447,157.073,28.963,334.008,72.992,216.65,0.001174,-714197.3173270401,-24720.421516685277,60924.866498273856,-2704.922766117496,-91.46744440040752,-1101.869461288325,0.6966385290692995,0.014521794830693853,-9.771558898540073,-22.15243699115219,-178.0632709956393,8.58704701318811,5011.218204626468,0.0011737125003702935,3327.17,1894.5049706170641,-834951.2157384475,-28968.614614278253,366.48464625255843
9,Shahab_3,311.0,26.034,-12.693,26.034,-12.693,1.02688,1.04239,78.447,157.073,28.963,334.008,83.246,216.65,0.001339,-716901.8792682525,-24811.881116152916,59818.11579358265,-2704.188067234253,-91.45102040952987,-1111.6274879490375,0.7748506595603226,0.018656473872607934,-9.744476002301752,-22.334887064410935,-178.06309279856583,8.595903076743243,5726.953478396221,0.0013385874002805286,3327.17,2165.090680205784,-834951.2157384475,-28968.614614278253,366.48464625255843
9,Shahab_3,312.0,26.034,-12.693,26.034,-12.693,1.02688,1.04239,78.447,157.073,28.963,334.008,95.05,216.65,0.001528,-719605.6656110513,-24903.322496912875,58701.62159616705,-2703.3699831145723,-91.43167999025282,-1121.3547129305866,0.8627724288089756,0.019275272122875584,-9.7075013365921,-22.517028202597384,-178.062916541702,8.604584968346078,6552.213677565224,0.0015283903763304379,3327.17,2477.082592259161,-834951.2157384475,-28968.614614278253,366.48464625255843
9,Shahab_3,313.0,26.034,-12.693,26.034,-12.693,1.02688,1.04239,78.447,157.073,28.963,334.008,108.652,216.65,0.001747,-722308.5879066804,-24994.74410857992,57575.41996897027,-2702.457499621669,-91.41072430767186,-1131.041994754879,0.9654371041653912,0.02397084285082116,-9.66811400423675,-22.698792080083283,-178.06270676607494,8.613052430009244,7504.653396963369,0.0017471192739085574,3327.17,2837.1550754224454,-834951.2157384475,-28968.614614278253,366.48464625255843
9,Shahab_3,314.0,26.034,-12.693,26.034,-12.693,1.02688,1.04239,78.447,157.073,28.963,334.008,124.344,216.65,0.001999,-725010.5436306288,-25086.14220405752,56439.551232001024,-2701.4344981390213,-91.38529238957531,-1140.687119972345,1.0822324554749059,0.02532931722644264,-9.618080072648581,-22.880278435596697,-178.06251247400337,8.621258784757964,8604.877653590198,0.001999444871047298,3327.17,3253.0979136426304,-834951.2157384475,-28968.614614278253,366.48464625255843
9,Shahab_3,315.0,26.034,-12.693,26.034,-12.693,1.02688,1.04239,78.447,157.073,28.963,334.008,142.465,216.65,0.002291,-727711.4153903906,-25177.514242392528,55294.06449533176,-2700.2862389397774,-91.35758534242707,-1150.2774773715153,1.2187923778801217,0.03192375068287386,-9.564297054790929,-23.061391981169777,-178.06227643979392,8.62914975140883,9876.937687798956,0.002290827561792639,3327.17,3734.0037451841326,-834951.2157384475,-28968.614614278253,366.48464625255843
9,Shahab_3,316.0,26.034,-12.693,26.034,-12.693,1.02688,1.04239,78.447,157.073,28.963,334.008,163.412,216.65,0.002628,-730411.0671181724,-25268.855419008945,54139.01553588149,-2698.9915997903345,-91.32485685191023,-1159.8083130468576,1.3731329008548157,0.03263925945190857,-9.49295806217386,-23.242233354791296,-178.06204165586252,8.636662287491172,11348.915248348165,0.002627656394890278,3327.17,4290.488953216522,-834951.2157384475,-28968.614614278253,366.48464625255843
9,Shahab_3,317.0,26.034,-12.693,26.034,-12.693,1.02688,1.04239,78.447,157.073,28.963,334.008,187.651,216.65,0.003017,-733109.3427948921,-25360.16228516457,52974.47235064424,-2697.52907627864,-91.28706205535039,-1169.2665296590344,1.5560942906203943,0.04157012665388127,-9.420882314837412,-23.422761151975397,-178.0617935983118,8.643722992497038,13053.591990753255,0.0030174108701654253,3327.17,4934.946733721906,-834951.2157384475,-28968.614614278253,366.48464625255843
9,Shahab_3,318.0,26.034,-12.693,26.034,-12.693,1.02688,1.04239,78.447,157.073,28.963,334.008,215.726,216.65,0.003469,-735806.0610564981,-25451.42884535126,51800.51188134529,-2695.8730133552085,-91.24528561099778,-1178.6383576565156,1.7636561934484658,0.04702235228759112,-9.326622717416207,-23.602960174614587,-178.0614907399946,8.650246506293715,15029.236905237061,0.0034688543113286373,3327.17,5681.844784820219,-834951.2157384475,-28968.614614278253,366.48464625255843
9,Shahab_3,319.0,26.034,-12.693,26.034,-12.693,1.02688,1.04239,78.447,157.073,28.963,334.008,248.276,216.65,0.003992,-738501.0130383164,-25542.649231269686,50617.2264211566,-2693.9912694375475,-91.19550583667339,-1187.9133215465133,2.002988478148019,0.049586702246435806,-9.213978660528587,-23.782933089063565,-178.06119523516688,8.656133419776724,17320.500160807544,0.003992258395881383,3327.17,6548.063227007187,-834951.2157384475,-28968.614614278253,366.48464625255843
9,Shahab_3,320.0,26.034,-12.693,26.034,-12.693,1.02688,1.04239,78.447,157.073,28.963,334.008,286.051,216.65,0.0046,-741193.9570458445,-25633.816958302286,49424.72418133664,-2691.849493187271,-91.1378572432368,-1197.0717387137302,2.284386089582058,0.059448175829949414,-9.092181542021633,-23.962643196163235,-178.06087943880488,8.661267945561063,19979.44720570751,0.004599669390024247,3327.17,7553.285547703562,-834951.2157384475,-28968.614614278253,366.48464625255843
9,Shahab_3,321.0,26.034,-12.693,26.034,-12.693,1.02688,1.04239,78.447,157.073,28.963,334.008,329.928,216.65,0.005305,-743884.6127891715,-25724.923729037844,48223.13105816749,-2689.407122462027,-91.07249975797835,-1206.0920143574954,2.61058953421875,0.07273826493473802,-8.949658528546113,-24.14207877464538,-178.06051057871525,8.665515249093218,23066.73749927528,0.0053052211109940635,3327.17,8720.444224111254,-834951.2157384475,-28968.614614278253,366.48464625255843
9,Shahab_3,322.0,26.034,-12.693,26.034,-12.693,1.02688,1.04239,78.447,157.073,28.963,334.008,380.941,216.65,0.006126,-746572.6556700136,-25815.960063628132,47012.595109558475,-2686.6157575729067,-90.9973854182055,-1214.951761288455,2.986966610894685,0.0855814034094192,-8.778213145286895,-24.32128835398707,-178.06009709099126,8.6687182964251,26652.951265650114,0.006125501103919095,3327.17,10076.222306139292,-834951.2157384475,-28968.614614278253,366.48464625255843
9,Shahab_3,323.0,26.034,-12.693,26.034,-12.693,1.02688,1.04239,78.447,157.073,28.963,334.008,440.3,216.65,0.00708,-749257.7095129628,-25906.91518996434,45793.290249035716,-2683.419455621432,-90.91038130269744,-1223.6239128621203,3.422959870299709,0.09916006683682897,-8.575940488189262,-24.50031124445738,-178.05964374357222,8.67069422607314,30820.075005782193,0.007079980259356906,3327.17,11651.615018348091,-834951.2157384475,-28968.614614278253,366.48464625255843
9,Shahab_3,324.0,26.034,-12.693,26.034,-12.693,1.02688,1.04239,78.447,157.073,28.963,334.008,509.425,216.65,0.008192,-751939.338026768,-25997.776571797174,44565.420316160875,-2679.753441254539,-90.80947275686336,-1232.0761777392772,3.9289011209108424,0.11441759033583222,-8.33915901538972,-24.679181004673005,-178.0591463356881,8.671230221685523,35663.140505770454,0.008191515327940107,3327.17,13482.549391607075,-834951.2157384475,-28968.614614278253,366.48464625255843
9,Shahab_3,325.0,26.034,-12.693,26.034,-12.693,1.02688,1.04239,78.447,157.073,28.963,334.008,589.987,216.65,0.009487,-754617.0350559278,-26088.52956824315,43329.22414101432,-2675.5424736646964,-90.69248254546638,-1240.2707848791838,4.514141166164375,0.12839609352409787,-8.057674658094477,-24.85793746007872,-178.05859644197298,8.670078789689889,41291.99814148177,0.009486934634282667,3327.17,15610.554665834758,-834951.2157384475,-28968.614614278253,366.48464625255843
9,Shahab_3,326.0,26.034,-12.693,26.034,-12.693,1.02688,1.04239,78.447,157.073,28.963,334.008,683.941,216.65,0.010998,-757290.2134038396,-26179.157218657074,42084.981602661705,-2670.700028715729,-90.55810822487953,-1248.1618633573476,5.187597412237143,0.13762871079716507,-7.715857273620064,-25.03659062874577,-178.05795851943378,8.666952413310234,47833.186984172076,0.010997718292417939,3327.17,18083.46928862664,-834951.2157384475,-28968.614614278253,366.48464625255843
9,Shahab_3,327.0,26.034,-12.693,26.034,-12.693,1.02688,1.04239,78.447,157.073,28.963,334.008,793.585,216.65,0.012761,-759958.192191796,-26269.64022221629,40833.021112770875,-2665.1262150169828,-90.40440301013342,-1255.6952440804491,5.974585311280698,0.16318745432851356,-7.3299732743485375,-25.21513900046531,-178.05720067860426,8.661517537338705,55431.832747099805,0.012760783994526908,3327.17,20956.158439247632,-834951.2157384475,-28968.614614278253,366.48464625255843
9,Shahab_3,328.0,26.034,-12.693,26.034,-12.693,1.02688,1.04239,78.447,157.073,28.963,334.008,921.609,216.65,0.014819,-762620.1817483621,-26359.955702204043,39573.72678633843,-2658.70072920707,-90.2221862797854,-1262.8186080128955,6.900414421037139,0.20441225611181935,-6.908606292608383,-25.39381320727821,-178.05643127583545,8.653388019057461,64253.47988031673,0.014819392303383708,3327.17,24291.206657159943,-834951.2157384475,-28968.614614278253,366.48464625255843
9,Shahab_3,329.0,26.034,-12.693,26.034,-12.693,1.02688,1.04239,78.447,157.073,28.963,334.008,1071.161,216.65,0.017224,-765275.2662677149,-26450.076645027486,38307.54662297599,-2651.292522403588,-90.0151452493474,-1269.4537050889583,7.94140490508985,0.211629902519212,-6.347572547715746,-25.572507712475506,-178.05547386264092,8.642117820251022,74485.69337323146,0.017224181635032275,3327.17,28159.523407934303,-834951.2157384475,-28968.614614278253,366.48464625255843
9,Shahab_3,330.0,26.034,-12.693,26.034,-12.693,1.02688,1.04239,78.447,157.073,28.963,334.008,1245.923,216.65,0.020034,-767922.3868712322,-26539.97337485116,37035.00688073608,-2642.743901143234,-89.77128529502477,-1275.5259886641895,9.180064772173319,0.26452396306050413,-5.769442778863696,-25.751448895718696,-178.05446952946187,8.627193393864783,86339.15387980058,0.020034329788254823,3327.17,32640.75709837228,-834951.2157384475,-28968.614614278253,366.48464625255843
9,Shahab_3,331.0,26.034,-12.693,26.034,-12.693,1.02688,1.04239,78.447,157.073,28.963,334.008,1450.186,216.65,0.023319,-770560.3176208405,-26629.609976672255,35756.71885393543,-2632.881954142471,-89.4938715365102,-1280.932134199933,10.59719583640098,0.3194235096218086,-5.067713816518035,-25.930527279695344,-178.05321780106885,8.608025640580923,100048.02896425828,0.023318871575830142,3327.17,37823.435426986274,-834951.2157384475,-28968.614614278253,366.48464625255843
9,Shahab_3,332.0,26.034,-12.693,26.034,-12.693,1.02688,1.04239,78.447,157.073,28.963,334.008,1688.948,216.65,0.027158,-773187.6438484932,-26718.945497224293,34473.39580650148,-2621.5012703249076,-89.17161423431186,-1285.5719626541652,12.217527391553764,0.3590103739395508,-4.224980910907588,-26.11002210508468,-178.05180792721887,8.5839421068461,115869.03928969536,0.027158135055416442,3327.17,43804.6123539963,-834951.2157384475,-28968.614614278253,366.48464625255843
9,Shahab_3,333.0,26.034,-12.693,26.034,-12.693,1.02688,1.04239,78.447,157.073,28.963,334.008,1968.002,216.65,0.031645,-775802.7359671235,-26807.933115784777,33185.86692500702,-2608.3736001292964,-88.79757331066978,-1289.3212572294879,14.090093737436439,0.41657784012097615,-3.271191145133056,-26.290046799372032,-178.05021716094996,8.55417959311684,134078.73984228028,0.031645305243193665,3327.17,50688.84026059011,-834951.2157384475,-28968.614614278253,366.48464625255843
9,Shahab_3,334.0,26.034,-12.693,26.034,-12.693,1.02688,1.04239,78.447,157.073,28.963,334.008,2294.047,216.65,0.036888,-778403.7215286978,-26896.518660623293,31895.09276574814,-2593.2416021161685,-88.36397716617613,-1292.0404805074631,16.24005129086751,0.48412234035782037,-2.180249399625352,-26.470768136000245,-178.0484175362357,8.517878209184866,154968.26731451525,0.03688807757079063,3327.17,58586.184182563826,-834951.2157384475,-28968.614614278253,366.48464625255843
9,Shahab_3,335.0,26.034,-12.693,26.034,-12.693,1.02688,1.04239,78.447,157.073,28.963,334.008,2674.787,216.65,0.04301,-780988.4563627806,-26984.639960453092,30602.18268564176,-2575.820656029801,-87.86614043489017,-1293.5680358790023,18.65758025292234,0.514975271132306,-0.8521612991165128,-26.65228230337141,-178.0462895726988,8.474077647724647,178834.66481365595,0.04301034481365952,3327.17,67608.94209222763,-834951.2157384475,-28968.614614278253,366.48464625255843
9,Shahab_3,336.0,26.034,-12.693,26.034,-12.693,1.02688,1.04239,78.447,157.073,28.963,334.008,3119.036,216.65,0.050154,-783554.4959361119,-27072.226891040067,29308.414257542274,-2555.796023172677,-87.29351665817494,-1293.7265872496232,21.451928119424153,0.6327774604841433,0.5614038240213705,-26.83476688180721,-178.04381628715203,8.421717068243824,205967.7834502781,0.05015382945106542,3327.17,77866.69300755717,-834951.2157384475,-28968.614614278253,366.48464625255843
9,Shahab_3,337.0,26.034,-12.693,26.034,-12.693,1.02688,1.04239,78.447,157.073,28.963,334.008,3636.808,216.65,0.05848,-786099.065744467,-27159.198705363007,28015.248695878367,-2532.823509155203,-86.63628940821948,-1292.3252436314801,24.565370271012856,0.7072591410404702,2.252720600081054,-27.01852785570889,-178.04093765732597,8.359640420938733,236631.89140406926,0.05847957100786416,3327.17,89459.34424839966,-834951.2157384475,-28968.614614278253,366.48464625255843
9,Shahab_3,338.0,26.034,-12.693,26.034,-12.693,1.02688,1.04239,78.447,157.073,28.963,334.008,4239.392,216.65,0.068169,-788619.0370251557,-27245.465165317266,26724.350563849253,-2506.5368575434763,-85.88235324531355,-1289.154389763304,28.056374567564635,0.792059408447469,4.1573409750437476,-27.203858107278922,-178.0376222592423,8.286608724974132,271040.9271042985,0.0681690600564474,3327.17,102467.77583256841,-834951.2157384475,-28968.614614278253,366.48464625255843
9,Shahab_3,339.0,26.034,-12.693,26.034,-12.693,1.02688,1.04239,78.447,157.073,28.963,334.008,4939.383,216.65,0.079425,-791110.9060529547,-27330.925056176755,25437.6014964614,-2476.5543343063277,-85.02102528486398,-1283.9891093710985,31.965917854262898,0.9334224180136143,6.227269272092409,-27.391051119088797,-178.03378692090325,8.201322020632928,309327.16477820225,0.07942485474903688,3327.17,116941.9943993178,-834951.2157384475,-28968.614614278253,366.48464625255843
9,Shahab_3,340.0,26.034,-12.693,26.034,-12.693,1.02688,1.04239,78.447,157.073,28.963,334.008,5750.677,216.65,0.09247,-793570.7824742253,-27415.465630405306,24157.111078403992,-2442.485722531675,-84.03957741247868,-1276.600840966001,36.24099214705154,1.0406020607129827,8.57609367585237,-27.580563520115373,-178.02937874003354,8.102452961829556,351503.5194695009,0.09247040044988844,3327.17,132886.88251682286,-834951.2157384475,-28968.614614278253,366.48464625255843
9,Shahab_3,341.0,26.034,-12.693,26.034,-12.693,1.02688,1.04239,78.447,157.073,28.963,334.008,6688.39,216.65,0.107549,-795994.3905148972,-27498.963394235143,22885.222827210997,-2403.9554411720483,-82.9327970886085,-1266.7470641623177,40.89911516608539,1.2005311294572845,11.128681270962442,-27.772615538983143,-178.02416656733004,7.988693821899804,397421.00073558965,0.10754874750575906,3327.17,150246.11393414752,-834951.2157384475,-28968.614614278253,366.48464625255843
9,Shahab_3,342.0,26.034,-12.693,26.034,-12.693,1.02688,1.04239,78.447,157.073,28.963,334.008,7768.69,216.65,0.12492,-798377.0859866077,-27581.283826770596,21624.510221154505,-2360.6071476591433,-81.68622018009785,-1254.2093628671605,45.86155807051111,1.327270629436358,13.95398663342997,-27.967861438932935,-178.01813321400027,7.858818609901409,446724.7149049377,0.12491987702255311,3327.17,168885.52011236548,-834951.2157384475,-28968.614614278253,366.48464625255843
9,Shahab_3,343.0,26.034,-12.693,26.034,-12.693,1.02688,1.04239,78.447,157.073,28.963,334.008,9008.524,216.65,0.144856,-800713.8948801381,-27662.283165925495,20377.76317985458,-2312.137677904668,-80.28967423725084,-1238.7836036226977,51.139324934842776,1.5177670606303917,16.87857006857876,-28.16688593639059,-178.01118601888263,7.7117593250889325,498813.5558062246,0.14485630743050065,3327.17,188577.85119267314,-834951.2157384475,-28968.614614278253,366.48464625255843
9,Shahab_3,344.0,26.034,-12.693,26.034,-12.693,1.02688,1.04239,78.447,157.073,28.963,334.008,10425.229,216.65,0.167637,-802999.575949127,-27741.809485047037,19147.959532686633,-2258.3196455589605,-78.7367548226003,-1220.3019183013969,56.52603759234293,1.600823701473112,20.087785804625618,-28.370387822287615,-178.00318031153202,7.546694557031073,552811.1561200639,0.1676367956018293,3327.17,208991.79407417003,-834951.2157384475,-28968.614614278253,366.48464625255843
9,Shahab_3,345.0,26.034,-12.693,26.034,-12.693,1.02688,1.04239,78.447,157.073,28.963,334.008,12036.008,216.65,0.193538,-805228.7119220732,-27819.706298691533,17938.22340726532,-2199.0367639358938,-77.02927229960196,-1198.635304931647,62.06149101107368,1.8391130078039428,23.210148486029208,-28.57884366518624,-177.99382689212527,7.363144608419208,607556.6688409434,0.19353799161136223,3327.17,229688.4873199228,-834951.2157384475,-28968.614614278253,366.48464625255843
9,Shahab_3,346.0,26.034,-12.693,26.034,-12.693,1.02688,1.04239,78.447,157.073,28.963,334.008,13857.304,216.65,0.222824,-807395.8275702848,-27895.814800670214,16751.76459330256,-2134.294407249616,-75.16189512210374,-1173.742675403269,67.45984308615182,1.9866103926093055,26.446752286942054,-28.793345961063988,-177.98308967612098,7.161065845727239,661624.7264192156,0.22282426916097467,3327.17,250129.06676606997,-834951.2157384475,-28968.614614278253,366.48464625255843
9,Shahab_3,347.0,26.034,-12.693,26.034,-12.693,1.02688,1.04239,78.447,157.073,28.963,334.008,15904.068,216.65,0.255736,-809495.5346607914,-27969.97885912928,15591.804538785937,-2064.2606629654497,-73.14062446083432,-1145.6520253820888,72.59719110571783,2.110930580990152,29.62676911325399,-29.014758470316,-177.97075203932843,6.940932105079939,713380.8866002512,0.25573606253781145,3327.17,269695.626975422,-834951.2157384475,-28968.614614278253,366.48464625255843
9,Shahab_3,348.0,26.034,-12.693,26.034,-12.693,1.02688,1.04239,78.447,157.073,28.963,334.008,18188.996,216.65,0.292478,-811522.6967542975,-28042.049532419667,14461.487884642038,-1989.2748127959267,-70.9767628049101,-1114.4860365701854,77.28953518104645,2.201028616422369,32.666547345660426,-29.244077401249303,-177.95656961895335,6.703791685731795,761074.913171965,0.2924775143883147,3327.17,287726.48628333147,-834951.2157384475,-28968.614614278253,366.48464625255843
9,Shahab_3,349.0,26.034,-12.693,26.034,-12.693,1.02688,1.04239,78.447,157.073,28.963,334.008,20721.776,216.65,0.333204,-813472.6046450322,-28111.890716947895,13363.78658096184,-1909.8520427934789,-68.68396365581167,-1080.4677530105394,81.44122807481384,2.355095426686689,35.31916251124469,-29.482439782489603,-177.9403608710304,6.4512872792443865,802966.4388108028,0.33320440006530894,3327.17,303563.69398588967,-834951.2157384475,-28968.614614278253,366.48464625255843
9,Shahab_3,350.0,26.034,-12.693,26.034,-12.693,1.02688,1.04239,78.447,157.073,28.963,334.008,23508.437,216.65,0.378014,-815341.14884456,-28179.38298185747,12301.399371812768,-1826.674056114481,-66.28226575809431,-1043.9190116520676,84.80043672410794,2.444765162243285,37.667169665321396,-29.731134441301958,-177.92189053427438,6.185630080499995,837470.0811471794,0.37801367361563487,3327.17,316607.891871807,-834951.2157384475,-28968.614614278253,366.48464625255843
9,Shahab_3,351.0,26.034,-12.693,26.034,-12.693,1.02688,1.04239,78.447,157.073,28.963,334.008,26550.866,216.65,0.426936,-817124.9769697897,-28244.429098376746,11276.660185912779,-1740.5686656678022,-63.79728448783215,-1005.2444427189458,87.25853390394795,2.5169286383774727,39.59421377232247,-29.991409803655333,-177.90087020255268,5.909524330044637,863299.3215646229,0.42693567581059216,3327.17,326372.7080023305,-834951.2157384475,-28968.614614278253,366.48464625255843
9,Shahab_3,352.0,26.034,-12.693,26.034,-12.693,1.02688,1.04239,78.447,157.073,28.963,334.008,29846.876,221.256,0.469944,-818821.7723435384,-28306.961778599125,10291.370163231737,-1653.1218298109131,-61.271349554642285,-965.3037710133964,86.98924879351401,2.5048331174292775,39.96058392709714,-30.26472050994575,-177.8773594015743,5.628271661924522,861965.924124766,0.4699439811800174,3327.17,325868.61339410045,-834951.2157384475,-28968.614614278253,366.48464625255843
9,Shahab_3,353.0,26.034,-12.693,26.034,-12.693,1.02688,1.04239,78.447,157.073,28.963,334.008,33393.355,227.401,0.511576,-820431.6195656512,-28366.98310064377,9346.000008277626,-1566.8572544612443,-58.7795741921763,-925.5086184773581,85.44185977829665,2.46307370375568,39.6029378667478,-30.55178666778354,-177.85159562289422,5.350371490332855,847953.2492055108,0.5115759643374839,3327.17,320571.08269354916,-834951.2157384475,-28968.614614278253,366.48464625255843
9,Shahab_3,354.0,26.034,-12.693,26.034,-12.693,1.02688,1.04239,78.447,157.073,28.963,334.008,37186.078,233.289,0.555302,-821956.0694161019,-28424.537546479394,8440.197334035769,-1482.3928577465008,-56.33944473668414,-886.2078138589884,83.4067543350684,2.409509316513067,38.962018916695655,-30.853723866059898,-177.82347876781935,5.077909033594529,829073.097736021,0.5553018079015482,3327.17,313433.3889543444,-834951.2157384475,-28968.614614278253,366.48464625255843
9,Shahab_3,355.0,26.034,-12.693,26.034,-12.693,1.02688,1.04239,78.447,157.073,28.963,334.008,41218.558,238.923,0.601003,-823397.180308147,-28479.684292566333,7573.323345841122,-1400.1907765951596,-53.96446583208625,-847.6699197253836,80.94020355700233,2.338638611276883,38.07921464582049,-31.171710602146817,-177.7928674883753,4.8124550052618265,805942.0723097534,0.601002890989591,3327.17,304688.6405007495,-834951.2157384475,-28968.614614278253,366.48464625255843
9,Shahab_3,356.0,26.034,-12.693,26.034,-12.693,1.02688,1.04239,78.447,157.073,28.963,334.008,45482.233,244.311,0.648548,-824757.3606961289,-28532.49267948704,6744.516052731762,-1320.634414117253,-51.6656870356271,-810.1240177272365,78.11761377611562,2.257322649363956,36.97844881620035,-31.506905713732372,-177.7596245125977,4.555321672625154,779244.6655289253,0.6485475685326475,3327.17,294595.6116635359,-834951.2157384475,-28968.614614278253,366.48464625255843
9,Shahab_3,357.0,26.034,-12.693,26.034,-12.693,1.02688,1.04239,78.447,157.073,28.963,334.008,49967.103,249.458,0.697798,-826039.4437691254,-28583.0443337085,5952.673318310184,-1244.0466385719003,-49.45246388641282,-773.7718203729303,75.01427847860386,2.167857159205788,35.69739464275159,-31.860493179824854,-177.72361712974185,4.307627210029881,749721.4956025315,0.6977981876231127,3327.17,283434.2952151147,-834951.2157384475,-28968.614614278253,366.48464625255843
9,Shahab_3,358.0,26.034,-12.693,26.034,-12.693,1.02688,1.04239,78.447,157.073,28.963,334.008,54662.056,254.373,0.748614,-827246.5313738737,-28631.42867690952,5196.515579343517,-1170.671466329435,-47.33187924441442,-738.7751404356485,71.70501502805179,2.0724093915898196,34.27397537882021,-32.23366144766511,-177.68471281533954,4.070230755291306,718108.3363843926,0.7486141000716343,3327.17,271482.8525059587,-834951.2157384475,-28968.614614278253,366.48464625255843
9,Shahab_3,359.0,26.034,-12.693,26.034,-12.693,1.02688,1.04239,78.447,157.073,28.963,334.008,59555.278,259.065,0.800855,-828381.920662533,-28677.74080512976,4474.625797007204,-1100.6796110571831,-45.30889487760827,-705.2578213393442,68.26090730701611,1.9730344777214623,32.74521593427519,-32.62759165858138,-177.64278034239322,3.843749461856816,685106.5594131276,0.8008553449797746,3327.17,259006.43899565982,-834951.2157384475,-28968.614614278253,366.48464625255843
9,Shahab_3,360.0,26.034,-12.693,26.034,-12.693,1.02688,1.04239,78.447,157.073,28.963,334.008,64634.704,263.544,0.854387,-829449.0518497747,-28722.07997747715,3785.47789621861,-1034.1734107745588,-43.38649719293567,-673.307542398414,64.74622772639718,1.8716040806271774,31.146833195786677,-33.04345685611528,-177.59768885622293,3.6285737873499193,651358.7461524566,0.8543866005812534,3327.17,246247.98439259123,-834951.2157384475,-28968.614614278253,366.48464625255843
9,Shahab_3,361.0,26.034,-12.693,26.034,-12.693,1.02688,1.04239,78.447,157.073,28.963,334.008,69888.381,267.821,0.90908,-830451.440052809,-28764.547643274745,3127.4722848573147,-971.1923717013765,-41.565847965694736,-642.9773410787443,61.21821403506992,1.7697593334582529,29.5094904019272,-33.48239980309695,-177.54930618905706,3.42488383210965,617429.9552696125,0.9090799988159859,3327.17,233421.11069644446,-834951.2157384475,-28968.614614278253,366.48464625255843
9,Shahab_3,362.0,26.034,-12.693,26.034,-12.693,1.02688,1.04239,78.447,157.073,28.963,334.008,75304.717,271.907,0.964817,-831392.6073529562,-28805.24547400725,2498.975183403654,-911.7254751277742,-39.846653920940426,-614.2922315591863,57.72518459194031,1.6689032319430745,27.860895264704332,-33.94553378983233,-177.49749983917678,3.23269045551905,583803.8095536947,0.9648166290644922,3327.17,220708.65284683692,-834951.2157384475,-28968.614614278253,366.48464625255843
9,Shahab_3,363.0,26.034,-12.693,26.034,-12.693,1.02688,1.04239,78.447,157.073,28.963,334.008,80872.764,275.811,1.021489,-832276.0433437661,-28844.27422609772,1898.3400378578535,-855.7173269732225,-38.22733486294595,-587.251473954386,54.30666087583091,1.5701815555589724,26.224411819340816,-34.433923554560984,-177.44213467231953,3.051854207147286,550877.3978402436,1.0214885100790876,3327.17,208260.7313817275,-834951.2157384475,-28968.614614278253,366.48464625255843
9,Shahab_3,364.0,26.034,-12.693,26.034,-12.693,1.02688,1.04239,78.447,157.073,28.963,334.008,86582.407,279.544,1.078999,-833105.1645639872,-28881.732563874637,1323.9315646197012,-803.0770725128566,-36.70528285513674,-561.8330500704901,50.993752506832124,1.4744951738390053,24.61906326429347,-34.948575924747054,-177.38307161966432,2.882114557283138,518964.46212861594,1.078999487795491,3327.17,196195.9573359986,-834951.2157384475,-28968.614614278253,366.48464625255843
9,Shahab_3,365.0,26.034,-12.693,26.034,-12.693,1.02688,1.04239,78.447,157.073,28.963,334.008,92424.511,283.118,1.137266,-833883.2875051773,-28917.7162771158,774.1429132580837,-753.6863689990148,-35.27709397514211,-537.9979791030828,47.809914407786984,1.382523969974473,23.05968468751407,-35.49044365592065,-177.32016581776938,2.7231165360439573,488301.85566917376,1.137265899970392,3327.17,184603.87373926805,-834951.2157384475,-28968.614614278253,366.48464625255843
9,Shahab_3,366.0,26.034,-12.693,26.034,-12.693,1.02688,1.04239,78.447,157.073,28.963,334.008,98391.398,286.542,1.19622,-834613.6735973174,-28952.319580606563,247.3778048362141,-707.4023939153161,-33.93865368329258,-515.6911728802539,44.77096723853302,1.2947283060962278,21.558018241974132,-36.06042815180177,-177.25325818879114,2.574419561466801,459054.0073280258,1.196220462007762,3327.17,173546.6433813876,-834951.2157384475,-28968.614614278253,366.48464625255843
9,Shahab_3,366.48,26.034,-12.693,26.034,-12.693,1.02688,1.04239,78.447,157.073,28.963,334.008,101325.0,288.15,1.225012,-834951.2157384475,-28968.614614278253,1.787969225647279e-05,-686.0555229659858,-33.321316041130466,-505.41783173760524,43.355031961142245,1.2538162764134568,20.85273292517889,-36.34688590458408,-177.21936257737644,2.5059583414984323,445432.6354715799,1.2250122638834848,3327.17,168397.04589133305,-834951.2157384475,-28968.614614278253,366.48464625255843
10,Shahab_3,1.0,18.393,5.385,18.393,5.385,1.04842,1.038,72.075,170.365,19.165,16.319,101214.389,288.09,1.223929,0.4978306975314443,-2.932552892591145,9.196643464182639,0.9877716912019137,-5.839546003686537,18.457262306272067,-0.5986430576481201,0.3601707234174327,20.687591813580223,72.20978445443407,-80.39917570843792,0.05696204017112463,229.94351419426832,1.223928901832736,15592.09,88.75429313691413,-77168.75879410208,-147425.2531882562,163.51329665617706
10,Shahab_3,2.0,18.393,5.385,18.393,5.385,1.04842,1.038,72.075,170.365,19.165,16.319,100886.141,287.912,1.220713,2.3091765394707906,-13.130787449002794,36.547917785387774,2.554267902496105,-14.596761517848758,36.286353976579534,1.205163301034104,-8.912396227864303,17.961514263301275,67.78595645284307,-80.0743842966884,0.11517932842190604,937.6840262744937,1.2207128922889274,15414.15,361.9301167479625,-77168.75879410208,-147425.2531882562,163.51329665617706
10,Shahab_3,3.0,18.393,5.385,18.393,5.385,1.04842,1.038,72.075,170.365,19.165,16.319,100344.935,287.618,1.215407,5.189553338701036,-32.294606362129215,81.83880929452837,2.8549313245423433,-23.876098655506357,54.30208695568763,-0.9118948482932484,-9.791794781349257,17.989253053586832,66.11516353015648,-83.18135862602549,0.1745166233741262,2143.3311480980274,1.215407102594762,15236.2,827.2894396449682,-77168.75879410208,-147425.2531882562,163.51329665617706
10,Shahab_3,4.0,18.393,5.385,18.393,5.385,1.04842,1.038,72.075,170.365,19.165,16.319,99594.476,287.207,1.208043,7.002813662192659,-61.335899496626915,145.04687797107584,0.1156052095972214,-34.520734234502065,71.97496944496127,-4.829829442244261,-11.675412936747144,17.14043035725865,64.37650108476026,-89.80812500123805,0.23457354154019147,3848.87969488917,1.2080429755974669,15058.26,1485.602226642081,-77168.75879410208,-147425.2531882562,163.51329665617706
10,Shahab_3,5.0,18.393,5.385,18.393,5.385,1.04842,1.038,72.075,170.365,19.165,16.319,98650.14,286.686,1.198765,3.920575415408139,-102.12789028215131,225.2646226876315,-7.056288958923903,-47.52360842882726,88.06991152149351,-9.437184541946664,-14.422689760831682,14.81355240708707,61.38629201119623,-98.44555411812489,0.29480590528427814,6032.540745726811,1.1987648609042827,14880.32,2328.4583241355103,-77168.75879410208,-147425.2531882562,163.51329665617706
10,Shahab_3,6.0,18.393,5.385,18.393,5.385,1.04842,1.038,72.075,170.365,19.165,16.319,97543.472,286.068,1.187875,-8.430704069621273,-157.347278097635,320.2548930733799,-18.08952196386339,-63.38368313020325,101.45266042689475,-12.055710860085087,-17.214188119963115,12.123918351324718,56.987933909869156,-105.92859485097054,0.3555244664285416,8693.681973366425,1.1878753218071432,14702.37,3355.6136645427637,-77168.75879410208,-147425.2531882562,163.51329665617706
10,Shahab_3,7.0,18.393,5.385,18.393,5.385,1.04842,1.038,72.075,170.365,19.165,16.319,96307.988,285.371,1.175697,-32.491106422893075,-229.68658057783426,427.583640220783,-29.807246165625255,-81.57330150456747,113.15512740185974,-10.749677484333285,-18.862009655196108,11.823762410660231,52.49311792376246,-110.07252769952616,0.41916562906420324,11960.810241100162,1.1756968913615555,14524.43,4616.66971566215,-77168.75879410208,-147425.2531882562,163.51329665617706
10,Shahab_3,8.0,18.393,5.385,18.393,5.385,1.04842,1.038,72.075,170.365,19.165,16.319,94952.548,284.595,1.16231,-67.15937511187269,-320.70837444037346,546.9286910379885,-39.054347871438836,-100.41358317130975,125.84166293586128,-8.033743496426405,-18.570321928798474,13.57566007710406,49.43107009872752,-111.25279586489256,0.4868147912005772,15949.361235394614,1.1623096981625374,14346.49,6156.182692923433,-77168.75879410208,-147425.2531882562,163.51329665617706
10,Shahab_3,9.0,18.393,5.385,18.393,5.385,1.04842,1.038,72.075,170.365,19.165,16.319,93467.549,283.732,1.147611,-110.27999752936066,-430.3368977726101,679.6528912442894,-47.485314141399414,-118.85670717977945,139.53764616277658,-9.766968017373827,-18.687255822050282,13.130953757959704,47.4713091638864,-111.77756497357674,0.5564138532278653,20572.371606579465,1.1476107018959965,14168.55,7940.586219575989,-77168.75879410208,-147425.2531882562,163.51329665617706
10,Shahab_3,10.0,18.393,5.385,18.393,5.385,1.04842,1.038,72.075,170.365,19.165,16.319,91865.343,282.786,1.131713,-163.30081274610686,-558.8371308865567,825.2385969064422,-59.07215310157518,-138.4875740686632,151.1090306248134,-12.678494776309329,-20.677352207719867,10.170803879180866,45.104267854887375,-113.10076902526605,0.6268369172964074,25747.7542962013,1.1317130433938947,13990.6,9938.196084502795,-77168.75879410208,-147425.2531882562,163.51329665617706
10,Shahab_3,11.0,18.393,5.385,18.393,5.385,1.04842,1.038,72.075,170.365,19.165,16.319,90176.918,281.771,1.114916,-228.43829555686247,-707.8772946904854,981.4325016218718,-70.75906543100112,-159.6830659753096,161.49425416056792,-10.283588984813333,-21.224632585696728,11.29710340051666,42.75738743430414,-113.89918143199556,0.6990242552395065,31544.265214627027,1.1149156766282888,13812.66,12175.550901958672,-77168.75879410208,-147425.2531882562,163.51329665617706
10,Shahab_3,12.0,18.393,5.385,18.393,5.385,1.04842,1.038,72.075,170.365,19.165,16.319,88402.882,280.683,1.097217,-304.3209886915797,-878.0848647330213,1148.728786091027,-81.32397653417217,-180.73841707815518,172.97968058498356,-12.008168551102028,-21.329390006865758,10.584383776933834,41.1141162986161,-114.2255542506461,0.7730314592864836,37964.75460885279,1.0972165707133161,13634.72,14653.75081890056,-77168.75879410208,-147425.2531882562,163.51329665617706
10,Shahab_3,13.0,18.393,5.385,18.393,5.385,1.04842,1.038,72.075,170.365,19.165,16.319,86555.779,279.528,1.078733,-392.0053908605719,-1069.779661883674,1326.5215249077473,-94.04413641566784,-202.90250009529058,182.3818785098071,-12.068649091847925,-22.71604529923254,9.360082095239054,39.19809155307226,-114.86745034472577,0.8480086016893306,44916.73952521457,1.0787326061545859,13456.77,17337.098985132765,-77168.75879410208,-147425.2531882562,163.51329665617706
10,Shahab_3,14.0,18.393,5.385,18.393,5.385,1.04842,1.038,72.075,170.365,19.165,16.319,84650.94,278.31,1.05961,-491.7907056344053,-1283.9777351920534,1513.8903983778564,-105.57604758425295,-225.44596072870982,192.43579269734877,-12.353250333517556,-22.579541451582443,9.66950460604044,37.70453130485209,-115.09363114400645,0.9246211038557995,52452.64309637405,1.059609568283322,13278.83,20245.82983996841,-77168.75879410208,-147425.2531882562,163.51329665617706
10,Shahab_3,15.0,18.393,5.385,18.393,5.385,1.04842,1.038,72.075,170.365,19.165,16.319,82695.084,277.03,1.039908,-603.8800928435903,-1520.9416843914364,1710.7168289368028,-118.59483030494678,-248.68497000038104,201.02755503373962,-12.40273542008937,-23.65989355883164,8.655925168468416,36.116015344763156,-115.49590518538693,1.0022294564920537,60481.566646951665,1.0399077234190433,13100.89,23344.85803773613,-77168.75879410208,-147425.2531882562,163.51329665617706
10,Shahab_3,16.0,18.393,5.385,18.393,5.385,1.04842,1.038,72.075,170.365,19.165,16.319,80700.903,275.694,1.019748,-728.5764669253485,-1781.4097975333507,1916.2522915030966,-131.0249815358239,-272.2651403964246,209.92208374040004,-13.463938566882721,-23.842049072080787,7.990097003914926,34.789890982088885,-115.69873871091916,1.0811557212259764,69018.15818445591,1.019748232715332,12922.94,26639.837460681025,-77168.75879410208,-147425.2531882562,163.51329665617706
10,Shahab_3,17.0,18.393,5.385,18.393,5.385,1.04842,1.038,72.075,170.365,19.165,16.319,78677.746,274.305,0.99922,-866.2858701494993,-2065.7643408951703,2130.031194025678,-144.16624176976777,-296.51504588764254,217.76015534840423,-12.590176565403732,-24.294387729180276,8.34283392416124,33.44358971721383,-115.92911877340774,1.1611108109481643,78001.36377017669,0.9992196268257416,12745.0,30107.20232486514,-77168.75879410208,-147425.2531882562,163.51329665617706
10,Shahab_3,18.0,18.393,5.385,18.393,5.385,1.04842,1.038,72.075,170.365,19.165,16.319,76633.281,272.864,0.978394,-1017.0345719428972,-2374.4843929124595,2351.7204516308607,-157.55705143101932,-321.0527493106258,225.31863592295608,-13.622388695020039,-24.948810848587314,6.9545935262848975,32.212286192216894,-116.13955529462302,1.242112488822345,87403.67152881433,0.9783943067213242,12567.06,33736.333513442965,-77168.75879410208,-147425.2531882562,163.51329665617706
10,Shahab_3,19.0,18.393,5.385,18.393,5.385,1.04842,1.038,72.075,170.365,19.165,16.319,74577.625,271.376,0.957371,-1181.2364874240877,-2708.033064075022,2580.6680806884956,-170.8817703001805,-346.05436388550777,232.5859182973733,-13.797653988558915,-25.114654758187402,6.874719293352451,31.074794659815822,-116.28017661636562,1.3241585465989871,97197.25188749055,0.9573706463669694,12389.11,37516.48928369665,-77168.75879410208,-147425.2531882562,163.51329665617706
10,Shahab_3,20.0,18.393,5.385,18.393,5.385,1.04842,1.038,72.075,170.365,19.165,16.319,72517.655,269.843,0.936215,-1359.068962313427,-3066.7653654500587,2816.5162442606534,-184.68634709961157,-371.4893788557056,239.12133594995836,-13.50420084304709,-25.56609549111007,6.740066571327482,29.95840671569699,-116.43431769763636,1.4071257114155964,107333.50683754464,0.9362150518494179,12211.17,41428.91162924512,-77168.75879410208,-147425.2531882562,163.51329665617706
10,Shahab_3,21.0,18.393,5.385,18.393,5.385,1.04842,1.038,72.075,170.365,19.165,16.319,70460.265,268.267,0.914995,-1550.6715319501106,-3451.0793333950733,3058.8533411344447,-198.65543147245356,-397.22223542478406,245.35211413655819,-14.114103704374559,-26.01002960076965,5.812599061197276,28.917834915613284,-116.5701644419433,1.4910152679639983,117781.4280658137,0.9149950232457732,12033.23,45461.63186758049,-77168.75879410208,-147425.2531882562,163.51329665617706
10,Shahab_3,22.0,18.393,5.385,18.393,5.385,1.04842,1.038,72.075,170.365,19.165,16.319,68412.599,266.653,0.893782,-1756.310951571542,-3861.3386629874253,3307.1753358479405,-212.676551116494,-423.3240320355382,251.24928313453162,-14.358118350706663,-26.235750318140273,5.52021699328422,27.939101195780516,-116.67479753320387,1.575806391206252,128508.27544317955,0.8937817400930896,11855.28,49602.01286463406,-77168.75879410208,-147425.2531882562,163.51329665617706
10,Shahab_3,23.0,18.393,5.385,18.393,5.385,1.04842,1.038,72.075,170.365,19.165,16.319,66380.272,265.003,0.872632,-1976.1642214360643,-4297.862420430008,3561.0981376338923,-226.97628671114325,-449.77727034520865,256.6057147561894,-14.232800977927267,-26.56322729553653,5.384923220958763,26.991429311422685,-116.77740768191417,1.6614418029082956,139474.5858318602,0.8726315505988499,11677.34,53834.82251911749,-77168.75879410208,-147425.2531882562,163.51329665617706
10,Shahab_3,24.0,18.393,5.385,18.393,5.385,1.04842,1.038,72.075,170.365,19.165,16.319,64368.374,263.318,0.851596,-2210.370862215467,-4760.974549780891,3820.2444730102616,-241.483003061517,-476.5158632155692,261.5711976919817,-14.480952056837646,-26.93170903674679,4.801190285889229,26.088228736261396,-116.87443402927282,1.7479037642276762,150647.76765558275,0.8515962938593858,11499.4,58147.48103583869,-77168.75879410208,-147425.2531882562,163.51329665617706
10,Shahab_3,25.0,18.393,5.385,18.393,5.385,1.04842,1.038,72.075,170.365,19.165,16.319,62381.858,261.603,0.830727,-2459.115300513083,-5250.985855654389,4084.194063036251,-256.0829263831013,-503.548321685016,266.22626095169306,-14.808443923220421,-27.194471539088177,4.300185633458982,25.23263245481852,-116.95592236670939,1.835182043541528,161998.38056012293,0.8307272719584081,11321.45,62528.6249378236,-77168.75879410208,-147425.2531882562,163.51329665617706
10,Shahab_3,26.0,18.393,5.385,18.393,5.385,1.04842,1.038,72.075,170.365,19.165,16.319,60424.951,259.858,0.810069,-2722.571250281008,-5768.182655451869,4352.559469570057,-270.83416710348405,-530.8817234514709,270.4839765546101,-14.882931103686198,-27.441486342922033,4.075166636954101,24.410969534174225,-117.02881740922483,1.9232533143310695,173495.78959947688,0.8100690847625461,11143.51,66966.42965594973,-77168.75879410208,-147425.2531882562,163.51329665617706
10,Shahab_3,27.0,18.393,5.385,18.393,5.385,1.04842,1.038,72.075,170.365,19.165,16.319,58501.202,258.088,0.78966,-3000.880672493695,-6312.842626488843,4624.987106060221,-285.7769574754208,-558.4890659018212,274.3352175165211,-14.931107599913766,-27.733260137173726,3.783910593731589,23.619100133093195,-117.09867181596724,2.0121001821660625,185111.4259095033,0.789659969805758,10965.57,71449.86809362133,-77168.75879410208,-147425.2531882562,163.51329665617706
10,Shahab_3,28.0,18.393,5.385,18.393,5.385,1.04842,1.038,72.075,170.365,19.165,16.319,56613.78,256.293,0.769535,-3294.185676056934,-6885.239019272366,4901.119992490429,-300.8681613049091,-586.3540337549556,277.8463049122983,-15.118712998429167,-28.01548400404536,3.346624019475772,22.859946068138367,-117.16312557800414,2.101716557548442,196820.58713782174,0.7695349148844044,10787.62,75969.40556214745,-77168.75879410208,-147425.2531882562,163.51329665617706
10,Shahab_3,29.0,18.393,5.385,18.393,5.385,1.04842,1.038,72.075,170.365,19.165,16.319,54765.471,254.476,0.749726,-3602.63628313093,-7485.63548494478,5180.600903428905,-316.07917311569855,-614.4784588147756,281.03928348393714,-15.326485035498685,-28.260114165692645,2.9532522090216906,22.132072689285895,-117.22065962952439,2.192098475740718,208600.96305647923,0.7497255067553422,10609.68,80516.43069225932,-77168.75879410208,-147425.2531882562,163.51329665617706
10,Shahab_3,30.0,18.393,5.385,18.393,5.385,1.04842,1.038,72.075,170.365,19.165,16.319,52958.584,252.64,0.730259,-3926.376916350682,-8114.2868461485405,5463.089588639029,-331.42399483956973,-642.8612654518812,283.895412303905,-15.454690024660374,-28.4970732669473,2.666828476712065,21.430957469630233,-117.2731482008886,2.283241783286523,220431.95606041874,0.7302588772859009,10431.74,85082.99315805381,-77168.75879410208,-147425.2531882562,163.51329665617706
10,Shahab_3,31.0,18.393,5.385,18.393,5.385,1.04842,1.038,72.075,170.365,19.165,16.319,51194.993,250.786,0.711158,-4265.543155471968,-8771.443522912507,5748.2619216632,-346.91639059555644,-671.4939418632371,286.4131554084569,-15.547069029785344,-28.74769032468221,2.395370950892119,20.754028571749426,-117.32239979618326,2.3751456979707863,232295.36590590212,0.7111580531692973,10253.79,89662.06797440116,-77168.75879410208,-147425.2531882562,163.51329665617706
10,Shahab_3,32.0,18.393,5.385,18.393,5.385,1.04842,1.038,72.075,170.365,19.165,16.319,49476.22,248.917,0.692443,-4620.268188481499,-9457.353547460618,6035.801457050209,-362.5501928430578,-700.3702185211216,288.6141667185886,-15.668780273546366,-29.00204209569723,2.0810441869079908,20.100707658327018,-117.36857232559883,2.4678140810577047,244175.82943815493,0.6924427831072252,10075.85,94247.72522435141,-77168.75879410208,-147425.2531882562,163.51329665617706
10,Shahab_3,33.0,18.393,5.385,18.393,5.385,1.04842,1.038,72.075,170.365,19.165,16.319,47803.472,247.035,0.67413,-4990.686542415999,-10172.262454536318,6325.397842815676,-378.31494875845823,-729.489341526221,290.5175172909338,-15.821142542705095,-29.24810711971691,1.7502095763552148,19.470240942469495,-117.4113645751826,2.561253904815435,256060.5785616742,0.6741298422961809,9897.91,98835.03663978164,-77168.75879410208,-147425.2531882562,163.51329665617706
10,Shahab_3,34.0,18.393,5.385,18.393,5.385,1.04842,1.038,72.075,170.365,19.165,16.319,46177.651,245.141,0.656233,-5376.933073209476,-10916.413902517526,6616.74960142632,-394.20816971857107,-758.8526321415383,292.13043400328786,-15.972773178485605,-29.48731470555599,1.4441484527417443,18.86112777808717,-117.45093891739272,2.655474268889562,267939.1654158593,0.656233055482203,9719.96,103419.96952385479,-77168.75879410208,-147425.2531882562,163.51329665617706
10,Shahab_3,35.0,18.393,5.385,18.393,5.385,1.04842,1.038,72.075,170.365,19.165,16.319,44599.368,243.238,0.638763,-5779.141698188874,-11690.05111690127,6909.565560422012,-410.23328522564356,-788.460794650702,293.456139916128,-16.107492074815948,-29.727408866020454,1.1705943908682097,18.271773482932335,-117.487796228744,2.750486434438666,279803.3822378747,0.6387634277092828,9542.02,107999.3558194449,-77168.75879410208,-147425.2531882562,163.51329665617706
10,Shahab_3,36.0,18.393,5.385,18.393,5.385,1.04842,1.038,72.075,170.365,19.165,16.319,43068.979,241.327,0.621729,-6197.44573559697,-12493.418249750848,7203.564101330443,-426.39420226833226,-818.3141067596572,294.5006605223893,-16.233929881557614,-29.972958541814844,0.9093382924590695,17.700935963035498,-117.52240768622345,2.846303995549078,291647.2454170577,0.621729409964167,9364.08,112570.88595440931,-77168.75879410208,-147425.2531882562,163.51329665617706
10,Shahab_3,37.0,18.393,5.385,18.393,5.385,1.04842,1.038,72.075,170.365,19.165,16.319,41586.615,239.41,0.605137,-6631.979347981696,-13326.761379691474,7498.471460211701,-442.6918508854419,-848.4142317450911,295.27363701207514,-16.362765339803467,-30.22307763117538,0.6495007239254136,17.147717385166192,-117.55498514191832,2.9429431431926183,303467.01986764953,0.605137203306637,9186.13,117133.118249049,-77168.75879410208,-147425.2531882562,163.51329665617706
10,Shahab_3,38.0,18.393,5.385,18.393,5.385,1.04842,1.038,72.075,170.365,19.165,16.319,40152.208,237.489,0.588991,-7082.878452749392,-14190.329136207542,7794.021311563717,-459.12678310509926,-878.7642904638633,295.7839463865903,-16.49463189625399,-30.477207746589933,0.3939123538985165,16.611261184145498,-117.58565616762112,3.040421999758736,315261.0167490566,0.5889909702141343,9008.19,121685.40083956333,-77168.75879410208,-147425.2531882562,163.51329665617706
10,Shahab_3,39.0,18.393,5.385,18.393,5.385,1.04842,1.038,72.075,170.365,19.165,16.319,38765.508,235.565,0.573293,-7550.280548858889,-15084.373721668348,8089.955207974479,-475.7014637056518,-909.3676392125483,296.0394064334663,-16.63772378729463,-30.73475073028795,0.133064589066809,16.09073382153292,-117.61462258443444,3.138760442616287,327029.45858833025,0.5732929902445839,8830.25,126227.81961761668,-77168.75879410208,-147425.2531882562,163.51329665617706
10,Shahab_3,40.0,18.393,5.385,18.393,5.385,1.04842,1.038,72.075,170.365,19.165,16.319,37426.11,233.641,0.558044,-8034.325469422227,-16009.151071644506,8386.021783001843,-492.41540306032067,-940.2295687199228,296.04974377010325,-16.79000160045932,-30.993753306666363,-0.1220952952886047,15.585483044596852,-117.64187244829868,3.237980484514489,338774.4915128615,0.5580438749997804,8652.3,130761.20295195097,-77168.75879410208,-147425.2531882562,163.51329665617706
10,Shahab_3,41.0,18.393,5.385,18.393,5.385,1.04842,1.038,72.075,170.365,19.165,16.319,36133.47,231.717,0.543243,-8535.155933975304,-16964.92201329548,8681.976533737045,-509.27129692872296,-971.355646476511,295.82076740438464,-16.94141901825904,-31.256977790610254,-0.36045939816002254,15.094711629440726,-117.66753830724323,3.338105475519118,350499.9361625474,0.5432427391859466,8474.36,135287.02554471025,-77168.75879410208,-147425.2531882562,163.51329665617706
10,Shahab_3,42.0,18.393,5.385,18.393,5.385,1.04842,1.038,72.075,170.365,19.165,16.319,34886.923,229.796,0.528887,-9052.917539497139,-17951.952946430418,8977.581806375612,-526.2739363701527,-1002.7515750161265,295.3562936558125,-17.08359199627904,-31.528873342788312,-0.578454132213841,14.61759930487752,-117.69182884073926,3.4391602653528386,362211.23139498726,0.5288873519702751,8296.42,139807.38670260203,-77168.75879410208,-147425.2531882562,163.51329665617706
10,Shahab_3,43.0,18.393,5.385,18.393,5.385,1.04842,1.038,72.075,170.365,19.165,16.319,33685.7,227.878,0.514974,-9587.75851760542,-18970.51634209663,9272.60705994944,-543.4288139354347,-1034.4229023381235,294.66110879186783,-17.22348429141106,-31.810896930634943,-0.7909027307712765,14.15345514749002,-117.71496285568469,3.541170997609205,373915.2930171742,0.5149742670644074,8118.47,144324.95580972833,-77168.75879410208,-147425.2531882562,163.51329665617706
10,Shahab_3,44.0,18.393,5.385,18.393,5.385,1.04842,1.038,72.075,170.365,19.165,16.319,32528.947,225.966,0.501499,-10139.830498327441,-20020.891389209653,9566.82762596628,-560.73886340103,-1066.3762097826555,293.74313651866,-17.373291596689224,-32.1000658359605,-1.0089549259015882,13.701803540477123,-117.73700376022563,3.6441651484010325,385620.4766688882,0.5014990144601721,7940.53,148842.9580012054,-77168.75879410208,-147425.2531882562,163.51329665617706
10,Shahab_3,45.0,18.393,5.385,18.393,5.385,1.04842,1.038,72.075,170.365,19.165,16.319,31415.736,224.06,0.488456,-10709.289264260524,-21103.364285003598,9860.024188476347,-578.2068253554239,-1098.6190417169385,292.6094138801575,-17.534652253321067,-32.39522379222297,-1.2310017780460953,13.262169270166952,-117.75798015935183,3.7481713921047444,397336.4890169703,0.4884562423979883,7762.59,153365.13988566105,-77168.75879410208,-147425.2531882562,163.51329665617706
10,Shahab_3,46.0,18.393,5.385,18.393,5.385,1.04842,1.038,72.075,170.365,19.165,16.319,30345.083,222.162,0.47584,-11296.294700320139,-22218.228694057645,10151.982855644887,-595.8361960298713,-1131.1593965027298,291.26559607279876,-17.705181625254113,-32.69656392777721,-1.4523308520583667,12.83405749418906,-117.77793898365279,3.8532193600847444,409074.26126122737,0.4758398225421193,7584.64,157895.72072066113,-77168.75879410208,-147425.2531882562,163.51329665617706
10,Shahab_3,47.0,18.393,5.385,18.393,5.385,1.04842,1.038,72.075,170.365,19.165,16.319,29315.954,220.274,0.463643,-11901.010918430835,-23365.786196298675,10442.494908277338,-613.6309106078266,-1164.0055672687893,289.7169890119737,-17.882731166871718,-33.004597043933515,-1.6686517993946102,12.417002758734366,-117.79693385965858,3.9593396202455375,420845.88558271894,0.4636429617707,7406.7,162439.36788282724,-77168.75879410208,-147425.2531882562,163.51329665617706
10,Shahab_3,48.0,18.393,5.385,18.393,5.385,1.04842,1.038,72.075,170.365,19.165,16.319,28327.279,218.396,0.451858,-12523.606466292009,-24546.346621750665,10731.35655206841,-631.5955368937398,-1197.1661379939303,287.9677110313288,-18.06357681050413,-33.320563467546506,-1.875582868295349,12.010531315486958,-117.81503141911051,4.066563446164322,432664.51333826774,0.45185830487756906,7228.76,167001.15757264575,-77168.75879410208,-147425.2531882562,163.51329665617706
10,Shahab_3,49.0,18.393,5.385,18.393,5.385,1.04842,1.038,72.075,170.365,19.165,16.319,27377.96,216.65,0.440235,-13164.254465508495,-25760.228428204264,11018.36871459239,-649.7356583157169,-1230.650276463675,286.0215037944976,-18.252140559482864,-33.65774960018554,-2.0710529871712633,11.614191391970907,-117.83231772468916,4.174924673905162,444299.7125090141,0.4402352778844417,7050.82,171492.14694247136,-77168.75879410208,-147425.2531882562,163.51329665617706
10,Shahab_3,50.0,18.393,5.385,18.393,5.385,1.04842,1.038,72.075,170.365,19.165,16.319,26466.854,216.65,0.425585,-13823.152856001912,-27007.796289526446,11303.34507353956,-668.112581617467,-1264.5711729721363,283.90590597425364,-18.53872004886443,-34.18250738841578,-2.218630994031886,11.227588409423324,-117.8488975368873,4.284810850348791,452421.5487953708,0.4255847617349269,6872.87,174627.03787903555,-77168.75879410208,-147425.2531882562,163.51329665617706
10,Shahab_3,51.0,18.393,5.385,18.393,5.385,1.04842,1.038,72.075,170.365,19.165,16.319,25592.724,216.65,0.411529,-14500.573429472615,-28289.551562049266,11586.131297387235,-686.7808817495365,-1299.028943328857,281.642914408844,-18.8355681725658,-34.72977122360022,-2.3626608233871647,10.850383119939782,-117.86486639081527,4.396563903654977,460596.8300617353,0.41152882693871284,6694.93,177782.55767064236,-77168.75879410208,-147425.2531882562,163.51329665617706
10,Shahab_3,52.0,18.393,5.385,18.393,5.385,1.04842,1.038,72.075,170.365,19.165,16.319,24754.328,216.65,0.398047,-15196.813057179472,-29606.042030706576,11866.58235452827,-705.7529587240498,-1334.0453269802358,279.2354543820177,-19.143277030415,-35.30072042407088,-2.506051869384603,10.482267221966907,-117.88028266057599,4.510258324336497,468847.53436904534,0.39804749983256066,6516.99,180967.18947573134,-77168.75879410208,-147425.2531882562,163.51329665617706
10,Shahab_3,53.0,18.393,5.385,18.393,5.385,1.04842,1.038,72.075,170.365,19.165,16.319,23950.443,216.65,0.385121,-15912.180862873054,-30957.83794774468,12144.556287052945,-725.0407451869944,-1369.6435284865165,276.6866716484125,-19.458913805598243,-35.89699209417283,-2.6425897307719195,10.122965256669,-117.89515849891922,4.625971836603515,477196.4205416156,0.3851210934584169,6339.04,184189.71781415184,-77168.75879410208,-147425.2531882562,163.51329665617706
10,Shahab_3,54.0,18.393,5.385,18.393,5.385,1.04842,1.038,72.075,170.365,19.165,16.319,23179.864,216.65,0.37273,-16646.99860844844,-32345.533011382846,12419.914204286011,-744.6562524939372,-1405.847786478208,273.9998374124213,-19.77838773206085,-36.519831666239206,-2.7614027421568097,9.7722290129188,-117.90949025987791,4.743784957504313,485666.9300653598,0.3727302519024153,6161.1,187459.1907015422,-77168.75879410208,-147425.2531882562,163.51329665617706
10,Shahab_3,55.0,18.393,5.385,18.393,5.385,1.04842,1.038,72.075,170.365,19.165,16.319,22441.412,216.65,0.360856,-17401.601027085384,-33769.74537475745,12692.520005080134,-764.6112148065881,-1442.6832886112304,271.181145272405,-20.105097851763478,-37.167972933306096,-2.858520155596901,9.429931788693466,-117.92325088291393,4.8637816229374105,494283.3350636664,0.3608560000508496,5983.16,190784.9767655056,-77168.75879410208,-147425.2531882562,163.51329665617706
10,Shahab_3,56.0,18.393,5.385,18.393,5.385,1.04842,1.038,72.075,170.365,19.165,16.319,21733.93,216.65,0.34948,-18176.33612380724,-35231.11861745446,12962.241016644935,-784.9189808349398,-1480.1756298522382,268.23627696896915,-20.472702755851266,-37.832408019926746,-2.9732694269977586,9.095937630980602,-117.93645878154688,4.986048516426837,503070.57494167314,0.3494797473971605,5805.21,194176.7021930734,-77168.75879410208,-147425.2531882562,163.51329665617706
10,Shahab_3,57.0,18.393,5.385,18.393,5.385,1.04842,1.038,72.075,170.365,19.165,16.319,21056.29,216.65,0.338583,-18971.566601872237,-36730.322522342336,13228.947000299426,-805.60080507321,-1518.3497161072185,265.15921010509555,-20.88947142021361,-38.51743557299704,-3.1525009119891005,8.769728166908969,-117.94937465123517,5.110675860434315,512054.49643415,0.33858335752944607,5627.27,197644.34338511265,-77168.75879410208,-147425.2531882562,163.51329665617706
10,Shahab_3,58.0,18.393,5.385,18.393,5.385,1.04842,1.038,72.075,170.365,19.165,16.319,20407.4,216.65,0.328149,-19787.67122866372,-38268.0540900981,13492.507771898087,-826.6738430453681,-1557.2340764638548,261.94334508155123,-21.284240174549574,-39.24836486524256,-3.313946748714528,8.450811699835427,-117.96206068825224,5.237757930306898,521262.1329839909,0.3281492591681352,5449.33,201198.33479168185,-77168.75879410208,-147425.2531882562,163.51329665617706
10,Shahab_3,59.0,18.393,5.385,18.393,5.385,1.04842,1.038,72.075,170.365,19.165,16.319,19786.197,216.65,0.31816,-20625.043367714297,-39845.03954656661,13752.795051658344,-848.1397382861331,-1596.8625960707093,258.6083525769672,-21.641543932946753,-40.01789658368317,-3.349564347215933,8.139572814691,-117.97405901117435,5.367393093308974,530721.645415179,0.31816037664522095,5271.38,204849.54601280214,-77168.75879410208,-147425.2531882562,163.51329665617706
10,Shahab_3,60.0,18.393,5.385,18.393,5.385,1.04842,1.038,72.075,170.365,19.165,16.319,19191.64,216.65,0.3086,-21484.090215925044,-41462.035574204645,14009.687563416803,-870.0256870953821,-1637.2604373310287,255.15505670967318,-22.13411612917912,-40.783406291025095,-3.5632772127955854,7.835772211697119,-117.98578071731055,5.499683481675427,540461.9805286318,0.30859995225857134,5093.44,208609.15002224944,-77168.75879410208,-147425.2531882562,163.51329665617706
10,Shahab_3,61.0,18.393,5.385,18.393,5.385,1.04842,1.038,72.075,170.365,19.165,16.319,18622.738,216.65,0.299452,-22365.240862786963,-43119.82862129237,14263.057674887163,-892.3463309374624,-1678.4633586743166,251.56989252355487,-22.521373047561113,-41.62081961134034,-3.5963662643031955,7.538754674700888,-117.99711336311283,5.634735883074062,550513.9512673938,0.29945205553529464,4915.5,212489.0400929823,-77168.75879410208,-147425.2531882562,163.51329665617706
10,Shahab_3,62.0,18.393,5.385,18.393,5.385,1.04842,1.038,72.075,170.365,19.165,16.319,18078.516,216.65,0.290701,-23268.937153743685,-44819.23961100707,14512.786734321171,-915.1249456493148,-1720.500909412951,247.86247634783268,-22.997702912659086,-42.476292858902255,-3.7770568347120563,7.248604834036777,-118.0082652647708,5.772662450725444,560909.4713825403,0.290701012307575,4737.55,216501.53439117287,-77168.75879410208,-147425.2531882562,163.51329665617706
10,Shahab_3,63.0,18.393,5.385,18.393,5.385,1.04842,1.038,72.075,170.365,19.165,16.319,17558.046,216.65,0.282332,-24195.64231177096,-46561.122867339356,14758.751915479696,-938.3707450583059,-1763.4121147086178,244.04235668826198,-23.51224940066881,-43.35454829474867,-3.935459734852061,6.965394011163273,-118.01894091937882,5.913579980775162,571682.3431990185,0.2823318841540318,4559.61,220659.68004044876,-77168.75879410208,-147425.2531882562,163.51329665617706
10,Shahab_3,64.0,18.393,5.385,18.393,5.385,1.04842,1.038,72.075,170.365,19.165,16.319,17060.426,216.65,0.27433,-25145.838644984917,-48346.36882050884,15000.833408464227,-962.1080930148901,-1807.2329481777456,240.1016430157873,-24.0258641003908,-44.27641976853274,-4.05904607222124,6.68869308739787,-118.02928765553283,6.057611741640812,582868.2457146879,0.2743302031960697,4381.67,224977.24852832485,-77168.75879410208,-147425.2531882562,163.51329665617706
10,Shahab_3,65.0,18.393,5.385,18.393,5.385,1.04842,1.038,72.075,170.365,19.165,16.319,16584.791,216.65,0.266682,-26120.02832070142,-50175.90558449814,15238.912430399945,-986.3608614849971,-1852.0005868534415,236.0373420816711,-24.540804439304733,-45.24956603876288,-4.181750167582756,6.418244864979857,-118.03941174931995,6.204885591207214,594504.6089935311,0.2666820390254689,4203.72,229468.68722411487,-77168.75879410208,-147425.2531882562,163.51329665617706
10,Shahab_3,66.0,18.393,5.385,18.393,5.385,1.04842,1.038,72.075,170.365,19.165,16.319,16130.311,216.65,0.259374,-27118.73540829908,-52050.70110502508,15472.870067604861,-1011.1462205253808,-1897.7580378563255,231.85442273695935,-25.011868555789704,-46.283728369130046,-4.176852798818135,6.154022919168321,-118.04917869873778,6.355537965666555,606631.5907729855,0.2593740273554196,4025.78,234149.49633278308,-77168.75879410208,-147425.2531882562,163.51329665617706
10,Shahab_3,67.0,18.393,5.385,18.393,5.385,1.04842,1.038,72.075,170.365,19.165,16.319,15696.182,216.65,0.252393,-28142.505223989778,-53971.76500740528,15702.589925581882,-1036.4916302118438,-1944.5442586234358,227.56064092302006,-25.678916819668608,-47.30430451629548,-4.457243744766786,5.896074844068409,-118.05875247919147,6.509709633400222,619291.21728964,0.25239327789271837,3847.84,239035.8972682482,-77168.75879410208,-147425.2531882562,163.51329665617706
10,Shahab_3,68.0,18.393,5.385,18.393,5.385,1.04842,1.038,72.075,170.365,19.165,16.319,15281.643,216.65,0.245728,-29191.908998758052,-55940.15040768265,15927.952699140515,-1062.4175138894836,-1992.408508766287,223.1433312479684,-26.27980931793085,-48.39699567297367,-4.556314789541191,5.643918740995962,-118.06800100520944,6.6675520309168,632529.1512367981,0.24572753051317595,3669.89,244145.515054991,-77168.75879410208,-147425.2531882562,163.51329665617706
10,Shahab_3,69.0,18.393,5.385,18.393,5.385,1.04842,1.038,72.075,170.365,19.165,16.319,14885.961,216.65,0.239365,-30267.54132214562,-57956.95661577069,16148.84119547107,-1088.949733915319,-2041.3955761641266,218.61582784168473,-26.79450318066729,-49.58896646828072,-4.5456817030966015,5.3977623334334845,-118.0769756167087,6.829220434039401,646393.2185276197,0.23936498821907937,3491.95,249496.8096836357,-77168.75879410208,-147425.2531882562,163.51329665617706
10,Shahab_3,70.0,18.393,5.385,18.393,5.385,1.04842,1.038,72.075,170.365,19.165,16.319,14508.432,216.65,0.233294,-31370.022875472074,-60023.332050295074,16365.138573228442,-1116.1209393074369,-2091.5542819105763,213.9597544003243,24.44304885164956,45.34840167883285,-14.562436466705678,5.157022163767274,-118.08582178654922,6.9948808847007475,660935.0619409956,0.23329436136726078,3314.01,255109.71439018665,-77168.75879410208,-147425.2531882562,163.51329665617706
10,Shahab_3,71.0,18.393,5.385,18.393,5.385,1.04842,1.038,72.075,170.365,19.165,16.319,14158.301,216.65,0.227664,-32468.248008539304,-62081.782993799905,16570.83032647135,-1080.8474609297748,-2026.3044457166677,197.56932366037907,33.72818617776352,62.46261107053085,-15.994576224649279,4.916978433940134,-118.07582762866434,6.77353055019613,604810.0159240378,0.22766427378755089,3314.01,233446.3993627257,-77168.75879410208,-147425.2531882562,163.51329665617706
10,Shahab_3,72.0,18.393,5.385,18.393,5.385,1.04842,1.038,72.075,170.365,19.165,16.319,13842.844,216.65,0.222592,-33532.67850166573,-64077.71913886337,16760.55516965752,-1048.4591100901373,-1966.3945749483134,182.0088473393933,31.054203238579063,57.49823761010904,-15.239584166378025,4.669280693062722,-118.06602899451694,6.570282175482622,556379.3826716295,0.22259175946657245,3314.01,214752.99704802036,-77168.75879410208,-147425.2531882562,163.51329665617706
10,Shahab_3,73.0,18.393,5.385,18.393,5.385,1.04842,1.038,72.075,170.365,19.165,16.319,13558.861,216.65,0.218025,-34566.00093280848,-66016.1115220435,16935.08612945379,-1018.5722576457777,-1911.1090790320907,167.16767503388246,28.78775532905573,53.161498993752645,-14.47026946136875,4.414038565606686,-118.05647445419638,6.382731022256422,514296.954974422,0.2180253359947076,3314.01,198509.89431542737,-77168.75879410208,-147425.2531882562,163.51329665617706
10,Shahab_3,74.0,18.393,5.385,18.393,5.385,1.04842,1.038,72.075,170.365,19.165,16.319,13303.624,216.65,0.213921,-35570.5497435131,-67901.28037788809,17095.097844519758,-990.8658602798273,-1859.8563634329328,152.95406768569,26.72412875095886,49.404140579272585,-13.880623365812951,4.15133904981439,-118.04711669568286,6.208884187173014,477501.5154548382,0.2139211543596546,3314.01,184307.47927160206,-77168.75879410208,-147425.2531882562,163.51329665617706
10,Shahab_3,75.0,18.393,5.385,18.393,5.385,1.04842,1.038,72.075,170.365,19.165,16.319,13074.801,216.65,0.210242,-36548.36662143905,-69737.00384375648,17241.18281849638,-965.0670288369761,-1812.1430521856196,139.30203452793495,24.894073767758282,46.10019535004694,-13.447667748778104,3.8815485539573618,-118.0377854630224,6.047075192645765,445147.01861027686,0.2102416850560603,3314.01,171819.19271435007,-77168.75879410208,-147425.2531882562,163.51329665617706
10,Shahab_3,76.0,18.393,5.385,18.393,5.385,1.04842,1.038,72.075,170.365,19.165,16.319,12870.383,216.65,0.206955,-37501.24718758102,-71526.60485898578,17373.864828198577,-940.9575641022818,-1767.5478772277095,126.14061289493014,23.369814530270858,43.14246814242939,-12.874598059337924,3.6045588060482654,-118.02869222408489,5.895898807988551,416551.9568246428,0.20695467165697604,3314.01,160781.9842726014,-77168.75879410208,-147425.2531882562,163.51329665617706
10,Shahab_3,77.0,18.393,5.385,18.393,5.385,1.04842,1.038,72.075,170.365,19.165,16.319,12688.641,216.65,0.204032,-38430.77836332902,-73273.02119890084,17493.610931614305,-918.3390509419557,-1725.7189959146306,113.42163287615118,21.906466761972318,40.560508208065315,-12.557170969246384,3.3206083915000297,-118.01961569059803,5.754161751918069,391162.2128919023,0.20403226932488047,3314.01,150981.97411108928,-77168.75879410208,-147425.2531882562,163.51329665617706
10,Shahab_3,78.0,18.393,5.385,18.393,5.385,1.04842,1.038,72.075,170.365,19.165,16.319,12528.077,216.65,0.20145,-39338.369993842476,-74978.86192540592,17600.838463868953,-897.0534575788591,-1686.3496651878327,101.09589208518045,20.680426986386205,38.22503601405829,-12.110051274138117,3.029668532856295,-118.01073799913414,5.620843318879303,368523.3764001967,0.20145042130278748,3314.01,142243.76752455364,-77168.75879410208,-147425.2531882562,163.51329665617706
10,Shahab_3,79.0,18.393,5.385,18.393,5.385,1.04842,1.038,72.075,170.365,19.165,16.319,12387.396,216.65,0.199188,-40225.27912471529,-76646.45433643197,17695.9241263631,-876.9523624629214,-1649.1817886895149,89.13245278148834,19.5680247835785,36.13659191181772,-11.783319670097919,2.732047613264617,-118.0018106056329,5.4950653885591905,348259.84017057286,0.19918827220837373,3314.01,134422.3865179336,-77168.75879410208,-147425.2531882562,163.51329665617706
10,Shahab_3,80.0,18.393,5.385,18.393,5.385,1.04842,1.038,72.075,170.365,19.165,16.319,12265.472,216.65,0.197228,-41092.63126953287,-78277.88230815195,17779.208752302715,-857.9186395098384,-1613.9865387557068,77.49071846294864,18.52093322288589,34.28381653331441,-11.524245894423554,2.4275914213500713,-117.99299144254185,5.376067625944839,330058.8501850146,0.19722775608857818,3314.01,127397.11334934364,-77168.75879410208,-147425.2531882562,163.51329665617706
10,Shahab_3,81.0,18.393,5.385,18.393,5.385,1.04842,1.038,72.075,170.365,19.165,16.319,12161.334,216.65,0.195553,-41941.43784731414,-79875.01827826902,17851.002584165686,-839.8454946847478,-1580.5667527961084,66.14436841346203,17.599611460847363,32.60383554466039,-11.237920668018141,2.116427534759966,-117.98426353095307,5.263188463693569,313658.2615317295,0.19555322633999977,3314.01,121066.7645327998,-77168.75879410208,-147425.2531882562,163.51329665617706
10,Shahab_3,82.0,18.393,5.385,18.393,5.385,1.04842,1.038,72.075,170.365,19.165,16.319,12074.14,216.65,0.194151,-42772.61043654472,-81439.5502548907,17911.589764949193,-822.6369497725569,-1548.7512496008894,55.07224500983818,16.77704452625969,31.078975137603415,-10.979580888828174,1.7987242287576302,-117.97551714351032,5.155849347535827,298836.95652306685,0.19415114869470104,3314.01,115345.99239439068,-77168.75879410208,-147425.2531882562,163.51329665617706
10,Shahab_3,83.0,18.393,5.385,18.393,5.385,1.04842,1.038,72.075,170.365,19.165,16.319,12003.164,216.65,0.19301,-43586.97314372873,-82973.00444256555,17961.23158277148,-806.2126823750217,-1518.3875616995776,44.25072848365709,16.03289439063082,29.69589271692472,-10.734148447622616,1.4744606377623737,-117.96679754892448,5.053541783812706,285407.3265660996,0.1930098588767128,3314.01,110162.38320194377,-77168.75879410208,-147425.2531882562,163.51329665617706
10,Shahab_3,84.0,18.393,5.385,18.393,5.385,1.04842,1.038,72.075,170.365,19.165,16.319,11947.784,216.65,0.192119,-44385.27298579531,-84476.76447871044,18000.16964537193,-790.499924178599,-1489.3419261581662,33.6618598540534,15.35405927806913,28.44013862624975,-10.510127474565998,1.1437006521892197,-117.95807884494427,4.95581702572465,273209.338227359,0.19211935064960678,3314.01,105454.16676674315,-77168.75879410208,-147425.2531882562,163.51329665617706
10,Shahab_3,85.0,18.393,5.385,18.393,5.385,1.04842,1.038,72.075,170.365,19.165,16.319,11907.47,216.65,0.191471,-45168.18881717813,-85952.08782183513,18028.628341390024,-775.4344673470158,-1461.4955780622515,23.289696852906943,14.737513103653416,27.295350887781286,-10.300964219235924,0.8064902637431757,-117.94934823844278,4.862277387316881,262105.78490629664,0.1914711039897588,3314.01,101168.38367008952,-77168.75879410208,-147425.2531882562,163.51329665617706
10,Shahab_3,86.0,18.393,5.385,18.393,5.385,1.04842,1.038,72.075,170.365,19.165,16.319,11881.775,216.65,0.191058,-45936.338901582574,-87400.11984324729,18046.817114092944,-760.9589182244174,-1434.7429190349835,13.120645650160748,14.1831724281952,26.24599394590713,-10.097499368979973,0.46287997422990673,-117.94058380388029,4.772569063238309,251978.467423604,0.19105793706135557,3314.01,97259.4110352271,-77168.75879410208,-147425.2531882562,163.51329665617706
10,Shahab_3,87.0,18.393,5.385,18.393,5.385,1.04842,1.038,72.075,170.365,19.165,16.319,11870.329,216.65,0.190874,-46690.28744596133,-88821.9059670972,18054.932400093236,-747.0225333499707,-1408.9893251295075,3.142368149584563,13.68596206557937,25.281130908853584,-9.895211030994425,0.11289660613417102,-117.9317858279149,4.686376124856206,242725.1021949122,0.19087388209074413,3314.01,93687.76913487594,-77168.75879410208,-147425.2531882562,163.51329665617706
10,Shahab_3,88.0,18.393,5.385,18.393,5.385,1.04842,1.038,72.075,170.365,19.165,16.319,11872.829,216.65,0.190914,-47430.55028296326,-90218.40216532521,18053.159282853692,-733.5802331676069,-1384.149731293643,-6.657041212623127,13.22481116919013,24.400223291946045,-9.702095874896058,-0.24347986974723332,-117.92297167732855,4.603415492876423,234256.80435587722,0.19091408130792048,3314.01,90419.1499202395,-77168.75879410208,-147425.2531882562,163.51329665617706
10,Shahab_3,89.0,18.393,5.385,18.393,5.385,1.04842,1.038,72.075,170.365,19.165,16.319,11889.037,216.65,0.191175,-48157.59985163493,-91590.48406184358,18041.672925770545,-720.590855626334,-1360.1479389781462,-16.28687383638709,12.792261650368891,23.597078588304882,-9.523308747659335,-0.6062313382976025,-117.91413222954822,4.523432726102997,226496.0277491514,0.19117469932996617,3314.01,87423.62189094484,-77168.75879410208,-147425.2531882562,163.51329665617706
10,Shahab_3,90.0,18.393,5.385,18.393,5.385,1.04842,1.038,72.075,170.365,19.165,16.319,11918.772,216.65,0.191653,-48871.86945109122,-92938.95492881944,18020.639932072478,-708.0158462680329,-1336.9159873806805,-25.753753249141596,12.37498063150998,22.870491143803147,-9.382566765735433,-0.9752890437493336,-117.9051970251085,4.446198428371827,219374.86120540643,0.1916528469060024,3314.01,84674.9724884383,-77168.75879410208,-147425.2531882562,163.51329665617706
10,Shahab_3,91.0,18.393,5.385,18.393,5.385,1.04842,1.038,72.075,170.365,19.165,16.319,11961.911,216.65,0.192347,-49573.757126343815,-94264.55260395395,17990.21930022438,-695.8206802244191,-1314.392236496154,-35.06294135380263,11.996474613698128,22.200005560916857,-9.260170303983044,-1.3505735940556838,-117.89611224988386,4.371505137649561,212833.61758450838,0.1923465221274199,3314.01,82150.16348983065,-77168.75879410208,-147425.2531882562,163.51329665617706
10,Shahab_3,92.0,18.393,5.385,18.393,5.385,1.04842,1.038,72.075,170.365,19.165,16.319,12018.382,216.65,0.193255,-50263.628909193794,-95567.95566959627,17950.563443665676,-683.9778317326303,-1292.5186156605198,-44.22298375821345,11.694226748172328,21.555851489945393,-9.074428958816755,-1.7321711832268136,-117.88699598212668,4.299164601045084,206819.647265874,0.1932545573311357,3314.01,79828.87303531572,-77168.75879410208,-147425.2531882562,163.51329665617706
10,Shahab_3,93.0,18.393,5.385,18.393,5.385,1.04842,1.038,72.075,170.365,19.165,16.319,12088.159,216.65,0.194377,-50941.82147591523,-96849.78903753038,17901.819547629853,-672.4594408070498,-1271.2437556410255,-53.24131804548392,11.360455685441538,20.993515642865596,-8.942533349856756,-2.1201682433914733,-117.87783646302033,4.229005726118079,201286.36196245867,0.19437656435771689,3314.01,77693.11883694075,-77168.75879410208,-147425.2531882562,163.51329665617706
10,Shahab_3,94.0,18.393,5.385,18.393,5.385,1.04842,1.038,72.075,170.365,19.165,16.319,12171.265,216.65,0.195713,-51608.64536641512,-98110.6283939222,17844.12969171859,-661.236204810034,-1250.5232611520519,-62.1161038411366,11.06899429500132,20.46689981720841,-8.827984720238213,-2.514316018669519,-117.86843603660975,4.160872668601177,196192.42525482844,0.1957129133914996,3314.01,75726.94573849911,-77168.75879410208,-147425.2531882562,163.51329665617706
10,Shahab_3,95.0,18.393,5.385,18.393,5.385,1.04842,1.038,72.075,170.365,19.165,16.319,12267.77,216.65,0.197265,-52264.38679620746,-99351.00473350973,17777.63182746956,-650.2897751455936,-1230.3115633551824,-70.85606690256888,10.833605555348406,19.959653227966296,-8.655016001947743,-2.9148162034683622,-117.85900402184413,4.0946227682415675,191501.0088767157,0.19726469699973911,3314.01,73916.13865437951,-77168.75879410208,-147425.2531882562,163.51329665617706
10,Shahab_3,96.0,18.393,5.385,18.393,5.385,1.04842,1.038,72.075,170.365,19.165,16.319,12377.783,216.65,0.199034,-52909.30966604801,-100571.40821481906,17702.46082996358,-639.5971259980441,-1210.5704266278042,-79.4644679915867,10.562439633376206,19.523730998451796,-8.547390149974238,-3.321684595070964,-117.84944630080571,4.030125560710582,187179.23370201455,0.19903369626749556,3314.01,72248.0068000355,-77168.75879410208,-147425.2531882562,163.51329665617706
10,Shahab_3,97.0,18.393,5.385,18.393,5.385,1.04842,1.038,72.075,170.365,19.165,16.319,12501.458,216.65,0.201022,-53543.6579498192,-101772.29122106625,17618.748298883438,-629.1366661594818,-1191.2653614421033,-87.93901455693265,10.347445065399873,19.100828793070043,-8.421196647186154,-3.734728676014438,-117.83964099322522,3.967261319396949,183197.6627088656,0.2010223798094376,3314.01,70711.1879847293,-77168.75879410208,-147425.2531882562,163.51329665617706
10,Shahab_3,98.0,18.393,5.385,18.393,5.385,1.04842,1.038,72.075,170.365,19.165,16.319,12638.989,216.65,0.203234,-54167.656700848056,-102954.07179132594,17526.62369318991,-618.8954583855265,-1172.3601318002973,-96.28870029907286,10.146322133354746,18.709134302808287,-8.268018402341601,-4.154256223451788,-117.82982341382386,3.9059197167656445,179529.83217804824,0.20323387485384534,3314.01,69295.46766206929,-77168.75879410208,-147425.2531882562,163.51329665617706
10,Shahab_3,99.0,18.393,5.385,18.393,5.385,1.04842,1.038,72.075,170.365,19.165,16.319,12790.612,216.65,0.205672,-54781.513895324424,-104117.13617714471,17426.214787211615,-608.8510370021547,-1153.8280363324093,-104.50823072476419,9.943783072883335,18.360565935675787,-8.1714864036592,-4.57999040558453,-117.81967792240492,3.845999418540332,176151.93213801231,0.20567195684063563,3314.01,67991.65558721664,-77168.75879410208,-147425.2531882562,163.51329665617706
10,Shahab_3,100.0,18.393,5.385,18.393,5.385,1.04842,1.038,72.075,170.365,19.165,16.319,12956.602,216.65,0.208341,-55385.4217856068,-105261.84127250465,17317.647598085907,-598.9940833733275,-1135.6372771926283,-112.6047884695108,9.78055612919253,18.020193741175973,-8.015608775883319,-5.01221485854755,-117.80949255088052,3.7874065329400732,173042.43136785072,0.20834105459520105,3314.01,66791.4410743984,-77168.75879410208,-147425.2531882562,163.51329665617706
10,Shahab_3,101.0,18.393,5.385,18.393,5.385,1.04842,1.038,72.075,170.365,19.165,16.319,13137.272,216.65,0.211246,-55979.557839218316,-106388.51707885785,17201.04761877649,-589.305793145575,-1117.7648236857297,-120.57502982952343,9.59213971310322,17.73229780948014,-7.926480588859899,-5.450773921332028,-117.79900754216895,3.730054558048421,170181.8457464916,0.2112462259978544,3314.01,65687.30358362818,-77168.75879410208,-147425.2531882562,163.51329665617706
10,Shahab_3,102.0,18.393,5.385,18.393,5.385,1.04842,1.038,72.075,170.365,19.165,16.319,13332.98,216.65,0.214393,-56564.086322645504,-107497.46838956662,17076.539221803323,-579.7759331123622,-1100.185066745303,-128.42045782132737,9.471030138254447,17.430354503366114,-7.767590240921126,-5.895743874540632,-117.78835027919048,3.6738631574438445,167552.46494959437,0.2143931805429942,3314.01,64672.40723034714,-77168.75879410208,-147425.2531882562,163.51329665617706
10,Shahab_3,103.0,18.393,5.385,18.393,5.385,1.04842,1.038,72.075,170.365,19.165,16.319,13544.117,216.65,0.217788,-57139.15862019047,-108588.97712891837,16944.2470420892,-570.392545807924,-1082.8754146634797,-136.1436080328199,9.305805723713297,17.186228483316814,-7.663671295745873,-6.347271519546821,-117.7775186309132,3.6187579117258384,165138.15120585987,0.2177882546505632,3314.01,63740.52310877606,-77168.75879410208,-147425.2531882562,163.51329665617706
10,Shahab_3,104.0,18.393,5.385,18.393,5.385,1.04842,1.038,72.075,170.365,19.165,16.319,13771.12,216.65,0.221438,-57704.91494906994,-109663.30351945078,16804.295373272784,-561.1416508937726,-1065.8173889990667,-143.7392073580614,9.18506293657284,16.941823266135707,-7.542569607928874,-6.805157657629801,-117.76633338578954,3.5646698133427788,162924.174563458,0.22143843835093618,3314.01,62885.965707552714,-77168.75879410208,-147425.2531882562,163.51329665617706
10,Shahab_3,105.0,18.393,5.385,18.393,5.385,1.04842,1.038,72.075,170.365,19.165,16.319,14014.462,216.65,0.225351,-58261.48453910687,-110720.68805812752,16656.809022131958,-552.0172125061857,-1048.988833764851,-151.21214107788887,9.073094961398365,16.71311095877136,-7.39677975365877,-7.2696966358387805,-117.75502576695028,3.511534478266057,160897.0096778269,0.22535136669449318,3314.01,62103.51447327195,-77168.75879410208,-147425.2531882562,163.51329665617706
10,Shahab_3,106.0,18.393,5.385,18.393,5.385,1.04842,1.038,72.075,170.365,19.165,16.319,14274.66,216.65,0.229535,-58808.986711219,-111761.35279635203,16501.913573537076,-543.0057772667097,-1032.3745284605434,-158.5582374334103,8.943502568384776,16.52315289651574,-7.299160524952166,-7.740770695990151,-117.74336054735187,3.459292274402154,159044.24258449214,0.22953532699576742,3314.01,61388.37782637644,-77168.75879410208,-147425.2531882562,163.51329665617706
10,Shahab_3,107.0,18.393,5.385,18.393,5.385,1.04842,1.038,72.075,170.365,19.165,16.319,14552.271,216.65,0.233999,-59347.53173168689,-112785.50252025823,16339.735174452313,-534.1007676513873,-1015.9566811788249,-165.77696166028738,8.867844142242221,16.316069706567742,-7.144890722922237,-8.218449410944272,-117.73145009853762,3.407887464281799,157354.40840797187,0.23399928047205262,3314.01,60736.13051954897,-77168.75879410208,-147425.2531882562,163.51329665617706
10,Shahab_3,108.0,18.393,5.385,18.393,5.385,1.04842,1.038,72.075,170.365,19.165,16.319,14847.892,216.65,0.238753,-59877.22097968006,-113793.32635923747,16170.401521705706,-525.2937905054216,-999.719717575365,-172.8691364839746,8.753107369960999,16.15559874185234,-7.0296875749010015,-8.702887875302048,-117.7192799038324,3.35726819485862,155816.89410697314,0.23875285217483527,3314.01,60142.676099009186,-77168.75879410208,-147425.2531882562,163.51329665617706
10,Shahab_3,109.0,18.393,5.385,18.393,5.385,1.04842,1.038,72.075,170.365,19.165,16.319,15162.167,216.65,0.243806,-60398.148226841,-114784.99846355306,15994.041363792969,-516.5752315678761,-983.6510837877148,-179.82983490615976,8.675971199627282,15.99040445952485,-6.900219807665201,-9.193966018443374,-117.70670582386458,3.307386215413808,154421.8535072331,0.24380636215368426,3314.01,59604.214108632645,-77168.75879410208,-147425.2531882562,163.51329665617706
10,Shahab_3,110.0,18.393,5.385,18.393,5.385,1.04842,1.038,72.075,170.365,19.165,16.319,15495.78,216.65,0.249171,-60910.3996499451,-115760.67945200838,15810.78516063852,-507.94042513571907,-967.7358268548783,-186.6601499614458,8.600265431012376,15.839797391405053,-6.763675775974996,-9.691882247725442,-117.6938618915418,3.2581963854383904,153160.0884656167,0.249170825436114,3314.01,59117.1942213097,-77168.75879410208,-147425.2531882562,163.51329665617706
10,Shahab_3,111.0,18.393,5.385,18.393,5.385,1.04842,1.038,72.075,170.365,19.165,16.319,15849.46,216.65,0.254858,-61414.054679951885,-116720.51722597257,15620.765124682775,-499.38201973857133,-951.9622801028042,-193.35760855936906,8.519484624998269,15.707566619385906,-6.628072720757785,-10.196667468238138,-117.68068261958373,3.209656756956564,152023.00166604534,0.2548579694413891,3314.01,58678.29801897538,-77168.75879410208,-147425.2531882562,163.51329665617706
10,Shahab_3,112.0,18.393,5.385,18.393,5.385,1.04842,1.038,72.075,170.365,19.165,16.319,16223.982,216.65,0.26088,-61909.18650732555,-117664.64791813483,15424.115393115942,-490.89292801400916,-936.3199371383797,-199.9191225462877,8.46282597171623,15.576637034980536,-6.492231441043349,-10.708329969909489,-117.66708116123462,3.1617282571260157,151002.5156656215,0.26088024807876026,3314.01,58284.40774578762,-77168.75879410208,-147425.2531882562,163.51329665617706
10,Shahab_3,113.0,18.393,5.385,18.393,5.385,1.04842,1.038,72.075,170.365,19.165,16.319,16620.166,216.65,0.267251,-62395.86232818347,-118593.19691567708,15220.972232822132,-482.469231921123,-920.7971237212528,-206.3442655464376,8.381440748090544,15.472809878482654,-6.357902455099616,-11.227033429435611,-117.6531490114836,3.114374423936571,150091.00094892876,0.2672508548203085,3314.01,57932.57853830839,-77168.75879410208,-147425.2531882562,163.51329665617706
10,Shahab_3,114.0,18.393,5.385,18.393,5.385,1.04842,1.038,72.075,170.365,19.165,16.319,17038.88,216.65,0.273984,-62874.14423042921,-119506.27948159972,15011.474134102446,-474.1037098165342,-905.3859116709057,-212.62834647785132,8.347435099595549,15.353799298975053,-6.214826851250659,-11.75272005413281,-117.63872212857498,3.0675614971767136,149281.24440051726,0.2739837389771989,3314.01,57620.02625641828,-77168.75879410208,-147425.2531882562,163.51329665617706
10,Shahab_3,115.0,18.393,5.385,18.393,5.385,1.04842,1.038,72.075,170.365,19.165,16.319,17481.038,216.65,0.281094,-63344.08908042343,-120404.001874702,14795.762031686723,-465.7948555095712,-890.0751521312604,-218.7716930514916,8.288422576268566,15.257629057008264,-6.063238461297667,-12.285620952316515,-117.62399874785424,3.0212579361266854,148566.36435980524,0.28109361754365625,3314.01,57344.094695950436,-77168.75879410208,-147425.2531882562,163.51329665617706
10,Shahab_3,116.0,18.393,5.385,18.393,5.385,1.04842,1.038,72.075,170.365,19.165,16.319,17947.606,216.65,0.288596,-63805.7494413242,-121286.46185600522,14573.979402734365,-457.53465686420844,-874.8593141814583,-224.76967355017956,8.225178259034987,15.178515433817852,-5.9289491233178895,-12.825699395444248,-117.60870505941622,2.9754347998716444,147939.8149943789,0.2885959901366008,3314.01,57102.25727671009,-77168.75879410208,-147425.2531882562,163.51329665617706
10,Shahab_3,117.0,18.393,5.385,18.393,5.385,1.04842,1.038,72.075,170.365,19.165,16.319,18439.597,216.65,0.296507,-64259.173787673986,-122153.7495122299,14346.27225466569,-449.3211867389134,-859.7300326849768,-230.61974790321602,8.198544288146405,15.084284061761917,-5.775005622192109,-13.37304433107703,-117.59294354909699,2.9300651231424064,147395.297910569,0.2965071569733068,3314.01,56892.08292565755,-77168.75879410208,-147425.2531882562,163.51329665617706
10,Shahab_3,118.0,18.393,5.385,18.393,5.385,1.04842,1.038,72.075,170.365,19.165,16.319,18958.074,216.65,0.304844,-64704.40670860923,-123005.94812013034,14112.78941532383,-441.1517791456093,-844.6798691183734,-236.32068139666677,8.146286447599783,15.012832222380371,-5.621932400548154,-13.92783203548857,-117.57675871120561,2.8851241252761,146926.75260245288,0.3048442253874004,3314.01,56711.232390385085,-77168.75879410208,-147425.2531882562,163.51329665617706
10,Shahab_3,119.0,18.393,5.385,18.393,5.385,1.04842,1.038,72.075,170.365,19.165,16.319,19504.153,216.65,0.313625,-65141.48969570657,-123843.13459903646,13873.68245973569,-433.0209660126326,-829.7046828220176,-241.86784072830403,8.100299060204781,14.948532189012806,-5.477850866870539,-14.490044337230254,-117.55995252764731,2.840589207786989,146528.33624573887,0.31362512723124913,3314.01,56557.45043989937,-77168.75879410208,-147425.2531882562,163.51329665617706
10,Shahab_3,120.0,18.393,5.385,18.393,5.385,1.04842,1.038,72.075,170.365,19.165,16.319,20079.001,216.65,0.322869,-65570.46117009627,-124665.38037107776,13629.105792193932,-424.9273357578648,-814.7983585564112,-247.2589845399,8.073821077974765,14.87575772745803,-5.316077107736955,-15.0598116566595,-117.54259333803242,2.7964396113807424,146194.36834967043,0.3228686294515473,3314.01,56428.544501195945,-77168.75879410208,-147425.2531882562,163.51329665617706
10,Shahab_3,121.0,18.393,5.385,18.393,5.385,1.04842,1.038,72.075,170.365,19.165,16.319,20683.837,216.65,0.332594,-65991.35690562034,-125472.75202187481,13379.216790755305,-416.8689780842743,-799.95588739255,-252.49176571572454,8.04560463142865,14.80901875552479,-5.150575732071793,-15.63726600871376,-117.52469389732043,2.7526565407124752,145919.32406295746,0.33259434000803717,3314.01,56322.38207546241,-77168.75879410208,-147425.2531882562,163.51329665617706
10,Shahab_3,122.0,18.393,5.385,18.393,5.385,1.04842,1.038,72.075,170.365,19.165,16.319,21319.933,216.65,0.342823,-66404.21049308892,-126265.31186210545,13124.175744087028,-408.8429398078932,-785.1739990909772,-257.5626759402906,8.01626153111744,14.748510050520647,-4.985575105943594,-16.222471044001843,-117.50615593683348,2.709223148897429,145697.81987296505,0.3428227191395827,3314.01,56236.885218208015,-77168.75879410208,-147425.2531882562,163.51329665617706
10,Shahab_3,123.0,18.393,5.385,18.393,5.385,1.04842,1.038,72.075,170.365,19.165,16.319,21988.616,216.65,0.353575,-66809.05363219445,-127043.11859244043,12864.145866890965,-400.84827138073956,-770.44880964512,-262.46930379851955,7.9873788630647065,14.691424553388867,-4.817333550574526,-16.81556363796535,-117.48700945617941,2.6661243529508027,145524.58214780048,0.3535750852264354,3314.01,56170.01839704324,-77168.75879410208,-147425.2531882562,163.51329665617706
10,Shahab_3,124.0,18.393,5.385,18.393,5.385,1.04842,1.038,72.075,170.365,19.165,16.319,22691.265,216.65,0.364874,-67205.9163894757,-127806.22799277156,12599.293362540246,-392.88259914978784,-755.7784350836741,-267.2079485449048,7.943278671570574,14.650370916924993,-4.6599612058459075,-17.416597913856677,-117.46713970914536,2.6233469509231284,145394.44924573257,0.3648736155069816,3314.01,56119.78930587985,-77168.75879410208,-147425.2531882562,163.51329665617706
10,Shahab_3,125.0,18.393,5.385,18.393,5.385,1.04842,1.038,72.075,170.365,19.165,16.319,23429.312,216.65,0.376741,-67594.82772599012,-128554.693382778,12329.7872569995,-384.94468485805197,-741.1609768159656,-271.7755741827882,7.917261370488864,14.597351150578481,-4.486688946145086,-18.025669944065303,-117.44649241088109,2.5808794799039285,145302.35224046523,0.376741353025082,3314.01,56084.241425213724,-77168.75879410208,-147425.2531882562,163.51329665617706
10,Shahab_3,126.0,18.393,5.385,18.393,5.385,1.04842,1.038,72.075,170.365,19.165,16.319,24204.247,216.65,0.389202,-67975.81426351094,-129288.56387585861,12055.798764524694,-377.03519354028396,-726.5938310195355,-276.17040921942487,7.902868392435066,14.536091634266077,-4.301578850109054,-18.64296256435232,-117.42514995547845,2.538712134371393,145243.31182448566,0.3892022326308207,3314.01,56061.45282686974,-77168.75879410208,-147425.2531882562,163.51329665617706
10,Shahab_3,127.0,18.393,5.385,18.393,5.385,1.04842,1.038,72.075,170.365,19.165,16.319,25017.603,216.65,0.402281,-68348.90607573019,-130007.89500199012,11777.504198921046,-369.15306611544776,-712.0766197757438,-280.3892455669812,7.874749633417844,14.48717120815758,-4.125217848332789,-19.26855811783336,-117.40301912704594,2.4968369105923607,145212.4020647648,0.4022809390422752,3314.01,56049.52218431752,-77168.75879410208,-147425.2531882562,163.51329665617706
10,Shahab_3,128.0,18.393,5.385,18.393,5.385,1.04842,1.038,72.075,170.365,19.165,16.319,25870.976,216.65,0.416003,-68714.1289305815,-130712.73412783557,11495.080276897988,-361.2977579583475,-697.6094338384238,-284.4290393877218,7.839343574945896,14.4442622839026,-3.9513479619206833,-19.90254328304075,-117.3800167070357,2.4552474822069263,145204.81790755194,0.41600310799207785,3314.01,56046.594828376095,-77168.75879410208,-147425.2531882562,163.51329665617706
10,Shahab_3,129.0,18.393,5.385,18.393,5.385,1.04842,1.038,72.075,170.365,19.165,16.319,26766.01,216.65,0.430395,-69071.51004358326,-131403.13110006347,11208.707071622262,-353.4694880408693,-683.1925337339602,-288.28727253395203,7.8041434157322636,14.400504696110973,-3.774595435314376,-20.545034584804725,-117.35609741458364,2.413939147706896,145215.82062577005,0.4303951761170737,3314.01,56050.841690834706,-77168.75879410208,-147425.2531882562,163.51329665617706
10,Shahab_3,130.0,18.393,5.385,18.393,5.385,1.04842,1.038,72.075,170.365,19.165,16.319,27704.4,217.179,0.444399,-69421.07722148583,-132079.13678376033,10918.566958168465,-345.6721140260272,-668.8310123484572,-291.96416250146024,7.758539458413895,14.313175384067435,-3.603582328214108,-21.196184834110525,-117.33128962810666,2.372926193576139,144888.89690016568,0.44439866209554046,3314.01,55924.654682354056,-77168.75879410208,-147425.2531882562,163.51329665617706
10,Shahab_3,131.0,18.393,5.385,18.393,5.385,1.04842,1.038,72.075,170.365,19.165,16.319,28687.953,219.089,0.456165,-69762.8811211679,-132740.84433279897,10624.826607036552,-337.95195415688187,-654.6123872383457,-295.494881164873,7.672305019061767,14.133461141172074,-3.464994745078625,-21.855986596981573,-117.30561916848713,2.332513809018329,143702.5670760162,0.4561652273641876,3314.01,55466.75150844382,-77168.75879410208,-147425.2531882562,163.51329665617706
10,Shahab_3,132.0,18.393,5.385,18.393,5.385,1.04842,1.038,72.075,170.365,19.165,16.319,29718.648,221.02,0.468424,-70097.011346523,-133388.41903359228,10327.622228297054,-330.3241864818708,-640.5646496074256,-298.8918573984079,7.578975641993643,13.966852891593152,-3.3321665241172163,-22.524417658087316,-117.27909785683751,2.2927986309604207,142582.015966022,0.46842387336055274,3314.01,55034.2378015893,-77168.75879410208,-147425.2531882562,163.51329665617706
10,Shahab_3,133.0,18.393,5.385,18.393,5.385,1.04842,1.038,72.075,170.365,19.165,16.319,30798.557,222.974,0.481192,-70423.55480419651,-134022.02096967038,10027.086216543967,-322.78671630318144,-626.6831946729923,-302.1536863922811,7.490870523000182,13.801914760476715,-3.1956413483105393,-23.201461120767842,-117.25170978013253,2.253761327398742,141523.46493233574,0.4811923401098122,3314.01,54625.655071724614,-77168.75879410208,-147425.2531882562,163.51329665617706
10,Shahab_3,134.0,18.393,5.385,18.393,5.385,1.04842,1.038,72.075,170.365,19.165,16.319,31929.814,224.948,0.494489,-70742.60636792552,-134641.82500065275,9723.357002960494,-315.3374777958123,-612.9636879547387,-305.27914157367246,7.406059125006998,13.639553493966815,-3.056546640142009,-23.887112041644173,-117.22343005245158,2.215383272548286,140523.19019845047,0.4944886796979165,3314.01,54239.56600433001,-77168.75879410208,-147425.2531882562,163.51329665617706
10,Shahab_3,135.0,18.393,5.385,18.393,5.385,1.04842,1.038,72.075,170.365,19.165,16.319,33114.635,226.942,0.508331,-71054.25538971556,-135247.9957112942,9416.573080790573,-307.97420176181913,-599.4027508174256,-308.2665831404038,7.32075619117612,13.482781621147051,-2.9180032702804426,-24.58132020841942,-117.19417962064955,2.1776471940377613,139577.67422222323,0.5083314909022072,3314.01,53874.61288784938,-77168.75879410208,-147425.2531882562,163.51329665617706
10,Shahab_3,136.0,18.393,5.385,18.393,5.385,1.04842,1.038,72.075,170.365,19.165,16.319,34355.313,228.955,0.52274,-71358.58519479707,-135840.68649343142,9106.874138001816,-300.6953362916102,-585.9970777483984,-311.1146545886745,7.237138618475022,13.32890410220907,-2.7779842281310962,-25.284046381817575,-117.16392548211381,2.1405369702488906,138683.5621796962,0.5227398626918,3314.01,53529.500817183856,-77168.75879410208,-147425.2531882562,163.51329665617706
10,Shahab_3,137.0,18.393,5.385,18.393,5.385,1.04842,1.038,72.075,170.365,19.165,16.319,35654.208,230.986,0.537733,-71655.68135162733,-136420.0547811148,8794.403733302548,-293.49933823186626,-572.7438372029,-313.82199259459014,7.1548896011646415,13.177639140644224,-2.6366621414487765,-25.995239939109403,-117.13261391773406,2.104037366834451,137837.59120104415,0.5377332304542565,3314.01,53202.970379968865,-77168.75879410208,-147425.2531882562,163.51329665617706
10,Shahab_3,138.0,18.393,5.385,18.393,5.385,1.04842,1.038,72.075,170.365,19.165,16.319,37013.808,233.035,0.553332,-71945.62119220206,-136986.24279082415,8479.294900572315,-286.3850050031774,-559.6407509770252,-316.38742514327345,7.0738367869008165,13.028647509134679,-2.494140958737644,-26.714843186018477,-117.10019180429249,2.0681348558638204,137036.87512985332,0.5533320625486886,3314.01,52893.90756882183,-77168.75879410208,-147425.2531882562,163.51329665617706
10,Shahab_3,139.0,18.393,5.385,18.393,5.385,1.04842,1.038,72.075,170.365,19.165,16.319,38436.68,235.099,0.569557,-72228.48156456967,-137539.3917903903,8161.682482094774,-279.3512895283486,-546.6858262029218,-318.80983705522885,6.993790016928232,12.881575541901896,-2.3504633825363963,-27.44279068167999,-117.06660295751252,2.032816576478777,136278.61363060278,0.5695572931145906,3314.01,52601.23150176798,-77168.75879410208,-147425.2531882562,163.51329665617706
10,Shahab_3,140.0,18.393,5.385,18.393,5.385,1.04842,1.038,72.075,170.365,19.165,16.319,39925.387,237.179,0.586429,-72504.34889722528,-138079.6605893979,7841.7210234488675,-272.3971820319834,-533.8771315365939,-321.0880463396889,6.91456512908578,12.736083001232615,-2.20577619656031,-28.179008709049565,-117.03178761493052,1.9980694945107407,135559.7539518773,0.586429340265737,3314.01,52323.76386858218,-77168.75879410208,-147425.2531882562,163.51329665617706
10,Shahab_3,141.0,18.393,5.385,18.393,5.385,1.04842,1.038,72.075,170.365,19.165,16.319,41482.616,239.273,0.60397,-72773.30192675667,-138607.19378186893,7519.554391787248,-265.5219610602667,-521.2132743556276,-323.2210809769679,6.835980383553434,12.591832662775554,-2.060144346247957,-28.923413762788165,-116.99568282396416,1.963882169865589,134877.6028448549,0.6039696031707124,3314.01,52060.465120937646,-77168.75879410208,-147425.2531882562,163.51329665617706
10,Shahab_3,142.0,18.393,5.385,18.393,5.385,1.04842,1.038,72.075,170.365,19.165,16.319,43111.13,241.38,0.6222,-73035.41893107418,-139122.13505419684,7195.327654353164,-258.72507066283777,-508.6931687070117,-325.20807091777954,6.7578766206029215,12.448529042405212,-1.9137032758663557,-29.67591222242062,-116.95822194082346,1.930243912336424,134229.56692114676,0.6221998521568262,3314.01,51810.33425493961,-77168.75879410208,-147425.2531882562,163.51329665617706
10,Shahab_3,143.0,18.393,5.385,18.393,5.385,1.04842,1.038,72.075,170.365,19.165,16.319,44813.759,243.5,0.641142,-73290.77803134601,-139624.62774196325,6869.18724614895,-252.0061107049698,-496.3160173276352,-327.0482620321172,6.680094176185258,12.305877231592936,-1.766568879440783,-30.436400371899293,-116.91933438288295,1.8971447367676568,133613.1444436306,0.6411421830861134,3314.01,51572.40564252642,-77168.75879410208,-147425.2531882562,163.51329665617706
10,Shahab_3,144.0,18.393,5.385,18.393,5.385,1.04842,1.038,72.075,170.365,19.165,16.319,46593.406,245.632,0.660819,-73539.4570327916,-140114.81453955354,6541.280309847497,-245.36483504393917,-484.0813087789831,-328.7410251718993,6.602483368585878,12.16359759843566,-1.6188690589052426,-31.20476331783988,-116.87894538018624,1.8645753565876686,133025.9331059904,0.6608190151982674,3314.01,51345.752034239806,-77168.75879410208,-147425.2531882562,163.51329665617706
10,Shahab_3,145.0,18.393,5.385,18.393,5.385,1.04842,1.038,72.075,170.365,19.165,16.319,48453.041,247.774,0.681253,-73781.53355711147,-140592.83774644017,6211.75453089547,-238.80114185201833,-471.98879977981653,-330.2858693509591,6.524905423157987,12.021433801802495,-1.4707551372394423,-31.980874911068543,-116.83697568090527,1.8325271420313736,132465.6272535987,0.6812530602222309,3314.01,51129.483486532525,-77168.75879410208,-147425.2531882562,163.51329665617706
10,Shahab_3,146.0,18.393,5.385,18.393,5.385,1.04842,1.038,72.075,170.365,19.165,16.319,50395.7,249.925,0.702467,-74017.08519319298,-141058.83954704937,5880.758012703039,-232.3150672737997,-460.03850342088873,-331.6824490868994,6.447224924890545,11.879132927468333,-1.3223653844760748,-32.76459693484946,-116.79334126893406,1.8009920887495259,131930.01641156746,0.7024672857747453,3314.01,50922.74679362112,-77168.75879410208,-147425.2531882562,163.51329665617706
10,Shahab_3,147.0,18.393,5.385,18.393,5.385,1.04842,1.038,72.075,170.365,19.165,16.319,52424.48,252.085,0.724485,-74246.18962960898,-141512.962257271,5548.439130000321,-225.9067748677237,-448.230670188237,-332.93057259547726,6.3693199166732315,11.736468140825584,-1.1738659578790813,-33.55577876809395,-116.74795300443981,1.769962768495309,131416.98177243886,0.7244848765469893,3314.01,50724.724131794086,-77168.75879410208,-147425.2531882562,163.51329665617706
10,Shahab_3,148.0,18.393,5.385,18.393,5.385,1.04842,1.038,72.075,170.365,19.165,16.319,54542.536,254.253,0.747329,-74468.92478120707,-141955.34856024358,5214.94636728176,-219.57654842427485,-436.5657745222338,-334.03020916459474,6.291073966967558,11.593222270388619,-1.0254197220295784,-34.3542567059703,-116.70071629463392,1.7394322965942168,130924.49548377944,0.7473291930433333,3314.01,50534.63278443536,-77168.75879410208,-147425.2531882562,163.51329665617706
10,Shahab_3,149.0,18.393,5.385,18.393,5.385,1.04842,1.038,72.075,170.365,19.165,16.319,56753.077,256.427,0.771024,-74685.36890288674,-142386.14171858312,4880.428155179064,-213.32478291682872,-425.04449844107967,-334.9814982741615,6.212380303476105,11.4491958246251,-0.877199989662057,-35.15985361953034,-116.65153070117321,1.7093942956323847,130450.619623144,0.7710237271475655,3314.01,50351.72474637776,-77168.75879410208,-147425.2531882562,163.51329665617706
10,Shahab_3,150.0,18.393,5.385,18.393,5.385,1.04842,1.038,72.075,170.365,19.165,16.319,59059.362,258.607,0.795592,-74895.60069590868,-142805.48577298244,4545.032698070193,-207.15197586612106,-413.6677157157627,-335.78475557813306,6.133140811272282,11.304205155895108,-0.7293861011264651,-35.972378377273394,-116.60028953151814,1.679842857896637,129993.50523278564,0.7955920550526688,3314.01,50175.28635131743,-77168.75879410208,-147425.2531882562,163.51329665617706
10,Shahab_3,151.0,18.393,5.385,18.393,5.385,1.04842,1.038,72.075,170.365,19.165,16.319,61464.692,260.792,0.821058,-75099.69940652401,-143213.52572682092,4208.907793918552,-201.05871830248668,-402.43647533580867,-336.4404793512917,6.0532664706188415,11.158083262840707,-0.5821637030971227,-36.79162539798013,-116.5468793939152,1.6507725086940774,129551.39166619195,0.8210577876663638,3314.01,50004.63801958797,-77168.75879410208,-147425.2531882562,163.51329665617706
10,Shahab_3,152.0,18.393,5.385,18.393,5.385,1.04842,1.038,72.075,170.365,19.165,16.319,63972.408,262.981,0.847445,-75297.74491503845,-143610.40771325096,3872.2006486982737,-195.04568574480203,-391.35198500042566,-336.94935615182976,5.972677307215515,11.010679700235956,-0.4357234428280704,-37.617374201122274,-116.49117971793558,1.6221781706918132,129122.60620087096,0.847444518527256,3314.01,49839.13410870229,-77168.75879410208,-147425.2531882562,163.51329665617706
10,Shahab_3,153.0,18.393,5.385,18.393,5.385,1.04842,1.038,72.075,170.365,19.165,16.319,66585.883,265.172,0.874776,-75489.81781568783,-143996.27914546157,3535.057685644765,-189.1136289837352,-380.41559424402135,-337.3122656364406,5.8913025122231675,10.86186080871771,-0.29026021596930973,-38.44938898433018,-116.4330622355059,1.5940551281203095,128705.56369081365,0.8747757694431141,3314.01,49678.16277920913,-77168.75879410208,-147425.2531882562,163.51329665617706
10,Shahab_3,154.0,18.393,5.385,18.393,5.385,1.04842,1.038,72.075,170.365,19.165,16.319,69308.518,267.365,0.903075,-75675.99948726947,-144371.288850015,3197.624350032624,-183.26336475893333,-369.62877735877635,-337.5302845713167,5.809080322308002,10.711509508751243,-0.14597177296306818,-39.28741823243993,-116.37239041946481,1.5663989913988856,128298.76628599875,0.9030749340694528,3314.01,49521.14588642661,-77168.75879410208,-147425.2531882562,163.51329665617706
10,Shahab_3,155.0,18.393,5.385,18.393,5.385,1.04842,1.038,72.075,170.365,19.165,16.319,72143.73,269.56,0.932365,-75856.37215440643,-144735.58718302049,2860.044910317576,-177.4957663039034,-358.99311606416677,-337.604689896755,5.725957568038277,10.559524492166078,-0.003056589839950261,-40.131194362372334,-116.3090188752144,1.5392056618294025,127900.80310250085,0.932365219672606,3314.01,49367.53885310959,-77168.75879410208,-147425.2531882562,163.51329665617706
10,Shahab_3,156.0,18.393,5.385,18.393,5.385,1.04842,1.038,72.075,170.365,19.165,16.319,75094.951,271.754,0.96267,-76031.01893939057,-145089.32612903838,2522.4622563677335,-171.81175397000536,-348.51028232081336,-337.5369615847177,5.6418900829339504,10.405820971697729,0.13828602136922444,-40.98043344726712,-116.24279268258209,1.5124712988111937,127510.3501943173,0.9626695873669497,3314.01,49216.83065857531,-77168.75879410208,-147425.2531882562,163.51329665617706
10,Shahab_3,157.0,18.393,5.385,18.393,5.385,1.04842,1.038,72.075,170.365,19.165,16.319,78165.618,273.947,0.994011,-76200.02390326314,-145432.6593801384,2185.0177043335766,-166.21228562275056,-338.18202060973977,-337.32877515832,5.556858807469373,10.250359820557224,0.2778176691965251,-41.83483423065872,-116.1735466869083,1.4861922682101107,127126.1670442723,0.9940106903202451,3314.01,49068.54248425199,-77168.75879410208,-147425.2531882562,163.51329665617706
10,Shahab_3,158.0,18.393,5.385,18.393,5.385,1.04842,1.038,72.075,170.365,19.165,16.319,81359.163,276.139,1.026411,-76363.47208212291,-145765.7424065427,1847.8507727372807,-160.69834818238007,-328.0101328112985,-336.9820385613023,5.470828073640257,10.093072272897222,0.4153662448641712,-42.69408079771995,-116.10110471089938,1.4603651861951172,126747.10946107809,1.0264108136229089,3314.01,48922.23269172544,-77168.75879410208,-147425.2531882562,163.51329665617706
10,Shahab_3,159.0,18.393,5.385,18.393,5.385,1.04842,1.038,72.075,170.365,19.165,16.319,84679.008,278.328,1.059892,-76521.44950741735,-146088.73249749554,1511.0989868757222,-155.27094505695982,-317.99645446393095,-336.49883413797363,5.383778650501524,9.93391929260186,0.5507401138552376,-43.55783812553546,-116.02527871379233,1.4349867599176565,126372.10722773374,1.0598918111492956,3314.01,48777.488195400474,-77168.75879410208,-147425.2531882562,163.51329665617706
10,Shahab_3,160.0,18.393,5.385,18.393,5.385,1.04842,1.038,72.075,170.365,19.165,16.319,88128.558,280.513,1.094475,-76674.04322251478,-146401.7887953367,1174.8976839891002,-149.93108894281954,-308.1428419393471,-335.88145337343997,5.295707058532024,9.772890786314747,0.6837348579901111,-44.42575469902226,-115.94586787434741,1.410053837334757,126000.17685337181,1.0944750421385305,3314.01,48633.92938449724,-77168.75879410208,-147425.2531882562,163.51329665617706
10,Shahab_3,161.0,18.393,5.385,18.393,5.385,1.04842,1.038,72.075,170.365,19.165,16.319,91711.186,282.694,1.130181,-76821.34132591462,-146705.07237898526,839.3797979052059,-144.6797921728682,-298.4511546678669,-335.13239365531626,5.206618520087906,9.609992696784534,0.8141517209105025,-45.29746251659709,-115.86265758861892,1.3855633751232241,125630.4205912601,1.1301813103037217,3314.01,48491.209744016545,-77168.75879410208,-147425.2531882562,163.51329665617706
10,Shahab_3,162.0,18.393,5.385,18.393,5.385,1.04842,1.038,72.075,170.365,19.165,16.319,95430.235,284.87,1.167031,-76963.43349646364,-146998.74723712337,504.6755725647516,-139.51804507034035,-288.9232149328763,-334.25432269955763,5.116628439354307,9.445431830748173,0.9415839667732008,-46.17257679058224,-115.77541818580943,1.3615122889896027,125262.00425074797,1.1670308122441098,3314.01,48349.007290527836,-77168.75879410208,-147425.2531882562,163.51329665617706
10,Shahab_3,163.0,18.393,5.385,18.393,5.385,1.04842,1.038,72.075,170.365,19.165,16.319,99289.021,287.039,1.205043,-77100.41841297135,-147282.99397321526,170.9105868591637,-134.44667489290347,-279.56055162220224,-333.25043248862033,5.025563901998601,9.278890226972603,1.0662710408981841,-47.05075238425842,-115.68390087205192,1.337897650245061,124894.21754930557,1.2050432851156434,3314.01,48207.04786703176,-77168.75879410208,-147425.2531882562,163.51329665617706
10,Shahab_3,163.51,18.393,5.385,18.393,5.385,1.04842,1.038,72.075,170.365,19.165,16.319,101325.0,288.15,1.225012,-77168.75879410208,-147425.2531882562,-1.04144704316661e-06,-131.87933751098078,-274.82016622028743,-332.68675792685343,4.978519405710967,9.192845827309059,1.128910060930132,-47.50245670468964,-115.6351864279005,1.3259453289126206,124705.49060593879,1.225012266113434,3314.01,48134.20247057385,-77168.75879410208,-147425.2531882562,163.51329665617706
